language,max_new_tokens,compression_ratio,question,task,length,answers,all_classes,predicted_answer,dataset,answer_prefix,_id
en,532,0.5,"Now, write a one-page summary of all the news.

",multi_news,1377,"['In our own obituary of AK-47 inventor Mikhail Kalashnikov last month, we included this quote: The rifle was invented ""for the protection of the Motherland,"" he said. ""I have no regrets and bear no responsibility for how politicians have used it."" It turns out ""no regrets"" might not have exactly been true. The AFP picks up a report from Russia\'s Izvestia that Kalashnikov penned a letter to the head of the Russian Orthodox Church nine months before his December death in which he wrote of ""unbearable ... spiritual pain"" and asked about his culpability. It contains this line: ""I keep having the same unsolved question: if my rifle took away people\'s lives, then can it be that I ... am guilty for people\'s deaths, even if they were enemies?"" AFP notes that Izvestia ran a copy of the letter, which is typed on Kalashnikov\'s personal stationery and signed ""with a wavering hand."" A rep for Patriarch Kirill confirms that the letter was sent, and says the church leader wrote a reply—one that very may well have calmed his fears. Says the rep, ""The Church has a very definite position: when weapons serve to protect the Fatherland, the Church supports both its creators and the soldiers who use it."" But the BBC notes that it\'s not clear whether every word came from Kalashnikov: Izvestia reports that his daughter believes a priest helped him write the letter.']",,"  

The news covers three distinct stories, each highlighting different aspects of public figures and their legacies.  

First, it discusses the ongoing contribution of Alexa Internet to the Internet Archive. Since 1996, Alexa has been donating its web crawling data to the Internet Archive, which is then preserved in the Wayback Machine after a period of time. This data is valuable for researchers and historians, as it provides a digital record of the internet's evolution over the years.  

Second, the news focuses on the life and legacy of Mikhail Kalashnikov, the inventor of the AK-47, one of the most iconic and widely used assault rifles in the world. Kalashnikov, who passed away at the age of 94 in December 2014, had a complex relationship with his invention. While he was proud of his design and its impact on military and civilian life, he also expressed deep moral and spiritual concerns about the weapon's use and the lives it had taken.  

In the months leading up to his death, Kalashnikov wrote a heartfelt letter to Patriarch Kirill of the Russian Orthodox Church, expressing his guilt and questioning whether he was responsible for the deaths caused by his invention. The letter, which was published by the pro-Kremlin newspaper *Izvestia*, revealed his internal conflict and the emotional weight of his legacy.  

Kalashnikov had previously denied any personal responsibility for the deaths caused by the AK-47, blaming the actions of other countries and the misuse of the weapon by criminals and child soldiers. However, the letter suggests that, in his later years, he began to grapple with the moral implications of his creation.  

The letter, which was typed on his personal paper and signed by him, was reportedly helped in its composition by a priest, according to his daughter, Elena. The letter reflects his deep religious faith and his struggle with the consequences of his invention.  

Despite his initial reluctance to accept responsibility, the letter shows a shift in his perspective, as he begins to question the role of human nature and the influence of ""devilish desires"" such as envy, greed, and aggression.  

Kalashnikov's AK-47, designed in the 1940s, became one of the most widely used and replicated weapons in the world. It is estimated that over 100 million units have been sold globally. The rifle's simplicity, durability, and ease of use made it a popular choice for military and civilian use.  

Throughout his life, Kalashnikov was honored by the Soviet and Russian governments,",multi_news,Summary:,0cd7b0bfc70d78aa6805925975d9fb26b281c482ff482b7c
en,532,0.5,"Now, write a one-page summary of all the news.

",multi_news,1422,"['Unnamed officials say TSA officer Gerardo Hernandez lay bleeding for 33 minutes at LAX before being taken to an ambulance. For 28 of those minutes, alleged shooter Paul Ciancia was in police custody, though officers hadn\'t yet declared the area safe to enter. Officers checked on Hernandez, who was just 20 feet from an exit, then moved on while paramedics waited 150 yards away, the AP reports, noting it\'s not clear if immediate attention might have saved Hernandez\'s life. Now under review: the conversations took place between police and fire commanders to determine when it was safe enough to enter, and whether paramedics could have gone into the terminal earlier. While an officer who checked on Hernandez about 5 minutes after he was shot told numerous officers he was dead, the AP reports that it\'s not known whether that officer had the training needed to make that determination; no first-aid was administered. ""I basically think there\'s a lack of coordination between entities at this airport. That lack of coordination may have led to something that shouldn\'t have happened,"" an LAX employee says. ""We may be talking about Officer Hernandez as a survivor."" The results of the investigation could be months away, the AP adds. Ciancia was on Tuesday upgraded from critical to fair condition at UCLA Medical Center.']",,"  

On November 1, 2013, a gunman named Paul Ciancia opened fire at Los Angeles International Airport (LAX), killing Transportation Security Administration (TSA) officer Gerardo Hernandez and wounding several others. Ciancia, who had a history of mental health issues, entered Terminal 3 with a duffel bag containing an assault rifle. He began shooting, reportedly motivated by a desire to kill TSA officers and instill fear, as he believed their security procedures were unconstitutional.  

The attack led to chaos at the airport, with passengers scrambling for safety. Ciancia was eventually shot by airport police and taken into custody. He was later charged with the murder of Gerardo Hernandez and the wounding of three others, including two TSA officers. Ciancia was transported to a hospital, where he was in fair condition, and was expected to face court.  

The incident also raised serious concerns about the response and coordination between law enforcement agencies. TSA officer Gerardo Hernandez was critically injured during the attack. He was shot in the chest and was approximately 20 feet from an exit when the shooting began. However, due to a lack of coordination between police and fire departments, paramedics were not allowed into the terminal for nearly 33 minutes. During this time, the suspected gunman had already been shot and was in custody.  

TSA Administrator John S. Pistole testified before the House Homeland Security Subcommittee on Transportation Security regarding the incident. The hearing focused on the TSA's response to the attack and the broader implications for airport security.  

The delay in medical response to Gerardo Hernandez sparked a significant debate about the effectiveness of emergency protocols and the need for better coordination between agencies. Law enforcement officials and union representatives, including Victor Payes of the local TSA union, criticized the lack of communication and coordination that may have contributed to the delay in providing medical care to Hernandez.  

The incident also highlighted the importance of first aid and the need for better training for law enforcement officers in handling active shooter situations. While modern protocols emphasize the immediate response to stop the shooter and then provide medical care to the injured, the case of Gerardo Hernandez raised questions about the effectiveness of these procedures.  

In the aftermath of the attack, there was a call for improved training and coordination between agencies. Firefighters and police officers were urged to work together more closely in the event of a mass casualty incident. The incident also sparked a discussion about the need for better training for law enforcement officers in providing first aid and CPR.  

The case of Gerardo Hernandez also raised questions about the need for better communication and coordination between agencies. The delay",multi_news,Summary:,82cafb9831bcafa681b45205a34677e2bf6b6c2fb992649f
en,532,0.5,"Now, write a one-page summary of all the news.

",multi_news,1480,"['Under circumstances that sound straight out of a Le Carre novel, Mohamed Morsi has met with an outsider for the first time since being dumped by Egypt\'s military, holding a midnight meeting with the European Union\'s top diplomat at an ""undisclosed location"" last night, the Wall Street Journal. Though many have feared for Morsi\'s well-being after almost a month in captivity, Catherine Ashton, the EU\'s foreign affairs and security policy chief, reports that he is well and has access to TV and newspapers, Reuters reports. The pair had a ""very long and in-depth conversation,"" Ashton says. Ashton, who has met with several other Egyptian political figures while in the country, says she wasn\'t there to help Morsi break out, but rather to facilitate discussions toward a peaceful end to the country\'s political unrest, the Washington Post reports. ""First of all, we are here to help. We are not here to impose,"" she says. ""The people of Egypt will determine their own future."" But will Morsi play ball? ""He\'s a very proud man,"" says a source close to the former leader, per the Journal. ""I think the idea of doing anything on (the) army\'s terms will not work with him.""']",,"  

In late July 2013, European Union foreign policy chief Catherine Ashton met with deposed Egyptian President Mohamed Morsi, marking the first time since his ouster by the military that he had engaged with an independent official. The meeting, which took place in an undisclosed location, lasted two hours and was described by Ashton’s spokesman as in-depth. This was the first public report from a source outside the military regarding Morsi’s condition since his removal from power.  

Ashton, who had been working to mediate Egypt’s political crisis, reported that Morsi was in good health, had access to television and newspapers, and was in a stable condition. She emphasized that she had not offered Morsi a “safe exit,” as had been reported in some media. The meeting was seen as a significant step in the ongoing political turmoil in Egypt, which had been exacerbated by violent clashes between security forces and Morsi’s supporters.  

Morsi, who was ousted in a military coup on July 3, had been held incommunicado for nearly a month. His supporters, primarily from the Muslim Brotherhood, had been protesting against the military’s takeover, leading to widespread violence and at least 80 deaths in recent clashes. Morsi was also under investigation for alleged crimes, including espionage and murder, which his supporters have dismissed as politically motivated.  

Ashton’s visit to Egypt was part of her broader efforts to mediate a political solution to the country’s crisis. She met with a range of Egyptian political figures, including the interim vice president, Mohamed ElBaradei, and military officials. ElBaradei, a former IAEA director and Nobel laureate, acknowledged Morsi’s failure but called for the inclusion of the Muslim Brotherhood in the country’s political future.  

The military’s decision to allow Morsi to meet with Ashton was interpreted as a sign that they might be willing to engage in a political dialogue to resolve the crisis. However, the military remained in control of the country, and the interim government continued to face significant challenges.  

Ashton emphasized that the EU was not imposing solutions but was instead supporting a democratic path for Egypt. She stressed the importance of dialogue and the need for all parties to work toward a peaceful resolution.  

The meeting with Morsi was also seen as a potential step toward a broader political reconciliation. However, the Muslim Brotherhood and other opposition groups continued to demand Morsi’s return to power and the restoration of the constitution and the Islamist-dominated parliament.  

The EU and other international actors, including the United States, have been closely monitoring the situation in Egypt. The U.S. has called for",multi_news,Summary:,2e5eae4e8ae651f706cfaee0918b5da3fede2e742d98f71c
en,532,0.5,"Now, write a one-page summary of all the news.

",multi_news,626,"[""A government backed by Russia is accused of killing its own civilians. That applies not only to the current situation in Syria but to the 1999 situation in Kosovo. And as the New York Times reports, top US officials are keeping Kosovo very much in mind as they weigh their options. President Obama would likely never get the approval of the UN Security Council for a military response because of Russia's veto power. When Bill Clinton was in the same boat in 1999, he turned to NATO and got its blessing for 78 days of airstrikes. “It’s a step too far to say we’re drawing up legal justifications for an action, given that the president hasn’t made a decision,” a government official tells the Times. “But Kosovo, of course, is a precedent of something that is perhaps similar.” Obama was meeting today with national security aides to determine next steps if the US concludes that Bashar al-Assad used chemical weapons. (Assad in turn accused the rebels of doing the same today.) Meanwhile, the US Navy is keeping two destroyers positioned in the Mediterranean in case the green light is given for a cruise-missile attack, reports the Wall Street Journal.""]",,"  
The news highlights a series of developments related to the ongoing conflict in Syria and the broader geopolitical implications. In the Mediterranean, the U.S. Navy has adjusted its operations by postponing a scheduled port call in Naples, Italy, for a destroyer. This decision was made to keep the ship in proximity to a second destroyer, both equipped with Tomahawk cruise missiles, in case military action against Syria is required. The move was not directed by Washington, but it underscores the military's readiness to respond to potential threats.  

Meanwhile, the situation in Syria has intensified, with the Russian government calling on President Bashar al-Assad to allow United Nations (UN) investigators access to the area east of Damascus, where a recent attack occurred. However, U.S. and other foreign diplomats suggest that this call does not indicate a shift in Russia’s support for Assad or its opposition to international sanctions.  

Russia’s foreign ministry has placed the responsibility on Syria’s opposition to provide secure access to the site of the alleged attack. Additionally, Russia has accused the Syrian opposition of staging the attack as a provocation. A Russian official, Aleksandr K. Lukashevich, stated that the attack was likely a premeditated act by the rebels, citing online reports that criticized government troops.  

There is also a potential confusion regarding the timing of the attack, as some videos were uploaded with time stamps based on the time zone of the video hosting platform, which may have led to a misinterpretation of the event’s timing.  

The Syrian government has not commented on the situation, but the U.S. has expressed support for the UN’s investigation into the incident. The U.S. has also been monitoring the situation closely, with intelligence agencies reporting that activity was detected at known chemical weapons sites prior to the attack. This suggests that the attack may have been a prelude to a larger operation.  

In addition, the U.S. has been closely monitoring the situation, with the Navy adjusting its operations to ensure readiness in case of potential military action. The U.S. is also working with international allies to assess the situation and determine the appropriate response.  

Overall, the news underscores the complex and volatile nature of the situation in Syria, with multiple countries and international organizations involved in the response. The situation remains a critical point of focus for global powers, with the potential for further escalation.",multi_news,Summary:,3a7faeaefe15b8c33d9120f97591dfdad212b0778e2b830b
en,532,0.5,"Now, write a one-page summary of all the news.

",multi_news,1166,"[""Even though Ellen Pao lost her gender-discrimination suit against a former employer, she's still widely hailed as a hero for bringing the boys' club atmosphere of Silicon Valley under a microscope. But now she's got a tough choice on her hands: The venture-capital firm she sued, Kleiner Perkins Caufield & Byers, says she owes almost $1 million in legal fees—but it will drop its pursuit of the money if she doesn't appeal last month's ruling, reports the Wall Street Journal. Pao's attorneys say they will have a decision in a few weeks. Kleiner Perkins says it offered Pao about $1 million as a settlement before the trial began, but received no response from her legal team. Because of that offer, the company can now go after Pao for expensive witness fees, explains the New York Times. One factor that will surely weigh on the decision: A review of previous cases suggests that Pao has only a slim chance of winning on appeal, reports Reuters.""]",,"  
The high-profile gender discrimination case between Ellen Pao and the venture capital firm Kleiner Perkins Caufield & Byers has concluded with a jury ruling in favor of the firm. The case, which drew significant attention in Silicon Valley, centered on allegations that Pao, a former partner at Kleiner, faced discrimination due to her gender. Pao claimed that her career at the firm deteriorated after she ended a brief affair with a partner, and that she was retaliated against in a hostile environment for women.  

After a lengthy trial, the jury found in favor of Kleiner Perkins, clearing the firm of the allegations. However, the trial sparked a broader conversation about gender inequality and the treatment of women in the technology industry. The case also highlighted the challenges faced by women in male-dominated fields, particularly in the fast-paced and competitive world of Silicon Valley.  

Following the verdict, Kleiner Perkins has sought to recover approximately $973,000 in legal costs from Pao, including about $865,000 in expert witness fees. In a move to resolve the matter, Kleiner Perkins has offered to waive its legal costs if Pao chooses not to appeal the decision. The firm has also stated that it believes it is in the best interest of women in technology to focus on advancing gender diversity rather than continuing with litigation.  

Pao and her legal team are considering the firm’s offer, and have not yet made a decision. Pao’s legal team has stated that they are still evaluating the proposal and will respond in the next two weeks. Pao, who is currently the interim CEO of Reddit, has not commented publicly on the matter.  

In addition to the legal costs, Kleiner Perkins has also revealed that it had previously offered Pao a settlement of $964,502 in November of the previous year. However, Pao’s legal team did not respond to the offer. The firm has now used the recent verdict as a basis to pursue the legal costs, which it claims were incurred as a result of the litigation.  

The case has also raised questions about the legal process and the potential for future litigation. The firm has stated that it is not seeking to pursue further legal action against Pao, and that it is willing to move forward with the case if Pao chooses not to appeal. The firm has also emphasized that it is committed to supporting the advancement of women in technology and to promoting gender diversity in the industry.  

The case has also sparked a broader discussion about the role of women in the technology industry and the need for greater representation and inclusion. The trial",multi_news,Summary:,3c382dfa0b8fe302ceead369a782680ad9e36897e99ee903
en,532,0.5,"Now, write a one-page summary of all the news.

",multi_news,495,"['Rush Limbaugh may be bleeding sponsors—one count now has the number fleeing his show up to 98—because of his ""slut"" comment, but Saturday Night Live had some suggestions last night about who might fill the advertising void. A few of the highlights, as per Mediaite: Misaki Dolphin Poppers: ""Start your day off right, with bits of dolphin."" Depends for Racists: ""If you pee a little every time you see a Mexican, you need Depends for Racists."" Schoder\'s fake rape whistles: ""Help is not on the way."" Syria Tourism Board: Because, ""Ah! No! There\'s nowhere to hide!""']",,"  
The recent news highlights the growing controversy and backlash against Rush Limbaugh, a prominent conservative radio host, following his controversial remarks about Sandra Fluke, a Georgetown University student. The controversy sparked widespread public and media attention, leading to significant consequences for Limbaugh and his career.  

In response to the backlash, Limbaugh's radio show and his public image have faced increasing scrutiny. The controversy surrounding his comments on Sandra Fluke led to a significant number of advertisers pulling their ads from his show. According to reports, over 98 advertisers have decided to avoid advertising on Limbaugh's show or other programs with ""offensive or controversial"" content. This exodus of advertisers includes major companies such as Ford, GM, Toyota, Allstate, Geico, Prudential, State Farm, McDonald's, and Subway. These companies, along with others, have reportedly decided to stop advertising on Limbaugh's show due to the negative public reaction to his comments on Sandra Fluke.  

The backlash against Limbaugh has also led to a significant shift in the advertising landscape. Many advertisers have decided to avoid associating their brands with Limbaugh's show, citing the potential damage to their public image. This has resulted in a noticeable decline in the number of advertisers willing to sponsor Limbaugh's show. The decision by these advertisers has been influenced by the growing public and media backlash against Limbaugh's comments, which were widely perceived as misogynistic and inappropriate.  

In addition to the advertiser exodus, the controversy has also led to a significant shift in the media landscape. The controversy surrounding Limbaugh's comments has led to a significant increase in the number of media outlets and journalists criticizing his remarks. This has resulted in a significant increase in the number of media outlets and journalists criticizing his remarks, which has led to a significant increase in the number of media outlets and journalists criticizing his remarks.  

The controversy has also led to a significant increase in the number of media outlets and journalists criticizing his remarks. This has resulted in a significant increase in the number of media outlets and journalists criticizing his remarks, which has led to a significant increase in the number of media outlets and journalists criticizing his remarks.  

The controversy has also led to a significant increase in the number of media outlets and journalists criticizing his remarks. This has resulted in a significant increase in the number of media outlets and journalists criticizing his remarks, which has led to a significant increase in the number of media outlets and journalists criticizing his remarks.  

The controversy has also led to a significant increase in the number of media outlets and journalists criticizing his remarks. This has resulted in a significant increase in the number of media outlets",multi_news,Summary:,cf88a8491dd60e29cc2556f7b7083eb1e90e7023afa242a2
en,532,0.5,"Now, write a one-page summary of all the news.

",multi_news,1550,"['""Any guy that can do a body-slam, he\'s my guy,"" President Trump shouted to a cheering Montana audience Thursday night as he simulated slamming someone to the ground, then noting, ""I shouldn\'t say that."" Trump was discussing Rep. Greg Gianforte, who assaulted Guardian reporter Ben Jacobs last year during the special election for the House seat vacated by Ryan Zinke, a misdemeanor assault to which he pleaded guilty and completed community service and an anger management class. Trump said after the incident, he feared Gianforte had blown his chance at the congressional seat. ""I said, \'Oh, this is terrible, he\'s gonna lose the election,\'"" Trump recounted. ""Then I said, \'Well, wait a minute—I know Montana pretty well. I think it might help him.\' And it did."" Trump was in Big Sky Country stumping for Matt Rosendale in his race for Democrat Jon Tester\'s Senate seat. Reaction came quickly: John Mulholland, US editor of the Guardian, put out a statement after the rally blasting Trump\'s words as ""an attack on the First Amendment,"" asking for an apology and adding, ""In the aftermath of the murder of Jamal Khashoggi, it runs the risk of inviting other assaults on journalists both here and across the world."" ABC News reports on what the Toronto Star\'s Daniel Dale calls the ""most significant"" and ""truly horrible"" moment in the rally: ""The president is gleefully applauding violence against a journalist."" Trump also praised Gianforte as ""smart"" and then advised the crowd to ""never wrestle him."" (Trump seems to acknowledge Khashoggi is dead.)']",,"  
The news covers a range of political and social events, including legal, political, and media-related developments.  

Greg Gianforte, the newly elected Montana congressman, was involved in a controversial incident where he allegedly body-slammed a journalist, Ben Jacobs, during a campaign event. Gianforte was later charged with misdemeanor assault and pleaded guilty to the charge. He was sentenced to a 180-day deferred sentence, 40 hours of community service, 20 hours of anger management, a $300 fine, and a $85 court fee. The judge initially considered a jail sentence but opted for alternative sentencing due to the nature of the charge. Gianforte apologized to the journalist and pledged to donate $50,000 to the Committee to Protect Journalists, an organization that advocates for press freedom.  

The incident occurred the night before Montana's congressional election, which added to the public and political scrutiny. The case has sparked discussions about the treatment of journalists and the importance of free speech.  

Meanwhile, President Donald Trump commented on the incident, expressing no regret for his remarks about Gianforte's actions. Trump praised Gianforte, calling him a ""great person"" and a ""tough cookie,"" and even joked about the body-slam. Trump's comments were met with criticism from the White House Correspondents' Association, which condemned the president for praising a violent act and for undermining the First Amendment.  

The incident also became part of a larger political narrative, as Trump used the event to campaign for his re-election and to support his political allies. Trump's comments were seen as an attempt to rally his base and to shift the focus of the political discourse.  

In addition to the Gianforte incident, the news includes other political developments, such as the ongoing Senate race in Montana, where Republican Senator Steve Daines is running against Democrat Jon Tester. The race has been highly competitive, with both candidates receiving significant campaign funding.  

The news also highlights the broader political landscape, including the impact of the midterm elections on the political parties and the potential for changes in the composition of the Senate.  

Other news includes the ongoing controversy surrounding the White House and the media, as well as the political strategies of various candidates and their campaigns.  

The news also touches on the role of social media in shaping public opinion and the importance of maintaining a free and independent press.  

In conclusion, the news covers a wide range of topics, from legal and political developments to social and media-related issues. The events highlight the complex and often contentious nature of political life in the United States.",multi_news,Summary:,8ad91bc1637b400cca59acc79bd17b2f2946d969437362aa
en,532,0.5,"Now, write a one-page summary of all the news.

",multi_news,1487,"['Superbugs such as MRSA are already bad enough. But it turns out that something can make them even nastier: cigarette smoke. Researchers found that antibiotic-resistant bacteria exposed to the smoke became more aggressive and far more difficult to kill, they explain at Eureka Alert. It\'s almost as if the smoke sets off an alarm that causes the bacteria to strengthen its defenses, explains the Union-Tribune of San Diego. Scientists made the discovery by exposing immune cells to two different batches of MRSA, one normal and one treated with cigarette smoke extract. The bigger the dose of smoke, the bigger the effect, notes Medical Daily. ""We already know that smoking cigarettes harms human respiratory and immune cells, and now we\'ve shown that, on the flipside, smoke can also stress out invasive bacteria and make them more aggressive,"" says lead author Laura Crotty Alexander of UC San Diego. It\'s a double-whammy: Smokers already have weakened immune systems that make them more susceptible to infectious diseases, and the smoke they inhale seems to make invading pathogens even more dangerous. In this study, the smoke helped MRSA survive longer and kill more mice with pneumonia. (The latest antibiotic-resistant bug to make headlines is a nasty stomach virus.)']",,"  
Recent studies have revealed that cigarette smoke not only harms human health but also enhances the virulence of antibiotic-resistant bacteria, particularly MRSA (Methicillin-resistant Staphylococcus aureus). Researchers at the University of California, San Diego School of Medicine, led by Dr. Laura E. Crotty Alexander, have found that exposure to cigarette smoke increases the resistance of MRSA to the body's immune defenses, making it more difficult to eliminate.  

The research, published in the journal *Infection and Immunity*, shows that MRSA exposed to cigarette smoke extract becomes more resistant to immune system components such as macrophages and antimicrobial peptides. These immune cells typically use reactive oxygen species and antimicrobial peptides to destroy bacteria. However, MRSA exposed to cigarette smoke is more resistant to these mechanisms, allowing it to survive and even become more aggressive.  

The study also found that cigarette smoke alters the structure of MRSA's cell wall, making it more resistant to immune responses. This change allows MRSA to adhere more effectively to human cells, facilitating its invasion and spread. The effect was dose-dependent, with higher concentrations of smoke extract leading to greater resistance.  

In addition to cigarette smoke, e-cigarette vapor was also found to have a similar effect on MRSA, though to a lesser extent. The study noted that cigarette smoke caused a tenfold increase in resistance compared to e-cigarette vapor. This suggests that both forms of tobacco use may contribute to the spread of antibiotic-resistant infections.  

Dr. Crotty Alexander and her team conducted experiments using macrophages and MRSA, testing the bacteria's response to immune defenses. They found that MRSA exposed to cigarette smoke was significantly more difficult to kill, with macrophages struggling to eliminate the bacteria. The study also showed that MRSA exposed to smoke was more likely to survive and cause infection.  

The findings highlight the dual impact of cigarette smoke: it harms the smoker's health while also enhancing the ability of MRSA to resist treatment. This dual effect underscores the importance of smoking cessation not only for the individual's health but also for the prevention of antibiotic-resistant infections.  

The research adds to a growing body of evidence that cigarette smoke can influence the behavior of pathogens, making them more virulent and harder to treat. This has significant implications for public health, particularly in the context of antibiotic resistance and the global fight against infectious diseases.  

The study was supported by the U.S. Department of Veterans Affairs and involved collaboration with multiple institutions, including the University of Veterinary Medicine in Hannover, Germany. The findings contribute to a broader understanding of how environmental factors, such",multi_news,Summary:,d85214d7a1d4e7baee46ea5ab26fbf01211116e0d19b9ee3
en,532,0.5,"Now, write a one-page summary of all the news.

",multi_news,2237,"['One of the most renowned hairstylists in Los Angeles was murdered on Monday by intruders who made their getaway in his Porsche, police say. Fabio Sementilli was stabbed several times and was found on his home\'s patio by his wife and daughter, CBS Los Angeles reports. Paramedics were called but the 49-year-old was bleeding profusely and died at the scene. Police say the Canadian-born hairstylist\'s 2008 Porsche 911 Carrera was missing from the scene and they believe it was stolen by two men who broke into the upscale Woodland Hills home and attacked Sementilli. Police aren\'t sure whether the murder was random or a targeted attack, the AP reports. Sementilli gained international recognition during his 30 years as a hairstylist and also served as an exec at companies including Wella, the Los Angeles Daily News reports. He was ""recognized as an exceptional stylist, educator, and visionary,"" Wella said in a statement that describes him as ""an icon in the hairdressing industry."" A post at Modern Salon says he was a VP of education for cosmetics company Coty, adding that he ""mentored tens of thousands of hairdressers with a hands-on approach either on a one-to-one basis or on a grander scale."" (This man was murdered just two months after President Obama commuted his sentence.)']",,"  
On Monday, January 23, 2017, Fabio Sementilli, a renowned hairdresser and executive at Wella, a subsidiary of Coty Inc., was found dead at his home in the upscale Woodland Hills neighborhood of Los Angeles. He was discovered by his wife and daughters on the patio of his gated home, where he had been stabbed multiple times, including in the face, neck, and upper torso. Sementilli, 49, was pronounced dead at the scene after suffering severe injuries.  

The incident occurred around 5 p.m. on Monday, when paramedics were called to the home on Queen Victoria Road. Upon arrival, they found Sementilli bleeding heavily and in critical condition. He was later pronounced dead at the scene. The police investigation revealed that Sementilli’s 2008 black Porsche 911 Carrera was missing from his home, with the car described as having paper license plates.  

Homicide detectives from the Los Angeles Police Department (LAPD) were investigating the case, and they were looking into the possibility of a break-in. The police were also seeking information about the missing car and the circumstances surrounding the attack.  

Sementilli was known for his contributions to the hairdressing industry, both as a stylist and as a mentor. He had worked with Wella for over a decade and had held several key positions, including Vice President of Education. He was also a respected figure in the beauty industry, known for his leadership, mentorship, and dedication to the craft.  

Sementilli was born in Canada and had a long and successful career in the hairdressing world. He was a champion in competitions and had been recognized as a leader in the industry. He was also known for his generosity and for his efforts to give back to the community.  

Sementilli was a beloved figure in the industry, and his death has left a significant impact on his colleagues, friends, and family. His passing has been mourned by many in the beauty and hairdressing communities, both in the United States and internationally.  

The neighborhood where Sementilli lived was described as being quiet and upscale. The home was located in a secure area, with an automatic gate and surrounded by lush vegetation. The area is known for its high-end residences and is considered a desirable location for many.  

The investigation into Sementilli’s death has been ongoing, and the police are seeking any information that could lead to the identification of the perpetrator. The police have also been working with the community to gather any evidence that could be useful",multi_news,Summary:,3b5368b348fce578138b895df499567d7ca6eec71d0d9473
en,532,0.5,"Now, write a one-page summary of all the news.

",multi_news,1414,"['Using methods borrowed from Google, a group of researchers has analyzed all Wikipedia pages and determined that, at least on the English language version of the site, Frank Sinatra is the world\'s most important person. Second place goes to Michael Jackson, and third to Pope Pius XII. When factoring in all 24 language editions of the online encyclopedia, the team found that Adolf Hitler ranked the most important person, while Michael Jackson was again second and Madonna third, reports the Guardian. ""Our analysis shows that most important historical figures across Wikipedia language editions are born in western countries after the 17th century, and are male,"" the authors write. The researchers combined two algorithms to reach these conclusions. First, Google\'s PageRank algorithm, which determines a page\'s importance based on how many other pages link to it. In using PageRank on Wikipedia, the most important person in the world was 18th-century Swedish naturalist Carl Linnaeus, likely because the pages of organism after organism link back to the ""father of taxonomy."" So the researchers added an algorithm called CheiRank, which determines importance based on the number of outgoing links, the thought being that an important person would himself be connected to other important people, things, and events. Using the two together—an approach they dubbed 2DRank—no one beat out Frank Sinatra on English pages or Adolf Hitler across all language versions. Last year, in a separate study analyzing academic references, one team deemed Karl Marx to be the world\'s most important scholar, according to the Smithsonian. (Click to read about one of Sinatra\'s quirks.)']",,"  
A recent study led by University of Toulouse researcher Young-Ho Eom has sparked debate over who the most influential and important figures in history are, based on an analysis of Wikipedia's global content. The study, which examined 24 major language editions of Wikipedia, used a method inspired by Google's PageRank algorithm to determine which individuals are most frequently linked to in Wikipedia articles. The results were both surprising and revealing.  

In one analysis, Frank Sinatra was ranked as the most important person in the English-language world, followed by Michael Jackson and Pope Pius XII. However, when the study expanded to include all 24 language editions, the results shifted dramatically. Adolf Hitler emerged as the most important figure, with Michael Jackson in second place and Madonna in third. This variation highlights the influence of cultural and linguistic biases in Wikipedia's content.  

The study also revealed a significant gender and regional bias in Wikipedia's coverage. The research found that the most important historical figures on Wikipedia are predominantly male and born in Western countries after the 17th century. This trend is attributed to the fact that Wikipedia's content is heavily influenced by the cultures and languages of its users, with each edition emphasizing local figures.  

The study's methodology was based on a combination of PageRank and CheiRank algorithms. PageRank measures the importance of a page based on the number and quality of incoming links, while CheiRank measures the importance of a page based on the number and quality of outgoing links. By combining these two metrics, the researchers developed a new ranking system called 2DRank, which was used to determine the top 100 most important individuals across all 24 Wikipedia editions.  

One of the most surprising findings was that Carl Linnaeus, the 18th-century Swedish naturalist who developed the system of biological classification, was ranked as the most important person in the world. This result was attributed to the fact that Linnaeus is linked to a vast number of Wikipedia pages, particularly those related to biological taxonomy. His system of classification is used to name and categorize all living organisms, which means that his name appears on countless Wikipedia pages.  

The study also highlighted the limitations of using Wikipedia as a source for determining the importance of historical figures. The researchers noted that Wikipedia's content is influenced by the biases and perspectives of its contributors, and that the site's structure and organization can lead to skewed results.  

In addition to the study on Wikipedia, the article also mentions the efforts of the Internet Archive to preserve and archive web content. The Internet Archive is working to create a permanent record of the web by arch",multi_news,Summary:,6ad28d1ca4f136c6c60610ed1ccdacaf3a6708d9c74d68bb
en,532,0.5,"Now, write a one-page summary of all the news.

",multi_news,740,"['Arnold Schwarzenegger seems to think Donald Trump needs a lesson in making friends after the president-elect chose to criticize his Celebrity Apprentice successor. ""Wow, the ratings are in and [new host] Arnold Schwarzenegger got \'swamped\' (or destroyed) by comparison to the ratings machine, DJT,"" Trump tweeted Friday after the Trump-less show premiered Monday to 4.9 million viewers, according to Nielsen. The last season hosted by Trump averaged 7.6 million viewers, per Fortune. ""So much for … being a movie star,"" Trump continued. ""But who cares, he supported [John] Kasich & Hillary [Clinton]."" Schwarzenegger offered up a reply on Twitter, tweeting, ""I wish you the best of luck and I hope you\'ll work for ALL of the American people as aggressively as you worked for your ratings."" He next shared a video he made after the election in which he quotes Abraham Lincoln\'s inaugural speech, beginning, ""We are not enemies, but friends. We must not be enemies."" ""Please study this quote ... @realDonaldTrump,"" he tweeted with the video. ""It inspired me every day I was Governor, and I hope it inspires you."" (The New York Times is unimpressed with the new season.)']",,"  

The news passages provided offer a mix of political commentary, celebrity involvement, and ratings analysis, all centered around the television show *The Celebrity Apprentice* and its transition from Donald Trump to Arnold Schwarzenegger.  

Passage 1 reflects a political or media figure’s hope that a new individual will serve the public interest as diligently as they did in their previous role, likely in the media or political sphere. The tone suggests a desire for public service and a critique of previous priorities.  

Passage 2 references a quote from Abraham Lincoln’s inaugural address, which is shared by a political figure (likely Donald Trump) as inspiration. The quote is likely from Lincoln’s first inaugural speech, which emphasized unity and the preservation of the Union. The mention of Lincoln’s quote suggests a call to leadership, resilience, and moral responsibility, possibly in the context of a political campaign or public service.  

Passage 3 is a critical remark about Arnold Schwarzenegger’s performance in a television show, comparing him unfavorably to Donald Trump in terms of ratings. The phrase “got ‘swamped’ by comparison to the ratings machine, DJT” implies that Schwarzenegger’s performance was not as successful as Trump’s in terms of viewership. The use of “DJT” likely refers to Donald Trump, and the phrase “So much for…” suggests disappointment or a sense of failure.  

Passage 4 provides a detailed report on the premiere of *The Celebrity Apprentice* with Arnold Schwarzenegger as host. The show, which previously had Donald Trump as host, faced a significant drop in ratings compared to its previous season. The premiere, which aired on Monday night, drew an average of 4.9 million total viewers, which was lower than the previous season’s ratings. The show also faced stiff competition from other networks, including *The Bachelor* on ABC and multiple sitcoms on CBS.  

The article highlights the challenges faced by NBC in transitioning the show to a new host and the impact of the previous host, Donald Trump, on the show’s success. The article also mentions the controversy surrounding Trump’s continued involvement with the show, including his role as an executive producer and his financial stake in the production.  

Despite the low ratings, the article notes that the show still managed to perform well in certain aspects, such as providing a strong lead-in for the new game show *The Wall* and maintaining a significant portion of its audience. The article also mentions the network’s efforts to promote the show and the challenges it faced in the transition.  

Overall, the news passages reflect a mix of political commentary, celebrity involvement",multi_news,Summary:,30546aafe4821ca55d852a55484d41f5e4bf82f1247e91f3
en,532,0.5,"Now, write a one-page summary of all the news.

",multi_news,2580,"['Own a Samsung smart TV? Then take note: Your television is not only listening, it\'s sending your data to a third party, the Independent reports. The TV\'s voice-recognition software lets you give it orders, but the product\'s privacy policy warns that ""personal or other sensitive information ... will be among the data captured and transmitted to a third party through your use of Voice Recognition."" Samsung tells the BBC that the third party is Nuance, the company that does Samsung\'s speech-to-text conversion. But intellectual property lawyer Corynne McSherry says it would be nice to see that clarified in Samsung\'s policy, the Daily Beast reports. ""And I’d definitely like to know whether my words were being transmitted in a secure form,"" she says. An activist tweets that Samsung\'s policy sounds a lot like the description of ""telescreens"" in George Orwell\'s dystopian novel, 1984—which reads in part, ""Any sound that Winston made, above the level of a very low whisper, would be picked up by [the screen]."" Unnervingly, it wasn\'t clear how often ""the Thought Police plugged in on any individual wire was guesswork."" Samsung, however, says it doesn\'t keep voice data, and customers can opt to turn off voice-recognition or even unplug the TV from Wi-Fi. And Samsung isn\'t alone: the Verge reports that XBoxes already use voice recognition while being connected to the Internet. ""Samsung\'s privacy policy is not unique; its rhetoric just happens to be similar to that of a well-known sci-fi novel,"" the Verge says.']",,"  
In recent news, several tech companies have faced scrutiny over their privacy practices, particularly regarding voice and data collection. Samsung's new privacy policy for its Smart TVs has sparked significant concern. The policy allows the company and its partners to listen to users' conversations, with voice recognition data being transmitted to third parties. This has drawn comparisons to George Orwell's *1984*, with users expressing unease over the potential for surveillance. The policy states that users can disable the voice recognition feature, but doing so will also disable the feature entirely. Even when disabled, Samsung continues to collect data on how users interact with the TV. The policy has been criticized for its potential to infringe on user privacy, with some users likening it to the dystopian surveillance depicted in *1984*.  

Samsung's SmartTV service also includes features such as personalized content recommendations, gesture controls, and voice recognition. The company collects various types of data, including device information, usage patterns, and user interactions, to improve the user experience. Users can opt out of personalized recommendations, but the company still collects data for other purposes. The voice recognition feature, which allows users to control the TV with voice commands, sends data to third-party services like Nuance Communications. Users can disable the data collection feature, but this may affect the functionality of the voice recognition system.  

Microsoft has also faced similar privacy concerns with its new Xbox One console. The console includes a new Kinect sensor that is always listening, even when the console is turned off. The Kinect is designed to respond to voice commands and can activate the console with a simple voice command. This has raised concerns about privacy, with some users comparing the feature to the surveillance depicted in *1984*. The Kinect is capable of recognizing individual voices and can even detect heartbeats. Microsoft has stated that the Kinect is not recording all conversations, but rather listening for specific commands. The company has emphasized that the Kinect is designed with privacy in mind, with data being encrypted and stored securely.  

Both Samsung and Microsoft have faced criticism for their data collection practices, with users expressing concerns about the potential for misuse of their data. The companies have responded by emphasizing their commitment to user privacy and data security. Samsung has stated that users can disable the voice recognition feature, and Microsoft has stated that the Kinect is not recording all conversations. However, the companies have also faced criticism for their lack of transparency and for not providing sufficient information about their data collection practices.  

The issue of privacy in the context of smart devices has become a growing concern. As more devices become connected to the internet, the potential for data collection and",multi_news,Summary:,311b6c43c5ac950a65751dba5eaf7245c6b5d8eb10b784f1
en,532,0.5,"Now, write a one-page summary of all the news.

",multi_news,859,"['A New Jersey court on Wednesday gave the Flight Crew—aka the New York Jets cheerleaders—something to cheer about: a $325,000 settlement of the class-action lawsuit filed in 2014 by a cheerleader identified as Krystal C., CNNMoney reports. That amounts to each of the 52 cheerleaders getting $2,500 per season worked and $400 per photo shoot. The settlement covers the 2012-13 and 2013-14 seasons. New York State Sen. Diane Savino, per the New York Post, cheered the settlement, calling on the NFL to ""develop uniform rules … to ensure that all cheerleaders in every state received the employee pay and protections they deserve."" NFL teams have sought to justify low pay for cheerleaders by saying they\'re independent contractors, CNN notes. In the case of the Flight Crew, Krystal C.\'s suit claimed that cheerleaders were compensated $150 per game and $100 for special appearances. But, when you factor in practices and rehearsals, that pans out to $3.77 per hour. Throw in hair, makeup, and transportation expenses and ""the hourly rate goes below $1.50 an hour,"" says the cheerleaders\' attorney. The Flight Crew isn\'t alone: Cheerleaders have taken to the courts to seek higher pay from the Cincinnati Bengals (tentative agreement reached), Tampa Bay Buccaneers (settled for $825,000), Oakland Raiders (settled for $1.25 million), and the Buffalo Bills (class-action suit on the horizon).']",,"  
The New York Jets' cheerleaders, known as the Flight Crew, have reached a settlement with the team after a long legal battle over fair pay. The $325,000 settlement, approved by a New Jersey court, was the result of a class-action lawsuit filed in 2014 by former cheerleader Krystal C. The lawsuit alleged that the cheerleaders were underpaid, earning only $150 per game and $100 for special events, with no compensation for practice or rehearsals. The settlement, which was initially reached in August 2015, will provide each of the 52 cheerleaders with $2,500 per season they worked during the 2012-13 and 2013-14 NFL seasons. Cheerleaders who participated in photo shoots will also receive an additional $400 per shoot.  

The settlement includes interest and will be adjusted based on the number of seasons each cheerleader worked. The Jets and the cheerleaders reached the agreement to avoid the costs and delays of a lengthy legal battle. The Jets denied the allegations, stating that they ""deny the claims and the parties have agreed to a settlement to avoid the expense, time and distraction of litigation."" Both parties have declined to comment further.  

The settlement has been praised by state Senator Diane Savino (D-SI), who called for similar actions by other NFL teams, including the Buffalo Bills. The Bills' cheerleaders, known as the Jills, are currently involved in a class-action lawsuit over wage and treatment issues. The lawsuit against the Bills, which is also in New Jersey, claims that the cheerleaders were subjected to strict rules regarding their appearance, diet, and even the use of feminine products.  

This case is not unique to the Jets. Several other NFL teams have faced similar lawsuits over the pay and treatment of their cheerleaders. The Cincinnati Bengals, Tampa Bay Buccaneers, Oakland Raiders, and Buffalo Bills have all been involved in legal actions over the compensation of their cheerleaders. The Buccaneers and Bengals have already reached settlements, while the Raiders settled for $1.25 million in 2014. The Raiders' cheerleaders, known as the Raiderettes, claimed they were paid less than $5 an hour.  

The legal battles over the pay of NFL cheerleaders have been ongoing, with many teams attempting to classify their cheerleaders as independent contractors rather than employees. However, courts have generally ruled against this classification, finding that cheerleaders are, in fact, employees entitled to minimum wage and other employee benefits.  

The case",multi_news,Summary:,85d436ff69fd321053a637abf7b161208e70bb7d59a57775
en,532,0.5,"Now, write a one-page summary of all the news.

",multi_news,4776,"['At first, it seemed like 4-year-old Laura Carson was suffering from a simple headache. Then came rapid shallow breathing, a tremor, double vision. Within days in August 2014, she was ""a limp rag doll,"" reports Today—but it took doctors some time to diagnose her with acute flaccid myelitis, a rare disease the CDC warns is becoming increasingly more common. Not much is known about the polio-like disease that plagues mostly children, including what causes it. What is known is that AFM affects the spinal cord and causes weak limbs or paralysis, drooping in the face, and slurred speech or difficulty breathing. About 200 kids have been diagnosed since 2014, and this year\'s figures are especially troubling. The CDC reports 121 cases of AFM were confirmed in 2014, but that was followed by just 21 cases in 2015, reports Fox News. From January to August of this year, however, there were 50 confirmed cases in 24 states. Among that first spike of cases in 2014, the Washington Post reports that 85% of kids recovered partially, but only three recovered fully. A CDC study found 68% of patients had a fever and 81% had a respiratory illness before AFM symptoms appeared. Some had been diagnosed with the West Nile virus, and others with an enterovirus. ""August to October is typically when enteroviruses circulate"" and ""we see more acute flaccid myelitis during that season,"" a doctor tells NBC News. Washing your hands and covering your mouth when coughing or sneezing are among the ways suggested to help. (Four siblings suffer from a mysterious disease.)']",," Acute Flaccid Myelitis (AFM) is a rare but serious neurological condition that affects the spinal cord, causing muscle weakness and paralysis. It is often compared to polio due to its similar symptoms. AFM has been on the rise in recent years, with a notable surge in 2014 and again in 2016. The Centers for Disease Control and Prevention (CDC) has reported a significant increase in confirmed cases, with 50 cases reported in 2016 compared to 21 in 2015. In 2014, over 120 cases were documented, primarily in children, with most cases occurring between August and December.

The exact cause of AFM remains unknown, though it is believed to be linked to viral infections, including enteroviruses, poliovirus, and the mosquito-borne West Nile virus. While some cases have been associated with enterovirus D68 (EV-D68), which causes respiratory illness, the CDC has not confirmed a direct link. The 2014 outbreak coincided with a widespread EV-D68 epidemic, but no definitive evidence has been found to prove causation.

Symptoms of AFM include sudden weakness in the arms or legs, facial drooping, difficulty breathing, and in severe cases, paralysis. Some patients may experience respiratory failure, requiring ventilator support. There is currently no specific treatment for AFM, though physical therapy and supportive care are often used. Some studies suggest that intravenous immunoglobulin (IVIG) and other treatments may help, but more research is needed.

The CDC and other health officials are closely monitoring the situation, urging increased vigilance and reporting of cases. They are also emphasizing the importance of good hygiene, such as frequent handwashing, to prevent the spread of viruses. Public health campaigns are promoting vaccination and other preventive measures to reduce the risk of viral infections that could lead to AFM.

Several families have shared their experiences with AFM, including the story of Carter Roberts, a 3-year-old who suddenly became paralyzed after a viral illness. His mother, Robin Roberts, has become an advocate for increased awareness and research into the condition. Another family, the Andes, has also shared their experience with their daughter, McKenzie, who developed AFM and is now living with the effects of the disease.

The medical community is working to better understand AFM, with researchers and doctors across the country collaborating to study the condition. Some scientists are exploring the possibility of using animal models, such as mice, to study the effects of EV-D68",multi_news,Summary:,69b0462ff955b459b70c0eefe0dd4d8ea39db80b77d92351
en,532,0.5,"Now, write a one-page summary of all the news.

",multi_news,2394,"['The Shroud of Turin is supposedly the burial cloth that was wrapped around Jesus after his crucifixion; bloodstains on the linen shroud, which are said to have been transferred to it during the three days Jesus was in the tomb, form the image of a crucified man. But a new study reported in the Journal of Forensic Sciences finds the bloodstain image was likely faked. Researchers looking at the blood spatter found that the stains appeared to come from someone standing up, rather than someone who was flat on the fabric, Science Alert reports. As the researchers put it, the stains are ""totally unrealistic"" when compared to what they should look like. The shroud, which is held in the Cathedral of St. John the Baptist in Italy, is considered an icon, as opposed to a genuine religious relic, by the Vatican; Fox News notes ""the church has never weighed in on its authenticity."" ""This is the kind of forensic work done all the time in police investigations,"" the forensic scientist who conducted the analysis tells BuzzFeed News. ""Even a crucified or hanging person should leave a distinct blood pattern on the cloth, which would be fascinating information to have."" The study found inconsistent staining, with researchers concluding multiple poses were used to create the bloodstains—a standing model was likely used to imprint patterns on the cloth at various angles for various body parts. Another bloodstain pattern expert notes that more research could be done to see whether cleaning a body or preparing it for burial might account for the inconsistent staining, though he notes that the stains do appear to have come from flowing blood, meaning a heart that was beating at the time the stains were made. (See previous stories in the real-or-fake debate here.)']",,"  
The Shroud of Turin, a 14-foot-long linen cloth bearing the image of a crucified man, has long been the subject of religious and scientific debate. Some believe it to be the burial cloth of Jesus of Nazareth, while others consider it a medieval forgery. Recent forensic research has added new layers to this controversy, suggesting that the bloodstains on the shroud are inconsistent with the physical realities of crucifixion.  

A team of researchers, including forensic anthropologist Matteo Borrini and organic chemist Luigi Garlaschelli, conducted a detailed analysis of the blood patterns on the shroud using bloodstain pattern analysis (BPA). They tested the flow of blood on a mannequin and compared it to the patterns on the shroud. Their findings indicate that the bloodstains do not align with the expected patterns of a person who was either crucified or lying on their back.  

The researchers found that the bloodstains on the shroud suggest a variety of positions, including standing, lying down, and even possible movement. For example, the blood flow on the left hand and forearm does not match the angles expected from a person in a crucified position. The bloodstains on the lower back, which some believe represent the wound from a spear, could not be replicated in any position tested.  

The study also found that the bloodstains on the shroud are inconsistent with the expected patterns of a person who was hanging or lying down. The researchers concluded that the bloodstains suggest a standing model, rather than a crucified or lying-down body. This has led some to believe that the shroud may have been created as a medieval artistic representation, rather than a genuine relic.  

The findings have sparked a new wave of interest in the shroud, with some scientists and historians calling for further investigation. However, the results of this study have also raised questions about the authenticity of the shroud and its potential origins.  

In conclusion, the Shroud of Turin remains a subject of fascination and debate. While some believe it to be a genuine relic, others argue that it is a medieval forgery. The recent forensic study has added new evidence to this debate, suggesting that the bloodstains on the shroud are inconsistent with the expected patterns of a crucified or lying-down body. This has led to a renewed interest in the shroud and its potential origins.",multi_news,Summary:,732a283b839f4cf989dff0eadbf6b0b1ad9500799a3dfcee
en,532,0.5,"Now, write a one-page summary of all the news.

",multi_news,848,"['You can temporarily take Donald Trump out of real estate, but you can\'t take the real estate out of Donald Trump. That much was clear at a Singapore press conference Tuesday, which took place after the president\'s meeting with Kim Jong Un and in which he touched upon the potential of North Korea\'s coastline. ""They have great beaches,"" Trump noted, per the Washington Examiner. ""You see that whenever they\'re exploding their cannons into the ocean."" And that spectacular view got him to thinking: ""Wouldn\'t that make a great condo? Instead of doing that you could have the best hotels in the world right there. Think of it from a real estate perspective, you have South Korea, you have China, and they own the land in the middle, how bad is that, right? It\'s great."" The AP also reports on another post-summit activity, which it deems a ""classic alpha male move"": Trump showing off ""The Beast,"" the presidential limousine, to the North Korean leader. CNN shows a video clip of the two men approaching the limo, a Secret Service agent opening the door, and Kim peering in to take a look. ""We know that these men were trying to find ways to bond, in just like a personal, human way, and what\'s more natural for guys [than] to want to check out one another\'s car,"" Chris Cuomo notes. (Here are seven complimentary things Trump said about Kim after the summit.)']",,"  

The news highlights several key events and developments across different areas.  

First, President Donald Trump, following his historic summit with North Korean leader Kim Jong Un in Singapore, made a series of remarks about the potential economic and real estate opportunities for North Korea. Trump suggested that opening up North Korea’s economy could lead to the development of high-end real estate, such as a ""best hotel in the world"" on its coastline. He also referenced the country’s natural beauty, such as its beaches, and pointed out that the country’s coastal areas could be developed for luxury housing. Trump emphasized the potential benefits of economic openness, suggesting that North Korea could benefit from foreign investment and development. He also mentioned that the U.S. delegation had shown Kim a video of potential development projects, including infrastructure and infrastructure improvements, to encourage denuclearization and economic reform.  

In addition to economic development, Trump made a humorous and somewhat controversial remark about North Korea’s military activities, such as the use of cannons, and suggested that these could be repurposed for civilian use, such as building hotels. He also expressed optimism about the success of the summit and the potential for a lasting peace on the Korean Peninsula.  

Another news item discusses the efforts of the Internet Archive to preserve and archive web content. The organization is working to prevent the loss of online information by archiving web pages as they are created. The goal is to ensure that links to web pages remain functional even if the original content is removed or changed. The Internet Archive is also working to replace broken links with links to archived versions of web pages, ensuring that users can still access the content they originally intended to view.  

A third news item reports on a seemingly casual moment during the summit between Trump and Kim. During a brief, informal interaction, Trump showed Kim a glimpse of his presidential limousine, ""The Beast,"" and invited Kim to take a look inside. The moment was captured on camera, and it was noted that the interaction was a display of Trump’s personality and style. The event was seen as a way for Trump to showcase his wealth and status, as well as to demonstrate his confidence and charisma.  

Overall, the news covers a range of topics, from international diplomacy and economic development to technological innovation and personal interactions. The events highlight the complex and multifaceted nature of global politics and the diverse range of issues that can arise in the course of international relations. The news also underscores the importance of preserving digital information and the need for ongoing efforts to maintain the integrity of the internet.  

In conclusion, the news provides a snapshot of the current state of affairs, offering insights into the",multi_news,Summary:,3a255c25765000d506cf43538a553334a0bf0744d14530c2
en,532,0.5,"Now, write a one-page summary of all the news.

",multi_news,1182,"['President Obama today signed legislation to honor Japanese-American soldiers who fought on behalf of the Allies during World War II—even as some of their families were kept in confinement in the US. This long-awaited bill will open the door for more than 6,000 soldiers known as Nisei veterans to collectively receive the prestigious Congressional Gold Medal. For more on the vets, see the Digital Journal or Oregon Public Broadcasting.']",,"  
On Tuesday, President Barack Obama signed a bill authorizing the Congressional Gold Medal for Nisei veterans—Japanese Americans born to immigrant parents—who served in World War II. The Nisei, many of whom were born in the United States, were often subjected to discrimination and, during World War II, were placed in internment camps by the U.S. government. Despite this, thousands of Nisei volunteered to fight for their country. The Congressional Gold Medal will be awarded to members of the 442nd Regimental Combat Team and the 100th Infantry Battalion, as well as members of the Military Intelligence Service, who provided critical language and cultural support during the war.  

The 442nd Regimental Combat Team, composed largely of Nisei soldiers, became one of the most decorated units in U.S. military history. The 100th Infantry Battalion, which preceded the 442nd, was also highly decorated. These units were formed from young men whose families had been interned in camps. Despite facing discrimination and being treated as ""enemy aliens"" due to their Japanese heritage, many Nisei soldiers were allowed to serve, though with restrictions.  

The story of the Nisei veterans is highlighted through the experiences of individuals like Art Iwasaki and Kenji Yaguchi. Art Iwasaki, a Nisei veteran, was drafted into the military and served in Europe. He and his brother, Ike, were part of the 442nd Regimental Combat Team. Kenji Yaguchi, another Nisei veteran, was interned in a camp but later volunteered to join the 442nd. Both men spoke of the challenges they faced, including being treated as second-class citizens and being denied the right to carry weapons.  

The 442nd and 100th units were known for their bravery and were instrumental in several key battles, including the rescue of the ""Lost Battalion"" in the Battle of the Bulge. Their actions were so significant that they earned the nickname ""Go for Broke."" The 442nd was also known for its high level of combat effectiveness and for its role in the Pacific theater.  

The recognition of the Nisei veterans is not only a tribute to their service but also a step toward acknowledging the injustices they faced. The Congressional Gold Medal is one of the highest civilian honors in the United States. It is awarded to individuals and groups who have made significant contributions to the security and interests of the nation.  

The recognition of the Nisei veterans is also",multi_news,Summary:,77669a00afc203753f5ed451ba5886ee429b2f984c7c4a41
en,532,0.5,"Now, write a one-page summary of all the news.

",multi_news,4687,"['Earlier this year, President Trump noted ""I just don\'t want a poor person"" in charge of economic posts in his administration, then touted Commerce Secretary Wilbur Ross as ""a very rich person"" who was up to the task. But just how rich Ross really is is now up in the air, Forbes reports, noting it\'s yanked Ross off its billionaires list after a one-month probe revealed that $2 billion or so or Ross\' alleged fortune ""never existed,"" and that Ross had engaged in an ""apparent sequence of fibs, exaggerations, omissions, fabrications, and whoppers"" with the magazine going back 13 years. The discovery came when Ross, 79, contacted Forbes in October to refute his ranking: Last year he was listed with a net worth of $2.9 billion on the Forbes 400; he claimed he was worth closer to $3.7 billion. Then Forbes talked with 10 of Ross\' ex-employees at his private equity firm, who noted a ""penchant for misleading"" that affected fellow workers and investors and spurred big fines, suits, and refunds to backers. ""Wilbur doesn\'t have an issue with bending the truth,"" one longtime colleague says, while another is more blunt: ""He\'s lied to a lot of people."" The magazine delves into Ross\' back story, including how, when he first made the Forbes billionaires list in 2004 with a net worth of $1 billion, ""everyone that I knew that worked with Wilbur knew it wasn\'t true,"" per a former colleague. When Forbes told Ross he was being removed from its billionaires club, Ross retorted the magazine wasn\'t counting family trusts that he wasn\'t obligated to inform the feds about—in the amount of ""more than $2 billion,"" assets Ross said he put into the trusts sometime ""between the election and [my] nomination."" When Forbes asked to see a paper trail proving that, Ross cited ""privacy issues""—and the magazine lays out other problems with Ross\' story on the supposed $2 billion transfer. Read the in-depth findings here.']",,"  
The news highlights the controversy surrounding Wilbur Ross, the U.S. Secretary of Commerce, and his financial disclosures, as well as the broader implications of Trump's appointments of wealthy individuals to key government roles.  

In 2017, Forbes magazine investigated Ross's reported net worth and discovered discrepancies in his financial disclosures. Ross had previously claimed a net worth of $3.7 billion, but his official filings showed less than $700 million in assets. Forbes sought to remove him from its list of the 400 richest Americans, citing the lack of transparency in his financial disclosures. Ross argued that his wealth was held in trusts, which he claimed were not required to be disclosed in federal filings. However, Forbes found that the $2 billion Ross claimed never existed, suggesting he had lied about his wealth.  

The article traces Ross's career, highlighting his success in private equity and his reputation for being a skilled negotiator. He built his wealth through investments in companies like LTV and International Steel Group, which he helped restructure during the 1990s. Despite his financial success, Ross's net worth was consistently overstated, and he was known for his tendency to exaggerate and mislead.  

The controversy surrounding Ross's financial disclosures intensified when he claimed to have transferred over $2 billion in assets to his family through trusts after the 2016 election. This claim was made during a conversation with Forbes, which led to a detailed investigation. Forbes concluded that the $2 billion never existed, and Ross was accused of fabricating the information.  

The article also discusses the broader implications of Trump's appointments, including his selection of wealthy individuals like Ross to key positions in his administration. Trump defended his choices, arguing that he wanted people with experience and success, not necessarily those from lower economic backgrounds. Trump claimed that Ross and other appointees had given up their wealth to take on government roles, despite their significant net worth.  

The controversy surrounding Ross's financial disclosures and Trump's appointments of wealthy individuals has raised questions about the ethics and transparency of the Trump administration. Critics have argued that the administration's reliance on wealthy individuals may prioritize personal interests over the public good.  

In addition to the financial and ethical concerns, the article also touches on the political implications of Trump's appointments. The selection of wealthy individuals like Ross has been seen as a way to consolidate power and influence, with the potential to benefit from their wealth and connections.  

Overall, the news highlights the ongoing debate about the role of wealth in government and the importance of transparency and accountability in public office. The controversy surrounding Wilbur Ross and",multi_news,Summary:,b93cdb70f28fb1e103681a4b3bd5fdf26d3434411df67bbe
en,532,0.5,"Now, write a one-page summary of all the news.

",multi_news,810,"['A guitar that once belonged to Kurt Cobain, which is likely worth millions, is now in the hands of Eeries frontman Isaiah Silva, and Cobain\'s daughter is fighting to get it back in the family. Frances Bean Cobain was married to Silva for 21 months, and she\'s been trying to get the Martin D-18E (which had the bridge flipped so Cobain, a leftie, could play it comfortably) back ever since they split in March. Silva claims she gave it to him as a wedding gift and it\'s rightfully his. Now, the battle is headed to court, Page Six reports. ""It’s not [Silva’s]. It’s a treasured heirloom of the family. It’s not his to take,"" Frances Cobain has said. But sources tell Page Six that Silva isn\'t giving in, and ""is forcing the matter to litigation."" The guitar, the one Cobain played during Nirvana\'s 1993 MTV Unplugged show and also thought to be the last one he played before taking his life, was once insured for $1 million but, per experts, is probably worth several times that now. Back in August, Silva requested $25,000 a month in spousal support and half of any money Frances made during the marriage, and said the couple had no prenup, TMZ reported. A judge has since ordered Frances Cobain to pay Silva $15,000 a month as part of an interim settlement.']",,"  
The ongoing legal battle over the iconic Martin D-18E guitar, famously played by Nirvana's Kurt Cobain during the 1993 ""MTV Unplugged"" performance, has escalated into a high-stakes, multimillion-dollar dispute. The guitar, which is believed to be the last one Cobain played before his tragic death in 1994, is at the center of a family conflict involving Frances Bean Cobain, the daughter of Kurt and Courtney Love, and her estranged husband, Isaiah Silva.  

Frances Bean, who was just over two years old when her father died, is seeking to reclaim the guitar, which she claims was never given to Silva. However, Silva, a musician in the band the Eeries, asserts that the guitar was a wedding gift from Frances, given to him in 2014 when they secretly married. He claims that the guitar was part of their marriage and that he has legal rights to it.  

The guitar, which was once insured for $1 million, is now estimated to be worth significantly more, with experts suggesting it could be worth several times that amount. The instrument is not only a valuable asset but also a symbol of Cobain's legacy and a cherished family heirloom.  

The dispute has led to a bitter legal battle, with both parties refusing to compromise. Frances and her mother, Courtney Love, have strongly opposed Silva's claim, with Love calling the guitar a ""treasured heirloom of the family"" that is not his to take.  

The situation has also become a financial and emotional battleground, with reports of threats and attempts to pressure Silva into returning the guitar. According to sources, the guitar has been a point of contention in the couple's divorce, with Silva refusing to relinquish it.  

In addition to the guitar dispute, the case has also involved a separate financial issue: spousal support. In September, a judge ordered Frances to pay Silva $15,000 a month in spousal support as part of an interim settlement while they worked out the guitar issue through mediation.  

However, the financial dispute has not been limited to the guitar. Silva is also seeking spousal support, with reports that he is asking for $25,000 a month in spousal support. He claims that he left a stable job when they married and that Frances promised to cover his monthly expenses, including private school and housing for his child from a previous relationship.  

Silva is also seeking a share of the financial benefits that Frances has received from her father's estate, including the proceeds",multi_news,Summary:,6602db3a57e65ab95169ca598234a737599fcfa102af4a3d
en,532,0.5,"Now, write a one-page summary of all the news.

",multi_news,4436,"['Matt Damon opined this week that the wave of sex harassment and assault claims sweeping Hollywood and society at large include ""a spectrum of behavior"" and that ""none of us came here perfect,"" and the woman he once dumped on Oprah wasted no time in shutting him down. ""Gosh it’s so interesting (profoundly unsurprising) how men with all these opinions about women’s differentiation between sexual misconduct, assault and rape reveal themselves to be utterly tone deaf and as a result, systemically part of the problem,"" Minnie Driver tweeted. She further unloaded to the Guardian: ""I’ve realized that most men, good men, the men that I love, there is a cut-off. They simply cannot understand what abuse is like on a daily level. I honestly think that until we get on the same page, you can’t tell a woman about their abuse. ... It is so individual and so personal, it’s galling when a powerful man steps up and starts dictating the terms, whether he intends it or not.” Damon was also getting zero sympathy from Alyssa Milano, reports USA Today, who tweeted that, ""as a victim of each component of the sexual assault spectrum of which you speak,"" ""they all hurt."" ""We are not outraged because someone grabbed our a---s in a picture. We are outraged because we were made to feel this was normal. We are outraged because we have been gaslighted. We are outraged because we were silenced for so long."" (Damon has said he had no idea that Harvey Weinstein routinely sexually harassed and assaulted women; his full interview this week with ABC News is here.)']",,"  
In late 2017, a controversy erupted over comments made by actor Matt Damon regarding sexual misconduct and the #MeToo movement. During an interview with ABC News, Damon suggested that there is a ""spectrum"" of behavior, with some actions—like rape and child molestation—being criminal and others, such as ""patting someone on the butt,"" being ""shameful and gross."" He argued that society should distinguish between these behaviors.  

This statement drew sharp criticism from several high-profile women, including actress Alyssa Milano and Minnie Driver, who had previously worked with Damon. Milano, a vocal advocate for the #MeToo movement, responded on Twitter with a series of tweets that criticized Damon's comments as dismissive of the systemic nature of sexual harassment and violence. She emphasized that the outrage surrounding these issues is not about isolated incidents but about a broader culture of silence and normalization of misogyny.  

Minnie Driver, who had co-starred with Damon in the film *Good Will Hunting*, also criticized his remarks, calling them ""tone deaf"" and ""systemically part of the problem."" She argued that men, especially those in positions of power, should not attempt to define or categorize sexual misconduct. Driver's comments were widely shared on social media, with many supporting her stance that men should not be the ones deciding what constitutes abuse.  

Damon's remarks were also criticized by other women in the entertainment industry, including actress Salma Hayek, who wrote an essay for *The New York Times* about her own experiences with harassment. The conversation was part of a larger cultural shift that began with the #MeToo movement, which was sparked by the allegations against Harvey Weinstein.  

Damon, who had previously worked with Weinstein on *Good Will Hunting*, was also criticized for his defense of comedian Louis C.K., who had been accused of sexual misconduct. Driver accused Damon of ""Orwellian"" thinking, suggesting that he was trying to create a hierarchy of abuse that minimized the severity of certain behaviors. She argued that all forms of sexual misconduct are harmful and that men should not be the ones defining what is acceptable.  

In response to the backlash, Damon clarified his position, stating that he believed in the importance of distinguishing between different types of behavior. He acknowledged that the #MeToo movement was about empowering women to speak out and that he supported the idea of holding perpetrators accountable. However, critics argued that his comments were still problematic because they risked downplaying the experiences of survivors.  

The controversy highlighted the ongoing debate about how to address sexual misconduct and the importance of listening to and believing survivors. It",multi_news,Summary:,088f63f5603e5d81dbee5cbc194b1942cc6e16aec56b24c8
en,532,0.5,"Now, write a one-page summary of all the news.

",multi_news,2768,"['Microsoft unveiled its much-hyped Project Natal motion control system—now renamed “Kinect”—at E3 last night, in a performance long on grandiosity and short on actual revelations. After walking through a set of fake living rooms, the white-poncho-wearing audience was treated to a performance by Cirque du Soleil acrobats dressed as cavemen, as a narrator declared that “history is about to rewritten” and a boy, raising his arms, used his movements usher in the new motion-based way to play games, according to the Wall Street Journal. And what was this grand historical event all about? Well, mostly mimicking the Wii, according to CNET. Microsoft’s camera-based motion controller may have potential, but the games demoed last night mostly looked like analogues for successful Wii efforts, including a yoga game, a racing game, and a Wii Sports-esque game titled—wait for it—Kinect Sports. IGN has a full list of launch titles. Microsoft is expected to reveal more details, including pricing, at its press conference today.']",,"  
Microsoft officially unveiled its new motion-control system, now named **Kinect**, during a highly anticipated event at the University of Southern California's Galen Center. The system, previously known as **Project Natal**, was introduced during a special performance by **Cirque du Soleil** and marked a significant shift in the company's approach to interactive gaming and digital living.  

The event, held on Sunday night, was a blend of **entertainment and technology**, featuring a **Cirque du Soleil performance** that demonstrated the capabilities of Kinect. Attendees were given **white ponchos** with **shimmering shoulder pads**, creating a unique and immersive experience. The performance included **interactive elements** that showcased how Kinect could be used in **home environments**, such as **gaming, fitness, and entertainment**.  

During the event, Microsoft highlighted **several key features** of Kinect, including **motion tracking, voice recognition, and gesture control**. The system allows users to **interact with the Xbox 360** using **body movements and voice commands**, eliminating the need for traditional controllers. This innovation was positioned as a **direct competitor to Nintendo's Wii** and **Sony's Move**, as it aimed to **revolutionize the gaming industry** by making games more **accessible and intuitive**.  

Microsoft also demonstrated **various games and applications** that would be compatible with Kinect, including **sports games, fitness programs, and interactive experiences**. Some of the **games showcased** included **Kinect Sports**, **Kinect Adventures**, **Dance Central**, and **Kinectimals**, which allowed users to **interact with virtual animals**. Additionally, **fitness and yoga applications** were highlighted, emphasizing the **health and wellness** potential of the system.  

The event also included **demonstrations of how Kinect could be used in everyday life**, such as **controlling smart home devices, interacting with media, and managing digital content**. Microsoft emphasized that **Kinect was not just a gaming tool**, but a **platform for a broader range of applications**.  

While the **event was more of a preview** than a full launch, it set the stage for **Microsoft's upcoming E3 press conference**, where more details about **pricing, availability, and software development** would be revealed. The **event was well-received**, with **positive feedback** from attendees and **industry analysts**, who saw **Kinect as a potential game-changer** in the **motion control market**.  

Overall, the **unveiling of Kinect** was a **significant moment** for Microsoft",multi_news,Summary:,be803cfd04c14b94a7dfdbf267e4d8530333774edb9c8975
en,532,0.5,"Now, write a one-page summary of all the news.

",multi_news,1551,"['Get out your checkbooks, kids: There is a slew of famous and infamous items up for auction. The US Marshal\'s office\'s online auction of the Unabomber\'s personal effects ends tomorrow, and Aol\'s Weird News astutely observes that Ted Kaczynski\'s 35,000-word handwritten manifesto ($17,525) is currently going for less than the gray hoodie ($20,025) that figured so prominently into his FBI Wanted poster. Bonus: sunglasses included. Looking for more of a bargain? A bow and arrows in a Sears box is currently a steal at $743. And in other bizarre auction news: Balloon boy\'s dad is trying to auction off the infamous ""flying saucer"" balloon for $1 million. But don\'t worry, reports KTLA: Richard Heene has vowed to give all the money to charity (specifically, Japan). A bunch of celebrities are hoping JetBlue loses their luggage ... right into the hands of eager bidders. The Celebrity Baggage Auction will benefit DoSomething.org. Buy a signed Jessica Simpson-brand bag or a leather Coach bag personally used by Rosario Dawson, and get two roundtrip JetBlue tickets, too. Click for more. Maybe eBay is the place to buy stuff: Morace Park bought a film reel for $5.25 that turned out to be the only known copy of the Charlie Chaplin film Zepped. The Telegraph reports that it\'s expected to fetch six figures in a June 29 auction.']",,"  

The news covers a range of topics, from the sale of the Unabomber’s personal items to celebrity charity auctions and the sale of a rare film reel.  

The first news passage discusses the ongoing auction of the personal effects of Ted Kaczynski, the Unabomber, who is currently serving a life sentence in a federal prison. His belongings, including his handwritten manifesto, a hoodie, and a typewriter, are being sold online to raise funds for victims of his crimes. The auction, which ends in June, is expected to generate money to pay off a $15 million restitution order. However, the value of the items is questionable, as Kaczynski’s cabin in Montana is on display in a museum, and many of his possessions are not particularly valuable. Despite this, some items, like his manifesto and hoodie, have attracted significant interest. The auction has sparked debate about the value of crime memorabilia and the appeal of collecting items associated with notorious figures.  

The second news passage highlights a charity auction organized by celebrity Kellan Lutz, who is partnering with JetBlue and DoSomething.org to raise funds for youth groups. Lutz is auctioning off his luggage and other items, joining other celebrities like Taylor Swift and Jessica Simpson. The auction is part of a larger effort to support youth organizations, and the first round of the auction already raised over $15,000. Lutz expressed his enthusiasm for the cause, emphasizing the importance of supporting youth initiatives.  

The third news passage focuses on the sale of a rare film reel containing an early animation of Charlie Chaplin. The reel, which is the only known surviving copy of the 1917 film *Charlie Chaplin in Zepped*, is being sold at a high value. The film, which depicts Chaplin bringing down a German Zeppelin during a London air raid, is believed to have been created to boost morale among British troops during World War I. The reel is considered a valuable historical artifact, and its sale is expected to generate a significant amount of money.  

Overall, the news highlights the intersection of history, culture, and commerce, as well as the ongoing fascination with both notorious figures and rare artifacts. The auctions and sales reflect the complex relationship between public interest, historical value, and the commercialization of personal and cultural items.",multi_news,Summary:,e07c67df44c00106f6f042496897a8ad07ffc881bb51e615
en,532,0.5,"Now, write a one-page summary of all the news.

",multi_news,3331,"['A former Boston TV news anchor says that last year, when her son was 18, he was at a bar in Natucket, Mass., when he met Kevin Spacey. The actor ""bought him drink after drink after drink and when my son was drunk, Spacey made his move and sexually assaulted him,"" said Heather Unruh at a press conference Wednesday. She says Spacey stuck his hand down her son\'s pants and onto his genitals, and tried to convince him to go to a party where they could continue to drink, USA Today reports. A bystander asked the teen if he was OK and the teen said no, at which point the woman urged the teen to flee and he took her advice, Unruh said. Unruh, who appeared with an attorney, says her son filed a police report last week and handed over evidence; she says a criminal investigation has been opened but the Nantucket Police Department has not confirmed that. The attorney with Unruh noted that her son\'s accusations are ""well within"" both the civil and criminal statutes of limitations. USA Today has a list of the 14 people so far accusing Spacey of sexual assault or harassment. Meanwhile Jon Bernthal, who worked with Spacey on Baby Driver, told a SiriusXM radio show Tuesday that he lost respect for Spacey while working on the film. ""I thought he was a bit of a bully,"" Bernthal said, per People. ""I didn’t really care for the way he was behaving toward some of the other people on set.""']",,"  

Kevin Spacey, the acclaimed actor known for his roles in *House of Cards* and *Gone Girl*, has found himself at the center of a major scandal following a wave of sexual misconduct allegations. Over the past several weeks, numerous men have come forward to accuse Spacey of inappropriate and, in some cases, criminal behavior, including sexual harassment, assault, and attempted rape.  

The allegations began on October 29, 2017, when actor Anthony Rapp accused Spacey of making sexual advances toward him when Rapp was just 14 years old. In response, Spacey issued a public apology and came out as gay, a move that many critics viewed as an attempt to deflect attention from the allegations.  

Since then, the number of accusers has grown significantly. Over a dozen men have come forward, some of whom were teenagers at the time of the alleged incidents. The accusations span decades, with some dating back to the 1980s. Among the accusers are:  

- **Daniel Beal**, who claimed that Spacey exposed himself to him in 2010 while he was working as a bartender.  
- **Justin Dawes**, who said that Spacey showed him pornography and made him uncomfortable during a 1988 encounter.  
- **Mark Ebenhoch**, who alleged that Spacey attempted to solicit him for sex while working on the set of *Outbreak* in 1995.  
- **Harry Dreyfuss**, the son of actor Richard Dreyfuss, who claimed that Spacey groped him in 2008.  
- **Tony Montana**, who said that Spacey groped him in 2003.  
- **Kris Nixon**, a bartender in Belfast who claimed that Spacey touched him in 2007.  
- **Heather Unruh**, a former Boston news anchor, who accused Spacey of sexually assaulting her 18-year-old son in 2016.  

In addition to these individuals, several anonymous accusers have also come forward, with some alleging that Spacey engaged in sexual misconduct in professional settings, including on the set of *House of Cards*.  

The allegations have led to significant consequences for Spacey. Netflix, the streaming service that produced *House of Cards*, has decided to remove him from the show, with the final season being completed without him. Spacey has also been dropped from the upcoming film *All the Money in the World*, with Christopher Plummer being cast in his place.  

Spacey’s",multi_news,Summary:,348357789b1ce50b1ac8e572e21e6e5b421d11ac696bd0e1
en,532,0.5,"Now, write a one-page summary of all the news.

",multi_news,1530,"['JK Rowling makes the case today that millions of kids around the world are living in appalling conditions—the stuff of Grimms\' fairytales—in institutions that are supposed to be caring for them. Rowling wants to change that, not by improving these orphanages with ""pretty murals"" or teddy bears, but by eliminating them altogether, she writes in the Guardian. The big challenge is providing support for often-poor families who think they have no choice but to place their child in such an institution. If a child\'s biological family isn\'t up to the task, then foster families can step in. But Rowling argues that institutions are absolutely the wrong answer. Rowling has started a charity called Lumos (yes, after one of her Harry Potter spells), and writes that it has made genuine progress in reducing new placements in countries such as Bulgaria, Moldova, and the Czech Republic. She wants to raise awareness and donations with campaigns like this one. ""I recently committed to becoming president of Lumos for life,"" writes Rowling. ""It is my dream that, within my lifetime, the very concept of taking a child away from its family and locking it away will seem to belong to a cruel, fictional world."" Click for her full column.']",,"  

The provided news passages cover two distinct topics. The first passage discusses the historical contribution of Alexa Internet to the Internet Archive. Since 1996, Alexa has been donating its web crawling data to the Internet Archive, which is then archived in the Wayback Machine after a period of time. This data is essential for preserving the history of the internet and allows researchers and the public to access past versions of websites.  

The second passage is a personal and powerful narrative written by J.K. Rowling, the founder of the charity Lumos. It recounts how a single photograph of a child in a residential institution sparked her journey to create the organization. The image, which depicted a young boy in a cage, deeply affected her and led her to take action. This experience inspired her to found Lumos, a global charity dedicated to ending the institutionalization of children.  

Rowling reflects on the widespread issue of child institutionalization, which affects approximately 8 million children worldwide. She highlights the emotional and psychological harm caused by placing children in institutions, particularly those with disabilities or from disadvantaged backgrounds. Many of these children are not orphans but are separated from their families due to poverty, lack of resources, or social stigma.  

The passage also emphasizes the importance of family-based care, such as foster care and adoption, as alternatives to institutionalization. It discusses the long-term negative effects of institutional care on children, including developmental delays, poor health, and increased risk of abuse or trafficking.  

Rowling shares the success stories of Lumos, including the reduction of institutionalized children in countries like Moldova, the Czech Republic, and Bulgaria. These achievements demonstrate that the problem is solvable and that progress is being made.  

She also calls for greater awareness and action, urging international donors and governments to support family-based care and invest in inclusive education and health services. The passage concludes with a hopeful message, emphasizing that ending institutionalization is not only a moral duty but also an economically sound decision.  

In addition, the passage highlights the importance of public awareness and the role of social media in spreading the message. The #Letstalklumos campaign, launched by Lumos, aims to keep the issue in the public eye and encourage people to take action.  

Overall, the two passages present a contrast between the technical preservation of internet data and the emotional, social, and political efforts to end child institutionalization. They highlight the importance of both preserving digital history and advocating for the rights and well-being of children worldwide.",multi_news,Summary:,e4b27be5d2d4a2f9518155efce2d9b5b799990bd146def3b
en,532,0.5,"Now, write a one-page summary of all the news.

",multi_news,1688,"['The US and Pakistan have agreed to work together in the future against ""high value targets"" in Pakistan, the countries announced in a joint statement today. The news comes after Sen. John Kerry arrived in Pakistan last night, intending to send a strong message following the death of Osama bin Laden: Cooperate more when it comes to rooting out terrorists, or face ""profound"" changes in the US-Pakistan relationship—which could include kissing billions in aid goodbye. Kerry is the most senior US official to go to Pakistan since bin Laden\'s death, but since issuing the joint pledge, he said Secretary of State Hillary Clinton will soon announce her own plans to visit, the AP reports. Kerry\'s meetings with Pakistani leaders began last night, the Washington Post reports. Many in Washington think Pakistan is harboring Islamist militants, and some members of Congress are calling for the US to sever the billions of dollars in aid it provides to Pakistan. Kerry is in Pakistan to lay out the new stakes following bin Laden\'s death, and question officials about how bin Laden was able to hide in Pakistan for years. In Kabul, Kerry said there is ""some evidence"" that the Pakistan government has knowledge of insurgent activities, calling it ""very disturbing.""']",,"  
The U.S. and Pakistan have taken steps to mend their strained relationship following the controversial 2011 U.S. military operation that killed Osama bin Laden in Abbottabad, Pakistan. The raid, conducted without prior notification to the Pakistani government, sparked significant outrage in Pakistan, leading to a diplomatic crisis. In response, U.S. Senator John Kerry, who is also the chairman of the Senate Foreign Relations Committee, visited Pakistan to address the fallout and work toward improving bilateral relations.  

Kerry emphasized that the operation was necessary to eliminate a global terrorist threat and that the extreme secrecy surrounding the mission was essential to its success. He acknowledged the anger of the Pakistani people and government but defended the decision, stating that the U.S. had no intention of violating Pakistan’s sovereignty. He also highlighted the importance of rebuilding trust and cooperation between the two nations.  

As part of the effort to restore relations, the U.S. and Pakistan agreed to increase intelligence sharing and conduct joint operations against ""high-value targets"" in Pakistan. This agreement was announced in a joint statement, which was seen as a positive step toward reconciliation. Additionally, the U.S. and Pakistan agreed to the return of the damaged tail section of a U.S. military helicopter that was destroyed during the bin Laden raid. This gesture was intended to demonstrate goodwill and help ease tensions.  

Kerry also emphasized the need for Pakistan to take a stronger stance against terrorism and to cooperate more closely with the U.S. in the fight against extremist groups. He urged Pakistan to take concrete actions to combat terrorism and to demonstrate its commitment to the war on terror.  

The U.S. and Pakistan have also agreed to increase military and intelligence cooperation, including the sharing of information and the coordination of joint operations. This collaboration is seen as a critical component of the broader effort to strengthen the U.S.-Pakistan relationship.  

Despite the challenges, both nations have expressed a commitment to working together to address the shared threat of terrorism. The U.S. and Pakistan have also agreed to continue their cooperation in the fight against terrorism, even as they navigate the complex political and diplomatic landscape.  

In conclusion, the U.S. and Pakistan have taken significant steps to address the fallout from the bin Laden raid and to work toward improving their relationship. These efforts are seen as essential to maintaining stability in the region and to achieving common goals. The U.S. and Pakistan have also expressed a commitment to continuing their cooperation in the fight against terrorism, even as they face the challenges of rebuilding trust and repairing their relationship.",multi_news,Summary:,2eeba772e4954887281b316f04ac32ac8de8065274f352f4
en,532,0.5,"Now, write a one-page summary of all the news.

",multi_news,2917,"['Kim Jong Nam\'s assassins killed him with a banned chemical weapon, Malaysian police revealed Friday. The country\'s police chief said toxicology reports on swabs from the face and eyes of the exiled North Korean found VX nerve agent, which the BBC notes is classed as a weapon of mass destruction by the United Nations. He said that one of two women believed to have rubbed the extremely toxic substance on Kim\'s face with their hands suffered from vomiting after the attack. The New York Times reports that VX agent can be created by mixing two compounds—and police suspect the two women put the substances on Kim\'s face, one after the other, to create a deadly dose. The police chief said the airport where Kim was attacked is now being decontaminated. North Korea—which is widely suspected to have been behind the killing of leader Kim Jong Un\'s half brother—never signed the Chemical Weapons Convention that banned VX, the AP notes. Pyongyang denies involvement and says Malaysia\'s investigation is full of ""holes and contradictions."" The father of one of the two women being held, Vietnamese citizen Doan Thi Huong, tells the Times his daughter trained as a pharmacist and he has seen little of her in recent years. (Police say that after Malaysia refused to give Kim\'s body to North Korean diplomats, somebody tried to break into the morgue.)']",,"  
The mysterious death of Kim Jong-nam, the half-brother of North Korea's leader Kim Jong-un, has sparked international concern and diplomatic tension. On February 13, 2017, Kim was killed at Kuala Lumpur International Airport in Malaysia by a nerve agent, later confirmed as VX, a highly toxic chemical weapon. The attack occurred when two women, a Vietnamese and an Indonesian national, approached Kim in the airport's departure hall and applied a substance to his face. Kim, who had been living in Macau, collapsed and died shortly after seeking medical help.  

Malaysia's police chief, Khalid Abu Bakar, confirmed that VX was detected on Kim's face and eyes, and that one of the women involved had fallen ill with vomiting. The Malaysian authorities have been investigating the incident, but North Korea has denied any involvement, accusing Malaysia of fabricating evidence and suggesting that South Korea was behind the accusations. North Korea has also accused Malaysia of being responsible for Kim's death, claiming that the country's government was involved in the incident.  

The use of VX, a banned chemical weapon under the 1993 Chemical Weapons Convention, has raised serious concerns about the safety of the airport and the potential for contamination. VX is a potent nerve agent that can be absorbed through the skin, eyes, or lungs, and even a small amount can be lethal. The agent is odorless and colorless, making it difficult to detect. The Malaysian authorities have been working to decontaminate the airport, but the agent is known to remain active for a long time.  

Kim was a prominent figure in North Korea, the eldest son of Kim Jong-il, and had been considered a potential successor to the leadership. However, he was later sidelined in favor of his half-brother, Kim Jong-un. Kim had lived abroad for years and had become a critic of the North Korean regime, openly questioning its policies and leadership. His death has been seen as a significant event in the context of North Korea's internal politics and its relations with other countries.  

The incident has also raised questions about the capabilities of North Korea in terms of chemical weapons. North Korea is believed to have a large arsenal of chemical weapons, including mustard, phosgene, and sarin gas, as well as VX. The country is estimated to have a chemical weapons production capability of up to 4,500 metric tons per year, with the potential to increase to 12,000 tons during a period of crisis. North Korea is also known to have a history of using chemical weapons, including the 1",multi_news,Summary:,cef9105b35619a56715bd8971c08f04183c9884ea5315029
en,532,0.5,"Now, write a one-page summary of all the news.

",multi_news,1576,"['San Francisco-area cops have arrested three more young men in the savage gang rape, beating, and robbery of a 15-year-old girl outside her homecoming dance while dozens more watched. Five youths are being held, ranging from a 15-year-old boy who knew the victim to a 21-year-old. The girl was drinking outside the dance Saturday night, reports the San Francisco Chronicle, and the group turned on her when she became drunk. Charges are expected today. ""This was a barbaric act. I still cannot get my head around the fact that numerous people either watched, walked away or participated in her assault,"" a Richmond cop tells the AP. ""It\'s one of the most disturbing crimes in my 15 years as a police officer."" Some students began transferring out of the school. ""It\'s not safe there at all,"" said a 16-year-old girl. ""I\'m not going back.""']",,"  
In October 2009, a 15-year-old girl was brutally raped and beaten by a group of teenagers at Richmond High School in Richmond, California, following a homecoming dance. The attack, which occurred on Saturday, October 24, 2009, took place in a dimly lit picnic area near the school. According to police, up to two dozen people witnessed the assault but did not intervene or report it. The victim, a high school sophomore, had left the dance early and was drinking with a group of students in the school courtyard when the attack began.  

The incident shocked the community, particularly in a city known for its high crime rate. Richmond, a city of approximately 120,000 people, has long struggled with violent crime, including a high number of homicides. In 2007, the city recorded 47 homicides, making it the most violent city in California with a population over 100,000. The murder rate had slightly decreased in 2008 but had risen again in 2009, with 44 homicides reported so far.  

Police identified at least two suspects in the case. Manuel Ortega, a 19-year-old former student of the school, was arrested after attempting to flee the scene. He was charged with rape, robbery, and kidnapping. Another suspect, a 15-year-old student who knew the victim, was also arrested and booked for sexual assault. Police believe that as many as 10 individuals, ranging in age from 15 to their early 20s, were involved in the attack.  

The attack lasted for over two hours, during which the victim was repeatedly raped and physically assaulted. Some witnesses reportedly took videos of the incident on their cell phones, though this was not confirmed. Police found the victim semiconscious and naked from the waist down near a picnic table. She was later hospitalized with non-life-threatening injuries.  

The case has sparked widespread outrage and concern, particularly among students and parents. Some students have already left the school in response to the incident. The school has since installed surveillance cameras, though they were not functioning at the time of the attack.  

Authorities have launched a full investigation, and police are offering a $20,000 reward for information leading to the arrest or conviction of any of the suspects. SWAT teams are also preparing for additional arrests.  

The incident has raised serious questions about campus security and the role of bystanders in violent crimes. Police have emphasized the disturbing nature of the event,",multi_news,Summary:,b8ad3a4d5f7ed3008f93632c7880e2ddd7dc5e37f6a2088f
en,532,0.5,"Now, write a one-page summary of all the news.

",multi_news,2676,"['The White House on Friday declassified a partisan and bitterly disputed memo on the Russia investigation, and a House committee immediately made it public. Media outlets were just beginning to assess it. You can read the document here, via the Washington Post. The White House move came over the fierce objections of the FBI and Justice Department, which have said the document prepared by Republicans on the House intelligence committee is inaccurate and missing critical context, per the AP. The memo alleges that the FBI abused US government surveillance powers in its investigation into Russian election interference. Trump, who has called the investigation a ""witch hunt,"" has supported the release of the memo in the apparent hopes that it could help undermine the probe being led by special counsel Robert Mueller. The president, dogged by the unrelenting investigation into his campaign\'s ties to Russia, lashed out anew Friday at the FBI and Justice Department as politically biased against Republicans. ""The top Leadership and Investigators of the FBI and the Justice Department have politicized the sacred investigative process in favor of Democrats and against Republicans - something which would have been unthinkable just a short time ago. Rank & File are great people!"" Trump tweeted.']",,"  
The news passages provided focus on the political and legal controversy surrounding the release of the Nunes Memo, a document from the House Intelligence Committee, and its implications for the FBI and the Trump administration. The memo, authored by House Intelligence Committee Chairman Devin Nunes, alleged that the FBI had improperly used its surveillance authority during the 2016 presidential election, particularly in its investigation of a former Trump campaign adviser, Carter Page. The memo was initially classified and was later released by the White House under the authority of President Donald Trump.  

The memo criticized the FBI and the Department of Justice for allegedly abusing their surveillance powers under the Foreign Intelligence Surveillance Act (FISA), particularly in the case of Carter Page. The FBI and the Justice Department had previously opposed the release of the memo, citing concerns about national security and the potential for misinformation. However, the White House, under President Trump, approved the release of the memo, which was then declassified and made public.  

The memo detailed the FBI's use of FISA to obtain a surveillance warrant against Carter Page, who was a former adviser to the Trump campaign. The memo also raised questions about the FBI's handling of the FISA process, including the use of classified information and the potential for political bias in the application of FISA. The memo suggested that the FBI had not fully disclosed all relevant facts to the FISA court, which is responsible for overseeing FISA-related surveillance.  

The memo also highlighted the role of the Steele Dossier, a collection of information compiled by former FBI informant Christopher Steele, which was used as part of the FBI's FISA application. The memo criticized the FBI for not fully disclosing the political origins of the Steele Dossier, which was funded by the Democratic National Committee and the Hillary Clinton campaign. The memo also raised concerns about the FBI's handling of the Steele Dossier, including the fact that Steele had previously been suspended from the FBI for leaking information to the media.  

The memo further questioned the FBI's handling of the FISA process, including the use of classified information and the potential for political bias in the application of FISA. The memo also raised concerns about the FBI's relationship with the FISA court, which is responsible for overseeing FISA-related surveillance. The memo suggested that the FBI had not fully disclosed all relevant facts to the FISA court, which is responsible for overseeing FISA-related surveillance.  

The memo also highlighted the role of the FISA court in the FISA process, including the use of classified information and the potential for political bias in the application of FISA. The memo suggested that the FISA court had not fully disclosed all relevant",multi_news,Summary:,04ee10332dea447fd20ba0b36c23c61fc1e4bbf4009eb6b6
en,532,0.5,"Now, write a one-page summary of all the news.

",multi_news,3747,"[""Critics aren’t exactly howling over the new remake of The Wolfman starring Benicio del Toro, giving it mostly mediocre or failing marks. Here’s what they’re saying: “The movie is pungent with atmosphere, laying down a thick fog of creepy Victorian murk,” writes Kyle Smith of the New York Post, but the story is toothless, centering on a mystery “so simple that even Marmaduke could have sniffed it out.” “The movie is scary only as regards all its wasted potential,” laments John Anderson of the Wall Street Journal. There are good elements here, but they’re “reduced to a gruesome fondue, accessorized by actorly ham and studio cheese.” The filmmakers obviously loved the original Wolfman, but “nostalgia isn't always the best barometer,” writes James Berardinelli of ReelViews. The makeup is “inexcusably campy,” and scenes from the original are “recreated in a fashion that seems more Monty Python than unsettling.” But Ty Burr of the Boston Globe had fun. “The movie is by no means good,” he writes, “but it’s surprisingly enjoyable: a misty, moody Saturday-matinee monster-chiller-horror special.”""]",,"  
The news passages discuss the 2010 film *The Wolfman*, a remake of the classic Universal horror film from 1941. The new version, directed by Joe Johnston, stars Benicio Del Toro as Lawrence Talbot, a man cursed to transform into a werewolf. The film is set in 1890s England and follows Talbot as he investigates the mysterious death of his brother and confronts his own lycanthropy. The movie is praised for its visual style and atmosphere, but criticized for its attempt to blend the gothic elements of the original with modern horror's emphasis on gore and special effects. The review highlights the film's mixed reception, noting that while it attempts to honor the legacy of the original, it falls short in terms of emotional depth and character development.  

The passage also compares *The Wolfman* to other horror films, such as *Dracula*, *Frankenstein*, and *The Mummy*, which have all been remade in recent years. The review suggests that while these remakes are not entirely unsuccessful, they often lack the originality and artistic vision that made the classics so enduring. The film is also compared to *An American Werewolf in London* and *The Howling*, which are considered more successful in their own right.  

In addition to discussing the film itself, the passage also touches on other recent movies, such as *Valentine's Day* and *Ajami*, which are both criticized for their lack of originality and poor execution. The review of *Valentine's Day* is particularly harsh, calling it a ""disaster"" and a ""failure"" that is ""unbelievable"" in its lack of creativity. The review of *Ajami* is more positive, calling it a ""masterpiece"" that is ""urgent"" and ""important.""  

The passage also includes a brief discussion of the DVD release of the original *The Wolfman* (1941), as well as other werewolf-themed films such as *An American Werewolf in London* (1981) and *Wolf* (1994). The review of *The Wolfman* is generally negative, calling it a ""disappointment"" and a ""failure"" that is ""uninspired"" and ""unoriginal."" The review also mentions the film's director, Joe Johnston, and the actors involved, including Benicio Del Toro, Anthony Hopkins, Emily Blunt, and Hugo Weaving.  

Overall, the news passages provide a comprehensive overview of *The Wolfman*, discussing its plot, characters, themes, and",multi_news,Summary:,c41f1472a8b70be78713deaa0e3248b28a9931fd049c6fd7
en,532,0.5,"Now, write a one-page summary of all the news.

",multi_news,1816,"[""Sinn Fein leader Gerry Adams, lately the very high-profile suspect in a 1972 murder, will go free without charge, Northern Ireland police officials tell the BBC. Adams has been questioned since Wednesday in County Antrim over allegations that he, as an IRA commander ordered the murder of a 37-year-old widow and mom of 10, Jean McConville. The AP confirms the report, saying that Adams will likely be freed today, but notes that police say they'll send an evidence file to their British counterparts.""]",,"  
In May 2014, Sinn Féin leader Gerry Adams was arrested and questioned by Northern Ireland police in connection with the 1972 murder of Jean McConville, a mother of ten who was abducted, shot, and secretly buried by the IRA during the Troubles. The arrest sparked significant public and political reaction, with Adams being held for four days before being released. He criticized the timing of the arrest, claiming it was politically motivated and occurred during an election campaign. Adams denied any involvement in the murder and stated that he had cooperated with police by voluntarily presenting himself for questioning.  

Jean McConville, a 37-year-old widow, was kidnapped from her home in Belfast in 1972 and later found dead in County Louth in 2003. Her case has been a long-standing part of the legacy of violence in Northern Ireland, and her family has continued to seek justice for over four decades. Michael McConville, her son, expressed his family's determination to pursue justice, stating that they would not stop until they received the truth.  

The police investigation into the McConville case has been part of a broader effort to address the ""legacy"" of the Troubles, including the issue of the Disappeared—those who were abducted, murdered, and secretly buried by paramilitary groups. The case has also been linked to the Boston College tapes, a series of interviews with former IRA and loyalist members that have provided critical evidence in some cases.  

The arrest of Gerry Adams has raised questions about the role of political leaders in ongoing investigations and the potential for political interference in the justice system. Some political figures, including members of the Democratic Unionist Party (DUP) and the Ulster Unionist Party, have criticized the timing of the arrest, while others have called for a focus on the pursuit of justice rather than political posturing.  

The case has also sparked public demonstrations and protests, with supporters of Adams and the Sinn Féin party displaying signs and messages in support of him. Meanwhile, loyalist groups have expressed their opposition to the arrest, with some calling for the release of Adams and others expressing concern about the implications of the investigation.  

The decision to release Adams without charge has left the case in the hands of the Public Prosecution Service (PPS), which will now determine whether there is enough evidence to bring charges against him. The PPS will review the evidence gathered by police, including taped interviews and photographs, and decide whether to proceed with a prosecution.  

The case has also drawn international attention, with media outlets and international observers following the developments",multi_news,Summary:,3a36e0fd6f9a7f242575108e48446297bb639cf08ccfc9f4
en,532,0.5,"Now, write a one-page summary of all the news.

",multi_news,1272,"['Two workers at a Chicago day care were fired and arrested after a disturbing incident that left five toddlers injured. Police say surveillance video captured one of the workers burning the 2-year-olds with a hot glue gun while the other woman watched and laughed, People reports. Lizandra Cosme, 32, has been charged with five counts of aggravated battery of a child causing great bodily harm, the Chicago Sun-Times reports. Susana Gonzalez, 27, faces five misdemeanor charges of causing the circumstances of child endangerment over the Dec. 1 incident at the Children\'s Place day care. It\'s not clear how seriously the children were injured. Prosecutors say Cosme, who brought the glue gun for a Christmas project, was captured on video applying the hot glue directly to the hands and arms of the three girls and two boys. ""Each of the child victims winced and some whined at the hot glue gun application,"" a prosecutor said during a Monday court appearance. Prosecutors said Cosme tried to cover up the incident, asking a father whether his child had been burned at home, ABC7 reports. They said her actions were discovered when one child\'s mother, an ER physician, saw the burns and demanded to see surveillance footage. Cosme\'s lawyer said his client ""screwed up"" but did not mean to hurt the children.']",,"  
Two daycare workers, Lizandra Cosme and Susana Gonzalez, have been charged following a disturbing incident in which five toddlers were injured by a hot glue gun at a Chicago daycare center. The incident occurred on December 1 at the Children’s Learning Place in Logan Square. Surveillance footage allegedly captured Cosme applying hot glue to the hands and arms of five 2-year-old children, causing them to wince and cry in pain. Gonzalez, who was present in the room, is reportedly seen laughing as the incident unfolded.  

Cosme, 32, was arrested on December 1 and charged with five felony counts of aggravated battery to a child. She was denied bail and is scheduled to appear in court on December 26. Gonzalez, 27, was charged with five misdemeanor counts of child endangerment. Both women were immediately terminated from their positions at the daycare center.  

According to prosecutors, Cosme brought a hot glue gun from home to the daycare for a Christmas project. She was responsible for supervising 16 children at the time of the incident. The video footage, which has been widely reported, shows Cosme applying the hot glue to the children’s skin, causing visible burns. A prosecutor described the children’s reactions as “wincing” and “whining” as they were injured.  

Cosme’s defense attorney claimed that her actions were not intentional and that she “screwed up,” emphasizing that she had 12 years of experience working with children. However, prosecutors argued that Cosme’s actions were deliberate and that she attempted to cover up the incident by asking a child’s father if the child had been burned at home.  

The daycare center, which serves children from 6 weeks to 6 years old, has been placed under investigation by the Illinois Department of Children and Family Services (DCFS). The daycare’s spokesperson stated that the two employees were immediately terminated and that the center is cooperating with investigators.  

The incident has sparked public outrage and raised serious concerns about child safety in daycare settings. The video footage has been widely shared on social media, and the case has drawn significant media attention.  

The children involved in the incident are currently being treated for their injuries, though the full extent of their harm is still under investigation. The daycare center has not yet released any official statements about the incident, but it has confirmed that the two employees have been fired.  

The case has also raised questions about the oversight and regulation of daycare centers in Chicago. Critics have called for stricter regulations and more frequent inspections of daycare facilities to prevent similar incidents from occurring.  

In the wake of the incident",multi_news,Summary:,994c4e5487e91bef73af6ea24878a117dc1a335f34d0ebbb
en,532,0.5,"Now, write a one-page summary of all the news.

",multi_news,2373,"['Texas gubernatorial candidate Wendy Davis\' new memoir is dedicated in part to daughters Amber, Dru, and Tate, and those familiar with Davis\' life story might be puzzled by the last name on that list. That\'s because Davis is revealing for the first time that Tate is the unborn child that she and her husband aborted in the second trimester, after doctors discovered a severe brain abnormality. The San Antonio Express-News and the AP obtained advanced copies, and the news is generating headlines given that Davis shot to national fame while filibustering against an abortion bill in Texas. Davis writes that she decided to abort in 1996 after doctors said the baby would be blind, deaf, and in a vegetative state if she survived the pregnancy. Davis also felt the fetus “tremble violently"" in the womb, ""as if someone were applying an electric shock to her, and I knew then what I needed to do. She was suffering."" Her doctor ""quieted"" the unborn child\'s heart and delivered her by C-section. Davis and her husband had Tate baptized. After the abortion, ""an indescribable blackness followed,"" writes Davis in Forgetting to Be Afraid, ""and when I finally did come through it, I emerged a different person."" Davis also writes of a previously disclosed procedure to terminate an earlier ectopic pregnancy in which the embryo was implanted outside the uterus. She says she opted not to talk about either case during her famous filibuster because she feared it would ""overshadow the events of the day.""']",,"  
Wendy Davis, the Democratic gubernatorial candidate in Texas, has revealed in her upcoming memoir, *Forgetting to Be Afraid*, that she had a personal experience with terminating a pregnancy in the 1990s. The memoir, set to be released on Tuesday, details her decision to end a much-wanted pregnancy when her unborn third daughter, Tate Elise, was diagnosed with a severe brain abnormality. Doctors informed her that the condition would cause the baby to suffer and likely be incompatible with life.  

In the memoir, Davis describes the emotional and physical toll of the decision, including the moment she felt her unborn child ""tremble violently, as if someone were applying an electric shock to her"" in the womb. She and her then-husband, Jeff, made the difficult choice to terminate the pregnancy, which they had named Tate Elise. The decision was made after consulting with multiple medical professionals and after experiencing the baby's condition firsthand.  

The memoir also includes the story of Davis' earlier ectopic pregnancy, which she had to terminate due to medical necessity. She describes the emotional impact of both losses, noting that the ending of the ectopic pregnancy was ""technically considered an abortion"" and that she was ""heartbroken"" over the loss.  

This personal revelation comes as Davis campaigns against Greg Abbott, the Republican Attorney General and current favorite to win the governor's race. The abortion issue has been a central theme in the race, with Abbott being a staunch opponent of abortion rights. Davis has framed her campaign around women's access to healthcare and reproductive rights.  

The memoir is part of a broader narrative that includes Davis' personal struggles, including her difficult childhood, her early motherhood, and her rise to political prominence. She has also written about her relationship with her parents, particularly her mother's emotional turmoil during a period of financial instability.  

The memoir is dedicated to her daughters, including Tate, and to her parents. It includes personal reflections on her faith, her experiences with loss, and her journey toward political leadership.  

The release of the memoir comes at a time when Davis is trailing in the polls, and it is expected to add a layer of personal depth to her campaign. Political analysts suggest that the revelation may not significantly impact her chances, as it is likely to resonate more with voters who are already sympathetic to her cause.  

The memoir also includes a personal anecdote about a moment when Davis felt her late daughter, Tate, was saying goodbye to her. This moment is described as a powerful and emotional experience that has shaped her life and her understanding of loss.  

The memoir has been",multi_news,Summary:,7a9199c5521da5c99e3de3cb0d86abbcff0f1489e6b3f731
en,532,0.5,"Now, write a one-page summary of all the news.

",multi_news,1457,"['Two men have been charged with human trafficking after police arrested them for running a prostitution ring out of a senior living facility in Pittsfield, Mass. Police say Joseph Van Wert, 65, and Randy Lambach, 45, will face a hearing later this month, the New York Daily News reports. Lambach would allegedly seek out women with drug addictions and post their pictures online, then arrange meetings with clients. Some of these meetings took place in Van Wert\'s apartment in a senior facility. Van Wert offered his apartment in return for cash or drugs. The Berkshire Eagle reports that the police investigation began last spring in response to citizen complaints about increased prostitution across the city. Lambach would allegedly keep up to 90% of the money the women made, sometimes refusing them cash altogether and paying them in heroin or crack cocaine instead. At least one woman said Lambach drove her to an ""appointment"" across state lines. Police estimated one of the victims was 15 years old. They were also told that some of the women were Lambach\'s former foster children. Both men have pleaded not guilty, Lambach to four counts of human trafficking and Van Wert to conspiracy to commit human trafficking, deriving support from prostitution, maintaining a house of prostitution, and sexual conduct for a fee.']",,"  
In November 2017, two men, Joseph E. Van Wert, 65, and Randy W. Lambach, 45, were arrested in Pittsfield, Massachusetts, for allegedly running a citywide prostitution ring involving multiple women. The investigation began in the spring of 2017 after police received complaints about an increase in prostitution activity in the city. The majority of the activity was centered around areas such as First, Adam, North, Linden, and Wahconah streets.  

Lambach, who was referred to as ""Randy"" in police reports, was identified as the central figure in the operation. He allegedly targeted women with severe drug addictions, recruited them, and used them for sexual exploitation. He would photograph the women and post their advertisements online, including on backpage.com, to attract clients.  

Lambach would then arrange for the women to meet with clients, often through the use of a blue station wagon. He would drive the women to appointments, sometimes waiting outside or watching from a closet or doorway. He would collect the money and keep a significant portion, either in cash or in the form of drugs such as heroin or crack cocaine.  

The women were allegedly threatened with violence and told that if they stopped working for Lambach, he would turn them in to the authorities. Some of the women were reportedly as young as 15, and in some cases, they were former foster children of Lambach.  

Van Wert, who lived in a senior living facility, was allegedly involved in the operation by allowing the women to use his apartment for prostitution activities. He would receive payment from Lambach in the form of cash or drugs.  

The investigation was conducted by the Pittsfield Police Department, along with the state police and the District Attorney's Office. The case was also supported by the anti-crime and drug units of the police department.  

Lambach and Van Wert were arrested in November 2017 and were held on charges of human trafficking. They were scheduled for a dangerousness hearing on November 29 to determine if bail should be set and in what amount.  

Lambach pleaded not guilty to four counts of human trafficking, while Van Wert pleaded not guilty to multiple charges, including conspiracy to commit human trafficking, deriving support from prostitution, maintaining a house of prostitution, and sexual conduct for a fee.  

The investigation is ongoing, and police are continuing to gather evidence. Additional charges may be filed against the men.  

The case has drawn significant public attention, and it has raised concerns about the exploitation of vulnerable individuals, particularly women",multi_news,Summary:,eaa81a89e0cd98188339f02482df2c273f0bc1257f1c4a66
en,532,0.5,"Now, write a one-page summary of all the news.

",multi_news,1428,"['You think Stonehenge is impressive? Archaeologists in Britain are excavating a monument ten times larger than the iconic structure, though it appears to the naked eye to be little more than farmland. A henge is a circular earthwork, and the one in question is Marden Henge, which sits a few miles north of Stonehenge in Wiltshire. National Geographic reports that roughly 4,500 years ago it featured 10-foot-tall earthen berms that encompassed some 40 acres. The Guardian writes that the henge was ""far larger than the Avebury or Stonehenge circles, and too large for any imaginable practical use."" But over the ages Marden Henge\'s berms have ""slumped"" and farmers have worked the land, and archaeologists have gravitated to the more breathtaking Stonehenge. Until now. Jim Leary of the University of Reading has just kicked off a three-year study of the site; his excavations (he worked at the site in 2010, too) are the only ones to have occurred there in nearly 50 years. He hopes the berms will help explain the ""insane, utterly unsustainable"" construction boom that led to Marden Henge and four other nearby Neolithic monuments, including Stonehenge. ""Not nearly enough attention has been paid to the archaeology of the fertile valley in between these places,"" says Leary. So far he\'s found the remains of a 4,000-year-old teen wearing an amber necklace just outside Marden Henge, per the BBC; fancy arrowheads; and a stone building within the henge containing the bones of at least 13 pigs, suggesting a huge feast was held there. ""For all the attention that has been lavished on Stonehenge over the years, we may well find out that Marden was where it was really at during the Neolithic,"" he says. (There\'s a giant ""super henge"" under Stonehenge.)']",,"  
This summer, archaeologists in Wiltshire have made several significant discoveries that shed new light on the Neolithic and Bronze Age periods in the UK. The most notable find is a 4,300-year-old house, believed to be one of the best-preserved from the period in the UK, located near Marden Henge. The house, which was built on a terrace overlooking a mound, was discovered in the heart of the Marden Henge complex, a massive ditch and bank enclosure that has largely been buried by farmland. The structure, which was neatly levelled and constructed with white chalk imported from miles away, suggests a high level of social organization and craftsmanship.  

Inside the house, archaeologists uncovered a wealth of artifacts, including flint tools, decorated pottery, and even a Roman brooch. The presence of flint arrowheads and blades, along with the residue of food in some pottery, indicates that the site was used for hunting and cooking. The discovery of a vole jawbone and the analysis of seeds and charred grains will help researchers understand the diet and agricultural practices of the people who lived there.  

The house was not a permanent residence, but rather a place associated with large gatherings, likely for feasting. Evidence of a charcoal firepit and the presence of pig bones, which could have fed hundreds of people, supports this theory. The site was eventually covered with earth and left undisturbed, suggesting that it was deliberately abandoned.  

Marden Henge itself is a massive structure, with a perimeter of 15 hectares, making it larger than both Stonehenge and Avebury. The site features a series of ditches and banks, with some parts of the original structure still visible today. Dr. Jim Leary, a leading archaeologist from Reading University, believes that Marden Henge was a center of power and prestige, used to display wealth and the ability to mobilize large groups of people.  

The site is also connected to the River Avon, which runs along one side of the henge. This proximity to water would have been crucial for transportation and trade. The presence of a Roman complex, including the remains of a barn, suggests that the area was occupied for a long time, possibly into the Roman period.  

In addition to the Marden Henge discoveries, archaeologists have also uncovered a 4,000-year-old Bronze Age skeleton in Wiltshire. The skeleton, believed to be that of a child, was found in a fetal position and was wearing an amber necklace. The discovery has raised many questions about the individual's age, gender",multi_news,Summary:,11612bf9150914c57c3107b73b864d6311c010bcfdc458f0
en,532,0.5,"Now, write a one-page summary of all the news.

",multi_news,791,"['As everyone wonders whether Conan O’Brien will stay at NBC or move to Fox, the Tonight Show host offered up a few more novel ideas yesterday: Perhaps he’ll “pretend to put my son in a giant foil balloon, then sit back and watch the offers come pouring in!” Watch him deliver the rest of his options on the video above—then check out Jay Leno, who also addressed the drama last night on his show. “NBC says the show performed exactly as they expected it would, and then they canceled it,” Leno said. “Now don’t confuse that with when we were on at late night and we performed better than expected and then they canceled us. That was totally different!” Meanwhile, the Los Angeles Times takes a closer look at Fox’s early talks with Conan—who “would be a very compatible fit for our brand,” says the president of Fox Entertainment.']",,"  

The news passages provided focus on financial services, particularly on short-term loans and emergency cash assistance. The first passage discusses the challenges people face when applying for loans, especially those who need money quickly in times of financial distress. It emphasizes the importance of understanding the costs associated with such loans, including interest and fees, and warns against predatory lending practices. The passage also highlights the benefits of certain types of loans, such as payday loans and instant cash loans, which can be used for various purposes like medical expenses, utility bills, and debt repayment.  

The passage explains that while these loans can provide immediate financial relief, they often come with high interest rates and additional fees. It advises borrowers to consider the long-term consequences of taking out such loans, especially if they are unable to repay them on time. The passage also mentions that some lenders offer loans without requiring a credit check, which can be beneficial for individuals with poor credit histories.  

The passage further discusses the process of applying for these loans, noting that many lenders now offer online applications that can be completed quickly. It also mentions that some lenders may require certain qualifications, such as being a permanent resident of a specific country, having a stable income, and maintaining a certain level of savings.  

The second passage shifts focus to a different topic, mentioning a person named Jay who has a passion for cars. It invites readers to share their favorite cars and to provide their opinions on the subject.  

Overall, the news passages cover a range of topics, from financial services to personal interests. The first passage provides valuable information for individuals who are in need of financial assistance, while the second passage offers a more lighthearted and engaging topic for readers. Both passages aim to inform and engage the audience, providing useful information and encouraging reader interaction.  

In conclusion, the news passages offer a mix of practical financial advice and engaging content that can be of interest to a wide audience. The first passage is particularly useful for individuals who are in need of financial assistance, while the second passage serves as a more casual and entertaining piece of content. Together, they provide a comprehensive overview of the topics at hand, offering both informative and engaging content for readers.",multi_news,Summary:,d74bcb4b88344c46da1ff0c29dec67d014083c13f3848a87
en,532,0.5,"Now, write a one-page summary of all the news.

",multi_news,3225,"['Oil giant BP lost $5.2 billion last year, but the company somehow saw fit to propose maximum bonuses for 2015 for its top executives, including a 20% pay increase for CEO Bob Dudley—a proposal that 59% of shareholders roundly rejected by proxy vote at Thursday\'s annual meeting, MarketWatch reports. The company had indicated earlier in the day that it may also have to reduce its dividend, the Wall Street Journal reports. Dudley is set to receive the full bonus he was eligible for, which comes to $4.2 million (including $1.4 million in cash and a portion in deferred BP shares), per an earlier MarketWatch report. This amount was bumped up from the $3 million ($1 million in cash) he received in 2014. BP\'s CFO was also on the list to rake in his full bonus. ""We think it sends the wrong message,"" a rep for shareholder Royal London Asset Management tells the BBC. ""It shows that the board is out of touch."" Not only did BP suffer straight-up monetary losses as the price of oil fell, it also announced it will be getting rid of about 7,000 jobs and taking other belt-tightening measures. And the Financial Times notes that other energy company execs saw their pay slashed in 2015. But a BP spokesman says ""executives performed strongly in a difficult environment in 2015, managing the things they could control and for which they were accountable."" Andy Critchlow, writing for the Reuters Breakingviews blog, agrees. ""Dudley has to work harder than his predecessors,"" he writes, noting the CEO has helped the company recover from the 2010 Deepwater Horizon disaster and improved safety protocol. ""The mild-mannered American has had possibly the toughest job in the oil industry. His rewards look in line with that task."" Carl-Henric Svanberg, chairman of BP\'s board, says the nonbinding shareholder vote won\'t alter the payouts they\'ve already decided on, but that the board will take investors\' concerns into account when coming up with next year\'s compensation packages.']",,"  
BP, the global oil and gas company, has faced significant shareholder backlash over the 20% pay increase awarded to its CEO, Bob Dudley, in 2015. Despite the company recording a $5.2 billion loss that year and cutting thousands of jobs due to falling oil prices, Dudley’s total compensation package rose to $19.6 million. This decision has sparked controversy, with some shareholders and analysts questioning the fairness of the pay increase given the company’s financial struggles.  

The pay increase was to be decided by a non-binding shareholder vote, which ultimately saw 59% of investors vote against Dudley’s compensation package. This marked a rare and significant rejection of executive pay in the UK, highlighting growing shareholder activism and a shift in corporate governance. The vote was part of BP’s annual general meeting (AGM) in London, where shareholders also discussed other corporate matters.  

Critics, including shareholder advisory groups like Glass Lewis and institutional investors, argued that Dudley’s pay was out of line with company performance and that it did not reflect the challenges faced by BP in a low oil price environment. They pointed out that other energy company CEOs, such as those at Shell, had seen their pay reduced in 2015. Additionally, the pay package for Dudley included a significant portion of his compensation in the form of deferred shares and pension, which some viewed as excessive.  

BP’s management defended the pay increase, stating that Dudley had successfully managed the company through a difficult period, including the aftermath of the 2010 Deepwater Horizon oil spill. They highlighted his efforts in improving safety, reducing oil spills, and enhancing shareholder returns. Dudley had also been instrumental in rebuilding BP’s balance sheet after the environmental disaster.  

Despite the shareholder vote against the pay package, BP’s board maintained that the compensation was justified and aligned with the company’s performance. The chairman, Carl-Henric Svanberg, acknowledged the shareholder concerns and promised to review the pay structure in consultation with shareholders before the next pay cycle. He also emphasized the need for BP to adapt to the current economic climate and to remain competitive in the energy sector.  

The controversy over Dudley’s pay has also drawn attention to broader issues in corporate governance, particularly the growing influence of institutional investors in shaping executive compensation policies. The shareholder rebellion at BP’s AGM has been seen as a sign of increasing pressure on companies to align executive pay with company performance and to be more transparent in their compensation practices.  

In response to the shareholder backlash, BP has committed to reviewing its pay policies and to engaging with its largest shareholders to address their concerns. The",multi_news,Summary:,b52067a71a631691a2448c313aef0dcb0870b66526c87e77
en,532,0.5,"Now, write a one-page summary of all the news.

",multi_news,1088,"['The Peruvian cop who claimed to have busted a crime ring that killed dozens of people to harvest their fat has been suspended for lying. Felix Murga, the country\'s top organized crime investigator, said that a gang had killed 60 people to sell their fat at $15,000 a liter. Investigators now believe there was just one victim and his murder was linked to drug trafficking, the BBC reports. Murga appears to have revived an ancient Andean legend of killers who roam the mountains extracting fat from travelers, say authorities, who blame him for damaging the police force\'s reputation and scaring tourists away. ""This has been a ruse of bad taste,"" a local politician tells Reuters.']",,"  
The news highlights a major scandal involving Peru's police and a top investigator, Eusebio Felix (or Murga), who was suspended for making false claims about a gang of serial killers known as the ""Pishtacos."" The investigator claimed that the group had murdered up to 60 people and harvested their fat, which was then sold to Italian cosmetics companies for thousands of dollars per liter. This story was based on an ancient Andean legend about the Pishtacos, who are said to extract fat from travelers by hanging their torsos and heating them over candles.  

The police initially presented evidence to support the claim, including a bottle of what they said was human fat and a video showing body parts in a shallow grave. However, after weeks of investigation, the police admitted that the case was a fabrication. It was revealed that the story was based on a misunderstanding or a deliberate exaggeration, and that the actual number of victims was likely only one. The police in Huanuco, where the alleged crimes took place, claimed that the investigation was botched and that the four suspects were not connected to the Pishtacos legend.  

The police chief, General Miguel Hidalgo, admitted that the investigation had been a failure and that the story had damaged the reputation of the police force. He expressed embarrassment over the situation, which had also raised concerns about the credibility of the police and their ability to handle sensitive cases.  

The story also sparked criticism from various experts and officials. Anthropologists and medical professionals questioned the logic of the investigation, pointing out that the idea of harvesting fat for profit was not only impractical but also dangerous. They noted that human fat is not valuable and that it would be more efficient to collect it from plastic surgery clinics.  

Politicians and local officials criticized the police for using a myth to justify a crime, which they argued was a way to manipulate public fear and distract from real issues. Some politicians even accused the police of using the story to scare away tourists, which could have a negative impact on the economy.  

The case has also raised questions about the role of the police in investigating crimes and the importance of maintaining public trust. The incident has led to calls for greater transparency and accountability in the police force.  

Overall, the story has been widely criticized as a sensationalized and exaggerated account that was based on a myth rather than a real crime. The police have been forced to admit their mistakes and to take responsibility for the damage caused by their actions. The case has also sparked a broader discussion about the need for better training and more accurate reporting in the police force.  

In conclusion, the incident has",multi_news,Summary:,3b272a3cb912cb9130ace7be7a17757c1206b90893edf887
en,532,0.5,"Now, write a one-page summary of all the news.

",multi_news,2416,"['Hikers on the Pacific Crest Trail can expect to encounter harsh-but-beautiful landscapes, extreme fatigue, and—these days, at least—traffic. ""You can’t talk about the Pacific Crest Trail without mentioning the crowds,"" Pete Brook writes for Outside. He should know: Brook currently is trekking the 2,650-mile PCT, which runs from the Mexican border through California, Oregon, and Washington to the border with Canada. But don\'t take his word for it: The Pacific Crest Trail Association so far this year has issued more than 4,000 permits to people planning on tackling at least 500 miles of the trail. To put things in perspective: 300 people attempted to complete the entire PCT in 2006, according to the AP, with about 120 of those making it. In 2014, 1,000 people set off and about half completed the trail. More traffic means more stress on the land, more improperly disposed of poop, and more inexperienced hikers requiring rescue. So what\'s with the increase in traffic over the past few years? You can thank Cheryl Strayed and her enormously popular memoir-turned-major-motion-picture Wild. After the book came out in 2012, there was a small increase in interest in the trail, the PCTA\'s Jack Haskel told the AP in 2015. But after the movie, starring Reese Witherspoon, was released in 2014, interest in the PCT exploded. ""Millions are hearing about it now and are being inspired,"" Haskel said. Strayed, more or less unprepared for the journey, hiked 1,100 miles of the trail as a form of therapy as she grappled with personal demons. ""However for others that follow her strategy of deliberate ineptitude, things might not turn out so well,"" writes DontHikeLikeWild.org. ""Our advice to would-be hikers: Grow a spine first. Then get out there and hike the PCT."" (This female hiker is the ""biggest badass you\'ve never heard of."")']",,"  
The Pacific Crest Trail (PCT), a 2,650-mile route through California, Oregon, and Washington, has seen a significant increase in hikers, largely due to the popularity of Cheryl Strayed’s memoir *Wild* and its subsequent film adaptation. Strayed’s story of personal redemption through a grueling 1,100-mile hike along the PCT has inspired many to seek similar transformative experiences. However, this surge in interest has raised concerns about overcrowding, environmental impact, and the sustainability of the trail.  

The PCT, which has been used by hikers since the 1950s, has traditionally been a relatively quiet and challenging route. But with the rise in popularity, the trail is now experiencing unprecedented levels of traffic. In 2016, over 4,000 permits were issued, with many hikers attempting the full-length “thru-hike.” This has led to increased pressure on the trail’s fragile ecosystems, particularly in the desert regions, where the impact of human activity is more pronounced.  

Environmental and logistical challenges are also emerging. The PCT’s permit system, which limits the number of hikers to 50 per day, has been implemented to manage the growing numbers and reduce damage to the trail. However, the system is not without its issues. The PCT Association (PCTA) has reported that the number of hikers has increased dramatically, with some estimates suggesting that the trail is now more crowded than ever before.  

The influx of hikers has also raised concerns about the impact on local communities and the environment. Increased foot traffic has led to more waste, more water usage, and more strain on local resources. Additionally, the PCT is a popular destination for both experienced and novice hikers, and the trail’s popularity has led to a rise in the number of inexperienced hikers who may not be adequately prepared for the challenges of the trail.  

Despite these challenges, the PCT remains a symbol of personal growth and transformation. For many, the trail is not just a physical journey but a spiritual and emotional one. The PCT has become a place where people can reflect, heal, and find meaning. However, the trail’s increasing popularity has also raised questions about the long-term sustainability of the PCT and the need for better management and regulation.  

In response to these concerns, the PCTA has launched a campaign to promote responsible hiking and encourage hikers to follow the “leave no trace” principle. The campaign, which uses the hashtag #responsiblywild, aims to educate hikers about the importance",multi_news,Summary:,f8ac8ff14795766c86a489e1a4175f54fdb45baab5b808e3
en,532,0.5,"Now, write a one-page summary of all the news.

",multi_news,805,"['Noticed Pete Davidson\'s absence from SNL as of late? Well, there\'s a good reason behind it: The 23-year-old has been focusing on his sobriety. After telling High Times last fall that he couldn\'t function without the medical marijuana he\'s prescribed for Crohn\'s disease, Davidson now says, ""I quit drugs and am happy and sober for the first time in eight years"" in an Instagram post. Rapper Kid Cudi might have inspired that sobriety, per the New York Daily News. Last fall, Davidson told a radio station, ""I would have killed myself if I didn\'t have Kid Cudi,"" who\'d checked himself into rehab a few weeks earlier.']",,"  
Pete Davidson, a cast member of *Saturday Night Live* (SNL), has been in the news for his public discussions about his use of medical marijuana to manage his Crohn’s disease. In an interview with *High Times*, Davidson expressed his strong support for the medicinal use of cannabis, stating that the New York State medical marijuana program is inadequate and difficult to access. He criticized the current system for making it hard to obtain medical cannabis, arguing that it hinders his ability to perform on SNL. “I wouldn’t be able to perform on SNL if I couldn’t smoke weed!” he said, emphasizing the importance of cannabis in his daily life and work.  

Despite his advocacy for cannabis, Davidson has also made a significant personal announcement. In a heartfelt post, he shared that he has been sober for the first time in eight years. He explained that he has been struggling with substance use and that quitting drugs has been a difficult but rewarding journey. He credited his sobriety to his support system, including his girlfriend and friends, and expressed gratitude for the love and support he has received from his fans. He also encouraged others not to give up hope, emphasizing the importance of community and support.  

Davidson has been open about his use of medical marijuana for his Crohn’s disease, explaining that it helps him manage his symptoms and allows him to perform. He has spoken about how cannabis helps him eat and feel better, allowing him to continue his work in comedy. He has also mentioned that he uses cannabis to cope with the pain and discomfort of his condition. He has stated that without cannabis, he would not be able to perform on SNL or do anything else.  

In addition to his advocacy for cannabis, Davidson has also been vocal about his mental health and the importance of seeking help. He has credited his recovery to the support of his friends and family, as well as the music of Kid Cudi, whom he has called a “savior.” He has also acknowledged the importance of mental health and the need for support.  

Davidson is set to make his debut on SNL with the start of Season 42, which premieres on October 1st. He is also set to release his first hour-long stand-up special, titled *SMD*, which will air on Comedy Central on October 29th.  

Overall, the news surrounding Pete Davidson highlights his complex relationship with cannabis, his personal journey of recovery, and his ongoing advocacy for the medicinal use of cannabis. His story is one of resilience, growth, and the importance of seeking help and support.",multi_news,Summary:,676c95b1b4d773fc7ada84cef6392d0ce2fe2e29c50f4880
en,532,0.5,"Now, write a one-page summary of all the news.

",multi_news,5805,"['Bryan Singer has already been hit with two lawsuits alleging sexual abuse of minors—and the lawyer who filed both of them, plus other suits against Hollywood bigwigs, says more are coming. ""I’ve heard from victims about very recent claims of being sexually exploited in Hollywood,"" Jeff Herman said at a news conference yesterday, according to Variety. He said one coming lawsuit involves another Hollywood ""sex ring."" Herman also shared photos showing the second alleged victim (with his face redacted) and Singer at the London premiere of Singer\'s Superman Returns in 2006; John Doe, then 17, says Singer abused him after the premiere, the New York Daily News reports. As for the strenuous denials from all the Hollywood VIPs named in the various suits, Herman said, ""The pushback I’m getting reminds me of the early days of the clergy sex abuse scandal."" Meanwhile, in an interview with the Daily Beast, Herman says he himself has vague memories of being sexually abused as a child. He says he\'s worked on some 800 sex abuse cases in his career, notably involving the Catholic Church and the Boy Scouts.']",,"  
Jeff Herman, a high-profile Florida lawyer known for his work in sexual abuse cases, has recently filed multiple lawsuits against Hollywood figures, including Bryan Singer, the director of *X-Men: Days of Future Past*, and Gary Goddard, a Broadway producer. The lawsuits allege that Singer and Goddard sexually abused underage boys, with one case involving an anonymous British man who claims to have been assaulted by Singer and Goddard in 2006 during the premiere of *Superman Returns* in London. According to Herman, the plaintiff, referred to as John Doe No. 117, was allegedly drugged, pressured into sexual activity, and subjected to physical abuse by the two men.  

Herman has previously sued Singer and others for the alleged sexual assault of Michael Egan, a 15-year-old boy who claims he was drugged and forcibly sodomized in the late 1990s. The defendants, including Singer and Goddard, have denied the allegations, calling Herman a ""publicity-courting grandstander"" and accusing him of seeking to ""shake down"" the accused. They argue that Herman lacks substantial evidence and is using the lawsuits to gain public attention.  

Herman, who has represented over 800 sexual abuse victims, has built his legal career around advocating for victims of sexual abuse, particularly in cases involving the Catholic Church, the Boy Scouts of America, and Hollywood. He has created a specialized environment for young victims, including a ""kid interview room"" designed to be safe and empowering for children to share their experiences.  

Herman's personal history includes a childhood memory of being held by his arms and legs as a child, which he describes as a ""trigger"" for his current work. He also recalls that his older sister was sexually abused by their grandfather, a revelation that came to light only after years of silence.  

Herman's legal battles have not been without controversy. In 2009, he was suspended from practicing law in Florida for 18 months after being found to have acted ""dishonestly"" by investing in and controlling a company that competed with a client. The Florida Supreme Court ruled that Herman had violated the Florida Bar's conflict of interest rules.  

Despite these challenges, Herman has continued to pursue his mission of giving a voice to victims of sexual abuse. He has faced criticism from legal opponents, including Bryan Singer's lawyer, Marty Singer, who has accused Herman of ""reckless and irresponsible"" conduct. The Catholic Church in Miami has also criticized Herman for his public accusations and media appearances.  

Herman has defended",multi_news,Summary:,309b673245e2ff9762cede34389c26378423ba8e6aded612
en,532,0.5,"Now, write a one-page summary of all the news.

",multi_news,1296,"['The dad of the teenage lesbian shot dead in a Texas park called for justice yesterday. He immediately had a ""bad feeling"" when his 19-year-old daughter, Mollie, failed to show up for work, said Mario Olgin. “It was not like Mollie,"" he told KIII-TV. ""If she had some place to be she was going to be there.” Mollie and her 18-year-old girlfriend, Mary Kristene Chapa, had been shot in the head by an unknown assailant. Mollie died at the scene, but Chapa is making an ""amazing"" recovery, her brother told NBC Latino. Mollie has just finished her first semester of college and dreamed of becoming a psychiatrist. ""She was happy,"" Olgin recalled. Now, ""she\'s my guardian angel. I know she\'s looking down on us, in a better place."" He\'s confident police will find her killer. ""Justice will be served,"" he declared. Texas Rangers have joined Portland police in continuing to investigate the crime, but haven\'t yet discussed any progress. They haven\'t labeled the shootings a hate crime, but aren\'t ruling it out.']",,"  
On Saturday, 18-year-old Mary Kristene Chapa and her girlfriend, 19-year-old Mollie Judith Olgin, were shot in the head at Violet Andrews Park in Portland, Texas. The attack left Chapa in critical condition and Olgin in a fatal state. Chapa, who is a Mexican-American, is making an ""amazing"" recovery, according to her brother, Hilario Chapa. He described her progress as ""strong"" and noted that doctors are ""amazed"" by her recovery. Chapa, who is a member of the Air Force Reserve, has been communicating through sign language and is showing improvement, though she is still unable to use her left side.  

The incident has sparked a widespread investigation, with the Texas Rangers assisting the Portland Police Department. While the police have not yet determined the motive, they have stated that there is currently no evidence to suggest the attack was a hate crime. However, they have not ruled it out. The families of the victims have expressed their grief and have been seeking justice for the loss of their loved ones.  

Chapa's family, who are from Sinton, Texas, a predominantly Latino community, has been receiving support from across the country. The family has set up a donation page to help cover Chapa's medical expenses, as she is without insurance due to her father's unemployment. The family has also been receiving emotional support from the LGBTQ+ community and others who have been moved by the tragedy.  

Mollie Olgin's family, including her father, Mario Olgin, has been expressing their gratitude for the outpouring of support they have received. Olgin, who was a student planning to become a psychiatrist, was deeply loved by her family and friends. He has expressed his belief that justice will be served and that the killer will be brought to trial.  

The community has been coming together to support the families of the victims. A candlelight vigil is planned in memory of Olgin and in support of Chapa. The event is expected to draw a large crowd, with many people expressing their condolences and offering their support.  

The incident has also raised questions about the safety of the community and the need for greater awareness of the risks of violence. The families of the victims have expressed their hope that the incident will not happen again and that the perpetrator will be brought to justice.  

Overall, the tragedy has brought the community together in a time of grief and has highlighted the importance of support and solidarity in the face of adversity. The families of the victims have expressed their gratitude for the outpouring of support they have received and",multi_news,Summary:,9e0865c920d77e5a813ed7f10720ed9fa759768e28493f1f
en,532,0.5,"Now, write a one-page summary of all the news.

",multi_news,7411,"['Scientists are now saying there may have been ""a more colorful Jurassic World than we previously imagined,"" thanks to the recent discovery of a fossil in China\'s Hebei province. Reuters reports that a closer look at the ""exquisitely preserved,"" almost completely intact fossil of a crow-like dinosaur that lived about 161 million years ago revealed that Caihong juji had luminous, brilliantly hued feathers that closely resembled those of hummingbirds. The study in the journal Nature Communications documenting the find explains that ""Caihong"" means ""rainbow"" in Mandarin. Scientists think the colorful plumage, which appeared to have covered the bony-crested creature\'s head, neck, and chest areas, may have kept the dinosaur warm, as well as attracted potential mates; National Geographic compares it to peacock feathers. So how were researchers able to tell what color feathers the creature had from preserved bones? They used high-tech microscopes able to home in on 66 sites on the fossil, detecting tiny cell structures called melanosomes, which underlie pigmentation. Which colors they led to can be found by their shapes, and the melanosomes in Caihong were long and flat like pancakes—similar to those found in hummingbirds, which boast iridescent plumage. Although they can\'t pick out from the Pantone wheel Caihong\'s exact colors, researchers say the creature likely sported feathers with a ""rainbow glimmer."" Study co-author Xing Zu tells National Geographic that Caihong was a predator that spent its days gliding from tree to tree. And ""glide"" is the operative word, as this dinosaur likely didn\'t fly: Its feathers were located on its tail, not on its wings like birds, Discover notes. (A study postulated that nearly all dinosaurs had feathers.)']",,"  
A groundbreaking discovery in paleontology has revealed the existence of a newly identified dinosaur, *Caihong juji*, which lived approximately 161 million years ago during the Jurassic Period in northeastern China. This dinosaur, named for its iridescent feathers that resemble those of hummingbirds, is the first of its kind to display such vibrant, rainbow-like coloration in fossilized remains. The discovery was made in Hebei Province, where a nearly complete fossil was unearthed, preserving the dinosaur's feathers in remarkable detail.

*Caihong juji* was a small, bird-like theropod dinosaur, roughly the size of a chicken, with a distinctive crested head and a body covered in a mix of dark and iridescent feathers. The iridescent feathers, found primarily on the head, neck, and chest, were likely used for display purposes, possibly for attracting mates or for camouflage. The presence of asymmetrical feathers, a trait associated with flight in birds, suggests that *Caihong* may have had some aerial capabilities, though it is not certain whether it could fully fly.

The discovery was made possible by the exceptional preservation of the fossil, which included not only the bones but also the feathers. Scientists used advanced microscopic techniques, including scanning electron microscopy (SEM), to analyze the microscopic structures within the feathers. They identified melanosomes, which are the pigment-containing organelles responsible for coloration in feathers. The shape and arrangement of these melanosomes indicated that the feathers were iridescent, capable of producing a shimmering, rainbow-like effect under different lighting conditions.

The study, published in the journal *Nature Communications*, was led by a team of paleontologists, including evolutionary biologist Chad Eliason and paleontologist Xing Xu. The findings challenge previous assumptions about the coloration and behavior of dinosaurs, suggesting that some dinosaurs may have had more complex and colorful displays than previously thought. The discovery also provides new insights into the evolution of feathers and the transition from dinosaurs to birds.

*Caihong juji* is believed to have been a two-legged predator, with a Velociraptor-like skull and sharp teeth, and it likely hunted small mammals and lizards. Its body structure, including its long tail with asymmetrical feathers, suggests that it may have used its tail for balance or for flight. The presence of a large crest on its head, resembling a pair of bony eyebrows, may have played a role in social or sexual displays.

The discovery of *Caihong juji* has significant implications for our understanding of dinosaur evolution, particularly in the context of the",multi_news,Summary:,4b5569781c8b5ee5eb269a2146d94d32c9546088c727a6dd
en,532,0.5,"Now, write a one-page summary of all the news.

",multi_news,751,"['Most teens don\'t find music history in their dad\'s stuff, but Maggie Poukkula\'s dad is Seattle musician Tony Poukkula, who was a friend of Kurt Cobain. Her find? Photos of Nirvana\'s first concert, performed by then 20-year-old Cobain and his new band in March 1987 in Tony Poukkula\'s basement. ""My dad showed me them awhile back, but he never mentioned that\'s what was going on in the photos,"" Maggie Poukkula, 19, tells Rolling Stone. ""I found out because of all the articles. I didn\'t realize it was such a historical thing. I thought they were just cool pictures of my dad and Kurt jamming together."" She tweeted the photos last week, and the post quickly went viral. That first concert featured the early Nirvana lineup of Cobain, bassist Krist Novoselic, and drummer Aaron Burckhard playing original songs and Led Zeppelin covers. Similar early-days footage of Cobain and Co. featured in the recent documentary Montage of Heck has renewed interest in the grunge band. The Emmy-nominated project includes home movies, never-before-heard music, and intimate interviews with Cobain\'s family and friends, notes SPIN. After being critically acclaimed at festivals across the country, the film will return to theaters on Aug. 7, adds Rolling Stone. (Want a little more Cobain history? Here\'s the mix tape he made at 21.)']",,"  

Recent news has highlighted the discovery of rare photographs from Nirvana's first concert in March 1987, which took place in Raymond, Washington. The images, shared by Maggie Poukkula, the daughter of Tony Poukkula, a member of the Seattle band Laytem, were originally taken during a performance hosted by Poukkula's father at his home. The concert, which featured then-unknown Nirvana, included the band's early lineup of Kurt Cobain, Krist Novoselic, and Aaron Burckhard, with Poukkula herself playing guitar for at least two songs.  

The photos, which were previously unknown to the public, were discovered by Poukkula in her father's collection of biographies about Cobain and Nirvana. She shared the images on social media, where they gained attention for their historical significance. The photos, which include a caption from Poukkula, were later confirmed to be from the 1987 concert, where Nirvana performed covers of Led Zeppelin songs and early versions of their own original tracks.  

The discovery has sparked renewed interest in the early days of Nirvana and the band's development. The photos have also been linked to a broader trend of uncovering rare artifacts and memorabilia related to Cobain and the band. This trend has been further amplified by the release of the documentary *Montage of Heck*, directed by Brett Morgen, which provides an in-depth look at Cobain's life and work. The documentary, which was based on unprecedented access to Cobain's personal archives, has been widely praised for its depth and emotional impact.  

In addition to the discovery of the photographs, there has been a growing effort to preserve and archive web content to prevent the loss of important historical and cultural information. This initiative, known as the ""No More 404"" project, aims to combat the issue of broken links on the internet by archiving web pages and ensuring that links to archived content are maintained. The project is part of a larger effort by the Internet Archive to preserve digital content and ensure that it remains accessible for future generations.  

The combination of these events—rare artifact discoveries, the release of a critically acclaimed documentary, and the ongoing effort to preserve digital history—has contributed to a renewed interest in the legacy of Nirvana and the broader cultural impact of the band. These developments have not only provided new insights into the history of the band but have also highlighted the importance of preserving and documenting cultural and historical artifacts for future study and appreciation.",multi_news,Summary:,9ad3bb9f5aea6c704ffdf6d959a67966b0e67bdcde9ee4af
en,532,0.5,"Now, write a one-page summary of all the news.

",multi_news,1566,"['A hiker\'s fatal fall in March has been blamed on using a smartphone app map instead of an actual map. The BBC reports Jane Wilson and her husband Gary were hiking on Tryfan in Wales when it started to get dark and they decided to skip the summit. While attempting to descend the mountain, Gary was looking at an Ordnance Survey app while Jane went a short way ahead to make sure the path was safe, according to the Telegraph. The Manchester Evening News reports Gary heard his wife fall, got to safety, and called for help. Rescuers found the 53-year-old librarian\'s body at the bottom of a 30-foot cliff with a fractured skull. At a hearing Friday, Jane\'s was ruled an accidental death due, in part, to using an app instead of a map. ""Apart from potential difficulties caused by poor detail on an electronic map, batteries on mobile phones have a nasty habit of running out just when you need them most,"" the Telegraph quotes a spokesperson for Mountain Rescue England and Wales as saying. A detective says the app map ""would have been small and not as detailed"" and took the couple on a route that was not the safest. A director with Ordnance Survey says hikers should always use the app in conjunction with an actual map ""due to the nature of mobile devices when navigating the real world."" Authorities also say Jane wasn\'t wearing appropriate footwear for the hike. (Go inside the futile search for ""Inchworm"" on the trail.)']",,"  
A tragic incident occurred in Snowdonia, Wales, when Jane Wilson, a 53-year-old experienced mountain walker and academic engagement librarian, fell to her death while attempting to find a safe route down the west face of Tryfan with her husband, Gary Wilson. The couple had decided not to ascend to the summit of Tryfan as dusk approached, and instead opted to use a smartphone app to navigate their way down.  

Using only her husband’s phone, Jane and Gary attempted to find a safer route down the mountain. Jane, who was known for her physical fitness and outdoor activities, including running in major marathons, ventured ahead of her husband to look for a suitable path. She and her husband had been mountain walking and scrambling together for six years.  

According to the inquest, Jane fell approximately 20–30 feet down a vertical cliff and then tumbled about 150 meters down into an area called the Notch arrete. She suffered a fractured skull and other severe injuries, which were consistent with the fall. Her husband, Gary, who was using an Ordnance Survey app on his phone, noticed the fall and immediately called for help. He climbed to a safer ledge to avoid further danger and then raised the alarm.  

The Ogwen Valley Mountain Rescue Team was called to the scene and eventually located Jane’s body more than 150 meters below where she had fallen. Gary was rescued by the team and taken to safety.  

The inquest heard that the couple had decided to avoid the summit due to the approaching dusk. They had planned to descend via the west face, which is known for its steep inclines and loose rocks. The route they chose was not the most direct or safest, and they had attempted to follow a path that they believed was a footpath.  

The coroner, John Gittins, concluded that Jane’s death was accidental. The inquest also heard that the weather was dry, but the light boots Jane was wearing were not suitable for the rough terrain. The rescue team leader, Detective Constable Tim Bird, noted that the route they had taken was not the most straightforward and that the smartphone app they used provided less detail than a traditional map.  

Several experts and members of the rescue team, including Chris Lloyd and Andy Simpson, have spoken out about the dangers of relying solely on electronic navigation tools in mountainous areas. They have emphasized the importance of carrying physical maps and using traditional navigation methods.  

The inquest also heard that the route the couple had taken was not the most direct or safest, and that they had made a decision to change",multi_news,Summary:,fe6c148424a7b65c8e0600ac87fe46d72b7befcada96bb7e
en,532,0.5,"Now, write a one-page summary of all the news.

",multi_news,1454,"['Mitch Daniels has some advice for those who are writing Rick Perry\'s political eulogy: Hold your horses. ""It\'s way too early to know, or to issue, to pronounce last rites over one performance,"" Daniels said today. ""There\'s still many of these (debates), too many maybe. ... I\'d cut him some slack and give him a little time."" Politico notes that Daniels also had kind words for Democrat Sen. Mark Warner\'s work on the Gang of Six, saying, ""It\'s very encouraging, by the way, to hear a guy like Sen. Warner speak to it as clearly as he just did. I wish he were president."" More fun on your Sunday dial, as per Politico: Michael Bloomberg on President Obama\'s 2012 chances: ""He would be a credible, formidable candidate. You\'re going to have a real horse race no matter who the Republican nominee is."" Reince Priebus to Debbie Wasserman Schultz on 2012: ""It sounds like the new slogan is no longer \'hope and change.\' It\'s, \'Hey, it could\'ve been worse.\' Great bumper sticker Debbie, I hope it works for you."" David Plouffe on a White House shakeup: ""I don\'t expect that."" Obama is ""confident in his team, in the direction we\'ve laid out here."" Warner on Congress\' standoff over a short-term spending bill: ""It is embarrassing. The Senate is saying, \'Why should we build schools in Iraq on the credit card but expect that rebuilding schools in Joplin, Mo.,\'"" will be paid for. Warner blames ""a group, more centered in the House, in terms of some of these Tea Party Republicans, who say on every issue, \'We\'re going to make this a make-or-break.\'"" Lindsey Graham on Pakistan: ""We need to put Pakistan on notice. We\'re going to have to put all options on the table. including defending our troops. It\'s now a time of choosing, so I hope they choose wisely.""']",,"  
The news highlights a range of political developments and commentary from key figures in the U.S. presidential race and political landscape.  

New York Mayor Michael Bloomberg, an independent who has registered as both a Republican and a Democrat, praised President Barack Obama as a ""credible, formidable candidate"" for reelection. He also expressed support for Republican candidates Rick Perry and Mitt Romney, despite their challenges in the primary. Bloomberg criticized the Republican field for its ""anti-science"" positions but praised Perry for his support of the HPV vaccine and Romney for his successful healthcare plan in Massachusetts. He also endorsed New Jersey Governor Chris Christie, suggesting he should enter the GOP presidential race. Bloomberg, however, stated he would not endorse a candidate in the 2012 election.  

Indiana Governor Mitch Daniels, who once considered a presidential run, urged fellow Republicans to be patient with Rick Perry's debate performances, noting that it's too early to judge him. He also praised Sen. Mark Warner (D-Va.) for his bipartisan efforts in budget negotiations.  

Republican National Committee Chairman Reince Priebus mocked President Obama's 2008 campaign slogan ""Yes We Can,"" suggesting it would not resonate with voters in 2012. He also criticized Democratic National Committee Chair Debbie Wasserman Schultz for her campaign strategies, which he claimed had been proven ineffective after a GOP victory in a Democratic district.  

Sen. Mark Warner (D-Va.) criticized the potential for a government shutdown due to the inability of Congress to agree on a spending bill. He blamed the tea party faction of Republicans for the stalemate, calling their tactics ""make-or-break"" and disruptive. Sen. Lamar Alexander (R-Tenn.) accused Senate Majority Leader Harry Reid (D-Nev.) of creating a crisis over disaster aid.  

Sen. Lindsey Graham (R-S.C.) called for a comprehensive approach to dealing with Pakistan, which he claimed was aiding terrorist groups. He suggested that the U.S. should consider all options, including military action, in response to Pakistan's alleged support for terrorism.  

President Obama's senior adviser, David Plouffe, stated that there would be no major changes in the White House staff or Cabinet ahead of the 2012 election. He emphasized the administration's confidence in its current team and its plan to address economic issues. Plouffe also mentioned the possibility of reducing aid to Pakistan if the country fails to take action against the Haqqani terror network.  

Overall, the news reflects a mix of political commentary, criticism, and strategic considerations from various leaders and officials, highlighting the ongoing dynamics of the 2012 presidential",multi_news,Summary:,317596c2204663c37b6785e78ac7f631dfd73eee49358fbe
en,532,0.5,"Now, write a one-page summary of all the news.

",multi_news,885,"['A birthday party in California turned tragic after the guest of honor was run over and killed by his friend. Police say Jonathan Carlyle Merkley was celebrating his 34th birthday early Sunday at a hotel near San Diego when a woman decided to leave the party. Merkley wanted her to stay and reportedly walked toward her BMW and laid down in front of what the Orange County Register describes as a moving car. The woman didn’t stop, ran him over, and kept going. Police cite witnesses as saying both had been drinking, Fox 5 reports. Merkley, who suffered major chest trauma, died about 45 minutes later at a hospital. Police tracked the woman down and a car that ""may have been involved"" was impounded, cops tell the San Diego Union-Tribune. The woman was not arrested but police said on Tuesday that the investigation is continuing. ""There\'s a lot we still need to find out,"" says San Diego Police Sgt. Tim Underwood.']",,"  
On the night of his 34th birthday, Jonathan Carlyle Merkley, a 34-year-old man from Garden Grove, was celebrating at the Staybridge Suites hotel in San Diego's Sorrento Valley. Around 12:30 a.m., Merkley and his friends were at the hotel, where they had been drinking. According to police, Merkley was trying to prevent a female friend from leaving the hotel when she decided to drive away.  

The woman, who was also drinking, was driving a BMW. Merkley, who was trying to stop her from leaving, walked into the path of her car and lay down in front of it. The woman did not stop, and instead drove over Merkley, who was lying on the ground. The impact caused severe chest trauma, and Merkley died shortly after being hit.  

The woman, who was identified by police, was the driver of the BMW. However, she was not arrested at the time of the incident. Police have since confirmed that the woman was not arrested and that she has not been charged.  

The incident occurred just after midnight on Sunday. Witnesses reported that both Merkley and the woman had been drinking. According to police, the woman did not stop, and instead drove away from the scene.  

The woman was later located by police, who found her at a friend's house. She was interviewed, and a car that ""may have been involved"" in the crash was impounded.  

Police have not made any arrests in the case. The investigation is ongoing, and police are still looking for more information.  

The incident has sparked a lot of public attention, with many people expressing their outrage and concern over the tragedy. Some have called for the woman to be held accountable for her actions, while others have called for the police to do more to find the truth.  

The case has also raised questions about the legal and ethical responsibilities of drivers in such situations.  

Overall, the incident has been a tragic and shocking event, and it has left many people with questions about the circumstances and the consequences of the actions taken.  

The case is still under investigation, and police are continuing to gather more information.  

The incident has also sparked a lot of public discussion, with many people expressing their opinions and concerns about the situation.  

The case is still under investigation, and police are continuing to gather more information.  

The incident has also sparked a lot of public discussion, with many people expressing their opinions and concerns about the situation.  

The case is still under investigation, and police are continuing to gather",multi_news,Summary:,1f0ed1dcfa414cfcf54092ede4021392d314cf4617efb3ca
en,532,0.5,"Now, write a one-page summary of all the news.

",multi_news,4630,"['It turns out missing people are pretty easy to find when they appear every week in your living room. The San Francisco Chronicle reports a 22-year-old woman reported missing in November in California was found this week—because she\'s a current contestant on The Bachelor. The strange story started when Bekah Martinez\'s mom reported her missing to the Humboldt County Sheriff\'s Office on Nov. 18. According to BuzzFeed, Martinez\'s mom said her daughter had gone to the area to work on a marijuana farm and she hadn\'t heard from her in a week. The Sheriff\'s Office was unable to find Martinez or contact anyone who might know her, so Martinez was added to the California Department of Justice\'s list of missing people. That list was the basis for a story in the North Coast Journal about the high number of missing people in Humboldt County. The newspaper shared the story Thursday on Facebook and asked readers if they recognized any of the missing people. Amy O\'Brien did. ""I was like wait a minute, she looks so familiar,"" O\'Brien tells the Chronicle. ""I instantly thought of The Bachelor."" The Journal informed the sheriff\'s office, which contacted Martinez and removed her from the list. ""MOM. how many times do I have to tell you I don’t get cell service on The Bachelor??,"" Martinez tweeted after learning she was a missing person. The Bachelor started filming in September, and it\'s unclear if Martinez was still filming when she was reported missing. She tweets ""the scariest thing"" about being a missing person ""is that my efforts to conceal The Worst Drivers License Photo Of All Time have been thwarted""']",,"  
The news highlights the case of Rebekah (Bekah) Martinez, a 22-year-old woman from Fresno, California, who was reported missing in Humboldt County on November 18, 2017. Her mother reported her missing after she had gone to the area to work on a marijuana farm. The case gained attention when it was discovered that Martinez was a contestant on the reality TV show *The Bachelor*, which led to her removal from the California Department of Justice's missing persons list. The story was further amplified when the North Coast Journal published a feature on the ""Humboldt 35,"" a group of 35 individuals listed as missing in the county. A Facebook post by Amy Bonner O'Brien, who identified Martinez as a *Bachelor* contestant, helped bring the case to light.  

The Humboldt County Sheriff's Office confirmed that Martinez had been in contact with her mother via a friend, and after a phone call, the case was closed. However, the incident also raised questions about the accuracy and management of missing persons reports in the county. The case of Martinez became a symbol of the broader issue of missing persons in Humboldt, which has the highest per-capita rate of missing persons reports in California.  

The news also delves into the larger context of missing persons in Humboldt County, including the ""Humboldt 35"" and the challenges faced by law enforcement in tracking down missing individuals. The article explores the reasons behind the high number of missing persons reports, including the county's cannabis industry, which attracts people from all over the world, and the transient nature of the population. It also discusses the complexities of missing persons investigations, such as the difficulty in distinguishing between genuine missing persons and those who have simply gone off the grid.  

The article also highlights the case of Mitchell Hernandez, a 47-year-old man who was reported missing in 2017 and remains on the missing persons list. His case is considered a ""cold case,"" and it underscores the challenges of solving missing persons cases in the county. The article also touches on the case of the Stuart family, who disappeared in 1977, and the ongoing investigation into their disappearance.  

In addition to these cases, the article discusses the broader implications of missing persons in Humboldt County, including the role of law enforcement, the impact of the cannabis industry, and the challenges of managing missing persons reports. It also highlights the importance of public awareness and the need for better data management and reporting systems.  

The case of Bekah Martinez serves as a reminder of the importance of accurate",multi_news,Summary:,6c46adce88e2967d7f47b60afd409758f2fd778d1fdd6453
en,532,0.5,"Now, write a one-page summary of all the news.

",multi_news,1970,"['Myrna Arias didn\'t like the GPS app on her phone that constantly tracked her, so she uninstalled it. The problem: Arias\' iPhone was issued by her employer, which required her to run the app constantly, and after she removed it, the California woman was fired. Now she\'s suing her former employer, money transfer service Intermex, for invasion of privacy, unfair business practices, and retaliation, among other things, Ars Technica reports. Arias started researching the app, then called Xora—its website touts the app\'s ability to let employers ""instantly see where their employees are and where they have been""—and eventually she and some of her colleagues asked a trainer from the app company to clarify. Boss John Stubits then, per the suit, ""admitted that employees would be monitored while off duty and bragged that he knew how fast she was driving at specific moments."" Arias says she has no problem being monitored while at work, but she complained to Stubits about being tracked in her free time; he was unsympathetic and said she should have no problem because of how much she was being paid by Intermex. ""Her manager made it clear that he was using the program to continuously monitor her, during company as well as personal time,"" the complaint states, noting that he told Arias she needed to keep her phone on at all times in case a customer called. Arias\' attorney tells Courthouse News that there was no way to turn the app off, as it would constantly run in the background. ""She found it very offensive that they were treating her like a felon,"" the attorney says. Arias says her boss ""scolded"" her for uninstalling the program last year, and fired her soon after. (Elsewhere, a woman got fired over a text mistakenly sent to the boss.)']",,"  
A Central California woman, Myrna Arias, has filed a lawsuit against her former employer, Intermex, alleging that she was fired after refusing to install an app that continuously tracked her location, including during non-work hours. The app, developed by Xora (now part of ClickSoftware), was required for all employees and included a GPS feature that monitored their movements 24/7.  

Arias, a sales executive for Intermex, claims that her boss, John Stubits, informed her that the company would monitor her location even when she was off duty. She expressed concern about the invasion of her privacy and compared the app to a ""prisoner's ankle bracelet."" She also stated that the monitoring was illegal. Stubits allegedly responded by telling her to ""tolerate"" the illegal intrusion.  

Arias claims that she was not underperforming and that she met all her job requirements. However, she was fired shortly after she uninstalled the app. Her attorney, Gail Glick, argues that the app's GPS function continued to run in the background even when the app was closed, making it impossible for her to disable the tracking.  

The lawsuit, filed in Kern County Superior Court, alleges multiple violations, including invasion of privacy, retaliation, unfair business practices, and wrongful termination. It also claims that the company continued to monitor her location on weekends and during non-work hours.  

Arias is seeking damages in excess of $500,000. She is also requesting an injunction to prevent the company from continuing to monitor employees in this manner.  

The case has drawn significant attention, as it highlights the growing use of employee monitoring technology in the workplace. It also raises important legal questions about the boundaries of employer surveillance and employee privacy rights.  

In addition to the lawsuit, the case has sparked a broader discussion about the ethical implications of using such technology in the workplace. Many experts and legal professionals have weighed in on the issue, emphasizing the need for clear legal guidelines and protections for employees.  

The case is also notable for its potential impact on the broader labor market. If the court rules in favor of Arias, it could set a precedent for future cases involving employee monitoring and privacy violations.  

Overall, the case represents a significant development in the ongoing debate about the balance between employer oversight and employee privacy rights. It also underscores the importance of transparency and clear communication between employers and employees regarding the use of monitoring technology.  

The case is expected to be closely watched by legal professionals, human resources experts, and employees across various industries. It may also influence future legislation and regulations regarding employee monitoring and",multi_news,Summary:,88292edcdf81828250e22165aa865b7311de51849e7827d5
en,532,0.5,"Now, write a one-page summary of all the news.

",multi_news,955,"['A judge on Tuesday allowed a man charged in freeway shootings that rattled Phoenix last year to be released from jail amid questions about evidence authorities say links him to the crimes. The judge overseeing the case of Leslie Merritt Jr. reduced his bond to zero and said he can return to his home under electronic monitoring, the AP reports. He was expected to be released later in the day. The reduction of the bond—once $1 million—was a major victory as defense lawyers contend that ballistic tests cast doubt on the claim by authorities that Merritt was behind four of the freeway shootings. ""With all due respect your honor, there\'s no evidence against him to show he\'s responsible for this,"" defense lawyer Jason Lamm said. ""He is no more the I-10 shooter than, respectfully, you are."" Merritt lifted up his shackled arms in celebration as he walked from the courtroom. After the hearing, family members hugged and shook the hands of defense lawyers. Merritt has pleaded not guilty to drive-by shooting, aggravated assault, and other charges. The shootings caused panic on Phoenix-area freeways, where 11 vehicles were hit in August and September. Detectives took Merritt into custody on Sept. 18; in court the next day, Merritt adamantly denied shooting any cars, telling the judge, ""I\'m the wrong guy."" His lawyers immediately began raising questions about the evidence, citing ballistics information and phone records they say provided an alibi for their client. (Also Tuesday, a motorist suspected of shooting at other vehicles on an Alabama highway died after a shootout with officers.)']",,"  

This week, two significant news stories emerged from different parts of the United States, each involving law enforcement and criminal activity.  

The first story, from Phoenix, Arizona, centers on Leslie Allen Merritt Jr., a man who was arrested in September 2015 and charged with being involved in a series of freeway shootings that occurred in August and September of that year. The incidents, which took place on the I-10 freeway, caused widespread panic and led to the destruction of 11 vehicles. Authorities initially identified Merritt as the suspect, and he was arrested shortly after the shootings. However, the case has been controversial, with defense attorneys challenging the evidence against him.  

Merritt was initially held on a $1 million bond, but a judge recently reduced his bond to zero, allowing him to be released from jail under electronic monitoring. This decision came after a hearing where defense lawyers argued that the evidence against Merritt was weak, and that ballistic tests cast doubt on the claim that he was responsible for the shootings. The judge, Warren Granville, also imposed a gag order on the attorneys involved in the case, preventing them from discussing the evidence.  

Merritt’s defense team has been vocal in their criticism of the prosecution, arguing that the evidence is not sufficient to prove his guilt. They have also raised questions about the reliability of the evidence, including the ballistics and phone records that were used to link Merritt to the crimes.  

The second story, from Brooksville, Alabama, involves a fatal encounter between a suspect and law enforcement. A driver was suspected of firing a gun at motorists on a highway and then engaging in a shootout with police. The suspect was eventually killed during the pursuit. The incident occurred on U.S. Highway 278 in Blount County, Alabama.  

The suspect, whose identity was not disclosed, was involved in a high-speed chase with police after firing at motorists. The vehicle was eventually stopped, and the suspect was found to be in possession of a weapon. During the confrontation, the suspect fired at the officers, leading to a deadly shootout. The suspect was later pronounced dead at the scene.  

The incident has raised questions about the circumstances of the shooting and the response by law enforcement. However, no further details were released, as the authorities have not provided additional information about the suspect or the officers involved.  

Both stories highlight the ongoing challenges faced by law enforcement in dealing with violent crimes and the complexities of the legal system in handling such cases. The Phoenix case has sparked a debate about the reliability of the evidence and the fairness of the legal process, while the",multi_news,Summary:,405458acd6900ae99c9ab88f590a016896dc550abf4b6622
en,532,0.5,"Now, write a one-page summary of all the news.

",multi_news,1313,"['Bill Cosby was labeled a ""violent sexual predator"" by the judge who sentenced him to three to 10 years in prison on Tuesday, but his publicist had a different description: one of the ""greatest civil rights leaders"" in history and one of the ""greatest educators of men and boys."" Outside the courtroom in Norristown, Pa., publicist Andrew Wyatt claimed the 81-year-old Cosby had faced the ""most racist and sexist trial"" in American history, the New York Times reports. Wyatt claimed that three psychologists who testified against Cosby in the sexual assault trial were trying to ""make money off of accusing black men of being sexual predators."" He also read a statement from Camille Cosby, the disgraced entertainer\'s wife, alleging that an audio recording played in the trial had been doctored. Wyatt, who previously called Cosby\'s trial a ""public lynching,"" accused Judge Steven O\'Neill of being part of a ""sex war"" and linked the sentencing to the treatment of Supreme Court nominee Brett Kavanaugh. Vox reports that the strangest moment came when Wyatt likened his client to Jesus. ""They persecuted Jesus, and look what happened,"" he said. ""Not saying Mr. Cosby is Jesus, but we know what this country has done to black men for centuries."" Cosby, who left the Montgomery County Courthouse in handcuffs, spent his first night behind bars at SCI Phoenix, a state prison that opened two months ago in suburban Philadelphia, reports WPVI. (Cosby\'s mug shot was released Tuesday afternoon.)']",,"  
Bill Cosby, the iconic comedian and actor, was sentenced to three to 10 years in prison on September 25, 2018, for drugging and sexually assaulting Andrea Constand in 2004. The conviction was based on a 2005 civil trial, which was later overturned, but the criminal case was refiled and resulted in a conviction. Cosby, 81, was also declared a ""sexually violent predator"" under Pennsylvania law, requiring him to receive monthly counseling for the rest of his life.  

Following the sentencing, Cosby's defense team, led by publicist Andrew Wyatt, issued strong public statements criticizing the trial as ""the most racist and sexist trial in the history of the United States."" They accused the legal system of being influenced by the #MeToo movement and framed the case as part of a broader ""sex war"" against men, particularly those of color. Wyatt compared Cosby's case to that of Supreme Court nominee Brett Kavanaugh, who was facing allegations of sexual misconduct.  

Wyatt and other members of Cosby's legal team made several controversial and racially charged remarks, including a reference to the persecution of Jesus and a comparison to the historical persecution of black men. They also claimed that the audio evidence presented in the trial was falsified and that the psychologists who testified against Cosby were biased.  

In addition to these claims, Wyatt and others invoked the legacy of Emmett Till, a black teenager who was murdered in 1955 after being falsely accused of whistling at a white woman. This reference was seen as an attempt to draw a parallel between Cosby's case and the broader issue of racial injustice in the United States.  

After the sentencing, Cosby was taken to the Montgomery County Correctional Facility in Eagleville, Pennsylvania, where he was housed in a single cell at SCI Phoenix, a new 3,830-bed state prison. He was allowed to have phone calls, visitation, and exercise during the classification process. The Pennsylvania Department of Corrections stated that Cosby would be assessed for his needs and safety to determine the most appropriate facility for his sentence.  

The case has sparked significant public debate and controversy, with many criticizing the defense team's rhetoric as being racially insensitive and legally inappropriate. The trial and sentencing have also raised questions about the justice system's handling of sexual assault cases and the role of the #MeToo movement in shaping public opinion.  

Overall, the case has highlighted the complex and often contentious nature of sexual assault trials, the impact of public perception on high-profile cases, and the challenges of balancing legal justice with social justice",multi_news,Summary:,fccf27d8f48e0ad99942550cea832e514ab98d4b18732e01
en,532,0.5,"Now, write a one-page summary of all the news.

",multi_news,1038,"['A day after being accidentally introduced as ""President Clinton,"" Hillary seems to be taking pains to kill talk of a future run in New Zealand\'s media, reports Reuters. Asked whether she\'d ""ruled out"" running through 2016, she replied, ""Oh yes, yes. I\'m very pleased to be doing what I\'m doing as secretary of state."" Asked in another interview whether she could be the first female president, she answered, ""Well, not me. But it will be someone ..."" The significance? Probably not much, writes Laura Rozen in Politico, noting how one of Clinton\'s answers is tied to her being secretary of state—a post she likely won\'t hold in 2016. On another front, Clinton said the midterm losses were ""big—but not out of the pattern of historical political elections."" She added, ""I think the president made very clear was he made decisions which were essential for the well-being of the American people.""']",,"  
In late 2010, U.S. Secretary of State Hillary Clinton made a public appearance in New Zealand, where she was on a tour of the Asia-Pacific region. During a series of interviews with New Zealand media, including TV3 and TV New Zealand, Clinton addressed speculation about her potential candidacy for the U.S. presidency in 2012 or 2016. She explicitly ruled out running for president in either of those years, stating that she was content with her current role as Secretary of State and that she was ""very pleased"" to be serving in that capacity.  

When asked if she would run for president in 2016, Clinton responded, ""Oh yes, yes. I'm very pleased to be doing what I'm doing as secretary of state."" She also expressed hope that the United States would be ready for a female president, but she made it clear that it would not be her. She emphasized that while she personally would not run, she believed that the country should be prepared for a woman to hold the highest office.  

The timing of her comments was significant, as the U.S. midterm elections had just taken place, and the Democratic Party had suffered significant losses. The Republicans gained control of the House of Representatives, and they increased their majority in the Senate. These losses were seen as a reflection of public dissatisfaction with President Barack Obama and his administration. The Democratic Party was now looking toward the 2012 presidential election, and there was speculation about who might be the party's nominee.  

Clinton's comments were also made in the context of the broader political landscape. She was on a tour of the Asia-Pacific region, which included stops in New Zealand and Australia. Her visit to New Zealand was part of a larger diplomatic effort to strengthen U.S. ties with countries in the region. She was also in the midst of a campaign to promote the Trans-Pacific Partnership (TPP), a trade agreement that was being negotiated with several Pacific nations.  

In addition to her diplomatic efforts, Clinton was also addressing the political implications of the recent elections. She acknowledged that the Democratic Party's losses in the midterms were a significant setback, but she also emphasized that the party had a strong base of support and that the Democratic Party would continue to be a major force in American politics.  

In a separate interview, Clinton was asked about the possibility of a female president. She responded by saying that she hoped the United States would be ready for a female president, but she also emphasized that it would not be her. She expressed her belief that the country was moving toward a more inclusive and diverse",multi_news,Summary:,6387bd7048692c0d8352a7064b552c5406e6a386a2d2cbd2
en,532,0.5,"Now, write a one-page summary of all the news.

",multi_news,1133,"['Amy Schumer took the long way around to announce she\'s pregnant with husband Chris Fischer. The comedian and actress broke her baby news Monday on the Instagram stories of friend and journalist Jessica Yellin, the AP reports. Yellin, of the site NewsNotNoise.org, showed at the end of a list of Schumer\'s recommended congressional and gubernatorial candidates the line: ""I\'m pregnant-Amy Schumer."" Schumer had teased the announcement on her own Instagram page, captioning a photo of hers and Fischer\'s heads atop Prince Harry\'s and Meghan Markle\'s bodies, ""About to announce some exciting news on @jessicayellin insta page. Please follow her for up to the minute #newsnotnoise she breaks down what’s really going on. She agreed to post a lil noise today for me! Follow her and VOTE!!"" ""We are 15 days out from the midterms and there is a lot going on,"" Yellin explained before going into Schumer\'s ""lengthy"" list of recommendations, per Bustle. ""I wanted to share some news from our community. Maybe it\'s noise, but it\'s happy noise,"" Yellin continued. ""These are the recommendations of Amy Schumer, one of the most consistent and early supporters of #NewsNotNoise. Now, read all the way to the bottom. You\'ll see there\'s some news down there. Congratulations, Amy."" Schumer is known for her liberal politics: She was recently arrested protesting the confirmation of Judge Brett Kavanaugh to the US Supreme Court. The 37-year-old married Fischer, a chef, in February. (Here\'s why Schumer won\'t appear in any Super Bowl ads.)']",,"  
Amy Schumer, the popular comedian and actress, has been making headlines for her activism and personal life. In one news piece, she has chosen to step back from appearing in any Super Bowl LIII commercials. This decision comes after she publicly supported Colin Kaepernick's protest against racism and police brutality. Schumer has been vocal about her stance on social justice issues, including police violence and racial inequality. She has also been critical of the NFL and its stance on these issues. In a recent post on Instagram, she challenged white NFL players to take a knee during the national anthem, asking them to consider their complicity in the ongoing fight for racial justice. She explained her decision to not participate in any Super Bowl ads, stating that she had told her representatives that she would not be involved in any Super Bowl commercials this year. She also mentioned that she felt it was a personal sacrifice, but one that she was willing to make. She also noted that she had been approached by some advertisers to appear in a commercial, but she had declined the offer. She also mentioned that she had been supportive of Kaepernick's protest, and that she had been inspired by his actions. She also mentioned that she had been inspired by other activists who had taken a stand against injustice. She also mentioned that she had been inspired by other celebrities who had taken a stand against injustice. She also mentioned that she had been inspired by other celebrities who had taken a stand against injustice. She also mentioned that she had been inspired by other celebrities who had taken a stand against injustice. She also mentioned that she had been inspired by other celebrities who had taken a stand against injustice. She also mentioned that she had been inspired by other celebrities who had taken a stand against injustice. She also mentioned that she had been inspired by other celebrities who had taken a stand against injustice. She also mentioned that she had been inspired by other celebrities who had taken a stand against injustice. She also mentioned that she had been inspired by other celebrities who had taken a stand against injustice. She also mentioned that she had been inspired by other celebrities who had taken a stand against injustice. She also mentioned that she had been inspired by other celebrities who had taken a stand against injustice. She also mentioned that she had been inspired by other celebrities who had taken a stand against injustice. She also mentioned that she had been inspired by other celebrities who had taken a stand against injustice. She also mentioned that she had been inspired by other celebrities who had taken a stand against injustice. She also mentioned that she had been inspired by other celebrities who had taken a stand against injustice. She also mentioned that she had been inspired by other celebrities who had taken a stand",multi_news,Summary:,e8f1a46473d0ac4e79d38b9dc21352d31b8e6b104a4794a4
en,532,0.5,"Now, write a one-page summary of all the news.

",multi_news,1671,"['Chicken giant Tyson Foods says it will retrain all of its workers who deal with live birds after an animal rights group released hidden footage from within its facilities on Wednesday, USA Today reports. According to the Washington Post, the video from Compassion Over Killing shows workers choking, punching, and kicking chickens, plus running them over with forklifts and leaving them in piles to die. One worker in the video says it\'s ""inhumane"" to kill a chicken by stepping on its head while he kills a chicken by stepping on its head. Tyson calls the behavior ""inexcusable"" and says it fired 10 employees at the Virginia facilities shown in the video. Animal rights activists have infiltrated Tyson Foods to film such videos at least five times in a little over a year.']",,"  

In August 2016, the animal rights organization Compassion Over Killing released undercover footage from Tyson Foods' chicken processing facilities in Virginia. The video, obtained by an investigator working undercover, exposed severe mistreatment of chickens, including physical abuse, inhumane handling, and the use of brutal methods such as stomping, punching, and suffocating birds. The footage also showed workers using plastic rods to pierce chickens' beaks, a practice known as ""boning,"" and leaving injured birds to die in ""dead piles.""  

The video, which was recorded in May and June 2016, was taken at four Tyson facilities and revealed that some employees were engaging in violent and unethical behavior toward the animals. One worker was even seen standing on a chicken's head to suffocate it, while another warned an undercover investigator that he could be caught on camera. The worker expressed concern about being identified as an animal rights activist.  

In response to the allegations, Tyson Foods condemned the actions of the employees depicted in the video, calling them ""inexcusable."" The company stated that it had fired 10 workers who were involved in the abuse and had discontinued the ""boning"" process at two of the facilities. Tyson also announced that it had already stopped the practice at other locations.  

Tyson's vice president of sustainable food production, Christine Daugherty, expressed outrage at the video, calling the behavior ""disgusting"" and ""inhumane."" She emphasized that the company is committed to animal welfare and that it will not tolerate such treatment. Daugherty also stated that the company is taking steps to ensure that all employees are properly trained in animal handling.  

The video has sparked investigations by local animal control authorities in Virginia. Animal Control officials in Mecklenburg and Buckingham counties confirmed that they were investigating the allegations, while an official in Lunenburg County did not respond to requests for comment.  

Compassion Over Killing, which is based in Washington, D.C., has a history of conducting undercover investigations into animal cruelty in the agricultural industry. The organization has previously exposed similar abuses in the pork industry.  

The video has also raised questions about the ethics of animal farming and the treatment of animals in the food industry. Compassion Over Killing's video narrator urged viewers to consider the impact of their dietary choices and to support more humane treatment of animals.  

The incident has occurred in the context of growing public awareness about animal welfare and the ethical treatment of animals. It has also come at a time when some companies, such as Perdue, have begun to explore more humane methods of killing chickens,",multi_news,Summary:,06b3fb0b25173880e23af5143d315de2600756441e18d3e8
en,532,0.5,"Now, write a one-page summary of all the news.

",multi_news,1533,"['Donald Trump\'s lawyer has apparently decided that it\'s his turn to make the gaffes. In an interview with CNN Wednesday, notoriously combative Trump Organization attorney Michael Cohen interrupted host Brianna Keilar when she said that the campaign was ""down,"" Politico reports. ""Says who?"" he asked. ""Polls. Most of them. All of them?"" she replied. ""Says who?"" Cohen asked again. When she repeated it was polls, he responded, ""OK, which polls?” and Keilar said: “All of them."" USA Today reports that Twitter users were quick to mock Cohen and are now replying ""Says who?"" to all his tweets. Cohen, in what Law Newz calls ""typical lawyer fashion,"" also took issue with Trump\'s overhaul of campaign staff being called a ""shake-up,"" insisting it was actually a ""change-up."" Cohen also raised eyebrows when he told Kielar that Trump knows about ""the African-American problem in this country,"" the Independent reports. ""What I meant to say is the problem that exists in the African-American community,"" he later said. (Michael Moore says he ""knows for a fact"" that Trump never really wanted to be president.)']",,"  

The news highlights a tense and controversial exchange between Michael Cohen, Donald Trump’s lawyer and special counsel, and CNN anchor Brianna Keilar during an interview on August 17, 2016. The discussion centered around Trump’s campaign and its response to declining poll numbers in key states. Cohen, who was also serving as Trump’s special counsel, was asked about the recent hiring of new campaign officials, including Kellyanne Conway and Steve Bannon, and whether these changes indicated a “shake-up” in the campaign.  

Cohen, however, dismissed the idea of a shake-up and instead questioned the validity of the polls that suggested Trump was trailing in the race. When Keilar mentioned that Trump was down in the polls, Cohen responded with the now-famous phrase, “Says who?” This back-and-forth became a focal point of the interview, with Cohen repeatedly challenging the credibility of the polls and the media’s portrayal of Trump’s campaign.  

The interview took place in the context of a broader political landscape, where Trump was facing increasing pressure to improve his standing in the polls. His campaign had undergone a significant restructuring, with the addition of new figures such as Bannon and Conway, who were seen as key players in the effort to turn the campaign around. Despite these changes, the interview with Cohen did little to reassure Trump’s supporters or improve his public image.  

The incident also sparked a viral trend on social media, particularly on Twitter, where the phrase “Says who?” became a popular hashtag. The exchange between Cohen and Keilar was widely shared and discussed, with many users mocking the situation and others criticizing the media for its coverage of the campaign.  

In addition to the interview, the news included a brief mention of a separate issue involving Trump’s comments on the “African American problem” in the U.S. During the interview, Cohen was asked about Trump’s remarks on racial tensions, and he clarified that Trump was referring to the issue of racial inequality in the African American community.  

Overall, the news underscores the challenges faced by Trump’s campaign during this period, as well as the broader political and media landscape in which these events took place. The interview with Cohen, while controversial, highlighted the complex dynamics at play in the 2016 presidential election.",multi_news,Summary:,0be98f81f4be6b430895a33274ee163bda21ed649554d9ce
en,532,0.5,"Now, write a one-page summary of all the news.

",multi_news,707,"['See, this is why all those Twitter profiles are sure to note that retweets do not equal endorsements. CBS News reports the Pentagon\'s official Twitter account on Thursday retweeted a tweet calling for President Trump\'s resignation. ""GOP: Stop making sexual assault a partisan issue,"" tweeted ""Proud Resister"" while calling for Roy Moore, Sen. Al Franken, and Trump to all resign or step aside due to allegations of sexual misconduct. The tweet was retweeted—and then soon deleted—by the Department of Defense Twitter account. According to Politico, Pentagon spokesperson Col. Rob Manning confirmed the retweet was made by the ""authorized operator"" of the department\'s Twitter account. In her own tweet, Pentagon spokesperson Dana White said the call for Trump\'s resignation was ""erroneously retweeted"" and contained ""content that would not be endorsed by the Department of Defense.""']",,"  
On November 16, 2017, the Pentagon's official Twitter account, @DeptofDefense, mistakenly retweeted a controversial message from the account @proudresister. The original tweet called for the resignation of several high-profile individuals, including Alabama Senate candidate Roy Moore, Senator Al Franken, and President Donald Trump, due to allegations of sexual misconduct. The tweet also criticized the Republican Party for making sexual assault a partisan issue.  

The Pentagon's official Twitter account retweeted the message before quickly deleting it. Pentagon spokesman Col. Rob Manning and Pentagon press secretary Dana White both issued statements clarifying that the retweet was an error and that the Department of Defense does not endorse the content. They explained that an ""authorized operator"" of the Pentagon's social media account had mistakenly shared the content, which was then immediately removed.  

The @proudresister account is associated with a website that sells anti-Trump merchandise, including T-shirts. The account also links to a website that appears to be a political activist group. The Pentagon's official Twitter account does not include a standard disclaimer that retweets do not constitute endorsement, which has led to some criticism.  

The incident occurred in the context of growing public and political scrutiny of President Trump, particularly following the release of the Access Hollywood tape in which he made controversial remarks about women. At the time, 16 women had accused Trump of inappropriate behavior, and he had been involved in several high-profile controversies, including the allegations against Roy Moore and Al Franken.  

The retweet sparked immediate backlash and raised concerns about the potential for government accounts to inadvertently share controversial or politically charged content. The Pentagon's response was swift, with officials emphasizing that the retweet was an error and that the Department of Defense does not support or endorse the content.  

The incident also highlighted the importance of clear disclaimers and the need for government agencies to be cautious in their use of social media. The Pentagon's official Twitter account, which had previously been used to communicate with the public and share information, was now under scrutiny for its handling of the situation.  

The controversy was further amplified by the fact that the @proudresister account was linked to a website that sells anti-Trump merchandise, which raised questions about the potential for political bias or influence. The Pentagon's response was seen as a necessary step to correct the error and to maintain the integrity of its official communications.  

Overall, the incident served as a reminder of the importance of accountability, transparency, and the need for government agencies to be vigilant in their use of social media. The Pentagon's quick response and clarification helped to mitigate the potential",multi_news,Summary:,44916c0c85c6e879c4857c68d32509354e7fcfffe6447efa
en,532,0.5,"Now, write a one-page summary of all the news.

",multi_news,1299,"['Connor Cummins\' family describes him to WABC-TV as a photography devotee—and that enthusiasm may have cost him his life. The New Jersey man, said to be either 20 or 24 years old, and an 18-year-old pal ascended the scaffolding outside NYC\'s Four Seasons hotel Wednesday night in search of the perfect panoramic picture—but Cummins may have slipped on railings made slippery by the rain and fell nine stories to his death, cops tell NJ.com. An NYPD spokesman tells the New York Daily News that the initial investigation suggests the men weren\'t guests of the hotel. Cummins, who originally hails from Rockaway and whose Facebook page indicates he\'s now a student at the University of Massachusetts Amherst, per ABC, landed on one of the hotel\'s lower-level rooftops around 11:15pm and was pronounced dead at the scene, reports the New York Post. His friend wasn\'t injured and was questioned by authorities to fill in the blanks; he was released Thursday morning without being charged. ""He was a loving boy, that\'s all I can say,"" one of Cummins\' relatives tells the Post. ""I don\'t know what happened."" (There\'s more suspicion surrounding a Muslim teen\'s fatal fall off a Seattle building.)']",,"  
A tragic incident occurred on Wednesday when 20-year-old Connor Cummings, a resident of Rockaway, New Jersey, fell to his death while attempting to take photographs from the rooftop of the 52-story Four Seasons Hotel in Manhattan. Cummings and his 18-year-old friend, Dimitri Olivares, were reportedly climbing scaffolding on the hotel’s interior shaft on 57th Street when the accident took place.  

According to police and news reports, the two young men were attempting to capture panoramic views of the city skyline. The incident occurred around 11:15 p.m., and the scaffolding was reportedly wet due to recent rain. Cummings, who was attempting to access the rooftop, slipped and fell approximately nine stories, landing on a lower rooftop. He was pronounced dead at the scene.  

Olivares, who was with Cummings, managed to descend the scaffolding and seek help. He then returned to the hotel, where he informed hotel security of the incident. Police have since interviewed Olivares, but no charges have been filed against him.  

Cummings, a graduate of Morris Knolls High School, was attending the University of Massachusetts Amherst. He was described by his school as a bright and promising student. His family and friends expressed their grief, with his school principal and his fraternity brothers mourning his loss.  

Cummings was also known for his passion for photography, which he pursued both as a hobby and as part of his academic studies. His family and friends described him as a kind, caring, and dedicated individual.  

The hotel, which is located at 57th Street, has stated that it is cooperating with the police investigation. The hotel has also expressed its condolences to the family of the deceased.  

The incident has sparked a broader conversation about the dangers of climbing scaffolding and the importance of safety protocols in high-rise buildings. It has also raised questions about the accessibility of certain areas of the hotel and the potential risks associated with unauthorized access.  

The police have not yet released any official statements regarding the cause of the accident, but they have confirmed that the incident is under investigation.  

The family of the deceased has expressed their grief and has called for greater awareness of the dangers of such activities. They have also requested that the public respect the privacy of the family during this difficult time.  

The incident has also prompted a discussion about the importance of safety in the hospitality industry and the need for better safety measures in high-rise buildings.  

In conclusion, the tragic death of Connor Cummings serves as a reminder of the dangers of reckless behavior and the importance of safety in all aspects of",multi_news,Summary:,6ed6a5b5c77beb9660bff83ef79b79ff803e3382c7d5e2a3
en,532,0.5,"Now, write a one-page summary of all the news.

",multi_news,1638,"['Protesting truckers are planning a shutdown of their own—on Washington\'s beltway. Starting on Friday morning, they intend to fill the road ""three lanes deep"" with tractor-trailers, an organizer of ""Truckers Ride for the Constitution"" tells US News and World Report. In a demonstration against what they view as violations of the Constitution, planners like Earl Conlon are calling for ""the arrest of everyone in government who has violated their oath of office."" Their grievances include truckers\' wages, industry regulations, and NSA spying, the Hill reports. They\'re also accusing President Obama of treason for allegedly putting weapons in the hands of rebels with ties to al-Qaeda. Organizers have received some 3,000 RSVPs, says one. Moving at the 55mph speed limit, they\'ll leave a lane open for emergency vehicles; vehicles with ""T2SDA,"" or ""Truckers to Shut Down America,"" displayed will also be allowed to pass. ""Everybody that doesn\'t have a supporter sticker on their window, good luck: Nobody in, nobody out,"" says Conlon. A Facebook page for the event has more than 55,000 ""likes.""']",,"  
A group of truckers, calling themselves ""Truckers for the Constitution,"" is planning a protest in Washington, D.C., by backing up the Capital Beltway. The group, which includes the ""Independent Truckers of America,"" is frustrated with federal regulations, high fuel costs, and the political climate in the U.S. They are also upset with the Obama administration's policies and the government's alleged surveillance of citizens. The truckers are using the protest to draw attention to their grievances and to call for a return to constitutional principles.  

The group is inspired by the Tea Party movement and is using rhetoric that echoes the early days of the movement. They are accusing the government of overreach and are calling for a return to constitutional governance. The truckers are also upset with the high cost of living, including the cost of fuel and the high cost of living in general.  

The protest is being organized by a group of truckers who are planning to drive their trucks to Washington, D.C., and to park them in a way that would block traffic. The group is also planning to use the protest to draw attention to their cause and to make their voices heard. The truckers are also planning to use the protest to show their support for the Constitution and to demonstrate their commitment to the principles of the United States.  

The protest is being organized by a group of truckers who are planning to drive their trucks to Washington, D.C., and to park them in a way that would block traffic. The group is also planning to use the protest to draw attention to their cause and to make their voices heard. The truckers are also planning to use the protest to show their support for the Constitution and to demonstrate their commitment to the principles of the United States.  

The protest is being organized by a group of truckers who are planning to drive their trucks to Washington, D.C., and to park them in a way that would block traffic. The group is also planning to use the protest to draw attention to their cause and to make their voices heard. The truckers are also planning to use the protest to show their support for the Constitution and to demonstrate their commitment to the principles of the United States.  

The protest is being organized by a group of truckers who are planning to drive their trucks to Washington, D.C., and to park them in a way that would block traffic. The group is also planning to use the protest to draw attention to their cause and to make their voices heard. The truckers are also planning to use the protest to show their support for the Constitution and to demonstrate their commitment to the principles of the United States",multi_news,Summary:,46101830d9c9f6601eb5059912d3f5ef280380fe5fa8b7ed
en,532,0.5,"Now, write a one-page summary of all the news.

",multi_news,1240,"['Power: One day you have it, the next you don\'t. No one likely knows that better than the world\'s 50 ""least powerful"" people, described by 24/7 Wall St. as ""well-known individuals around the world who have recently experienced a precipitous loss in stature."" The top 10: Anthony Scaramucci: Where to begin? Try here, here, and here. Chris Christie: The former head of Donald Trump\'s transition team has the lowest approval rating of any governor in New Jersey\'s history. James Comey: The former FBI director lasted not even five months under Trump. Mark Fields: The Ford CEO was canned after shares fell almost 40% during his tenure. Tiger Woods: Blame his DUI arrest and 899th ranking in men\'s pro golf. Kendall Jenner: Remember that Pepsi commercial? Montgomery Moran: After a wave of issues at Chipotle, the co-CEO stepped down last year. Tomi Lahren: The conservative media personality was suspended from the Blaze after announcing she was pro-choice. Park Geun-hye: The former president of South Korea was impeached and jailed after a corruption scandal involving Samsung. Mitch McConnell: As Senate majority leader, McConnell failed to repeal and replace the Affordable Care Act. Click for the full list, which also includes Sean Spicer, R. Kelly, and Theresa May. (See last year\'s ranking here.)']",,"  
The provided news passages highlight the transient nature of power and fame in the public eye, emphasizing how even the most prominent individuals can experience a sudden and dramatic fall from grace. The first passage discusses the cultural glorification of fame, fortune, and power in America, where media and entertainment industries thrive on celebrity culture. However, it also notes that such power can be fleeting, as circumstances can change rapidly, leading to the loss of wealth, status, or influence. The passage introduces a list of 50 individuals who have recently experienced a significant decline in their public standing, drawn from various sectors such as politics, business, entertainment, and media.

The second passage provides detailed profiles of five individuals who have recently faced a downfall. Each of these individuals was once prominent in their respective fields but has since experienced a notable decline in status.  

Anthony Scaramucci, a former White House Communications Director, was fired after just two weeks in the position. His brief tenure was marked by controversy, including allegations of misconduct, conflicts with other officials, and personal issues such as a divorce.  

Chris Christie, the former Governor of New Jersey, faced a significant drop in public approval due to his controversial support for Donald Trump and the Bridgegate scandal, in which he was implicated in a political scheme that caused traffic disruptions. His reputation was further damaged by his perceived indifference to public concerns, such as the state's beach access during a government shutdown.  

James Comey, the former Director of the FBI, was a polarizing figure known for his role in the 2016 presidential election. His controversial actions, including his public criticism of Hillary Clinton and his decision to announce an FBI investigation into her shortly before the election, led to his abrupt dismissal by President Trump. The reasons for his firing were unclear, with conflicting justifications provided by the White House.  

Mark Fields, the former CEO of Ford Motor Company, was ousted in 2017 after a short tenure. His leadership was marked by a decline in stock prices and a failure to inspire confidence among investors. Despite the company's growth in revenue, Fields' strategic decisions, particularly his focus on competing with Tesla, and his inability to maintain shareholder confidence led to his dismissal.  

Tiger Woods, the legendary golfer, has experienced a significant decline in both his personal and professional life. His career was derailed by a series of personal scandals, including allegations of infidelity and a recent DUI incident. His recent legal troubles and health issues have led to a dramatic drop in his public image and ranking in the golf world.  

Overall, the news highlights the fragility of public success and the",multi_news,Summary:,29048d7f5f49ba0be1e0f6793ad344e06baacaf39e84575f
en,532,0.5,"Now, write a one-page summary of all the news.

",multi_news,3547,"['Washington is braced for the first government shutdown in 17 years, which will happen at midnight tonight unless lawmakers manage to break the deadlock over funding and hammer out a deal. Here\'s what to expect from a day of drama in DC: The House has passed legislation to delay ObamaCare for a year and repeal a tax on medical devices, so the measure will return to the Senate this afternoon, just hours before the shutdown is due to kick in. Harry Reid is expected to table the anti-ObamaCare amendments with a simple Democratic majority and quickly send it back to the House—but if any opportunity arises for Senate Republicans to use delaying tactics, expect Ted Cruz to lead the way, the Wall Street Journal predicts. There\'s a chance of a straight up-or-down vote in the House, but if it becomes clear that it will be impossible to break the deadlock by midnight—which appears to be the likeliest scenario—the partial shutdown could still be averted if lawmakers pass a short-term funding bill to buy another week or so of debating time. So who will blink first? Neither Reid nor John Boehner appears likely to give way. Reid is determined to play hardball and not give an inch on ObamaCare, Politico reports. Reid and his allies believe that giving any concessions now will only lead to bigger concessions to avoid a debt default next month—and they think the backlash from a government shutdown will hit the GOP hardest. Boehner, meanwhile, will face the wrath of his party\'s conservatives if he gives way too soon—but polls show the public will blame his House Republicans if there is a shutdown. If there is a shutdown, it won\'t be an abrupt halt to government, but more ""like a spending freeze that will gradually spread through the government like ice forming in water,"" Quartz explains. Federal employees, 800,000 of whom will be sent home without pay, will be the first affected, and the shutdown will also affect scientific research, trade negotiations, and the federal programs that guarantee home loans and provide capital to business. Air traffic controllers will still be at work, however, and agencies that deal with national security and law enforcement are exempt from the shutdown. A shutdown of a few days might not do too much damage, but experts warn that the national economy will take a serious hit if it is prolonged. In Washington, DC, however, even a brief shutdown will cost the district an estimated $200 million a day—and affect basic services like trash collection. ""This is serious,"" the director of George Mason University’s Center for Regional Analysis tells the Washington Post. ""The national economy may not notice a shutdown much unless it lasts three or four weeks. But for the Washington area, this is a tsunami.""']",," The U.S. government is on the brink of a shutdown due to a political stalemate over funding and the Affordable Care Act (ACA), also known as Obamacare). The House of Representatives, led by Speaker John Boehner, has passed a spending bill that would fund federal agencies through December 15 and includes provisions to delay the implementation of the ACA for one year and to repeal the medical device tax. These provisions are seen as a compromise between the House Republicans, who are pushing to roll back the ACA, and the Senate Democrats, who oppose any changes to the law. President Barack Obama has vowed to veto any bill that includes these provisions.

Senate Majority Leader Harry Reid has taken a firm stance against any changes to the ACA, and he has been working with Democratic senators to block the House's proposal. Reid and other Democrats believe that the House's plan is a political maneuver to undermine the ACA and that it would be a major concession to the Republican Party. Reid has also been pushing for a hardline Democratic strategy to force Republicans to compromise, and he has been working with President Obama to ensure that the ACA remains intact.

The potential shutdown has significant economic and social implications, particularly for the Washington, D.C. area, which is home to a large number of federal workers and contractors. A shutdown would result in the closure of many federal agencies, including the National Park Service, the National Zoo, and the Smithsonian museums. It would also lead to the furlough of hundreds of thousands of federal workers and the disruption of essential services such as Medicare, Social Security, and child-care programs.

Economists and local officials have warned that a shutdown would have a severe impact on the regional economy, particularly on the Washington, D.C. area, which is heavily dependent on federal spending. A study by a local economist estimated that a shutdown could cost the region up to $200 million per day and could lead to the loss of over 700,000 jobs. The shutdown could also have a significant impact on tourism, as many of the region's attractions are federally funded.

The potential shutdown has also raised concerns about the safety and well-being of the public, particularly for vulnerable populations who rely on federal services. The shutdown could lead to the closure of essential services such as food assistance programs, healthcare services, and public safety programs. It could also lead to the disruption of critical infrastructure, such as transportation systems and communication networks.

The political fallout from a shutdown could be significant, particularly for the Republican Party, which has been struggling with internal divisions over the ACA. A shutdown could lead to a loss of public support for the Republican Party and",multi_news,Summary:,fe95b01ef6da0d7227679dff2cea623ca72453fb84011590
en,532,0.5,"Now, write a one-page summary of all the news.

",multi_news,10147,"['NASA is going to the sun. More specifically, it\'s launching an unmanned probe next year that will travel closer to the star than any spacecraft has done previously. ""It\'s a spacecraft loaded with technological breakthroughs that will solve many of the largest mysteries about our star,"" says Nicola Fox of the Johns Hopkins University Applied Physics Laboratory. In less scientific terms, per the Telegraph: ""We will finally touch the sun."" The nuts and bolts: The mission: The 10-foot probe will launch in July or August of 2018 and eventually get to within 3.7 million miles of the sun, about seven times closer than any previous spacecraft. Eventually, it will be whizzing around the sun at a speed of 450,000 miles per hour, reports CNN. The mission ends in 2025. Corona: The probe will actually fly into the outermost part of the sun\'s atmosphere, called the corona, per a mission overview at NASA that touts ""humanity\'s first visit to a star."" The heat: The probe will rely on a 4.5-inch-thick carbon-composite solar shield to help it withstand temperatures up to 2,550 degrees Fahrenheit, reports Orlando\'s WKMG. Instruments will remain at room temperature. The name: The probe\'s name has been changed to the Parker Solar Probe to honor astrophysicist Eugene Parker, who\'s credited with discovering solar wind. Parker, who turns 90 in June, is a professor emeritus at the University of Chicago, and the Guardian recounts that the theory he put forward in 1958 about a stream of charged particles flowing from the sun was once thought to be ""crazy."" A first: This is the first time NASA has named a mission after a living scientist. ""I\'m certainly greatly honored,"" said the man himself, per Space.com. Two puzzles: Scientists hope to better understand two things in particular: ""How is the solar wind accelerated, and why is the ... corona so much hotter than the solar surface?"" (It\'s 3 million degrees Fahrenheit vs. 10,000 degrees Fahrenheit.) Why it matters: Generally, solar storms are relatively harmless when they reach Earth, but these particle bursts occasionally wreak havoc on satellites and here on Earth, and they have the potential to be devastating. ""The more we know about how these processes work, the better we can get at predicting when they will happen,"" writes Loren Grush at the Verge.']",," NASA has renamed its upcoming mission to study the Sun as the **Parker Solar Probe**, in honor of Eugene Parker, the American astrophysicist who first predicted the existence of solar wind in 1958. This mission marks the first time NASA has named a spacecraft after a living scientist. The Parker Solar Probe will be launched in 2018 and will travel closer to the Sun than any spacecraft before, reaching within 3.9 million miles (6.3 million kilometers) of the Sun’s surface—about 8 times closer than Mercury. The probe will fly by Venus multiple times to use its gravity to gradually reduce its orbit around the Sun, allowing it to get closer and closer.

The mission aims to study the Sun’s outer atmosphere, the corona, and the solar wind. Scientists are particularly interested in understanding why the corona is so much hotter than the Sun’s surface and how the solar wind is accelerated to speeds of up to 400 miles per second. The probe will also study how the solar wind affects space weather, which can disrupt satellite communications, power grids, and even airline routes.

The Parker Solar Probe is equipped with advanced technology to withstand the extreme heat and radiation near the Sun. It features a heat shield made of carbon-composite material, which will protect the spacecraft and its instruments from temperatures up to 2,500°F (1,370°C). The probe will also carry a chip with images of Parker and a copy of his original 1958 paper on solar wind, along with a plate with an inscription of his choice.

The mission is expected to cost around $1.5 billion and will last for seven years. The probe will make 24 close approaches to the Sun, with the closest being within 3.7 million miles. The mission will provide unprecedented data on the Sun’s behavior, helping scientists better understand the physics of stars and improve space weather forecasting.

The Parker Solar Probe is a significant milestone in space exploration, representing a bold step to study the Sun up close. It is also a tribute to the legacy of Eugene Parker, whose groundbreaking work in solar physics has had a lasting impact on our understanding of the Sun and its effects on Earth. The mission is expected to provide valuable insights into the Sun’s mysteries and help protect Earth from the dangers of space weather.",multi_news,Summary:,9be57ba61a999b76bd50af15e31946bb634beb32d7e8d31e
en,532,0.5,"Now, write a one-page summary of all the news.

",multi_news,1464,"['It looks like the hackers that hit Target had lots of other, well, targets. The Department of Homeland Security recently sent retailers and financial service companies a secret memo warning that the Target hit appeared to be part of a larger international campaign, the Wall Street Journal reports, an insight gleaned with the help of Dallas cybersecurity firm iSight Partners. Yesterday, iSight released its own report, saying that a virus it\'s calling KAPTOXA ""has potentially infected a large number of retail information systems""—and noting that the ""intrusion operators displayed innovation and a high degree of skill,"" particularly in terms of the ""operational sophistication"" of the hack. The Journal shares this feature by way of example: The virus focused on stealing data during the peak hours of 10am and 5pm; the data was housed in a Target server that the hackers later accessed. The virus attacks point-of-sale systems in a way that is ""new to eCrime,"" subverting traditional efforts to protect consumer data, the report warns, according to NBC. Parts of the code, which is impervious to all known antivirus software, have been online since last spring. It\'s partly in Russian, which US officials think may indicate a link to organized crime in the former Soviet Union. The finding follows reports of similar breaches at Neiman Marcus. That breach had gone unnoticed since July, the New York Times reports today; Neiman\'s system was only fully secured Sunday.']",,"  
The recent news highlights two major data breaches at prominent retail companies, Neiman Marcus and Target, both of which involved sophisticated cyberattacks that compromised customer information. These breaches have sparked significant public concern and regulatory scrutiny.  

The Neiman Marcus breach was discovered as early as July, with the attack not fully contained until late December. The company initially withheld information about the breach, citing the need to confirm evidence, and only disclosed the incident after being probed by a cybersecurity journalist, Brian Krebs. Neiman Marcus stated that while customer payment card data was compromised, sensitive personal information such as Social Security numbers and birth dates were not affected. The company apologized and offered free credit monitoring to affected customers. However, the delayed disclosure drew criticism, with some questioning whether the timing was influenced by the end of the holiday shopping season.  

In contrast, Target was more transparent in its response to the breach. The company disclosed the incident shortly after it was discovered, and it was widely publicized. Target’s breach, which occurred during the holiday season, involved the theft of credit and debit card data from approximately 40 million customers, along with encrypted PINs for debit cards and personal information for 70 million individuals. The breach led to a significant drop in sales and prompted a major public relations crisis.  

Both breaches are believed to be the work of criminal groups based in Eastern Europe, though the exact origins remain under investigation. The U.S. government and state attorneys general are investigating both incidents to determine if they are connected.  

A detailed report from a cybersecurity firm, iSight, has provided new insights into the Target breach. The report, obtained by NBC News, outlines the technical methods used by the hackers, including the use of malware that was embedded in the point-of-sale systems of Target’s stores. The malware was designed to steal credit card data by capturing unencrypted information during the authorization process. The report also highlights the global nature of the threat, noting that similar techniques have been used by cybercriminals in other regions, including Brazil.  

The report emphasizes the sophistication of the attack, noting that the hackers used advanced techniques to evade detection and cover their tracks. The malware was able to bypass standard security measures and was designed to remain undetected for an extended period. The report also suggests that the attack was part of a larger, coordinated effort by a group of cybercriminals operating internationally.  

Both companies have faced criticism for their handling of the breaches. Neiman Marcus has been accused of being slow to respond and of not being transparent with its customers. Target, on the other hand, has been praised for its prompt response and",multi_news,Summary:,56455fb505b8dc0c26292ce43f92b16decf2d920597ee47c
en,532,0.5,"Now, write a one-page summary of all the news.

",multi_news,3189,"['An escaped lion, a taunting crowd, and an ill-prepared first-response team came together in Kenya to cause what some are saying was the unnecessary, senseless death of the lion, the country\'s Star reports. Mohawk, a 13-year-old lion who was one of Nairobi National Park\'s most well-known creatures due to his trademark mane and rep as somewhat of a ""ladies\' lion,"" had escaped from an unfenced section of the park and ended up in the town of Isinya, where he was promptly surrounded by a jeering group of men, the Washington Post reports. Mohawk became upset by the noise and the growing crowd—Kenya Wildlife Service officials tell the AP about 400 had surrounded him—and lunged at a 27-year-old man, who was sent to the hospital with bruises and severe lacerations on his back. The wildlife service already had an animal management team on the scene, but those rangers had only rifles, not tranquilizers. After Mohawk pounced on the bystander, the rangers felt they couldn\'t wait for a second team on its way with tranqs—so they unleashed what the Star says was nine bullets, leaving the animal ""roaring and writhing in pain"" as he died. ""If the rangers had the right equipment, this lion would not have died,"" a local resident tells the paper. ""You can\'t keep a lion in the midst of people for so many hours without stressing it. We blame them for this heinous act."" The shooting has prompted plenty of backlash on social media, including a #JusticeForMohawk hashtag, but the wildlife service says it had no choice once the lion started attacking humans. ""This action was taken as a last resort after an escalation of the situation and a concern for public safety,"" the Kenya Wildlife Service says, per CNN. A bunch of lions have busted out of the park lately, driven by what conservationists say is the noise from development projects, including a highway being built through the park. (Same ending, different means for Cecil the lion.)']",,"  
In March 2016, a male lion named Mohawk, one of Kenya's most famous big cats, was shot dead by rangers from the Kenya Wildlife Service (KWS) after he strayed from Nairobi National Park. The lion had been injured in a territorial dispute and had escaped from the park, which is located on the outskirts of Nairobi. After being surrounded by a crowd of onlookers, Mohawk attacked a man on a motorcycle, causing serious injuries. The KWS rangers, who arrived on the scene, decided to shoot the lion after it became agitated by the noise and commotion of the crowd.  

The killing of Mohawk sparked widespread public outrage, with many people and media outlets condemning the decision to kill the lion rather than attempt to tranquilize and relocate him. Social media users expressed their anger and sadness, calling the act ""brutal"" and ""senseless."" Some residents and officials criticized the KWS for not using tranquilizers, which could have been used to safely capture the lion.  

The incident highlighted the ongoing challenges of balancing human safety with wildlife conservation. The KWS faced criticism for not having the necessary equipment or resources to safely handle the situation. Additionally, the death of Mohawk raised questions about the ethical treatment of wildlife and the need for better strategies to manage human-wildlife conflicts.  

The death of Mohawk was not an isolated incident. In the same month, another lion had attacked a pedestrian in Nairobi, and there had been a previous escape of a lion from the park. These incidents underscored the growing problem of human-wildlife conflict, particularly as Nairobi expands and encroaches on the park's boundaries.  

The situation also brought attention to the broader issue of habitat loss and the impact of human development on wildlife. Conservationists and wildlife officials pointed to the increasing pressure on Nairobi National Park due to urbanization and infrastructure projects. The park, which is home to endangered species such as black rhinos, lions, and leopards, is under threat from expanding cities and construction activities.  

In South Africa, a similar situation occurred with a lion named Sylvester, who had escaped from Karoo National Park. Wildlife officials in South Africa initially considered killing the lion but later reversed their decision after public outcry. The lion, which had previously escaped from the park, was being tracked, and officials were considering various options, including relocation or capture.  

The cases of the stray lions in Kenya and South Africa have sparked a global conversation about the ethical and practical challenges of managing wildlife. The incidents have raised questions about the use of force in wildlife management, the need",multi_news,Summary:,78473fa18bef2d731dde4141dffd5a7d69d71b5e2aaf66dc
en,532,0.5,"Now, write a one-page summary of all the news.

",multi_news,1170,"['A horrifying story out of Uganda, where a toddler was grabbed and eaten by a leopard Friday at the Mweya Safari Lodge in Queen Elizabeth National Park. The 2-year-old boy\'s mother is a game ranger at the park and was working, and the boy was with his nanny in the kitchen of the family\'s home in the park\'s staff quarters, near a doorway. ""He was seated with the maid when the leopard grabbed and ran with him,"" the boy\'s father tells the Kampala Post. But a spokesperson for the Uganda Wildlife Authority (UWA) says the boy followed the nanny outdoors: ""The maid was not aware the child followed her. She heard the kid scream for help, she intervened but it was too late the leopard had vanished with it in the bush."" The staff quarters are reportedly in a protected area that is popular with tourists, USA Today reports, but the family\'s home is said to be unfenced. A search team ultimately found some of the boy\'s bones, including his skull, and they were buried over the weekend. The boy\'s father says he expects compensation from the UWA and that the organization should do more to protect staff and their families. ""UWA gave us the coffin,"" he says. ""I have not talked to them about the incident but I would expect something reasonable to compensate me, although my son\'s life is gone."" Leopard attacks on humans are rare in Uganda. The UWA spokesperson says efforts are being made to locate the leopard and possibly relocate it. ""The hunt is on with the intention of capturing the leopard and removing it from the wild because once it has eaten human flesh, the temptations are high to eat another human being, it becomes dangerous,"" he says, per the Telegraph.']",,"  
A tragic incident occurred in Queen Elizabeth National Park, Uganda, when a two-and-a-half-year-old child was attacked and killed by a leopard at the Mweya Safari Lodge. The child, who was the son of Elisha Nabugyere, was reportedly playing with his nanny at the staff quarters of the lodge when he was suddenly taken by a leopard. The attack happened on Friday evening, around 7:30 pm, and the child was reportedly dragged into the bushes by the animal.  

The child's father, SSP Francis Manana Nabugyere, revealed that the child was seated with the maid when the leopard attacked. Efforts to rescue the child were unsuccessful, and the remains were later recovered, including the skull and some other bones. The child's mother, who is also a park ranger, was away at a neighbor's house at the time of the attack.  

The Uganda Wildlife Authority (UWA) has confirmed the incident and is currently working to track down the leopard responsible. UWA communications manager Bashir Hangi stated that the leopard is being investigated, and efforts are underway to locate and capture the animal. He also mentioned that the leopard may be relocated to a safer area, as it has now preyed on a human.  

The UWA has not yet confirmed whether the family will receive compensation, but the child's father, SSP Francis Manana Nabugyere, has expressed his expectation for some form of compensation. He also criticized the UWA for not providing adequate security for staff and their families.  

The incident has shocked the local community, as attacks by leopards on humans are rare in the region. The UWA has acknowledged the tragedy and is working to find the leopard. The child's remains were buried, and the family has been provided with a coffin by the UWA.  

This incident is the fourth in a series of unfortunate events for the UWA in recent weeks. Earlier in April, a pride of 11 lions died in the park, a French tourist died on park grounds, and another lion died at the end of April. These incidents have raised concerns about the safety of the park and the management of wildlife.  

The UWA has also faced criticism for its handling of the situation, with some calling for increased security measures to protect both staff and visitors. The incident has sparked a broader discussion about the need for better safety protocols and the importance of protecting both wildlife and human life in the park.  

Overall, the attack on the toddler has highlighted the dangers of living in a wildlife area and the need for greater awareness and caution. The UWA has",multi_news,Summary:,e938aa4da9ec12d68b474d25c4054b1cae4b847e686490f8
en,532,0.5,"Now, write a one-page summary of all the news.

",multi_news,1112,"['Expecting parents wondering which company offers the best maternity and paternity leave in the US need look no further. Netflix announced yesterday that it is upping the ante, offering new parents unlimited, fully-paid maternity and paternity leave for the first year after having or adopting a child. The streaming video company based in Los Gatos, Calif., also offers unlimited paid vacation, and it\'s all toward fostering ""a \'freedom and responsibility\' culture that gives our employees context about our business and the freedom to make their own decisions along with the accompanying responsibility,"" writes Tawni Cranz, chief talent officer. The new policy ""deserves high marks for extending leave to fathers,"" reports Fortune, ""as well as understanding that the entire first year after childbirth can be challenging."" It\'s a ""landmark perk,"" reports TechCrunch, noting that Yahoo doubled its maternity and paternity leave in 2013 (to 16 paid weeks for moms and eight paid weeks for dads) to compete with packages offered by Facebook and Google because ""the talent is growing up."" A decade ago big company perks included free lunch and ping pong tables, but now the major moves are about helping employees balance work and home life because ""experience shows people perform better at work when they’re not worrying about home,"" Cranz adds. Of course, employees will have to plan their leave with managers and coworkers in advance to make sure their absence isn\'t disruptive—behaving, you know, like adults. (See who beat Netflix to the punch.)']",,"  
Netflix has announced a new policy that allows employees to take unlimited maternity and paternity leave for the first year following the birth or adoption of a child. This policy, introduced by Netflix’s Chief Talent Officer, Tawni Cranz, is part of the company’s ongoing effort to foster a culture of “freedom and responsibility” that empowers employees with flexibility and autonomy. The new policy allows new parents to take as much time off as they need during the first year after a child’s birth or adoption, with the option to return to work part-time, full-time, or even take additional time off later in the year if needed.  

Under this policy, employees will continue to receive their full salary and benefits, and they will not have to worry about switching to state or disability pay. The company emphasizes that this policy is designed to support employees in balancing their personal and professional lives, allowing them to focus on their families without the stress of financial or work-related concerns. The policy also allows employees to return to work on their own terms, whether part-time or full-time, and to work with their managers to arrange coverage during their absence.  

This new policy is part of a broader trend in the tech industry, where companies are increasingly recognizing the importance of work-life balance and the need to attract and retain top talent. Netflix has long been known for its flexible and employee-centric approach, including its well-known unlimited time-off policy. The company has also previously introduced other employee benefits, such as its unlimited vacation policy, which allows employees to take time off without needing to request approval.  

The introduction of this new policy is seen as a significant step forward in the company’s efforts to attract and retain top talent. By offering this benefit, Netflix is not only showing its commitment to its employees but also demonstrating its understanding of the changing needs of the modern workforce. The company is also recognizing the importance of supporting employees during major life events, such as the birth of a child, and ensuring that they have the flexibility and support they need to manage their personal and professional lives.  

While the policy is seen as a positive development, some experts have raised concerns about the potential challenges of implementing an unlimited leave policy. They argue that such policies can be difficult to manage, especially in fast-paced environments where projects and deadlines are critical. However, many experts also believe that the benefits of such policies outweigh the potential challenges, particularly in terms of employee satisfaction and retention.  

Overall, the introduction of this new policy is seen as a significant milestone for Netflix, demonstrating the company’s commitment to its employees and its ongoing efforts to remain competitive in the rapidly evolving tech industry. By",multi_news,Summary:,8a254b08dcd8d491f6110fcc85d9728f2af7ef3db72b8153
en,532,0.5,"Now, write a one-page summary of all the news.

",multi_news,803,"['A Nazi drinking game played by students from the London School of Economics sparked a brawl and ended with a broken nose, reports the Guardian. The row occurred during a ski trip taken by 150 members of the school\'s athletic union to Val D\'Isere in France. The confrontation occurred after a Jewish student objected to the drinking game, according to the school\'s Jewish Society. The game involved playing cards arranged on a table in the shape of a swastika. Players were required to ""salute the führer,"" according to the student newspaper. ""Nazi glorification and anti-semitism have no place in our universities,"" said the head of the Jewish Society. A video of the drinking game was briefly posted on Facebook. The school is investigating. ""These are disturbing allegations relating to events which took place on a foreign trip organized by the students\' union,"" said a school statement, which added that officials are ""prepared to take disciplinary action. Students must abide by clear standards of behavior. We do not tolerate anti-semitism or any other form of racism.""']",,"  
The news highlights two distinct events, each with significant implications. The first involves the ongoing contribution of data by Alexa Internet to the Internet Archive, specifically the Wayback Machine. Since 1996, Alexa has been donating its web crawl data to the Internet Archive, allowing for the preservation of digital content. This data is added to the Wayback Machine after an embargo period, ensuring that the information is available for public access after a set time. This practice underscores the importance of digital archiving and the role of private companies in supporting public knowledge.

The second news story centers on a serious incident at the London School of Economics (LSE), where a Jewish student was assaulted during a skiing trip to Val d'Isère. The incident, which occurred during a university-organized event, involved a Nazi-themed drinking game that led to a physical altercation. The game, a variation of the Ring of Fire known as ""Ring of Fire"" with Nazi elements, included the use of a swastika-shaped card layout and the phrase ""salute the Führer."" The assault on a Jewish student resulted in the breaking of their nose, though the French police did not intervene due to the lack of severity.

The LSE and its students' union are investigating the incident, with the LSE and the students' union both committing to a thorough inquiry. The LSE has stated its commitment to upholding standards of behavior and has condemned any form of antisemitism or racism. The Jewish Society at the LSE has also expressed strong opposition to the incident, emphasizing the need for a safe and inclusive environment for all students.

The incident has sparked a broader conversation about the presence of antisemitic and racist ideologies in academic settings. The LSE has emphasized the importance of maintaining a respectful and inclusive campus environment, and has called for a clear stance against any form of hate speech or discriminatory behavior. The LSE has also acknowledged the need for continued vigilance in addressing such issues.

The incident has also raised questions about the role of student organizations in promoting a culture of respect and inclusivity. The students' union has acknowledged the need for greater awareness and education on the dangers of antisemitism and racism. The LSE has also emphasized the importance of fostering a sense of community and mutual respect among students.

The incident has also highlighted the need for greater awareness and education on the dangers of antisemitism and racism. The LSE has emphasized the importance of promoting a culture of respect and inclusivity, and has called for a commitment to upholding the values of the university. The LSE has also acknowledged the need for continued vigilance in addressing such issues",multi_news,Summary:,a4d1ff0e9c2cee86be614078adfd7d7d99edf5ef30a091de
en,532,0.5,"Now, write a one-page summary of all the news.

",multi_news,1819,"[""A Kansas City couple who went to check out a car they saw on Craigslist were shot and robbed Wednesday night, USA Today reports. They had wanted to purchase the vehicle for their 16-year-old son, who was with them but not injured. Police say the 53-year-old dad and his son had test-driven a 2007 Hyundai Sonata and were discussing payment when the seller said he had to call his wife and momentarily walked away, according to KCTV. That’s when two other men reportedly approached the family and demanded cash, then started shooting. As the dad tried to keep his wife and son out of the barrage of bullets, he was shot four times in the chest, stomach, and legs, while his 55-year-old wife took a bullet to her upper right arm, which was “shattered,” reports the TV station. The men took the wife's purse, which had $3,000 in cash for the car purchase, say police. Authorities believe the incident may be related to an earlier armed robbery that day in which a Kansas City man says he tried to sell his Xbox and gaming accessories to a man who saw his ad on Craigslist, reports the Kansas City Star. As the potential buyer was examining the wares, two other men reportedly arrived sporting a gun; the three men then lifted the Xbox and other items and ran into nearby woods, police say.""]",,"  
On Wednesday night, a violent robbery and shooting occurred in Kansas City, Missouri, involving a couple and their teenage son. The incident took place at an apartment complex in the 5500 block of East 84th Street, where the family had come to view a 2007 Hyundai Sonata listed on Craigslist. The couple, along with their 16-year-old son, had met with a man who identified himself as ""AJ"" to discuss purchasing the car. After test-driving the vehicle, the family was approached by two men who pulled out black handguns and demanded money.  

When the father stepped in front of his wife to protect her, the robbers opened fire. The 53-year-old father was shot four times, suffering wounds to his chest, stomach, and legs. His 55-year-old wife was struck by a bullet that shattered her upper-right arm. The son, who witnessed the attack, was not injured.  

Following the shooting, the suspects fled the scene in the Hyundai Sonata, which was later found abandoned. Police recovered the family’s purse, but the $3,000 in cash was missing. The father was taken to a hospital, where he underwent surgery. The mother was in critical condition, and the son was emotionally shaken.  

The incident is believed to be connected to another robbery that occurred earlier in the day. Police reported that a man had been robbed while meeting someone to sell an Xbox on Craigslist. Both crimes involved three individuals, with the suspects armed with black handguns.  

The police department is investigating both cases, and detectives are questioning four individuals who are considered persons of interest. The suspects are described as three black men in their late 20s or early 30s.  

A local company, Ferrellgas, has offered a $5,000 reward for information leading to the arrest of the suspects, bringing the total reward to $7,000. The public is urged to contact the TIPS Hotline at 816-474-8477 or reach out to the police department for any information.  

In the aftermath of the shooting, a neighbor named ""J"" and his girlfriend, Amber, who is a lifeguard, provided critical assistance. They helped to stabilize the injured couple while waiting for police to arrive. However, some bystanders reportedly did not assist.  

The police have issued a warning to the public about the dangers of meeting strangers for online transactions, especially when dealing with items purchased or sold on platforms like Craigslist. They advise people to meet in public places, avoid carrying",multi_news,Summary:,1d2336536bfc7b2330bd0415195b17da5eef58e6d2f7107f
en,532,0.5,"Now, write a one-page summary of all the news.

",multi_news,1392,"['Secretive data companies are tracking almost every American\'s every move online—and compiling and selling disturbingly targeted lists based on that spying, a new Senate Commerce Committee report concludes. That includes lists of rape victims, people suffering from ailments including HIV, AIDS, and dementia, and people with substance abuse problems, a privacy group said in a hearing yesterday, as per CNN. Mailing addresses for police officers and domestic violence shelters—the latter of which are usually protected by law—are also for sale, as are lists based on demographics and economics, including ""Ethnic Second-City Strugglers,"" and ""Rural and Barely Making It."" The World Privacy Forum urged Congress to act to ""remove unsafe, unfair, and overall just deplorable lists from circulation."" The Direct Marketing Association released a statement saying that while the lists are occasionally ""used to disparage certain groups,"" they represented a ""tiny minority"" of marketing products. Overall the committee looked at nine companies, some of which refused to explain how they got their data or who they sold it to, Gawker reports. One company admitted it had sold social security numbers and banking information to an alleged identity theft ring.']",,"  
The Senate Commerce Committee has released a report highlighting the alarming extent of data collection and sale by major data companies. The report, based on testimony and findings from a year-long investigation, reveals that these companies are compiling and selling highly personal consumer profiles, including sensitive information about individuals such as rape victims, people with HIV and AIDS, and those with mental health conditions. Some data brokers are even selling lists that include medical conditions, medications, and personal behaviors, which can be used by identity thieves or malicious actors.  

The report includes specific examples of data being sold, such as lists of addresses and names of individuals with conditions like cancer, diabetes, and depression, along with their medications. Other companies are selling lists that include credit scores, health conditions, and even lifestyle details like travel habits and alcohol consumption. The data is then categorized and sold to marketers, often without the knowledge or consent of the individuals involved.  

The report also highlights the lack of transparency and consumer protection in the data industry. Many companies, such as Acxiom, Experian, and Epsilon, have refused to disclose how they collect data or who they sell it to, citing confidentiality clauses. Some companies, like Equifax, have been more cooperative, but others have been resistant to oversight. The report notes that the data is being used to create detailed profiles of consumers, which are then sold to third parties for targeted advertising and other purposes.  

Privacy groups have raised concerns about the ethical implications of such data collection and sale. They argue that the current legal framework does not provide adequate protection for consumer privacy, and that there is a need for stronger regulations to prevent the misuse of personal information. The report also calls for greater transparency and accountability from data brokers, as well as the need for stronger consumer rights.  

The findings of the report have sparked a debate about the role of government in regulating the data industry. Some lawmakers and privacy advocates are calling for new legislation to protect consumer privacy, while others are urging for more transparency and oversight. The report has also drawn attention to the potential risks of such data collection, including the possibility of identity theft, financial fraud, and other harms.  

In response to the report, some data brokers have taken steps to improve their practices, such as offering opt-out options and increasing transparency. However, many consumers remain unaware of the extent of data collection and the potential risks involved. The report has also raised questions about the ethical responsibilities of data brokers and the need for greater accountability.  

Overall, the report underscores the urgent need for stronger consumer protections and greater transparency in the data industry. It highlights the importance of protecting individual privacy and the need for",multi_news,Summary:,a1a8c2073ee3adf93ab2fdfb6c5b9021787e2cf9ff80c7a3
en,532,0.5,"Now, write a one-page summary of all the news.

",multi_news,1196,"['Troops loyal to Moammar Gadhafi massacred some 150 detainees last week, according to volunteers who cleared charred bodies from the warehouse that had apparently served as the detainees’ prison. An escaped prisoner told his story to CNN: He and his brother were handcuffed and blindfolded for no apparent reason while out walking earlier this month. They were thrown into the warehouse with 60 others ages 17 to 70. The number inside quickly reached 175 as loyalists continued to imprison people. The detainees were given no food or water for days, said Muneer Own. Finally, the troops said they would set them free—but instead hurled a grenade at them and opened fire. About 25 people were able to escape, Own said; his brother apparently was not one of them. The mass of bodies was discovered when rebels eventually took over the area. Many remain unidentified, part of a growing number of prisoners whose whereabouts remain unknown, notes the Washington Post. Thousands—some of whom have been jailed for decades—could be in underground prisons or mass graves, rebels fear. Click through for one family’s story.']",,"  

The news passages highlight the human toll and ongoing crisis in Libya during the country's civil war, which began as a result of widespread protests against former leader Moammar Gaddafi. The conflict, which lasted several months, led to the disappearance of thousands of people, with many families still searching for their loved ones.  

One story focuses on the experience of a 25-year-old rebel fighter named Faraj, who was captured and held in a Gaddafi-controlled prison. He was eventually released after being held for several weeks, during which he endured brutal treatment, including beatings and poor living conditions. His release was part of a broader effort by rebel forces to free prisoners from Gaddafi's regime, which had been known for its harsh treatment and disappearance of political opponents.  

Another account details the tragic fate of Muneer Masoud Own, a 33-year-old man who was detained by pro-Gaddafi forces and held in a warehouse with other prisoners. He and his brother were subjected to inhumane conditions, including beatings, lack of food, and forced labor. After 18 days of captivity, the prisoners were told they would be released, but instead, they were ambushed by Gaddafi's forces, who launched a grenade attack and opened fire, killing many of the detainees. Muneer managed to escape, but his brother was likely killed in the attack.  

The passage also describes the discovery of the bodies of the victims, who were found in a warehouse and later buried in mass graves. The bodies were found in a state of decomposition, with many of them unrecognizable. The discovery of the bodies has led to a renewed search for the missing, with families and relatives hoping to find closure.  

The news highlights the ongoing humanitarian crisis in Libya, with many families still searching for their missing loved ones. The situation has been described as a ""human crisis"" by rebel leaders and activists, who have called for greater transparency and accountability in the search for the missing.  

In addition to the personal stories of the victims, the news also highlights the broader political and social implications of the conflict. The war has led to the collapse of the government, the displacement of millions of people, and the destruction of infrastructure. The conflict has also had a significant impact on the international community, with many countries and organizations calling for an end to the violence and a return to peace.  

Overall, the news passages provide a comprehensive overview of the human cost of the conflict in Libya, the ongoing search for the missing, and the broader implications of the war. The stories serve as a reminder of the devastating impact of war on",multi_news,Summary:,d59d8c7d8e894fb70f061ed788ab0d0afbb6e7efab3795e7
en,532,0.5,"Now, write a one-page summary of all the news.

",multi_news,1368,"['Losing weight is one thing, keeping it off quite another. And now researchers are finding that among those with coronary heart disease (CHD)—which the Mayo Clinic reports develops from damaged or diseased blood vessels typically caused by blockage and inflammation—yo-yo dieting may dramatically increase the risk of stroke, heart attack, and death. Reporting in the New England Journal of Medicine, researchers say they followed nearly 10,000 men and women with CHD between the ages of 35 and 75 for about five years, monitoring changes in body weight and other health outcomes. The takeaway? ""It\'s important to lose weight, but this data says you have to keep it off,"" lead researcher Dr. Sripal Bangalore at the New York University School of Medicine tells the New York Times. The highest weight fluctuation was on average 8.6 pounds over five years, while the smallest body weight changes averaged closer to two pounds, reports Medical News Today. Those who were already overweight or obese at the beginning of the study and who experienced the highest level of weight fluctuation experienced 124% more deaths, 136% more strokes, and 117% more heart attacks, meaning these CHD patients were more than twice as likely to suffer these negative outcomes in just a few years than people with CHD whose weight only fluctuated two pounds. This doesn\'t pinpoint a cause, as pre-existing heart problems could be the culprit, but researchers hope to study this correlation further. (Yo-yo dieting is bad for women\'s hearts in general.)']",,"  
Recent studies have highlighted the potential dangers of ""yo-yo"" dieting—repeated cycles of weight loss and gain—particularly for individuals with coronary artery disease (CAD). A new study published in *The New England Journal of Medicine* found that people with CAD who experience significant weight fluctuations are at a much higher risk of experiencing serious health events, including heart attacks, strokes, and death. The research followed 9,509 men and women with stable CAD over a five-year period, tracking their weight changes and health outcomes. The study found that individuals with the highest weight variability had a 78% increased risk of developing new-onset diabetes, a 117% higher risk of heart attack, a 136% higher risk of stroke, and a 124% higher risk of death compared to those with the lowest weight variability.  

The study, sponsored by Pfizer, was led by Dr. Sripal Bangalore, an associate professor at the New York University School of Medicine. He emphasized that while weight loss is important for people with CAD, maintaining a stable weight is crucial. He noted that many people are motivated to lose weight but then struggle to maintain it, which can lead to repeated cycles of weight loss and gain. The findings suggest that maintaining a healthy, stable weight is essential for reducing the risk of cardiovascular events in individuals with CAD.  

Coronary artery disease (CAD) is a condition in which the coronary arteries become narrowed or blocked due to the buildup of plaque, which is made up of cholesterol, fat, and other substances. This buildup can lead to reduced blood flow to the heart, causing symptoms such as chest pain (angina), shortness of breath, and, in severe cases, a heart attack. CAD is the most common form of heart disease in the United States and is a leading cause of death.  

Previous research has already linked yo-yo dieting to an increased risk of poor heart health. However, this new study is the first to specifically examine the impact of weight fluctuations on individuals with pre-existing CAD. The findings suggest that for people with CAD, repeated weight loss and gain may have even more severe consequences. The study found that individuals with the greatest weight fluctuations were at a significantly higher risk of experiencing heart attacks, strokes, and death.  

The study also found that weight fluctuations were associated with an increased risk of developing new-onset diabetes. This suggests that weight cycling may contribute to the development of metabolic syndrome, a cluster of conditions that increase the risk of heart disease, stroke, and diabetes. The researchers noted that these findings remained significant even after adjusting",multi_news,Summary:,9836ad80b96e0be4f0ac7d88ccec4f9d884e9db61ab0cd17
en,532,0.5,"Now, write a one-page summary of all the news.

",multi_news,989,"['A Texas woman was caught on surveillance video stealing a wedding ring off the finger of a dead woman Friday, the Odessa American reports. The body of Lois Hicks, 88, was in an open casket at Odessa\'s Sunset Funeral Home. The woman\'s family had just left the funeral home after a visitation service when a stranger parked outside, came in, and asked to use the restroom. Instead, the funeral home\'s manager says, she walked into the room with Hicks\' coffin, grabbed the ring off her finger, and left. Hicks\' daughter says some of her mother\'s skin was actually torn off during the theft. ""I can\'t believe someone would be that low,"" she says. The surveillance video captured the alleged thief\'s license plate, and the family is pressing charges. The incident is being investigated as a felony, KOSA reports. The suspect is described as a heavy-set white woman who was wearing a brown long-sleeved sweater, black sweat pants, and black sandals at the time; she drove off in a red or maroon four-door Saturn.']",,"  
A disturbing theft occurred at the Sunset Memorial Gardens & Funeral Home in Odessa, Texas, when a woman stole a wedding ring from the body of a deceased person. The incident took place on April 8th, when an unknown female allegedly removed a ring from the hand of a deceased woman, tearing part of the skin from her finger in the process. The suspect, described as a heavy-set white female, was seen fleeing the scene in a red or maroon 4-door Saturn. She was wearing a brown long-sleeve sweater, black sweat pants, and black sandals.  

The victim was a 88-year-old woman named Lois Hicks, who had recently passed away. The stolen ring was placed on her hand as a symbol of her love and devotion to her late husband, Gayle, who had died three years prior. The theft occurred just one day after her death, during a visitation at the funeral home.  

The family of the deceased, including Lois Hicks’ daughter, Vel McKee, discovered the theft after returning to the funeral home. They were shocked and devastated by the crime, which they described as both cruel and despicable. The family has since released a video of the incident, which shows the suspect pulling the ring from the deceased woman’s hand.  

The funeral home, located at 6801 E. Business 20, confirmed that the suspect entered the building and approached the casket. Surveillance footage captured the suspect’s actions, including her entering the building, parking her car, and entering the facility. The video also shows the suspect’s vehicle, which is described as a red or maroon 4-door Saturn.  

The police have launched an investigation into the theft, which is currently being treated as a State Jail Felony. No arrests have been made, and the investigation is ongoing. The police are urging anyone with information about the suspect or the vehicle to come forward.  

The family has released a photo of the suspect’s vehicle, which is being used to identify the suspect. The police are also asking for any information that could help in locating the suspect. The police have provided a tip line for anyone with information about the case.  

The funeral home has stated that they are working with the police to investigate the theft. The funeral home has also stated that they are working with the family to recover the stolen ring. The funeral home has also stated that they are working with the police to locate the suspect.  

The police have released a video of the incident, which shows the suspect stealing the ring from the deceased woman. The video has been released to the public, and it",multi_news,Summary:,775a1ae2423f47d7647839eba2ab883edce0226be80bc3fc
en,532,0.5,"Now, write a one-page summary of all the news.

",multi_news,736,"['Drugs are likely to blame for the death of Finley Boyle, the 3-year-old Hawaii girl who died a month after going into cardiac arrest during a root canal at a Kailua dentist\'s office on Dec. 3, according to the official autopsy report. The report says the combination of sedatives and anesthesia Finley received during the procedure probably caused her death, the AP reports. The report noted that Finley was healthy, and ruled out any signs of an underlying heart condition or an allergic reaction. The medical examiner\'s office ruled the toddler\'s death an accident, and no charges have been brought against Dr. Lilly Geyer, KHON reports; however, Finley\'s family has filed a lawsuit claiming Finley was not monitored for 26 minutes while she was under sedation. Geyer\'s office has since shut down, but Geyer\'s attorney calls the Boyle family\'s allegations ""unproven."" (Meanwhile, a young mother in Hawaii is in a coma following wisdom teeth surgery.)']",,"  
A three-year-old girl, Finley Puleo Boyle, from Kailua, Hawaii, died after suffering a heart attack during a dental procedure at Island Dentistry for Children. The incident occurred on December 3, 2013, when she was receiving treatment for cavity fillings and root canals. The girl collapsed and fell into a coma, and she later passed away on January 3, 2014.  

According to the autopsy report conducted by Honolulu’s Chief Medical Examiner, Dr. Christopher Happy, the death was attributed to the combination of sedatives and local anesthesia administered during the procedure. The report indicated that the child had no pre-existing heart conditions or allergic reactions to the drugs. The medical examiner classified the death as an accident.  

The drugs given to the child included Demerol, hydroxyzine, chlorohydrate, laughing gas, and lidocaine with epinephrine. The report noted that the child became unresponsive and went into cardiac arrest immediately after receiving the lidocaine injection.  

Finley’s parents, Ashley and Evan Boyle, filed a negligence lawsuit against the dentist, Dr. Lilly Geyer, and her office. The family’s attorney, Rick Fried, did not comment on the autopsy report. Dr. Geyer’s attorney, John Nishimoto, called the allegations “unproven” and declined to comment further due to the ongoing legal proceedings.  

Dr. Geyer, who had been licensed to practice dentistry in Hawaii since 2005, had no prior complaints against her or her practice. However, the incident has raised concerns about the safety and oversight of dental sedation practices in the state.  

In response to the incident, new state regulations were implemented in January 2014, which introduced stricter oversight of dental sedation procedures in Hawaii. These new rules were intended to improve patient safety and ensure that dental professionals adhere to proper protocols when administering sedatives.  

The family’s lawsuit alleges that the dental office failed to properly monitor the child during the procedure. According to the lawsuit, the child was not monitored for 26 minutes after receiving the sedatives, and there was a delay in administering CPR. The family also claims that the child was not properly monitored for her oxygen levels.  

The medical examiner’s report concluded that the child’s death was due to the combination of sedatives and anesthesia, and that the death was not caused by any pre-existing medical condition. The report also noted that the child had no history of heart problems or allergies.  

The dental office, Island Dentistry for Children, has",multi_news,Summary:,06cd46f7837045391d9579b1f09cc12e8cd8e5b14c440512
en,532,0.5,"Now, write a one-page summary of all the news.

",multi_news,1046,"['It\'s one of the most famous weather forecasts of the modern era, and it came out exactly 13 years ago to the day. That would be Aug. 28, 2005, one day before Hurricane Katrina devastated New Orleans. National Weather Service meteorologist Robert Ricks issued a forecast so dire that some news agencies thought it was a hoax, writes meteorologist James Spann in a tweet commemorating the Ricks forecast. As it turns out, Ricks was spot on. ""Most of the area will be uninhabitable for weeks…perhaps longer,"" he wrote. ""At least one half of well constructed homes will have roof and wall failure. All gabled roofs will fail…leaving those homes severely damaged or destroyed."" And this: ""Water shortages will make human suffering incredible by modern standards."" (Spann\'s tweet includes the full text.) The forecast has been credited with saving lives, and it is now in the Smithsonian Museum of American History, as noted by Slate on the 10-year anniversary. Ricks told Brian Williams of NBC News on Sept. 15, 2005, that he went through the warning line by line to verify each doomsday-sounding statement before making it public. He ended up removing nothing. ""I would much rather have been wrong in this one,"" he told Williams. ""I would much rather be talking to you and taking the heat and crying wolf. But our local expertise said otherwise. You know, \'Hey, let\'s gear up for the big one, this is going to be the big one.\'"" (Read about what JJ Watt\'s crowdsourced fundraiser accomplished in the wake of Hurricane Harvey.)']",,"  
Ten years after Hurricane Katrina made landfall, meteorologist Robert Ricks, a National Weather Service meteorologist based in Slidell, Louisiana, is remembered for his dramatic and urgent weather forecast issued the day before the storm. Ricks, who was the forecast coordinator for the Slidell office, which is responsible for New Orleans, issued a powerful and alarming warning that would later be recognized as one of the most dire and effective weather forecasts in history. His forecast, titled ""URGENT... SPECIAL MESSAGE,"" was a stark and unrelenting warning of the devastation that was about to unfold. It warned of unprecedented destruction, including the collapse of homes, the uprooting of trees, and the potential for weeks of uninhabitable conditions. Ricks also predicted water shortages and the resulting human suffering. His forecast, which included the phrase ""MOST OF THE AREA WILL BE UNINHABITABLE FOR WEEKS. PERHAPS LONGER,"" was considered one of the most accurate and impactful weather warnings ever issued. Ricks' forecast was not just a warning, but a call to action. It was a plea for people to evacuate and prepare for the worst. Ricks' forecast was so effective that it was later displayed in the Smithsonian Museum of American History. Ricks' forecast was also noted for its emotional impact. It was a powerful and moving message that resonated with people across the country. Ricks' forecast was also noted for its historical significance. It was a rare and important moment in the history of weather forecasting. Ricks' forecast was also noted for its personal connection. Ricks, who grew up in New Orleans, had a deep personal connection to the city and its people. He had lived through previous hurricanes, including Hurricane Betsy and Hurricane Camille, and had seen the devastation they caused. Ricks' forecast was a culmination of his experience and knowledge. It was a reflection of his deep understanding of the weather and the potential for disaster. Ricks' forecast was also a testament to his courage and commitment. He was willing to risk his career and his life to issue a warning that was both necessary and urgent. Ricks' forecast was a reminder of the importance of accurate and timely weather information. It was a reminder of the power of words and the impact they can have on people's lives. Ricks' forecast was also a reminder of the importance of preparedness and the need for people to take action. Ricks' forecast was a powerful and effective tool that helped save lives and prevent further damage. Ricks' forecast was a significant moment in the history of weather forecasting. It was a moment",multi_news,Summary:,18e338848390140808eded1006b81aaa4159051658380680
en,532,0.5,"Now, write a one-page summary of all the news.

",multi_news,1200,"['Twitter has promised to take a look at its policies after some sickening abuse over her father\'s death forced Zelda Williams off the site. After she tweeted a touching tribute to her father, the grieving daughter received messages on Twitter and Instagram blaming her for her father\'s death, as well as images of her father Photoshopped to show bruises around his neck, Forbes reports. ""We will not tolerate abuse of this nature on Twitter,"" a Twitter exec said in a statement. ""We have suspended a number of accounts related to this issue for violating our rules and we are in the process of evaluating how we can further improve our policies to better handle tragic situations like this one."" Twitter says the changes will include ""expanding our policies regarding self-harm and private information, and improving support for family members of deceased users."" An activist who has worked with Facebook to help protect people facing online abuse says the site needs to do more to tackle persistent abusers. ""While I am truly sorry for what the Williams family is experiencing during this time, I am concerned that it takes an event like this to bring heightened attention to a problem that so many face every day,"" she tells the Washington Post. ""As is often the case, it is Williams, the target of abuse, and not her abusers, who\'s left Twitter,"" she adds.']",,"  
The news highlights several key developments and issues related to Twitter and the broader digital landscape. First, Twitter has introduced a new feature that allows users to add location data to their tweets. This feature enables users to track and manage their location history, with the option to turn location sharing on or off before posting and to delete their location history. This update gives users more control over their privacy and data on the platform.

Second, the news focuses on a tragic incident involving the bullying of Robin Williams' daughter, Zelda Williams, on social media platforms like Twitter and Instagram. Following the death of her father, Zelda became a target of online harassment, including hate messages and manipulated images of her late father. The abuse led her to take a break from social media, and she called for action from Twitter to address the issue. In response, Twitter announced that it would review and improve its policies, particularly in areas related to self-harm, private information, and support for families of deceased users. The company also stated that it had suspended several accounts involved in the harassment and was working to enhance its community guidelines to better protect users.

The incident has sparked broader discussions about the prevalence of online harassment and the limitations of current platforms in addressing such issues. The news highlights the experiences of other users, such as Imani Gandy, who has faced persistent online abuse due to her race, gender, and medical condition. Gandy has described being targeted by a man who accused her of faking a brain tumor and has faced constant harassment. Despite her efforts to block and report the abuse, she has found the platform's tools insufficient to stop the harassment. She has also pointed out instances where Twitter failed to act on threats, such as a tweet that threatened to rape a user, which was not considered a violation of the platform's rules.

The news emphasizes the need for better tools and policies to combat online harassment. While Twitter has introduced features like the ""Report Abuse"" button and the ability to block users, these measures are often inadequate against persistent abusers who can easily create new accounts to continue their behavior. The article also mentions the development of third-party tools, such as ""Block Together,"" which allows users to automatically block new accounts that engage in harassment. The tool was created by the Electronic Frontier Foundation and is designed to help users protect themselves from ongoing abuse.

The article also discusses the challenges of balancing free speech with the need to protect users from harmful content. Critics, such as media critic and feminist activist Soraya Chemaly, argue that Twitter's commitment to free expression may be hindering its ability to effectively address the issue of online harassment. Chemaly suggests that Twitter needs",multi_news,Summary:,fac3398343e3cb6e8f80ca413eb16ade6f02441d3a7e9fdd
en,532,0.5,"Now, write a one-page summary of all the news.

",multi_news,3531,"['Australian DJs Michael Christian and Mel Greig have broken their silence on their royal prank call gone horribly wrong, reports the Guardian, tearfully telling an interviewer that they\'re ""shattered, gutted, heartbroken"" over the death of nurse Jacintha Saldanha. ""No one could\'ve imagined this to happen,"" Christian said. ""Naturally, we\'re shattered. We\'re people, too."" ""There\'s not a minute that goes by that I don\'t think about what (Saldanha\'s) family is going through, and the thought that we may have contributed to it is gut-wrenching,"" says Greig. The DJs meant no harm, adds Christian: ""At every single point it was innocent on our behalf."" Innocent or not, Greig and Christian ""will not return to the airwaves until further notice,"" says parent company Southern Cross Austereo, which has also axed their show, halted all prank calls, and nixed ads amid an internal review, CNN reports. But the station is doubling down on its decision to air the prank, saying that it had tried to contact King Edward VII\'s Hospital no fewer than five times to talk about the recording before airing it. ""It is absolutely true to say that we actually did attempt to contact those people on multiple occasions,"" says Southern Cross\' CEO. It\'s not clear if the hospital responded, notes the AFP, but it has mounted a withering assault against the station in the aftermath of Saldanha\'s death.']",,"  
The tragic death of nurse Jacintha Saldanha, who took a prank call from Australian radio DJs Mel Greig and Michael Christian, has sparked global outrage and led to significant consequences for the radio station and its presenters. The prank call, which was intended as a harmless joke, involved the DJs impersonating Queen Elizabeth II and Prince Charles to call a London hospital where the Duchess of Cambridge, Kate Middleton, was receiving treatment for severe morning sickness. The call was made in the early morning when the hospital was understaffed, and Saldanha, a 46-year-old nurse, answered the call. She was then connected to a colleague who provided information about Kate’s condition. The prank call, which was later broadcast on the radio station 2Day FM, was intended to be a short, lighthearted joke. However, the call had serious consequences, as Saldanha was found dead later that week, and while the police have not confirmed the cause of death, it is suspected to be suicide.  

In the wake of Saldanha’s death, Greig and Christian have publicly apologized, expressing deep remorse and emotional distress. They have been in hiding and undergoing counseling since the incident. In interviews, they have spoken about their regret and the impact of their actions on Saldanha’s family. Greig expressed that she had not stopped thinking about the incident since it happened, and she has been trying to reach out to Saldanha’s family to offer her condolences. Christian also expressed his sorrow, calling the incident “a tragic turn of events that I don’t think could have been predicted.”  

The radio station, 2Day FM, which is owned by Southern Cross Austereo, has taken several steps to address the situation. The station has suspended the show hosted by Greig and Christian, known as “Hot 30,” and has also stopped all prank calls by its broadcasters. The station has also suspended all advertising on its platform until further notice. The CEO of Southern Cross Austereo, Rhys Holleran, has stated that the station had attempted to contact the hospital multiple times before broadcasting the prank call. He has also mentioned that the segment had been reviewed by the station’s lawyers and that the appropriate checks had been conducted. However, the hospital has stated that the station had not contacted any hospital officials or media representatives before broadcasting the call.  

The incident has also led to calls for stricter regulation of the media, with some demanding that the Australian Communications and Media Authority (ACMA) investigate the case. The ACMA has not yet commented on whether the",multi_news,Summary:,93e8810d0a734c54479486a4b3e62b5037a567e1798bb611
en,532,0.5,"Now, write a one-page summary of all the news.

",multi_news,438,"['She wasn\'t a Target employee, but a woman who sure seemed like one allegedly made off with around $40,000 worth of iPhones from a Virginia store. NBC Washington reports Fairfax County cops are looking for the retail impostor, who they say donned attire resembling a worker\'s getup, waltzed into the stockroom of the Alexandria location with a box, and loaded the box with dozens of iPhones before taking off. WTOP reports the woman, whose image was caught on tape, seemed to be familiar with how things worked at the store, including employee hours and where the iPhones were stored. Police say the theft occurred March 15, but posted about it on Facebook Monday with a call to ""help us nab an iPhone thief."" (Target recently had a Boston problem.)']",,"  
Recent news reports highlight a significant theft incident involving a woman who impersonated a Target employee in Virginia. The suspect, identified as a woman, gained unauthorized access to a Target store in Alexandria, Virginia, and stole more than $40,000 worth of iPhones. The incident occurred on March 15, when the woman, dressed as a Target employee, entered the store and made her way to the stockroom. She then accessed the inventory of iPhones, placed them in a box, and exited the store.  

According to police, the suspect was able to bypass security measures and gain access to the stockroom, where she was able to locate and retrieve the iPhones. The suspect was familiar with the store's layout, procedures, and the location of the iPhones, which suggests she had prior knowledge of the store's operations.  

Surveillance footage captured by the store was released by Fairfax County police, showing the suspect leaving the store in a Volvo station wagon. The footage has been used to identify the suspect and is being used by investigators to track down the individual.  

The police have issued a public appeal for any information that could lead to the identification or apprehension of the suspect. They have also encouraged the public to come forward with any information that could assist in the investigation.  

The case has sparked concern among local authorities and the public, as it highlights the potential for fraud and the need for increased security measures in retail environments. The incident also underscores the importance of vigilance and the need for employees to be trained to recognize and respond to such threats.  

The police have urged anyone with information about the case to contact them and provide any details that could assist in the investigation. They have also encouraged the public to remain vigilant and to report any suspicious activity.  

The case has drawn attention from local media and has been widely reported in the news. The incident has raised questions about the security of retail stores and the need for increased measures to prevent such thefts.  

The case is currently under investigation, and the police are working to identify and locate the suspect. The police have also emphasized the importance of public cooperation in the investigation.  

The incident has highlighted the need for increased security measures in retail environments and has sparked a discussion about the importance of employee training and the need for better security protocols.  

The case has also raised concerns about the potential for fraud and the need for increased awareness among the public. The incident has served as a reminder of the importance of vigilance and the need for increased security measures in retail environments.  

The police have emphasized the importance of public cooperation in the investigation and have encouraged the public to remain vigilant",multi_news,Summary:,d80c94e46a531d82db264ffd18fd03828a7069b78b87c00a
en,532,0.5,"Now, write a one-page summary of all the news.

",multi_news,258,"[""Apparently there are places even South Park fears to tread. After getting a death threat from the jihadist website RevolutionMuslim.com, the show pulled the prophet Mohammed out of this week's episode, bleeping out all mention of his name, putting “censored” banners over parts of the episode and, where necessary, replacing him with Santa Claus in a bear suit, the Huffington Post reports. Here's the deal: last week's episode (which you can see a clip of here) mocked the taboo against showing the prophet Mohammed, having him show up first hidden inside a U-Haul, and then inside a bear costume. This week's episode was to continue that story. It's unclear whether the extra censorship is intended to appease the irony-challenged folks at RevolutionMuslim or mock them. South Park, incidentally, has tackled the issue before, and even depicted Mohammed on screen once with impunity.""]",,"  
The following summary compiles the key points from the provided news passages, offering a concise overview of the information presented.

Since the year 1996, Alexa Internet has been contributing its web crawling data to the Internet Archive. This data is continuously collected and added to the Wayback Machine, a digital archive that allows users to access historical versions of websites. However, the data is not immediately available; it is first stored and then made accessible after a period of time, known as an embargo. This process ensures that the Internet Archive maintains a comprehensive and reliable record of the internet's evolution over time.

In a separate news segment, a fictional story titled ""Cartoon Wars Part I"" is presented. The narrative centers around two characters, Cartman and Kyle, who are engaged in a conflict over the popular television show ""Family Guy."" The conflict arises when the show's creators plan to include an image of the prophet Muhammad in an episode. This decision leads to a threat of the episode being banned by the network. Seeing this as an opportunity, Cartman attempts to permanently remove ""Family Guy"" from the airwaves. In response, Kyle and Cartman embark on a cross-country race to reach Hollywood, with the fate of the show hanging in the balance. The story highlights the intense rivalry between the two characters and the high stakes involved in their competition.

These two pieces of information, while seemingly unrelated, represent different aspects of contemporary culture. The first reflects the ongoing efforts of technology companies and digital archives to preserve the internet's history. The second, on the other hand, is a fictional narrative that explores themes of conflict, competition, and the impact of media on society. Together, they illustrate the diverse range of topics that can be found in both technological advancements and entertainment media.",multi_news,Summary:,0c21154627a66c4d1637d693dd17d1faabac04bc69badcd0
en,532,0.5,"Now, write a one-page summary of all the news.

",multi_news,1277,"['Following North Korea\'s most powerful weapons test yet on Sunday, a South Korean lawmaker tells CNN his country\'s intelligence service believes the North has an intercontinental ballistic missile (ICBM) on the move. Things get pretty vague beyond that: He didn\'t know the method of transport or when the movement was noticed. But Reuters does pick up some alleged details on those fronts, via an unnamed source quoted by South Korea’s Asia Business Daily. Its source says the ICBM started moving Monday, is only being moved at night, and is headed toward the nation\'s west coast. Reuters notes there\'s some likelihood that another test could come on or around Saturday: Sept. 9 is the country\'s founding day holiday. CNBC notes North Korea conducted a nuke test on Sept. 9, 2016. Two more details that allegedly came from the South\'s National Intelligence Service briefing: word that additional tunnels have been dug out at the North\'s nuclear test site that would facilitate future detonations, and suspicions that the next ICBM test firing might be directed toward the North Pacific but aimed at a lower angle, which would in theory allow it to fly further than previous tests, which had more of an upward trajectory. Meanwhile, the White House tells Reuters it has given ""in-principle approval"" to a request by South Korean President Moon Jae-in to abolish a limit regarding warhead weights, a move that would strengthen the power with which it could attack the North, if necessary. Meanwhile, Vladimir Putin on Tuesday gave his take on the situation: North Korea ""will eat grass but will not give up the (nuclear) program if they don\'t feel safe.""']",,"  
The recent news highlights a series of developments related to North Korea's military activities, international responses, and diplomatic tensions. North Korea is believed to be moving an intercontinental ballistic missile (ICBM), according to a South Korean lawmaker who attended a briefing by the National Intelligence Service (NIS). The movement's timing, direction, and method remain unclear. This comes in the wake of North Korea's sixth nuclear test, which was the most powerful ever recorded by the country. Nuclear experts suggest that while North Korea claims to have tested a hydrogen bomb, verifying whether it can be mounted on a long-range missile capable of reaching the United States remains uncertain.  

North Korea has been conducting a series of missile tests, including two long-range ICBMs in July and an intermediate-range missile in August that flew over Japan's Hokkaido Island. South Korea's National Intelligence Service (NIS) has raised concerns about potential further missile tests, with some analysts suggesting that North Korea may test-fire an ICBM toward the North Pacific at a lower angle than previous tests.  

In response to the nuclear test and missile activities, South Korea has increased its military readiness. The South Korean Navy conducted live-fire drills off the east coast of the Korean Peninsula to ensure operational readiness. The South Korean military has also emphasized its readiness to respond to any provocation from North Korea, with the Navy stating it would ""immediately destroy and bury"" any North Korean assets if they provoke.  

The United Nations and international diplomats have condemned the nuclear test, with the U.S. Ambassador to the UN, Nikki Haley, calling for stronger sanctions against North Korea. The U.S. is also considering a resolution to impose additional sanctions on North Korea to curb its nuclear program.  

Diplomatic tensions have also emerged between South Korea and the United States. Despite a recent phone call between South Korean President Moon Jae-in and U.S. President Donald Trump, where they agreed to lift restrictions on South Korea's ballistic missile payload, there are signs of a rift between the two leaders. Trump criticized South Korea for ""appeasement"" in its dealings with North Korea, while Moon has long advocated for dialogue and diplomacy with North Korea. Analysts warn that such divisions could be exploited by North Korea.  

Meanwhile, South Korea and Japan are planning to meet with Russia in Vladivostok for an economic summit, where Russia will also be present. Russian President Vladimir Putin has called for a cessation of North Korea's nuclear tests but has emphasized the need for dialogue. Putin also criticized North Korea's missile tests as provocative, while acknowledging the historical context of past conflicts, such as the Iraq War",multi_news,Summary:,aaedc4c55373ce5ed84ada218f9aac1eadb5256699622f19
en,532,0.5,"Now, write a one-page summary of all the news.

",multi_news,2048,"['Sheriff\'s deputies shot and killed a 6-year-old boy Thursday in Texas, WOAI reports. Bexar County Sheriff Javier Salazar says four deputies opened fire on 30-year-old Amanda Jones, a suspected car thief, after they ""cornered"" her outside a mobile home occupied by Kameron Prescott and his family in the town of Schertz. One of the bullets went through the mobile home and hit Kameron in the abdomen. According to CNN, Salazar says deputies performed first aid on the boy, but he was pronounced dead at the hospital. Jones was also killed. ""The deputies are, of course, understandably shaken up,"" Salazar says. He says the shooting is under investigation, but in his opinion the boy\'s death is ""a tragic accident."" Salazar says one deputy is ""adamant"" he saw Jones with a gun and that she threatened to shoot him. He says Jones threatened both police and Kameron\'s family, who didn\'t know her, just before deputies opened fire. But investigators haven\'t been able to locate a gun despite the use of a helicopter and dive team. Salazar says they have found a pipe with Jones\' blood on it near the scene of the shooting. One deputy at the scene was wearing a body camera, but he blocked it with his rifle during the shooting. Meanwhile, Kameron is being remembered by those who knew him. ""Kameron was a ball of energy, happy, smart, and could strike up a conversation with anyone,” school counselor Maria Morales tells KSAT. “He also had a great sense of humor and caring heart.""']",,"  
A tragic deputy-involved shooting in Schertz, Texas, has resulted in the death of 6-year-old Kameron Prescott and a suspect, Amanda Lene Jones. The incident occurred during a two-hour manhunt for Jones, a 30-year-old woman with a criminal history, who was wanted for car theft.  

According to Bexar County Sheriff Javier Salazar, the shooting took place at a mobile home park in Pecan Grove, where Kameron and his family resided. Deputies were pursuing Jones after she was reported to have stolen a vehicle. During the chase, Jones was found in a wooded area and later discovered at a mobile home where she had broken in.  

Jones, who had multiple felony warrants, was believed to be armed. She was confronted by five deputies, including a K9 officer, who had been tracking her. During the confrontation, Jones allegedly threatened the deputies, claiming she had a weapon. She was found in a wooded area and pursued by the officers.  

During the confrontation, Jones was found on a porch, where she was confronted by the deputies. She was believed to be armed and posed a threat to the officers and the family inside the home. The deputies, fearing for their lives, fired multiple shots. One of the bullets struck Kameron, who was inside the home, and he was later pronounced dead at a hospital.  

The sheriff described the incident as a ""tragic accident,"" stating that the deputies believed they were in immediate danger. The sheriff also noted that the shooting was not intentional, but rather a result of the situation.  

The incident has sparked a significant amount of public and media attention. The community is mourning the loss of Kameron, who was described as a ""ball of energy"" and a ""kind-hearted"" child. The school where Kameron attended has also expressed their condolences.  

The sheriff has stated that the deputies involved in the shooting have been placed on administrative leave. The district attorney is investigating the incident. The sheriff has also stated that the deputies followed protocol and that the shooting was not intentional.  

The incident has raised questions about the use of force by law enforcement and the potential for misjudgment in such situations. The sheriff has also emphasized the need for transparency and accountability in the investigation.  

The community is still reeling from the tragedy. The school where Kameron attended has issued a statement of condolence. The school district has also established a memorial fund to support Kameron's family.  

The incident has also sparked a broader conversation about the use of force by law enforcement and the need for better training and protocols. The sheriff has",multi_news,Summary:,b291e27b2c82d5b18bd19a93bfa5571ab5284fc5f3c6d107
en,532,0.5,"Now, write a one-page summary of all the news.

",multi_news,1292,"['A judge in Florida has allowed a vegan mom who defied a doctor\'s orders to regain custody of her infant son, reports WFTV. The strange case began in June when police in Casselberry charged Sarah Markham with neglect and took away 2-week-old Caleb. The charges came after a pediatrician diagnosed Caleb as dehydrated and underweight, and told Markham to take him to the hospital immediately, recounts WKMG. Instead, Markham bought soy formula to supplement her breast milk. When she didn\'t show up at the hospital, police came to her house, and she told them she wanted a second doctor\'s opinion and stressed that she did not want her son getting formula from animal products. Today, a Seminole County judge granted her custody again with the provision that she provide a nutritionist\'s report in 10 days. ""There\'s no case, there\'s no abuse, there\'s no neglect—there\'s simply a doctor who has been challenged by a mother, and he didn\'t like it,"" says Caleb\'s grandfather, Bo Markham. The child has been with his grandparents since he was taken out of his mother\'s care, and now weighs about 17 pounds. ""He\'s still on a soy formula,"" says Bo Markham. The criminal neglect charges are still pending, though Sarah Markham\'s attorney—Mark O\'Mara, who defended George Zimmerman—says he expects they will be dismissed now. (PETA wants an Indiana sheriff to feed an alleged cannibal a vegan diet.)']",,"  
A vegan mother in Seminole County, Florida, has been at the center of a controversial and emotionally charged legal battle over the care of her newborn son, Caleb. The case began in June when Sarah Markham, a 27-year-old mother, was arrested for allegedly refusing to take her dehydrated newborn to the hospital after a doctor diagnosed the child with dehydration and weight loss. The doctor had advised Markham to take the baby to the hospital immediately, but she chose to follow her own dietary and medical beliefs, which are rooted in her vegan lifestyle.  

Markham, who is a vegan, claimed that she did not want her child to consume any products containing animal by-products, including formula. She had opted for a soy-based formula from Whole Foods, believing it to be safe and suitable for her newborn. However, the doctor had warned that the baby was dehydrated and needed immediate medical attention. Despite the doctor's advice, Markham refused to take the child to the hospital and instead chose to stay home, believing that the child was not in danger.  

When police arrived at her home, they found the baby in a critical condition and were able to locate the child just in time. The police and child protective services were called to the scene after a tip was received through the Florida State Hotline for child abuse. The police found Markham to be uncooperative and unresponsive, and they were unable to reach her. The police were able to locate the child and take him to the hospital, where he was placed in state custody.  

Markham was arrested and charged with child neglect. She was taken into custody and was later released on bail. She was then placed under house arrest and was required to attend a court hearing. The court hearing was scheduled for August 26th, and Markham was expected to appear.  

The case has sparked a lot of debate and discussion, with many people expressing their opinions on the matter. Some people have criticized Markham for her actions, while others have defended her, arguing that she was simply following her own beliefs and values.  

The case has also raised questions about the legal system and the rights of individuals. Some people have questioned whether Markham should be held accountable for her actions, while others have argued that she should be given the opportunity to defend herself.  

The case has also raised questions about the role of the medical community and the responsibilities of healthcare providers. Some people have questioned whether the doctor who diagnosed the child was acting in the best interest of the child, while others have argued that the doctor was simply following the standard protocol.  

The case has",multi_news,Summary:,56b04e68a1831f7022c05c0813687ac156f795123ecf1b84
en,532,0.5,"Now, write a one-page summary of all the news.

",multi_news,1845,"['Britney Spears\' father, Jamie, has been in charge of her since she was placed under conservatorship in 2008, and he thinks it\'s about time for a raise, Radar reports. ""I continue to perform services to protect and care for Britney’s person and to administer her estate in good faith and in her best interests. I continue to have significant oversight duties relating to her visitation with her children,"" he writes in a new petition to the court. In addition to the $16,000 he gets for those duties per month, he also gets $1,200 for office rent, and he wants that amount bumped to $2,000, plus $7,200 in back pay for the increased rent he\'s paid since last year. Brit is apparently also under strict control when it comes to interviews. She\'s been promoting her upcoming Vegas residency, and her handlers told radio interviewers that during the five-minute interviews, they could only ask about Vegas or Britney\'s new album or single, sources tell the New York Daily News. ""So everyone is clear,"" the stations are being informed, ""no personal questions and no funny business."" But apparently the interviews still aren\'t going well: One was pulled entirely after DJs deemed it ""a one-sided conversation,"" and during another, the hosts needed to ask a distracted Spears one of their questions twice.']",,"  

The news highlights a variety of celebrity updates, legal matters, and cultural events.  

Britney Spears continues to be in the spotlight, with her team closely managing her public appearances and interviews. Her handlers have set strict guidelines for radio interviews, limiting questions to her Las Vegas residency, new single, and album. Despite these rules, some interviews have gone awry, with one Houston radio segment being pulled after it failed. Spears’ representatives argue that the guidelines are meant to assist, not restrict, and that the interviews are meant to promote her work. However, some critics suggest that the strict rules may be preventing more engaging conversations.  

There are also rumors and reports about Spears’ performance, with some sources claiming she is lip-syncing during her Vegas shows, though she has denied this. Additionally, there have been allegations that her appearance in the music video for “Work Bitch” was altered, with a digitally slimmed-down version used in the final edit.  

Beyond Spears, other celebrities are making headlines. Martha Stewart is noted for her fastidiousness, expressing discomfort with dirty environments and maintaining a regal presence at events. Meanwhile, Beyoncé shared a behind-the-scenes photo of her and her daughter, Blue Ivy, without showing their faces, which was praised for its artistic quality.  

Charlie Hunnam, star of *Sons of Anarchy*, has been avoiding public appearances due to backlash over his decision to leave the film *50 Shades of Grey*. He has been skipping events and avoiding media questions, with his co-stars also avoiding discussions about the movie.  

Arnold Schwarzenegger, Sylvester Stallone, and Jim Caviezel were spotted together in New York, where they attended a film screening and dined at a local restaurant. Schwarzenegger was seen eating a large meal, which was noted as a sign of his continued health and vitality.  

Elvis Presley’s legacy is being honored through a charity event, with a celebrity DJ and businessman, Elvis Duran, and Eric Trump, son of Donald Trump, participating in a walk to raise awareness for St. Jude Children’s Research Hospital.  

The musical *Bayside! The Musical*, a parody of *Saved by the Bell*, has been extended due to its popularity, now running through December.  

Other celebrity news includes a report on a new trend in social media, where celebrities are using their platforms to share content that highlights their personal lives and achievements.  

In legal news, Britney Spears’ father, Jamie Spears, has filed a petition with the court requesting a raise in his monthly compensation as her conservator. He has been",multi_news,Summary:,33e27e6e0cb58aa828cba57977ac39767855f3dfe1addfb2
en,532,0.5,"Now, write a one-page summary of all the news.

",multi_news,1089,"[""Snapchat found itself with a marketing sensation on its hands late last year when it began selling funky-looking sunglasses called Spectacles. The trick is they allow users to record quick videos and photos and send them directly to their Snapchat accounts, but the catch was they were available only through vending machines that would turn up in random locales or through a now-shuttered pop-up store in Manhattan, notes New York. Now, however, parent company Snap is selling them online at Spectacles.com for $129. Just how crazy did demand get? CNBC notes that the glasses were selling for up to $5,000 on secondary markets, adding that its own reporters stood in line for 18 hours to get them. (There's a limit of six per household for the new online purchases.) Snap has said the glasses haven't been big money-makers, but TechCrunch thinks the new move is designed to show prospective IPO investors that they could be. The vending machines will go on hiatus for awhile, but they're expected to resurface eventually.""]",,"  

Snap Inc. has made a significant change in the distribution of its wearable product, Spectacles, by making them available for purchase online in the United States. Previously, the $130 circular video-recording sunglasses were only available through limited-time vending machines and a pop-up store in Manhattan. This new online availability, through Spectacles.com, marks a shift in strategy for the company, which aims to make the product more accessible to a broader audience.  

The introduction of Spectacles was initially met with high demand and limited supply, leading to long lines and even instances of reselling the product for up to $5,000. Some users had to wait for hours, as seen in reports from CNBC, to obtain a pair. The limited availability also led to a surge in online resale on platforms like eBay.  

With the new online sales model, Snap is now allowing customers to purchase Spectacles directly from its website, with a price of $129.99. The company has also introduced additional accessories, such as a $49.99 charging case and a $9.99 charging cord, which are no longer available for purchase on Amazon.  

Snap has also announced that the company will continue to use its vending machines, known as Snapbots, for distribution, but they will be taking a short break. The company has stated that the decision to expand online sales is driven by the positive response to the product and the desire to make it more widely available to those who have not had the opportunity to purchase it through the vending machine or pop-up store.  

Despite the positive reception, Snap has acknowledged that the launch of Spectacles has not generated significant revenue for the company. In fact, the company has admitted that the costs associated with producing and distributing Spectacles have exceeded the revenue generated from the product. However, the company is optimistic about the potential for Spectacles to generate revenue in the future.  

The company has also noted that the product has been well-received by users, with many expressing satisfaction with the product's features and functionality. The circular video format that Spectacles offer is unique to Snapchat and is not available on other platforms like Instagram.  

The company has also acknowledged that the product has faced some challenges, including the issue of a charging case that melted. However, the company has stated that the overall response to the product has been positive.  

The company has also noted that the product has been a success in terms of generating interest and engagement with the brand. The company has stated that the product has been a key part of its strategy to expand its reach and increase its user base.  

",multi_news,Summary:,1fb2491dae07f8c4874240e388bc27c7061b49911f56ba9a
en,532,0.5,"Now, write a one-page summary of all the news.

",multi_news,968,"['The seven men accused of the 2014 hazing of a SUNY Albany student that caused his death are already in trouble with the school and the police. Now they\'ve got a new problem on their hands: a lawsuit set to be filed by the fraternity whose name they apparently appropriated. Zeta Beta Tau\'s national office says the ""rogue"" group of SUNY Albany students charged in the death of 19-year-old Trevor Duffy used the frat\'s name without authorization and isn\'t linked to the actual recognized chapter on campus, NBC News reports. ""Zeta Beta Tau is retaining counsel for the purposes of filing suit against these individuals who falsely represented themselves, deceiving the public and damaging the otherwise exceptional reputation of our Fraternity,"" a fraternity statement reads, per News10. Duffy died after allegedly being made to consume nearly half a gallon of vodka in a case that made headlines; his BAC was seven times the legal limit, notes NBC. The national fraternity says its intellectual property—including its name, the ZBT initials, and other materials—are protected under copyright rules, WRGB reports. That means anyone who falsely claims to be affiliated with the frat is fair game for legal action, a move the attorney for one of the accused says he\'s baffled by. ""It\'s certainly novel, and I\'m not sure why they\'d take that step,"" the lawyer for Joseph Angilletta, one of two men arrested just last week in the case, tells the station. ""Clearly one aspect here is they seem to want to distance themselves from this tragic event."" (Five Baruch College frat members may face up to 20 years behind bars for allegedly taking part in the ""glass ceiling."")']",,"  
In 2014, University at Albany student Trevor Duffy died as a result of hazing, which led to the prosecution of seven men. The men were accused of forcing Duffy to drink a 60-ounce bottle of vodka, which resulted in his death. The incident has sparked legal action and has drawn significant attention from the university and the broader community.  

The seven men are alleged to have been part of a group that claimed to be affiliated with the Zeta Beta Tau (ZBT) fraternity. However, the official ZBT fraternity, based in Indianapolis, has denied any connection to the group and has stated that the men were not members of the recognized ZBT chapter at the University of Albany. The fraternity has since issued a formal statement denying any affiliation with the group and has taken legal action against the individuals involved.  

ZBT has taken the position that the group in question was a ""rogue"" or unauthorized group that used the fraternity's name without permission. The fraternity has retained legal counsel and is preparing to file a lawsuit against the individuals, citing the unauthorized use of the ZBT name and the damage it has caused to the fraternity's reputation. The fraternity has also emphasized that the use of its name, symbols, and trademarks is protected under U.S. copyright and trademark laws, and that any unauthorized use of the ZBT name or materials could result in legal action.  

The legal battle has also involved the families of the accused and their legal representatives. Attorney Paul DerOhannesian is representing one of the accused, Joseph Angilletta, who is one of the seven men charged in connection with the hazing incident. DerOhannesian has expressed his belief that the fraternity's legal action is an attempt to distance the accused from the incident and to protect the fraternity's reputation.  

The case has raised important questions about the responsibilities of fraternities and the consequences of unauthorized use of their names. It has also highlighted the potential for legal action against individuals who misuse the names and symbols of recognized organizations. The case has drawn significant media attention and has sparked public debate about the role of fraternities in campus life and the importance of accountability in cases of hazing.  

Overall, the case has underscored the serious nature of hazing and the legal consequences that can follow. It has also highlighted the importance of clear communication and the need for transparency in cases involving the use of a fraternity's name and symbols. The case has become a focal point for discussions about the responsibilities of fraternities and the importance of protecting the rights and reputations of all members of the university community.",multi_news,Summary:,b2c280c5ff87004e00fb7dcdfd0cf4d4d8fc01572fc61a7e
en,532,0.5,"Now, write a one-page summary of all the news.

",multi_news,1589,"['Elon Musk wasn\'t blowing smoke. The BBC reports on a three-sentence statement issued by six of Tesla\'s nine board members saying the board had ""met several times over the last week"" to discuss Musk\'s proposal to take the company private, which he announced via an unexpected tweet Tuesday. The talks ""included discussion as to how being private could better serve Tesla\'s long-term interests"" and the statement ends by saying the board ""is taking the appropriate next steps to evaluate this."" The three board members who did not sign the statement are Musk, brother Kimbal Musk, and a board member who is on leave, reports the Wall Street Journal. At MarketWatch, Steve Goldstein flags some unresolved points: The statement didn\'t elaborate on Musk\'s claim of ""funding secured"" and raised but didn\'t answer a question of timing. ""\'Last week\' predates Tesla\'s filing on Monday of its 10-Q with the Securities and Exchange Commission, which didn\'t mention such discussions. News of a takeover would certainly be considered material,"" he writes. Shares of Tesla are currently down about 1%.']",,"  
Tesla Inc. has sparked significant attention and debate following a surprise tweet from CEO Elon Musk, in which he proposed taking the company private. The tweet, which suggested a $420 per share buyout, would value the company at over $70 billion, making it the largest buyout in history. This announcement has led to a flurry of activity among Tesla’s board of directors, who have begun to evaluate the feasibility of the plan.  

A statement from six of Tesla’s nine board members confirmed that discussions about the potential privatization had taken place. The board members, including Brad Buss, Robyn Denholm, Ira Ehrenpreis, Antonio Gracias, Linda Johnson Rice, and James Murdoch, stated that Musk had initiated a conversation about the possibility of taking the company private. The discussions included the potential benefits of being a private company, such as better long-term strategic planning, and the funding required to make the transition.  

However, not all board members supported the proposal. Two board members, Steve Jurvetson and Kimbal Musk, did not sign the statement. Jurvetson has been on leave from Tesla due to allegations of sexual harassment, while Kimbal Musk is Elon’s brother. The absence of these two members from the statement has raised questions about the level of support for the proposal.  

The board’s statement also left several key questions unanswered. For instance, it was unclear whether the board had been satisfied with the funding plan that Musk proposed. Additionally, the timing of the announcement was questioned, as the board had not previously mentioned the possibility of a buyout in its recent filing with the Securities and Exchange Commission.  

The announcement has also raised legal and regulatory concerns. Some experts have questioned whether Musk’s tweet violated any securities laws, particularly given that the announcement was made through a social media platform rather than through a formal regulatory filing.  

The stock market has also been affected by the announcement. Tesla’s stock price initially surged after the tweet, but it has since dropped, reflecting the uncertainty and volatility surrounding the proposal.  

Musk himself has provided some insight into his reasoning for the proposal. In a staff memo, he explained that being a public company subjected Tesla to “wild swings” in its stock price, which he argued could be a distraction for employees and investors alike. He also cited the pressure of quarterly earnings reports, which he believed could lead to short-term decisions that might not be in the company’s long-term interest.  

Musk also argued that being a public company made Tesla a target for short sellers, who bet against the company’s stock. He claimed that the company was the most short",multi_news,Summary:,6b8491517bafcca99ef3f76092c43d19d5d36405219ef6f4
en,532,0.5,"Now, write a one-page summary of all the news.

",multi_news,770,"['Guess who\'s back? Serena Williams. And she made sure her return to the tennis court Tuesday was a stylish one, the Miami Herald notes, tweeting a picture of herself in a hot pink body suit. ""Look who I spotted on the court. Her first day back,"" Williams wrote. She hadn\'t played since July thanks to health problems; click here to catch up on what\'s been going on. Her agent says Williams is ""progressing well"" and has the OK from doctors to do light cardio, but still has not set an exact date for her return to the WTA Tour.']",,"  
This week, the world of tennis has seen a mix of comeback stories, injuries, and new victories. At the center of the news is Serena Williams, the legendary tennis player, who has been away from the sport since July due to a combination of injuries and health issues. After a long recovery, Williams made her return to training, showing off her skills in a bold fashion with a hot pink body suit. She posted a photo of herself on Twitter, where she shared her first day back on the court. Her agent, Jill Smoller, confirmed that Williams is making a slow and steady recovery, with doctors allowing her to do light cardio. However, she is still on blood thinners due to a pulmonary embolism she had in February. She is also avoiding long flights and is not expected to return to the WTA Tour anytime soon.  

The return to play was not without its challenges. Williams had a long and difficult recovery from a foot injury she sustained in Germany, which led to two surgeries and a long period of inactivity. Her injury was compounded by the fact that she had to stay off her leg for a significant amount of time, which may have contributed to the blood clots that led to her pulmonary embolism. Despite these setbacks, she is still ranked No. 10 in the world and is not withdrawing from the French Open, which starts in May. However, it is more likely that she will return to the court later in the year, possibly at Wimbledon or the U.S. Open.  

Other tennis players have also had their share of injuries and setbacks. World No. 2 Kim Clijsters, who is also a top player, suffered a serious injury when she fell at her cousin’s wedding while wearing high heels. She sustained a severe ankle injury, which required surgery and a long recovery. She is currently in a cast and is expected to be out of action for at least four to six weeks.  

Meanwhile, in the world of tennis, there have been some exciting developments. In the ATP circuit, Ryan Sweeting, a 23-year-old from Florida, won his first ATP title at the U.S. Clay Court Championship in Houston. He defeated the highly ranked Kei Nishikori in a hard-fought match. This victory has propelled him up the rankings, moving him from No. 93 to No. 71. He celebrated his win by jumping into a pool, a tradition at the tournament.  

In the women’s game, the U.S. Fed Cup team has been given a chance to make a strong showing in the world group playoff in",multi_news,Summary:,cad98a082a403a4d23b00bd658ebe9da5d5492c0b7aee6a2
en,532,0.5,"Now, write a one-page summary of all the news.

",multi_news,1741,"['Watch out for stars moving across galaxies or losing power—it could be aliens gathering energy before the lights go out. Dan Hooper, an astronomy and astrophysics professor at the University of Chicago, posted a paper in the preprint journal arXiv.org arguing that aliens in far-off galaxies may be sucking energy from stars to offset risks posed by an expanding universe, LiveScience reports. ""The presence of dark energy in our universe is causing space to expand at an accelerating rate,"" writes Hooper. ""As a result, over the next approximately 100 billion years, all stars residing beyond the Local Group [of galaxies including the Milky Way] will fall beyond the cosmic horizon and become not only unobservable, but entirely inaccessible, thus limiting how much energy could one day be extracted from them."" Therefore, he argues, an advanced civilization may use something like ""Dyson spheres""—an imagined solar-powered satellite dating back to 1930s science-fiction, notes LiveScience—to harvest a star\'s energy or use that energy to move it closer to home. Hooper hinges his case on the work of Russian astronomer Nikolai Kardashev, who argued in 1962 that technologically advanced civilizations would expand via three steps: harvesting resources of their planet, then the nearest star, then all stars in the galaxy and nearby galaxies. So how to spot energy-grabbing aliens? Massive stars emanate certain light wavelengths, which will appear in galaxies\' light signatures if stars are drained energy—that is, when humans have powerful enough instruments to detect it.']",,"  
The news passages explore the concept of advanced alien civilizations and their potential energy-harvesting capabilities, drawing from both scientific theories and science fiction. The first passage discusses the Kardashev scale, a framework proposed by Russian astronomer Nikolai Kardashev in 1962, which categorizes civilizations based on their energy consumption. The scale includes three types: Type I civilizations harness all the energy of their planet, Type II civilizations harness all the energy of their star, and Type III civilizations harness all the energy of their galaxy.  

A recent paper by Dan Hooper, a scientist at Fermi National Accelerator Laboratory and the University of Chicago, has reinterpreted Kardashev's model. Hooper suggests that advanced civilizations may need to harvest energy from distant stars to survive as the universe expands due to dark energy. He argues that as the universe continues to expand, stars will eventually move beyond the cosmic horizon, making them inaccessible. To prevent isolation, advanced civilizations may need to capture and harness energy from other galaxies.  

Hooper also proposes that such civilizations might use ""Dyson spheres""—a concept first introduced by physicist Freeman Dyson in 1960—to collect energy from stars. A Dyson sphere is a hypothetical megastructure that encircles a star, capturing its energy. Hooper suggests that these structures could be composed of millions of satellites, or ""statites,"" which hover in space and collect solar energy. He further speculates that advanced civilizations might use these structures not only to harness energy but also to move stars closer to their home galaxy, ensuring continued access to energy.  

The passage also references science fiction, such as Olaf Stapledon's 1937 novel *Star Maker*, which describes alien civilizations using massive energy-trapping structures. Similarly, Dyson's 1960 paper proposed that advanced civilizations could be detected by their waste heat, which would be visible as infrared radiation.  

The second passage introduces WARCZone, a collection of web archives contributed to the Internet Archive. These archives are not always ingested into the Wayback Machine, but they are stored for reference and accessibility.  

The third passage discusses the idea of ancient, advanced extraterrestrial civilizations that may have developed technologies far beyond our current understanding. These civilizations, potentially millions of years older than humanity, could have built massive energy-harvesting structures, such as Dyson spheres, to sustain their energy needs.  

The passage also highlights the importance of detecting such civilizations. Scientists suggest that advanced civilizations might be able to detect the presence of other civilizations by observing unusual light signatures from galaxies. These",multi_news,Summary:,0719f54af86b9059cf3c25c1d2a59782de2839ed82814db5
en,532,0.5,"Now, write a one-page summary of all the news.

",multi_news,650,"[""Police have arrested one of Disneyland's own employees after yesterday's dry-ice explosion in the Toontown section of the park, reports the Los Angeles Times. Christian Barnes, a 22-year-old vendor who sold soda and water from a cart, is being held on $1 million bond. Police say he filled a bottle with dry ice and dropped it in a trash can. The ensuing blast caused a lot of noise and chaos, but no injuries or serious damage, reports AP. No word on motive, but police don't think it's related to previous dry-ice bombs in the Anaheim area.""]",,"  
A 22-year-old Disneyland employee, Christian Barnes, was arrested on suspicion of placing a ""dry ice bomb"" in a trash can at the theme park, which resulted in a small explosion. The incident occurred on Tuesday, and while no one was injured, the park briefly evacuated the Mickey's Toontown area. The explosion, which was contained to the trash can, caused some disruption but no significant damage.  

Barnes, an outdoor vendor working as a ""cast member"" at Disneyland, was arrested on Wednesday and charged with possession of a destructive device. He was released on $1 million bail and is cooperating with investigators. According to Anaheim Police Department, Barnes was found to have placed dry ice in a water bottle, which was then discarded in a trash can. The dry ice, when exposed to air, sublimates and can create a rapid expansion, leading to the explosion.  

Authorities believe the incident was an isolated one and not connected to similar dry ice explosions in the area in recent months. The police department confirmed that the explosion was contained and did not cause any major damage.  

The incident has raised concerns about safety within the park, particularly in areas frequented by children. Disneyland has stated that it is working closely with local authorities to investigate the matter. A statement from the park emphasized its commitment to safety and cooperation with law enforcement.  

Barnes, who worked as an outdoor vendor, was identified as a ""cast member"" and was described as an outdoor vending employee. He was reportedly working as a vendor selling sodas and water on a mobile cart. The police have not yet disclosed any motive for the incident.  

The incident has sparked public concern and has led to a call for increased safety measures in public spaces. Some visitors have expressed their shock and concern over the incident, with one visitor describing the event as ""crazy"" and ""wild.""  

The incident has also prompted a broader discussion about the potential dangers of dry ice and the importance of proper handling of such materials. The police have emphasized the importance of public safety and have urged the public to remain vigilant.  

The incident has also raised questions about the security of public spaces and the need for increased security measures. The police have stated that they are taking the matter seriously and are working to ensure the safety of the public.  

The incident has also highlighted the importance of public awareness and the need for increased education about the potential dangers of dry ice. The police have emphasized the importance of public safety and have urged the public to remain vigilant.  

The incident has also raised questions about the security of public spaces and the need for increased security measures.",multi_news,Summary:,45738a474abdd937b862f7bec332b4c6ebd457223b3c2ed3
en,532,0.5,"Now, write a one-page summary of all the news.

",multi_news,1543,"['A former well-known Canadian TV sports anchor is in jail after police say he robbed two banks in as many days in the western province of Alberta last week. Police in the small city of Medicine Hat say Steve Vogelsang robbed a Royal Bank of Canada on Thursday, Oct. 19, and then turned around the next day and robbed a Bank of Montreal, CBC reports. He entered both banks without a disguise and after demanding money, left with an undisclosed sum. Police finally arrested Vogelsang at a nearby hotel at around 3am on Saturday. Per CTV Winnipeg News, Vogelsang, 53, was a longtime news director and sports broadcaster at CKY, now CTV Winnipeg. He also taught journalism at Red River College in Winnipeg from 2002 to 2011. Conor Lloyd, a spokesman for the college, says, “I can confirm he is no longer an employee here.” Vogelsang is scheduled to appear in provincial court on Tuesday.']",,"  
Steve Vogelsang, a former Winnipeg broadcast personality and journalism instructor at Red River College, has been charged with two counts of robbery in connection with bank heists in Medicine Hat, Alberta. The 53-year-old was arrested on Saturday and is currently in custody, facing court proceedings in Alberta.  

Vogelsang had a long career in broadcasting, serving as a news director and sports anchor at CKY-TV, now known as CTV Winnipeg, from the early 1990s until 2002. He then transitioned to teaching journalism at Red River College, where he worked from 2002 to 2011. After leaving the college, he and his wife moved to Nelson, British Columbia, but they eventually separated in 2015. Vogelsang returned to Winnipeg in 2016 and later moved back to Vancouver Island, where he had plans to develop a career as a keynote speaker on millennials.  

Financial difficulties have been a significant part of Vogelsang’s recent life. He and his ex-wife owned three properties in Nelson, British Columbia, which they sold at a total loss of $85,000. The couple also owned a home in Winnipeg, but due to financial strain, Vogelsang was unable to make mortgage payments. His ex-wife filed for divorce, and there were allegations of forgery and mortgage fraud.  

Vogelsang has also faced legal and personal challenges. In March 2017, a former student with whom he had a romantic relationship obtained a protection order against him after he continued to contact her despite being asked to stop. He was also charged with three counts of disobeying a court order in August 2017, which are expected to be addressed in court in the coming year.  

In addition to these issues, Vogelsang has been accused of harassing a former student. The student, who had been dating him since 2004, alleged that he continued to contact her through various means, including text, email, and voicemail, even after they broke up in August 2016. She claimed that he had taken steps to avoid being identified, including changing her phone number and blocking her on social media.  

Vogelsang has denied the allegations, stating that the woman had ""misled"" the police and that he had ""always been a respectful and professional person."" He has also claimed that the woman had ""actively interfered"" in his life.  

The bank robberies in Medicine Hat were described as non-violent, with the suspect",multi_news,Summary:,e5a4b2ff98489f486be435f2362f21d5f6b94f4ed1a81add
en,532,0.5,"Now, write a one-page summary of all the news.

",multi_news,1463,"['An Oklahoma girl diagnosed with ""super"" E. coli is facing a life-or-death battle—and worse, she\'s only 11 months old. ""With this strain of E. coli, it can get in her brain, it can get in her spinal cord, basically cause her to go into cardiac arrest,"" her grandfather, Chris Curtis, tells KFOR. ""And we heard that it was a very, very scary situation."" Her family says it\'s not clear how Oakleigh Nance got the infection, which appears resistant to antibiotics, but the CDC is investigating. It all started when Oakleigh was born premature at only 3 pounds and ""started off on 4 liters of oxygen,"" according to a GoFundMe page to help pay her medical bills. ""In the NICU, they used to call her Miss Sassy because of her ability to express her displeasure with her circumstances,"" the page says. Then she went home and was fine for months until a 104-degree temperature and severe urinary tract infection sent her back to the hospital. Since then, she\'s been diagnosed with moderate ASD and pulmonary stenosis of the heart, stage 3 kidney reflux, and ""a dangerous, antibiotic resistant strain of Pseudomonas,"" says the GoFundMe page. Now doctors are planning a 4 1/2-hour procedure on her kidney, which is functioning at 22%, to possibly prevent other infections. ""I know that God is in control of all else, and when I think about what’s going on in her life, I think about my faith in God,"" says Curtis. ""That’s what sustains me and gets me through it."" (Read about a brain-eating bacteria that has returned to Louisiana.)']",,"  
Oakleigh Nance, a 11-month-old infant from Oklahoma, has been fighting for her life after being diagnosed with a severe and antibiotic-resistant infection. Born prematurely at just 3 pounds, Oakleigh spent time in the NICU and was initially healthy, despite having a small size. However, her health took a turn when she developed a high fever and was later diagnosed with a severe urinary tract infection (UTI) that had spread to her kidneys. The infection was caused by a dangerous strain of *Pseudomonas*, a bacteria known for its resistance to many antibiotics.  

After being treated with antibiotics, the fever subsided, but the infection returned, leading to further hospitalization. Tests revealed that Oakleigh had stage 3 kidney reflux, a condition where urine flows backward from the bladder to the kidneys, increasing the risk of infections. Her kidney function was also severely compromised, with her left kidney showing only 22% functionality.  

In addition to the kidney issues, medical tests revealed that Oakleigh had a moderate atrial septal defect (ASD) and pulmonary stenosis, both of which are heart conditions. These findings have raised concerns about the potential for complications, especially given the recent infections and the impact on her kidneys.  

Oakleigh is scheduled for a major surgical procedure to correct the kidney reflux and improve her kidney function. The surgery will involve cutting back the ureters to prevent the backward flow of urine and removing a portion of the kidney. The operation is expected to last approximately 4.5 hours.  

Following the surgery, Oakleigh will need to undergo further testing with a cardiologist to assess her heart conditions. The family is hopeful that the surgery will help prevent future infections and improve her overall health.  

However, the situation is complicated by the fact that Oakleigh has been exposed to multiple antibiotics over the past several months due to her recurring infections. This has led to concerns about antibiotic resistance, making it more difficult to treat her current infections.  

The family has also been dealing with the emotional and financial strain of the situation. They have been raising funds through a GoFundMe campaign to help cover the costs of her medical care.  

In a separate news piece, a medical article explains what a *Pseudomonas* infection is. It describes *Pseudomonas aeruginosa* as a common type of bacteria that can cause serious infections, especially in individuals who are weak or ill. These infections are difficult to treat because the bacteria can resist many types of antibiotics.  

The article also highlights that *Pseudomonas* infections can occur in various parts of the body",multi_news,Summary:,3df8184414fb6c8fd721cbc56a5772b93fbf43a6f99f585d
en,532,0.5,"Now, write a one-page summary of all the news.

",multi_news,536,"[""A homeless man was arrested after hopping the White House fence Tuesday night in an incident captured by CNN's John King USA program, which was filming from the North Lawn. The man was quickly taken into custody by Secret Service agents who approached him with guns drawn. Security officers locked the area down after finding a backpack that had been thrown over the fence nearby. The 41-year-old intruder was charged with unlawful entry and contempt of court for breaking a judicial order requiring him to stay away from the White House. It's not uncommon for the White House fence to be breached, notes the Washington Post: A 6-year-old girl made it onto the White House lawn over the weekend by slipping through the fence instead of going over it. Secret Service agents returned her to her parents.""]",,"  
On Tuesday, a man named James Dirk Crudup, 41, was apprehended after he jumped the security fence surrounding the White House. The incident occurred late in the evening, and it was captured live by CNN, which was broadcasting from the North Lawn of the White House. According to the Secret Service, Crudup was tackled by officers as he attempted to enter the restricted area. He was then subdued by two uniformed Secret Service agents who approached him with guns drawn.  

The man was ordered to lie down by the officers, who then handcuffed him and placed him in custody. A backpack that was found near the fence was being examined by security personnel. The Secret Service confirmed that the man was unarmed and was not a threat. The incident was not considered an immediate danger, and the area was secured before the Secret Service issued an all-clear directive.  

The Secret Service spokesperson, Ed Donovan, confirmed that the man, James Dirk Crudup, was charged with unlawful entry and contempt of court. The contempt charge was related to a previous court order that required him to stay away from the White House due to prior incidents. The man had been previously ordered to stay away from the White House, and this was a repeat offense.  

The Secret Service also noted that the man was homeless and had a history of similar incidents. The man was not armed, and there was no indication that he had any intention of causing harm. The Secret Service emphasized that the man was not a threat to the White House or its occupants.  

The incident was not the first of its kind. Earlier in the week, a 6-year-old girl had managed to enter the White House grounds by slipping through the fence. She was then escorted out by the Secret Service and returned to her parents. This incident highlighted the ongoing challenge of maintaining security at the White House, particularly with regard to the perimeter.  

The Secret Service has stated that such incidents are not uncommon, and they have taken steps to increase security measures around the White House. The Secret Service has also emphasized the importance of maintaining the integrity of the White House grounds and ensuring the safety of the President and other officials.  

The incident has sparked a discussion about the need for increased security measures and the importance of maintaining the safety of the White House. The Secret Service has also emphasized the need for continued vigilance in protecting the White House and its occupants.  

In conclusion, the incident involving James Dirk Crudup highlights the ongoing challenges of maintaining security at the White House. The Secret Service has taken steps to ensure the safety of the White House and its occupants, and they have emphasized the importance of maintaining the integrity",multi_news,Summary:,01932b64e57168c97287e2ac84b4097f0f56099a0c67abb2
en,532,0.5,"Now, write a one-page summary of all the news.

",multi_news,1325,"['A North Carolina woman allegedly locked in the trunk of a moving car by her boyfriend was saved by a quick-thinking 911 dispatcher and a lowly flip phone, ABC News reports. The 29-year-old woman called 911 around 4am Jan. 14. The woman had gotten in a fight with her boyfriend, who was ""jealous,"" according to WRAL. Before dispatcher Tim Medlin could get much information from the woman, the call was dropped. He was unable to get her to answer when he called back. Then Medlin remembered a flip phone the 911 communications center keeps around in case the phone lines go down, WTVD reports. He says texting was the only way he could think to contact her without getting ""her in trouble."" The woman texted Medlin back, letting the dispatcher know she was in a red Mustang headed toward Fayetteville. Verizon provided the location of the woman\'s phone, and police stopped her and her boyfriend, Nicholas Mattevi, in Fayetteville. Mattevi, 32, was arrested and charged with false imprisonment. ""I can go to bed,"" Medlin recalls feeling upon hearing of the arrest. ""We\'ve done our job."" He says he\'s planning to buy a smartphone for the office to replace the old flip phone and make it easier to text if there\'s a next time. Medlin\'s boss tells ABC the dispatcher ""really stood by our motto: Failure is not an option."" (This 911 dispatcher was accused of hanging up on callers.)']",,"  
A 911 dispatcher in Johnston County, North Carolina, recently demonstrated quick thinking and resourcefulness by helping to rescue a woman who was locked in the trunk of a moving car. The incident occurred on January 14, 2017, when a 29-year-old woman called 911 after being forced into the trunk of a car by her jealous boyfriend. The woman, who was in distress, was unable to communicate clearly with the 911 operator, and the call was lost.  

The 911 supervisor, Tim Medlin, attempted to call the woman back but was unsuccessful. Recognizing the urgency of the situation, Medlin decided to use a cell phone to text the woman. The woman responded, and through their communication, Medlin was able to gather critical information, including the make and color of the vehicle and the direction the car was heading.  

Using this information, Medlin contacted the Cumberland County Sheriff’s Office, which then reached out to Verizon Wireless to track the woman’s phone. With the help of the cellphone provider, authorities were able to locate the vehicle and identify the woman’s boyfriend, Nicholas Mattevi. Police in Fayetteville eventually found the car and rescued the woman, who was unharmed. Mattevi was arrested and charged with false imprisonment.  

The incident highlights the importance of technology in emergency situations. While 911 centers can receive text messages, they cannot initiate them, a limitation that Medlin and others in the field have pointed out. Medlin used a personal cell phone to text the woman, which allowed for a successful outcome.  

Johnston County’s 911 director, Jason Barbour, praised Medlin’s actions and emphasized the need for 911 centers to have the capability to initiate text messages. He noted that while the current system allows for receiving texts, it does not support sending them, which could be a critical tool in future emergencies.  

The woman was eventually rescued, and the boyfriend, Nicholas Mattevi, was arrested and released on a $10,000 bond. The case also underscores the importance of quick thinking and adaptability in emergency situations.  

The incident has sparked a discussion about the need for updated technology in 911 systems. While the current system has limitations, the use of a cell phone to text the woman demonstrated that even with these constraints, creative solutions can save lives.  

Overall, the story is a testament to the dedication and professionalism of emergency responders, who are often the first line of defense in critical situations. It also serves as a reminder of the importance of",multi_news,Summary:,86cc5c31dee93bddcae9bda95f926d8266b6663aafdd82cb
en,532,0.5,"Now, write a one-page summary of all the news.

",multi_news,420,"['Police in Stanislaus County, Calif., say a 20-year veteran of the force was ""executed"" early Sunday after investigating a stolen van and a suspicious person outside Modesto. Sheriff\'s Deputy Dennis Wallace was shot twice in the head. Police say a suspect was arrested more than 150 miles away later in the day after allegedly carrying out a carjacking, an armed robbery at a convenience store, and an attempted purse-snatching, the Los Angeles Times reports. David Machado, a 37-year-old described by police as a ""known criminal,"" was connected to the Wallace killing after police in Tulane County recognized his tattoos. Wallace, who was married with children, ""was executed,"" Sheriff Adam Christianson told reporters. ""We believe that Dep. Wallace was killed outside of the car and we know for a fact that the gun used in this crime was in direct contact with his head when the trigger was pulled twice."" He said Wallace, 53, had been involved in programs including youth soccer and early intervention, NBC News reports. ""We need to keep the Wallace family in our thoughts and prayers. We need to keep law enforcement in our thoughts and prayers,"" he said. The Bradenton Herald reports after a knee injury in 2007, Wallace was off for two years without pay and fought a long legal battle to get his job back.']",,"  
The Internet Archive is working to preserve web content by archiving pages as they are created and saving the pages that they link to. This effort aims to ensure that even if a webpage is changed or removed from the web, a version of it will still be available. The goal is to prevent broken links and to help maintain the integrity of online information. The Internet Archive is particularly focused on websites that support the ""No More 404"" initiative, which helps to reduce the number of broken links on the web. By archiving pages and their links, the Internet Archive hopes to provide users with access to the original content that was intended by the page's creators. This initiative is part of a broader effort to preserve the history of the internet and to ensure that important information remains accessible over time.

On October 19, a tragic incident occurred in Modoc County, California, when Sheriff's Deputy Jack Hopkins was fatally shot while responding to a disturbance call. Deputy Hopkins was killed instantly when he was confronted and shot by Jack Lee Breiner, a 47-year-old man, as he entered a property approximately eight miles south of Alturas. Breiner, who was armed, shot and killed Deputy Hopkins as he arrived at the scene. In the aftermath, Breiner fled but was later apprehended and engaged in a gunfight with another deputy, during which he was wounded. Breiner was subsequently charged with murder and other related crimes in connection with the shooting of Deputy Hopkins. The incident has sparked an investigation into the circumstances surrounding the shooting and has raised questions about the safety of law enforcement officers in the field. The tragic death of Deputy Hopkins has also prompted a community response, with many expressing their condolences and calling for justice for the slain officer. The case has drawn attention from local authorities and has highlighted the dangers that law enforcement officers face in the line of duty. The incident has also sparked discussions about the need for better safety measures and support for law enforcement personnel. The case is expected to proceed through the legal system, with Breiner facing potential charges and a trial. The community is mourning the loss of Deputy Hopkins and is seeking to honor his memory. The incident has also raised awareness about the risks that law enforcement officers face and the importance of supporting those who serve in the community. The case is likely to be a significant event in the local news and may have broader implications for discussions about law enforcement and public safety. The incident has also prompted calls for increased support for law enforcement and for improved safety measures for officers on the job. The community is coming together to remember Deputy Hopkins and to honor his service. The case is expected to be",multi_news,Summary:,bd055a3f0452f7edde9adca712d720fc631bd09ebc59f476
en,532,0.5,"Now, write a one-page summary of all the news.

",multi_news,788,"['Fresh off his loss to Mitt Romney at CPAC, Rick Santorum hit the talk shows this morning, and he\'s downplaying the victory, reports Politico: ""You have to talk to the Romney campaign and how many tickets they bought—we\'ve heard all sorts of things,"" Santorum told CNN. ""Ron Paul has won those (straw polls) because he trucks in a lot of people, pays for their ticket, and they come in and vote. I don\'t try to rig straw polls."" Elsewhere on the Sunday dial, as per Politico: Santorum on his chances: ""I think we can do well (in Michigan). I think we can do reasonably well in Arizona, and really make this a two-person race."" Sarah Palin on Romney: He\'s ""a great candidate,"" but ""his idea of conservatism is evolving, and I base this on a pretty moderate past that he has had, even in some cases a liberal past. Now that’s a problem. He’s still in the 30 percentile mark ... because we are not convinced."" Obama chief of staff Jack Lew on the birth control ruckus: The Friday ""accommodation"" is as far as the White House will go. ""There are others who don\'t have the same objective, they will have to speak for themselves, (but) this is our plan."" Ron Paul on \'severe conservative\' Romney: ""That was the first time I’ve heard that definition, so I guess Mitt will have to tell us exactly what it means. Obviously, he means he’s a serious conservative, and he was trying to defend himself, or portray himself as such, but I don’t know exactly what he was meaning by that.""']",,"  
The news highlights political debates and controversies within the Republican Party, as well as ongoing discussions on policy and religious issues.  

In the first passage, former presidential candidate Rick Santorum criticized Mitt Romney's performance in the CPAC presidential straw poll, where Romney secured 38% of the vote compared to Santorum's 31%. Santorum dismissed the results, suggesting that Romney's victory was due to ""rigging"" the process, such as buying votes or paying for attendees. He claimed that his campaign did not engage in such tactics, and that he did not seek to manipulate the results of the straw poll. However, Romney's campaign and supporters countered Santorum's claims, with Romney's campaign spokesperson, Andrea Saul, accusing Santorum of making false statements. She emphasized that Romney had won both the CPAC straw poll and a separate nationwide survey of conservatives, as well as the Maine caucuses. She also highlighted Romney's appeal to conservative voters, suggesting that he was the best candidate to change Washington.  

In the second passage, Ron Paul, a long-time Republican and former presidential candidate, expressed confusion over Mitt Romney's self-identification as a ""severe"" or ""serious"" conservative. Paul questioned the meaning of the term and suggested that Romney's description of himself as a ""serious"" conservative was unclear. He implied that Romney's definition of ""serious"" was not aligned with traditional conservative values, and that he was not sure what Romney meant by the term.  

The third passage discusses the ongoing debate over President Barack Obama's policy on birth control and its impact on Catholic institutions. White House Chief of Staff Jack Lew defended the administration's position, stating that the President's stance on birth control and the issue of religious freedom had been consistent. He emphasized that the administration had made a compromise with the Catholic Church, allowing for a certain level of accommodation, but that the administration would not go further. He also addressed the issue of whether insurance companies would cover the cost of birth control for Catholic institutions, such as schools and hospitals. He suggested that the administration had made a compromise, and that the decision was based on the need to balance religious freedom with the need for affordable healthcare.  

Overall, the news covers a range of political and social issues, including the ongoing debates within the Republican Party, the challenges faced by the Obama administration, and the ongoing discussions on religious and ethical issues. The news also highlights the importance of political strategy, the role of media in shaping public opinion, and the impact of policy decisions on various groups and individuals.",multi_news,Summary:,cd5fba73cf0b38e75ea2e39da56340e1dfa26ae1f746b866
en,532,0.5,"Now, write a one-page summary of all the news.

",multi_news,3668,"['For decades, the human story was one told through signs of modernity—art, tools, burials—found only after Homo sapiens left Africa. Recent discoveries pushing back the date of departure are helping to change that narrative, as are three new studies in Science. Together, they describe the earliest stone tools of their kind in East Africa as well as the earliest evidence for long-distance transport of raw materials in the region, per Science News. Researchers previously believed the Early Stone Age marked by large, primitive tools (hand axes and cleavers) made way for the Middle Stone Age and its smaller tools (spearpoints and blades) around 280,000 years ago. But stone tools found in Kenya\'s Olorgesailie Basin show hominin groups—it\'s not clear which species is responsible—had developed these more advanced tools approximately 320,000 years ago. ""We see a smaller technology, a more diverse series of stone tools … designed for specific purposes,"" researcher Rick Potts tells NPR. An expert not involved in the study says the tools are so ""prepared and retouched"" they suggest the Middle Stone Age likely started even earlier. What drove it? Microscopic and chemical analyses of the region\'s soil show the landscape was rapidly shifting between wet and dry conditions, meaning hominins might have been forced to adapt. But as the technology also coincides with the emergence of Homo sapiens in Africa, it\'s possible that the human mind deserves credit. The tools themselves suggest the development of trading networks, too. Some were made of rocks carried from 55 miles away, says Potts. Others were made of obsidian from as far as 30 miles away, per the Conversation. (These stone tools are also making waves.)']",,"  
Recent archaeological and paleontological discoveries in Kenya's Olorgesailie Basin have significantly advanced our understanding of early human behavior, technological innovation, and social networking during the Middle Stone Age (MSA), approximately 320,000 years ago. These findings, published in *Science*, suggest that dramatic climate changes in East Africa played a crucial role in driving the evolution of complex behaviors among Homo sapiens and their close relatives.  

The research, led by scientists such as Rick Potts and Alison Brooks, reveals that the MSA is marked by the emergence of smaller, more specialized stone tools, including sharp-edged blades and spear points. These tools, made from materials like obsidian, indicate a shift from the earlier Acheulean technology, which featured large, heavy hand axes. The presence of obsidian, sourced from distant locations up to 55 miles away, suggests the development of long-distance trade and social interaction among hominin groups. This exchange of materials and ideas may have been a key factor in the survival and adaptation of early humans in a rapidly changing environment.  

In addition to tools, researchers have uncovered evidence of the use of red and black pigments, including grinding marks on rock fragments. These findings suggest that early humans may have used pigments for symbolic purposes, such as marking territory, signaling group identity, or even for ritualistic or decorative uses. The presence of such materials also implies the existence of complex cognitive abilities and the development of cultural practices.  

The study of climate change in the region has further highlighted the importance of environmental factors in shaping human behavior. The Olorgesailie Basin experienced frequent shifts between wet and dry conditions, which likely forced early humans to expand their foraging ranges and develop more efficient hunting and gathering strategies. These environmental pressures may have driven the evolution of more advanced cognitive and social skills, including the ability to plan, communicate, and collaborate with others.  

The discovery of these tools and materials at Olorgesailie challenges previous assumptions about the timeline of human evolution. Previously, it was believed that the MSA began around 280,000 years ago, but the new findings push this date back to at least 320,000 years. This suggests that the transition from the Early Stone Age to the MSA was a gradual process, with significant technological and cultural developments occurring over a long period.  

The research also emphasizes the role of social networks in the survival of early human populations. The exchange of materials, such as obsidian and pigments, indicates that hominin groups were not isolated but were part of a broader network of interactions",multi_news,Summary:,9f364b72d418b0b3e9c6dbb3de18ea7b07c749b2882f9033
en,532,0.5,"Now, write a one-page summary of all the news.

",multi_news,3925,"['Could it be? A Chinese ship searching for Flight 370 has picked up a ping in the southern Indian Ocean, reports CNN and the BBC. Both cite a report in China\'s Xinhua news agency. The pulse is 37.5 kHz, the frequency for the Malaysian plane\'s black-box data recorders, says the president of the beacon\'s manufacturer. All the reports caution that it could turn out to be yet another false hope, however. ""This could be a variety of things,"" says one oceanographer, noting that the frequency is used by lots of instruments. For the record, the Chinese ship detected the signal at 25 degrees south latitude and 101 degrees east longitude, says the state-run Xinhua. ""It is yet to be established whether it is related to the missing jet,"" the report says. The development comes as dozens of ships and planes intensify their sweeps in the search zone, given the finite battery life of the data recorders.']",,"  
The search for Malaysia Airlines Flight 370, which disappeared on March 8, 2014, with 239 people on board, continues with renewed hope and caution. A Chinese ship, the Haixun 01, has reported detecting a signal with a frequency of 37.5 kHz, matching the frequency of the plane's black box pingers. The signal was detected twice—once on Friday and again on Saturday—by the ship, which is equipped with a handheld hydrophone. However, the signal was not recorded, and its origin remains uncertain.  

The Australian-led search operation, coordinated by Angus Houston, head of the Australian Maritime Safety Authority (AMSA), is deploying up to 10 military planes, two civil aircraft, and 13 ships to investigate the signal. The search is focused on three areas in the southern Indian Ocean, approximately 2,000 kilometers northwest of Perth, covering a vast area of about 216,000 square kilometers.  

The signal, which is consistent with the frequency of an aircraft's black box pinger, has been reported by the Chinese ship in an area approximately 1,020 miles west-northwest of Perth. This location is between previous search zones and is considered a high probability area for the plane's wreckage. However, the signal is described as ""fleeting"" and not continuous, which raises questions about its authenticity.  

The signal was also detected by the Australian naval vessel Ocean Shield, which is equipped with a U.S. Navy towed pinger locator, a more advanced system than the Chinese ship's handheld hydrophone. The British Royal Navy vessel HMS Echo is also involved in the search.  

In addition to the signal, a number of white objects were sighted near the area where the signal was detected. These objects were spotted by a Chinese air force plane, but they have not been confirmed as debris from the missing plane.  

The search teams are also investigating other potential leads, including a number of acoustic signals detected by other ships and aircraft. However, no confirmed debris has been found, and the search continues with the hope that the signal is related to the missing plane.  

The search is being conducted in challenging conditions, including rough seas and unpredictable weather. The search area is vast, and the depth of the ocean in the region is significant, making it difficult to locate the plane's wreckage.  

The search is also being complicated by the fact that the plane's black box pingers are expected to stop working within the next few days, as their batteries are designed to",multi_news,Summary:,b4edb673ab78ecd823ee1354849fa4d58d9d3366d7e54561
en,532,0.5,"Now, write a one-page summary of all the news.

",multi_news,1036,"['President Trump escalated his Twitter war with CNN on Sunday, and in the process sparked more concern that he is advocating the use of violence against members of the media, the Hill reports. The president tweeted a modified video of a 2007 WWE wrestling match he took part in, obscuring his opponent\'s head with the CNN logo, which he proceeds to beat with his fists. Trump tweeted the video with the hashtags ""#FraudNewsCNN"" and ""#FNN."" A CNN spokesman called it ""a sad day when the president of the United States encourages violence against reporters."" But on ABC News, Homeland Security adviser Tom Bossert suggested CNN and other critics were overreacting. ""No one would perceive that as a threat,"" he said, adding that Trump is ""beaten up in a way on cable platforms that he has a right to respond to."" The new video comes just a few days after Trump posted two tweets in which he talked about MSNBC\'s Morning Joe co-host Mika Brzezinski ""bleeding badly from a face-lift."" Those tweets sparked condemnation from all over the political spectrum, with even Trump\'s fellow Republicans calling them unpresidential. On Saturday, however, Trump took to Twitter once again to address the backlash, writing, ""My use of social media is not Presidential – it\'s MODERN DAY presidential,"" Politico reports. At a press conference Thursday, Deputy White House Press Secretary Sarah Huckabee Sanders said Trump ""no way, form or fashion has ever promoted or encouraged violence,"" the Washington Post reports. ""In fact quite the contrary.""']",,"  
The news passages highlight a range of political and social issues, primarily focusing on President Donald Trump's communication style, public reactions, and the controversies surrounding his use of social media.  

In Passage 1, a personal anecdote is shared about a woman who was injured during a facial procedure and was allegedly invited to a private event at Mar-a-Lago. The narrator refused the invitation, indicating a personal boundary.  

Passage 2 discusses the controversy surrounding President Trump's social media activity, particularly a tweet that depicted him body-slamming and punching a person representing CNN. Homeland Security Adviser Tom Bossert defended the tweet, stating that it was not intended as a threat and that it was a response to perceived unfair treatment by media outlets. He emphasized that Trump's use of social media was a direct way to communicate with the American people. However, the defense of the tweet was met with criticism from some media figures and political commentators, including CNN contributor Ana Navarro, who accused the adviser of compromising his principles and failing to stand up for the president.  

Passage 3 delves into the broader context of Trump's use of social media, particularly his Twitter activity, which has been a source of controversy since he took office. The passage notes that Trump's tweets have often been provocative and have sparked debates about the appropriate use of social media by a sitting president. He has defended his use of social media as a modern and necessary tool for communication, asserting that it is a ""modern day presidential"" approach. However, his frequent and often inflammatory tweets have drawn criticism from both political opponents and allies. Some Republicans have expressed concern about the tone and content of his tweets, while others have supported his approach.  

Passage 4 appears to be a technical note about the functionality of Twitter, specifically regarding the ability to add location information to tweets. It does not contribute significantly to the overall narrative of the news.  

Overall, the news passages reflect the ongoing debate about the role of social media in political communication, the impact of a president's public statements, and the challenges of maintaining a respectful and constructive dialogue in a polarized political environment. The summaries highlight the tensions between different political figures, the public's reaction to a president's behavior, and the broader implications of using social media as a tool for political expression.",multi_news,Summary:,4fa82967bc98a888bd0399cb741555758892ec4316d2bdf1
en,532,0.5,"Now, write a one-page summary of all the news.

",multi_news,4070,"['Frightened North Carolinians fleeing Irene are jamming highways as the East Coast steels for what could be the biggest hurricane in decades. At least seven states have now declared a state of emergency, and hundreds of flights are being canceled. Gas stations are running out of fuel and ATMs have been emptied of cash as Americans hit the road for a bumper-to-bumper trip out of Irene\'s angry path. The Category 3 storm is expected to hit the Southeast sometime tomorrow, and hundreds of thousands of residents have been ordered out of their homes in three North Carolina counties. Norfolk, Va., is also ordering residents to evacuate, and Washington, DC, has been forced to postpone Sunday\'s planned MLK Memorial dedication. ""This is a very, very serious situation,"" a spokeswoman for Dare County told ABC News. ""We have not seen anything like this in the lifetimes of most our residents. Once the storm hits, it will be very difficult to respond to distress calls."" Irene is some 700 miles wide now and moving at a slow 12mph, which means it can wreak extensive damage in a region over a long period of time; it could cause up to $13.9 billion in damage on the East Coast. The storm is expected to barrel into New York City on Sunday, packing winds of up to 90mph. New Jersey communities are already being evacuated, and hundreds of street fairs have been canceled and elder care facilities and hospitals in low-lying area will be evacuated in New York today. NYC Mayor Michael Bloomberg says residents in low-lying parts of the city should get out today as the transit system is planned to be shut down tomorrow.']",,"  
Hurricane Irene, a Category 3 storm with winds up to 115 mph, was expected to make landfall along the North Carolina Outer Banks on Saturday, with its path potentially extending into the Northeast. The storm’s trajectory raised concerns about widespread damage, with officials in multiple states declaring states of emergency. Maryland, Virginia, and the District of Columbia issued evacuation orders, particularly for coastal areas, as the storm was forecast to bring heavy rain, strong winds, and a significant storm surge.  

The National Weather Service upgraded the alert for the D.C. area from a Tropical Storm Watch to a Tropical Storm Warning, and the storm was expected to weaken slightly to a Category 2 as it approached the East Coast. The storm’s slow movement and large size meant it could bring prolonged rainfall and sustained winds, increasing the risk of flooding and power outages.  

In Washington, D.C., the planned dedication of the Martin Luther King Jr. Memorial on August 28 was postponed due to the storm’s threat. The event was rescheduled for September or October, with organizers citing safety as the primary concern. The memorial, which had been in the planning stages for over 20 years, was seen as a significant cultural and historical milestone.  

Across the region, preparations were underway to mitigate the storm’s impact. Metro and other transit systems in the D.C. area implemented safety measures, including the placement of sandbags at stations and the deployment of chain saws to clear debris. Power companies like Pepco, Dominion Virginia Power, and BGE warned customers to prepare for potential power outages and to have emergency plans in place.  

Evacuation efforts were underway in coastal areas, with thousands of residents leaving their homes in the wake of mandatory orders. In Ocean City, Maryland, and other beach towns, residents were urged to leave before the storm arrived. Traffic congestion was reported on major highways, as people fled the coast.  

In New York City, Mayor Michael Bloomberg warned residents in low-lying areas to evacuate, citing the potential for the city’s transit system to be shut down. The city also prepared emergency shelters and stockpiled supplies, including food, water, and medical equipment.  

The storm’s impact was felt across multiple sectors, including transportation. Amtrak canceled train services from the Southeast and curtailed operations in the Northeast. Airports anticipated flight delays and cancellations, with airlines offering flexibility to passengers.  

Schools and universities, including the University of Maryland, George Washington University, and the College of William and Mary, adjusted their schedules, with some opening dormitories early to allow students to prepare for",multi_news,Summary:,7226efab4c9cafdc60df3b0caf454eca376069edec7aa82c
en,532,0.5,"Now, write a one-page summary of all the news.

",multi_news,2365,"['A Florida police chief got arrested Friday for allegedly soliciting a prostitute and was promptly fired just 10 months into his tenure, NBC Miami reports. According to an arrest report, Miami Gardens Police Chief Stephen Johnson called a number in a ""two-girl special"" prostitution ad and negotiated a $100 deal for two women for 30 minutes. Only problem: The woman he allegedly paid at a motel was really a sheriff\'s detective. ""The stress overwhelmed me, and I made a very bad decision,"" Johnson tells the Miami Herald in his apology. He was hired last May to repair community relations after former top cop Matthew Boyd resigned amid allegations of harassment and illegal tactics. ""It was one of the most painful things I\'ve ever heard as a manager,"" says the city manager who fired Stephens, the Sun-Sentinel reports. ""It\'s like a punch in the stomach.""']",,"  
Miami Gardens Police Chief Stephen Johnson was arrested on February 27, 2015, for soliciting a prostitute, leading to his immediate firing from his position. The arrest occurred during an undercover operation by the Broward Sheriff’s Office, which had placed an escort ad on Backpage.com. Johnson called the number, arranged to pay $100 for 30 minutes with two prostitutes, and was arrested after arriving at a Dania Beach hotel. According to the arrest report, he had two condoms in his pocket when he was apprehended.  

Johnson, 53, was held on a $300 bond and was not represented by an attorney at the time of his arrest. He was later released from the Broward County Jail after posting bond. The incident sparked public outrage and further scrutiny of the Miami Gardens Police Department, which had already faced criticism following the fatal shooting of 25-year-old Lavall Hall by a police officer. Hall’s family had held protests and demanded answers after the incident.  

Johnson had been appointed as the city’s police chief in May 2014, following a long career with the North Miami Police Department. He had also served as North Miami’s city manager from 2011 to 2014. His appointment was seen as a step toward improving the department’s relationship with the community, which had been strained by previous allegations of racial profiling and harassment.  

The arrest of Johnson was a significant setback for the department, which had been working to rebuild its reputation. Assistant Chief Antonio Brooklen was named interim chief, and the city’s mayor, Oliver Gilbert, expressed support for the decision. The department issued a statement reaffirming its commitment to excellence and integrity.  

In a statement, Johnson apologized for his actions, citing job-related stress as a factor. He also mentioned an incident involving a 10-year-old girl who had been struck by an undercover officer, which he said had overwhelmed him emotionally.  

The incident has raised questions about the leadership and conduct of the Miami Gardens Police Department. City Manager Cameron Benson described the arrest as a “painful” and “unexpected” event, emphasizing the need for the department to continue its efforts to serve the community.  

The arrest has also highlighted the challenges faced by the department, which has been under pressure to improve its performance and restore public trust. The incident has added to the list of controversies surrounding the department, which has been struggling to maintain its credibility in the wake of recent scandals.  

Overall, the arrest of Stephen Johnson has been a major event for the city of Miami Gardens, drawing widespread",multi_news,Summary:,37c63596ba279ad8d0b73451686e7d31f90d690c08f998ac
en,532,0.5,"Now, write a one-page summary of all the news.

",multi_news,773,"[""Google's parent company appears to be satisfied with how Sundar Pichai has performed during his four months as Google CEO, judging by the gargantuan $199 million equity award revealed in a securities filing. Alphabet stated that Pichai was awarded 273,328 Class C Google stock units on Feb. 3, bringing his holdings to around $650 million, reports the Wall Street Journal. The award makes Pichai the highest-paid CEO in America, according to the Guardian, which notes that Pichai's fortune is dwarfed by those of Google founders Larry Page and Sergey Brin, who are worth around $34 billion each, and by that of previous CEO Eric Schmidt, who's sitting on around $3 billion. (A former Google employee was awarded exactly $6,006.13.)""]",,"  
In 2014, Sundar Pichai, the CEO of Google and then part of Alphabet Inc., was recognized for his leadership and contributions to the company. Pichai was awarded a significant equity grant, which was valued at $199 million at the time of the grant, though its current value had slightly decreased to around $182 million due to market fluctuations. This grant was part of a larger package of equity that Pichai had accumulated over the years, bringing his total equity stake in Alphabet to over $600 million. This made Pichai one of the highest-paid executives in the United States, though still far behind the wealth of Google’s co-founders, Larry Page and Sergey Brin, as well as former CEO Eric Schmidt.  

The equity award was structured to vest in quarterly increments over the next four years, contingent upon Pichai’s continued employment with Alphabet. This type of vesting schedule is common in executive compensation packages and is designed to align the interests of the executive with those of the company. The award was also notable for being one of the largest in the United States, though it was still slightly less than the $376 million equity grant that Tim Cook, the CEO of Apple, had received in 2011.  

Pichai’s equity award was not the only significant compensation package given to executives at Alphabet. Other high-profile executives, such as Ruth Porat, the Chief Financial Officer of Alphabet, and Diane Greene, the head of Google’s cloud computing business, also received substantial equity grants. Porat was awarded shares worth approximately $38 million, while Greene received shares valued at around $42.8 million. These awards were in addition to other forms of compensation, such as signing bonuses, that these executives had received.  

The equity grants were part of a broader trend of increasing executive compensation in the technology sector. As companies like Alphabet and Google continue to grow and expand, the need for attracting and retaining top talent has become more critical. As a result, companies are increasingly using equity compensation as a tool to attract and retain top executives.  

In addition to the equity grants, Pichai and other executives at Alphabet were also involved in various other activities and initiatives. For example, Pichai was known for his involvement in the development of new products and services, as well as his leadership in the company. He was also known for his public appearances and his engagement with the media.  

Overall, the news highlights the significant role that equity compensation plays in the technology sector and the importance of attracting and retaining top talent. It",multi_news,Summary:,aedb655320f6a23ffbcaeb9f4c504674e467e678e30bb8e7
en,532,0.5,"Now, write a one-page summary of all the news.

",multi_news,1614,"['After a social media campaign—and an avalanche of bad publicity—a drug company has done a U-turn and agreed to give a dying 7-year-old boy an experimental drug that could save his life. The FDA allows ""compassionate use""of unapproved drugs in such cases, but the Chimerix pharmaceutical company had insisted that giving the drug to Josh Hardy, who developed a bone marrow disorder after cancer treatment, would delay efforts to get it to market, CNN reports. Chimerix president Kenneth Moch says Josh will be the first patient in a pilot trial for the drug. ""Being unable to fulfill requests for compassionate use is excruciating, and not a decision any one of us ever wants to have to make,"" says Moch, who tells the Fredericksburg Lance-Star that he and his employees have received death threats amid a flood of pleas to help the Virginia boy. Josh is expected to receive the drug within 48 hours, though his mother fears he is running out of time. ""Even though he is frail, he has a very strong will about him,"" she tells Fox News. ""But things just keep stacking against him, and we just want to do everything we can to give him the opportunity to make a full recovery.""']",,"  
Josh Hardy, a 7-year-old from Fredericksburg, Virginia, is battling a life-threatening adenovirus infection after undergoing a bone marrow transplant. His condition has deteriorated significantly, with severe complications including heart and kidney failure, and he is currently in critical condition at St. Jude Children’s Research Hospital in Memphis, Tennessee.  

Josh’s parents, Aimee and Todd Hardy, have been tirelessly advocating for their son, seeking medical assistance and public support to secure access to the antiviral drug brincidofovir, manufactured by Chimerix. The drug, known as CMX001, is not yet approved by the FDA for widespread use and is still under development. Initially, Chimerix had refused to provide the drug to Josh, citing concerns about the potential delay in the drug’s approval process and the impact on its market.  

However, after intense public pressure, including widespread media coverage, social media campaigns, and direct appeals from Josh’s family, Chimerix agreed to participate in a new clinical trial. The company announced that Josh would be the first patient to receive the drug as part of a new study. The decision was met with overwhelming emotional relief by Josh’s family, who expressed deep gratitude and praised the company for its change of heart.  

Chimerix’s CEO, Kenneth Moch, stated that the company had been in discussions with the FDA for some time and had been working to find a solution that would benefit both Josh and other patients. Moch emphasized that the new clinical trial would allow for the drug to be tested on a broader group of patients, potentially leading to faster approval and wider availability.  

The story of Josh Hardy has sparked a national conversation about the ethical responsibilities of pharmaceutical companies, the importance of compassionate use programs, and the role of public advocacy in influencing corporate decisions. The case has also highlighted the challenges faced by families of children with rare and life-threatening illnesses, who often find themselves in a desperate and vulnerable position.  

In response to the situation, the FDA has acknowledged the importance of compassionate use programs, which allow patients with serious or life-threatening conditions to access experimental drugs before they are approved. The agency has also emphasized the need for continued research and development to bring new treatments to market.  

The public response to Josh’s case has been overwhelmingly supportive, with thousands of people across the country joining the effort to raise awareness and pressure Chimerix to provide the drug. Social media platforms have been flooded with messages of support, and numerous online campaigns have been launched to help Josh and his family.  

The story has also brought attention to the broader issue of access to life",multi_news,Summary:,f5cb169ccbed4f8d2dd290c668baa88540aa0d870e377a5d
en,532,0.5,"Now, write a one-page summary of all the news.

",multi_news,2624,"['The latest disturbing Hollywood sexual misconduct allegation involves Tom Sizemore, an actor who has already faced drug and domestic violence charges. Multiple cast and crew members tell the Hollywood Reporter that Sizemore, best known for roles in war films including Black Hawk Down, was kicked off a Utah movie set in 2003 for allegedly touching an 11-year-old girl\'s genitals. They say the day after a Born Killers scene in which the girl sat on Sizemore\'s lap, she told her parents that he had touched her inappropriately, possibly putting his finger inside her. ""At one point her eyes got just huge, like she could\'ve vomited. I was watching her,"" co-star Robyn Adamson says. ""Later, when I was told about what happened, I knew exactly what it was."" ""There was never any doubt. He was this guy who was already known for making inappropriate comments, being drunk, being high,"" says production assistant Roi Maufas. ""Then this happens. Guys reached for hammers,"" he says. Producers say Sizemore, who was ordered to leave the set, denied the allegations. Crew members say the girl\'s parents spoke to police, but ended up not pressing charges, possibly out of fear of ruining her film career. She is now 26 and says she is considering legal action against both Sizemore and her parents. Sizemore, 55, was dropped by his management firm soon after the incident. Former manager Charles Lago tells USA Today that he is ""not surprised"" by the allegations. ""He\'s the most abhorrent person I\'ve ever met in my life,"" Lago says.']",,"  
Tom Sizemore, a well-known actor with a history of legal troubles and substance abuse, is now facing a new allegation of sexual misconduct. According to a report by *The Hollywood Reporter*, Sizemore was accused of touching the genitals of an 11-year-old girl during a photo shoot on the set of the 2003 film *Born Killers* (also known as *Piggy Banks*). The incident occurred in Utah, and the young actress, now 26, reportedly told her mother about the alleged abuse.  

Sizemore was reportedly sent off the set after the incident, and the production team was reportedly upset and concerned. However, the girl's parents chose not to pursue legal action, and Sizemore was later allowed to return for reshoots in Malibu. The incident was initially kept private, but it has now resurfaced in the wake of the Harvey Weinstein scandal, which has led to a broader conversation about sexual misconduct in the entertainment industry.  

The *Hollywood Reporter* interviewed several individuals involved in the production, including cast members, crew members, and production staff, who confirmed the allegations. They described the incident as a serious and disturbing event that caused tension on set. Some of the crew members and cast members expressed concern about Sizemore's behavior, noting that he had a history of inappropriate conduct and substance abuse.  

Sizemore, who is 55 years old, has had a long and complicated career in Hollywood. He is best known for his roles in *Saving Private Ryan*, *Black Hawk Down*, and *Pearl Harbor*. However, he has also had a history of legal issues, including multiple arrests for drug use and battery charges against women. He has been accused of physically abusing his ex-girlfriend, Heidi Fleiss, who was also known as the ""Hollywood Madam.""  

Sizemore has denied the allegations, and his representatives have not commented on the matter. His agent, Stephen Rice, has stated that the actor's position is ""no comment."" The young actress, who is now 26, has not publicly commented on the matter, but she has reportedly hired a lawyer to explore legal action against Sizemore and her parents.  

The incident occurred during a photo session for the film, where the young actress was seated on Sizemore's lap for a holiday photo. According to the report, Sizemore allegedly either rubbed his finger against the girl's vagina or inserted it inside. The production manager, Cassidy Lunnen, noted that the girl was very",multi_news,Summary:,ff3706cd43d8912cb61743c359e10bcec4a3e62b6436aeb7
en,532,0.5,"Now, write a one-page summary of all the news.

",multi_news,1651,"['An operation in London has given 9-year-old Kieran Sorkin a pair of ears—made from his ribs, no less. Born deaf with no ears, Kieran was able to hear because of an implanted hearing aid, but he still wanted ears. ""I want people to stop asking me questions,"" he told the BBC. ""I\'d like just to look like my friends. I\'d also like to be able to wear sunglasses and earphones."" So surgeons traced an outline of Kieran\'s mom\'s ears, removed cartilage from the boy\'s ribs, and sliced, contoured, and sewed the cartilage. Then they put it in two skin pockets and vacuumed them into the shape of ears. They don\'t perform any function, but Kieran\'s plastic surgeon says they can deliver a huge confidence boost: ""If you can change the confidence of a patient at this young age, you can change their whole trajectory in life,"" he said. The ears should last, too, because they\'re made of cartilage rather than prosthetics, the Guardian reports. Every year about 100 British newborns lack one or both ears (it\'s called microtia), and the hospital Kieran went to performs the operation about 40 times a year. Scientists hope to one day make ears from the fat tissue of patients, instead of ribs. Kieran might have liked that, since he got so excited on seeing his new ears that he cried ""Wow!"" and giggled—which made his ribs hurt from the operation. (Click to read about a man who needed surgery to remove a tooth growing in his nose.)']",,"  
A nine-year-old boy named Kieran, born with a rare condition called bilateral microtia, has undergone a groundbreaking surgery to create new ears from his own rib cartilage. Kieran was born without fully formed ears and also had hearing loss, but thanks to previous surgeries and a hearing aid, he can now hear sounds like the wind and birds. His condition, which affects one in 100,000 babies, left him with only small ear lobes and made him feel different from his peers.  

Kieran’s parents, David and Louise Sorkin, have long supported his desire to have ears, which he first expressed at age six after watching a TV program about the procedure. The surgery, performed at Great Ormond Street Hospital in London, was primarily cosmetic but had significant psychological and social benefits. The operation, which took six hours, involved harvesting cartilage from Kieran’s ribs, shaping it into ear frameworks, and grafting them onto his head. The surgeons used a family template based on his mother’s ear shape to ensure the new ears matched Kieran’s appearance as closely as possible.  

The procedure was a major milestone for Kieran, who had struggled with low self-esteem and social isolation at his previous school. After moving to a school with a deafness unit, he began to feel more accepted and confident. Kieran’s parents expressed immense pride in the outcome, calling it a “life-changing” moment. He was thrilled to take a “side selfie” of his new ears and described his reaction as “just a ‘wow’.”  

The surgery was led by Dr. Neil Bulstrode, a consultant plastic and reconstructive surgeon at Great Ormond Street Hospital. He emphasized that the procedure, while complex, can significantly improve a child’s quality of life by boosting their confidence and academic performance. Kieran will need a follow-up operation in six months to refine the shape of his ears, but the results are already transformative.  

Looking to the future, researchers at the University College London Institute for Child Health are exploring innovative methods to reconstruct ears using a child’s own stem cells. This approach, which involves growing new ear structures from a child’s fat tissue, could one day replace the current method of using rib cartilage. Scientists believe this new technique would be less invasive and more effective, offering hope for future patients.  

Kieran’s story highlights the importance of early intervention, psychological support, and the power of medical innovation in improving the lives of children with rare conditions. His parents and doctors have all praised the outcome, noting the positive impact on Kieran’s self-image, social interactions",multi_news,Summary:,44aa93b71b0589215f0d2f14d34c7827db5533d0755e898e
en,532,0.5,"Now, write a one-page summary of all the news.

",multi_news,1615,"['It looks like the honeymoon is over between Trump and Obama. ""Doing my best to disregard the many inflammatory President O statements and roadblocks. Thought it was going to be a smooth transition—NOT!"" Trump tweeted Wednesday. The Los Angeles Times notes Trump\'s use of ""1990s-style sarcasm."" Trump had previously commended Obama on his commitment to a smooth transition of power, but a number of things have changed since then, the Washington Post reports. Many saw comments made by Obama during Tuesday\'s Pearl Harbor anniversary as directed at Trump. The president urged the US not to ""turn inward"" and to ""resist the urge to demonize those who are different."" Trump is also upset with the Obama administration for allowing the UN to pass a resolution condemning Israeli settlements, as well as with Obama personally for saying in an interview he could have beaten Trump and won a third term. In addition, the White House is defending the Department of Energy for not complying with a request from Trump\'s transition team for the names of employees involved in climate policy, ABC News reports. Transition team spokesperson Sean Spicer at first said Trump\'s tweets ""speak for themselves, very clearly,"" but later complimented members of the Obama administration for being ""helpful and generous with their time.""']",,"  
The news highlights the tense and evolving relationship between President-elect Donald Trump and President Barack Obama during the transition period following the 2016 election. Initially, both leaders expressed mutual respect and optimism about a smooth transition. However, this goodwill quickly deteriorated as Trump began to criticize Obama's administration for allegedly obstructing the transition process.  

On December 28, 2016, Trump took to Twitter to accuse Obama of creating ""roadblocks"" and ""inflammatory statements"" that he claimed were hindering the transition. He expressed frustration with Obama's administration, particularly regarding its policies on Israel and its stance on international issues like the Iran nuclear deal. Trump also criticized the Obama administration for not supporting Israel sufficiently and for failing to take a stronger stance against the United Nations.  

This tension escalated as Trump and Obama exchanged public comments. Obama had previously praised Trump's leadership and expressed confidence in the transition process. However, after the Christmas holiday, Obama made a speech at a ceremony commemorating the 75th anniversary of the attack on Pearl Harbor, where he emphasized the importance of unity and warned against ""demonizing those who are different."" This speech was interpreted by some as a veiled criticism of Trump, which further inflamed the situation.  

In response, Trump continued to criticize Obama's policies and actions, particularly those related to Israel and the Middle East. He accused the Obama administration of being too accommodating to international organizations like the United Nations and of not standing up for Israel. Trump also expressed concern over the Obama administration's refusal to veto a United Nations Security Council resolution that criticized Israeli settlements in the West Bank and East Jerusalem.  

Despite the public disagreements, Trump and Obama maintained a level of civility in their private interactions. Trump claimed that he had a ""very nice conversation"" with Obama and that they had discussed various topics. However, Trump's public statements and tweets continued to reflect his frustration with the transition process and his dissatisfaction with Obama's policies.  

Meanwhile, Secretary of State John Kerry, who was a key figure in the Obama administration, faced criticism for his efforts to negotiate peace in the Middle East. His work on the Iran nuclear deal and his diplomatic efforts in the region were seen as major accomplishments, but they were also met with significant challenges.  

The transition process itself was marked by a series of events and decisions that shaped the relationship between the outgoing and incoming administrations. The White House and the Trump transition team worked to ensure a smooth transfer of power, but the process was not without its difficulties.  

Overall, the transition period was characterized by a mix of cooperation and conflict, with both leaders expressing their",multi_news,Summary:,71466da28c57d2a01ee3a47f2905b6ac5d0d62a713e2454f
en,532,0.5,"Now, write a one-page summary of all the news.

",multi_news,794,"['Pandas may prefer their meals in the form of bamboo, but that doesn\'t mean their bite is toothless. A man in China recently received a harsh reminder of that after a wild panda bit his leg after authorities pursued the critter onto his lawn, reports AFP via Yahoo. The creature had made its way into a northwestern village, which is near a sanctuary that\'s home to about 100 wild pandas. ""I saw a panda jump out in front of me, its body completely covered in mud,"" the man told local news. A struggle ensued, in which the bear wouldn\'t release the man\'s leg until a rescuer wrapped a coat around the animal\'s head. Finally, it fled—but not before causing injuries which, China Daily reports, led to eight surgeries over the past year and may lead to amputation. The man sued three government departments and won an $83,000 payout that will cover his medical costs, his lawyer says. (China Daily has a pretty gruesome photo of the injury.) ""As cuddly as they may look, a panda can protect itself as well as most other bears,"" the World Wildlife Fund notes, per AFP. Indeed, panda attacks have led to some nasty consequences in the past.']",,"  

A Chinese villager, Guan Quanzhi, was attacked by a wild panda while working on his farmland in Gansu Province. The incident occurred in March 2014 when a panda, chased by local officials and villagers, ran onto Guan's land. The animal bit Guan, causing severe injuries that required multiple surgeries. Guan's son then filed a lawsuit against local government officials and the Baishuijiang National Nature Reserve, which is home to over 100 wild pandas.  

Following negotiations, the local government and the nature reserve agreed to compensate Guan with 520,000 yuan (approximately $83,000). The compensation was approved by Guan's lawyer, Wang Chaohui, and was deemed sufficient to cover Guan's medical expenses, including potential future surgeries. Guan, who suffered a serious injury to his leg, expressed satisfaction with the settlement.  

The incident highlights the potential danger posed by wild pandas, despite their generally docile appearance. While pandas are often seen as cute and harmless, they are members of the bear family and possess strong jaws and teeth. They are known to attack humans, as seen in this case and in other incidents, such as a 2008 attack at a zoo in southern China.  

The case also raises questions about the management of wildlife and the responsibilities of local governments in handling such situations. The panda in question escaped after the attack, and the incident has sparked discussions about the need for better wildlife management and public safety measures.  

The compensation received by Guan is part of a broader trend in China, where the government has been working to protect and conserve the endangered giant panda. The number of wild pandas has increased significantly in recent years, with the population rising by nearly 17% over a decade to reach 1,864 in 2013. This growth is attributed to conservation efforts and improved habitat conditions.  

Pandas are not only a symbol of China's natural heritage but also a significant economic asset, attracting tourists and generating revenue for local communities. However, their presence also brings risks, as demonstrated by this incident.  

The World Wildlife Fund (WWF) has warned that while pandas are often perceived as gentle and harmless, they are capable of defending themselves with their powerful jaws and strong teeth. The organization emphasizes that while pandas are generally non-aggressive, they can become aggressive when threatened or when defending themselves.  

This case underscores the importance of balancing human safety with wildlife conservation. While efforts to protect and preserve pandas are essential, they must be accompanied by measures",multi_news,Summary:,7bf0be1466a51afab44b9e12dcfa4a1694b6804309e6eb87
en,532,0.5,"Now, write a one-page summary of all the news.

",multi_news,2314,"['Authorities are combing through more than 1,200 leads in a desperate search for a 9-year-old girl they say was abducted by her uncle May 4, WATE reports. According to the Knoxville News Sentinel, 57-year-old Gary Simpson picked Carlie Trent up from her Tennessee school, telling staff her father had been in an accident. Shortly before, he purchased a child\'s nightgown, bikini, girls\' underwear, lipstick, and nail polish at an area Walmart. The Tennessee Bureau of Investigation has pictures of those items. Carlie\'s mother Shannon Trent tells People she felt ""sick to my stomach"" when she heard about those purchases. ""I don\'t know what he\'s done to her,"" she says. ""I don\'t think he would hurt her, but if he\'s capable of kidnapping a child he\'s capable of anything."" Authorities believe Carlie is in ""imminent danger."" Simpson also purchased camping supplies and nonperishable groceries, and authorities think he may be hiding with Carlie in an isolated area. The TBI says there have been rumors online that Simpson is trying to protect Carlie, but it says that couldn\'t be further from the truth. ""This was not an innocent camping trip, this was a crime,"" a spokesperson tells WATE. Simpson, Carlie\'s uncle by marriage, and his wife once had custody of Carlie, but her father James Trent had custody at the time of her abduction. Shannon Trent, who hasn\'t had custody of Carlie in two years, says she ""always had a bad feeling"" about Simpson. ""I should have stuck with my gut,"" she tells People. (This boy\'s summer with his dad turned into his kidnapping.)']",,"  
On May 4, 2016, 9-year-old Carlie Trent was abducted from her elementary school in Rogersville, Tennessee, by her uncle by marriage, Gary Simpson, 57. Simpson, who had previously had custody of Carlie, claimed that her father, James Trent, had been in a car accident, and that he was sent to retrieve her. However, authorities later determined that this was a lie, and that Simpson had no legal authority to pick up Carlie.  

Simpson was seen on surveillance footage at a local Walmart shortly before picking up Carlie, where he purchased a variety of items, including a pink and purple plush throw blanket, a green men’s short-sleeve shirt, men’s black pants, girls’ khaki pants, two shades of lipstick, two shades of nail polish, a pink folding camp chair, a purple child-sized nightgown, a bikini, and a Fruit of the Loom brand girls’ multipack of underwear. Later, Simpson also bought non-perishable items at a Save-A-Lot grocery store. These items led authorities to believe that Simpson was preparing for a potential camping trip or to take Carlie to a remote location.  

The Tennessee Bureau of Investigation (TBI) issued an Amber Alert, and an Amber Alert was also active in Missouri for a short time. However, the Missouri alert was later canceled after it was determined that the pair had not been sighted in that state.  

A reward of $10,000 was offered by two Knoxville banking executives, Matt Daniels and Tim Williams, who were inspired by Carlie’s pediatrician, Dr. Chris Calendine, who also offered a $10,000 reward. The U.S. Marshals Service also offered a $5,000 reward for information leading to the recovery of Carlie and the capture of Simpson.  

Authorities have been actively searching for Simpson and Carlie, and have been contacting law enforcement in 11 states, including many in the Southeast. The TBI has been working with state park officials and private campgrounds in Tennessee, North Carolina, Virginia, and Kentucky, as they suspect the pair may be in an isolated area.  

Carlie is described as 4 feet 8 inches tall, weighing 75 pounds, with blond hair and blue eyes. She was last seen wearing a black and gray tank top with blue jeans. Simpson is described as balding, 5 feet 10 inches tall, weighing 157 pounds, with brown hair and brown eyes.  

Simpson was",multi_news,Summary:,9bf2345cf303a45d45bc2e3692f6277785f850e0be2e1ecd
en,532,0.5,"Now, write a one-page summary of all the news.

",multi_news,1319,"[""CBS is scrapping its Early Show team, replacing co-hosts Harry Smith and Maggie Rodriguez with the anchors of the show's Saturday edition, Chris Wragge and Erica Hill. Other more minor players also are leaving in the switch, which takes place early next year, the LA Times reports. The show has been consistently stuck in third place, well behind Today and Good Morning America. Smith, who survived the last major overhaul of the show in 2002, will stick with the network as Katie Couric's main backup on the CBS Evening News, notes AP. Click here for more.""]",,"  

The news passages provided cover a range of topics, from a technical error on a website to a significant change in the lineup of a popular morning television show.  

The first passage is an error message from a website, likely Yahoo!, indicating that the requested page was not found. It suggests checking the URL for correct spelling and capitalization and offers assistance through the Yahoo! Help Center or by using the search function.  

The second and third passages focus on a major overhaul of CBS News' ""The Early Show,"" a morning news program. The show, which has long struggled to compete with NBC's ""Today"" and ABC's ""Good Morning America,"" is undergoing a complete restructuring of its on-air team.  

The show's co-hosts, Harry Smith and Maggie Rodriguez, along with weather anchor Dave Price, are being replaced. The new team includes Chris Wragge and Erica Hill, who currently anchor the Saturday edition of the show, and will now serve as the weekday co-hosts starting January 3. Additionally, Jeff Glor will join as the regular news reader, and Marysol Castro, a former weather anchor from ABC's ""Good Morning America,"" will take over the weather segment.  

The changes were made without much prior warning, and the network has been working on a new direction for the show. CBS News President Sean McManus expressed confidence in the new team, believing they have the right energy and chemistry to improve the show's performance.  

Harry Smith, who has been with the show for over 17 years, will remain with CBS but will transition to a new role as a substitute anchor for Katie Couric's ""CBS Evening News,"" ""Face the Nation,"" and ""Sunday Morning.""  

Maggie Rodriguez and Dave Price, who are leaving the show, are reportedly being considered for other roles within CBS, though their future positions are not yet confirmed.  

The decision to make these changes has been met with mixed reactions. While some have praised the network for trying to revitalize the show, others have criticized the abruptness of the changes and questioned whether the new team will be able to improve the show's ratings.  

Overall, the news highlights a significant shift in the direction of ""The Early Show,"" as CBS attempts to reposition the program in a competitive morning news landscape. The changes reflect the network's ongoing efforts to adapt and evolve in response to shifting viewer preferences and market conditions.",multi_news,Summary:,8f512ff62ab4a69b196b31f8fe334c4a31765f3ac13c5841
en,532,0.5,"Now, write a one-page summary of all the news.

",multi_news,2660,"['With George HW Bush dead at 94, coverage of the life of the 41st president is plentiful. Here are some early highlights: The broad strokes: For a thorough obituary and assessment, start with the Washington Post. Its story notes that while Bush served just one term as president, it was a consequential one. ""The Berlin Wall fell; the Soviet Union ceased to exist; the communist bloc in Eastern Europe broke up; the Cold War ended."" And Bush\'s ""firm, restrained diplomatic sense helped assure the harmony and peace with which these world-shaking events played out, one after the other."" Great detail: In its obituary, the Wall Street Journal notes that Bush flew 58 missions in the Pacific as a Navy pilot in WWII, all with the name of his girlfriend—Barbara—on the side of the plane. He once got shot down, with this video capturing the rescue. Bush is also the only American besides John Adams to be both president and the father of a president. Read his lips: The Guardian recounts some of his Bush\'s famous quotes, including his ""read my lips"" pledge to not raise taxes. He also dissed broccoli.']",,"  
George H.W. Bush, the 41st President of the United States, passed away at the age of 94, marking the end of a life dedicated to public service. He was the last American president to have served in World War II, an experience that profoundly shaped his leadership and worldview. Born in 1924 in Milton, Massachusetts, Bush was the son of Prescott Bush, a Wall Street executive and U.S. Senator. After graduating from Yale, he joined the U.S. Navy and became a pilot during World War II, flying 58 missions in the Pacific. He was shot down but survived, earning the Distinguished Flying Cross.  

After the war, he married Barbara Pierce, and the couple had five children. Bush pursued a career in business, working in the oil industry in Texas, before entering politics. He served in the U.S. House of Representatives from 1966 to 1968 and later became a top-ranking Republican official, serving as U.S. Ambassador to the United Nations, U.S. Ambassador to China, and Director of the Central Intelligence Agency (CIA). In 1980, he was elected Vice President under President Ronald Reagan and succeeded him as President in 1988.  

As President, Bush led the United States to a swift and decisive victory in the Persian Gulf War in 1991, which was widely seen as a major military success. He also played a key role in the peaceful dissolution of the Soviet Union and the unification of Germany. However, his presidency was marked by economic challenges, including a recession, and a controversial tax increase that led to his defeat in the 1992 election by Democrat Bill Clinton.  

Despite the political setbacks, Bush is remembered for his leadership, diplomacy, and commitment to American values. He was known for his calm demeanor, strong family ties, and dedication to public service. His wife, Barbara Bush, died in 2011 at the age of 92, and he was deeply affected by her passing.  

After leaving the White House, Bush remained active in public life, engaging in various diplomatic and humanitarian efforts. He was also a devoted family man, and his son, George W. Bush, became the 43rd President of the United States. This made George H.W. Bush the only U.S. president to be the father of another president.  

Throughout his life, Bush was known for his integrity, humility, and commitment to his country. He was a strong advocate for international cooperation, and his leadership during the Cold",multi_news,Summary:,34a7c94a11115d983402087b3ac74dbd269616cfa1e193e3
en,532,0.5,"Now, write a one-page summary of all the news.

",multi_news,3982,"['OJ Simpson\'s parole hearing in Nevada will be broadcast live at 1pm EDT Thursday and there\'s a strong chance that his path to freedom will be clear by the end of the afternoon. Nobody has registered to testify against the 70-year-old Simpson, who has been in prison for nine years on 12 convictions related to a Las Vegas robbery and will appear before the Nevada Parole Board via videolink, NPR reports. Thursday\'s hearing will cover four concurrent sentences for use of a deadly weapon and two consecutive sentences for assault with a deadly weapon, the Las Vegas Review-Journal reports. Four board members will vote after the hearing and Simpson could be free by Oct. 1 if they are all in favor of parole. If Simpson is indeed released this fall—which appears almost certainly to be the decision—it will ""renew the rabid curiosity"" in the case and ""produce a spectacle unlike anything we’ve seen since he went behind bars,"" Nancy Armour at USA Today predicts. There has even been talk that Simpson might end up with a reality TV show, but Armour wants Simpson to avoid the spotlight unless he wants to return to the ""toxic mentality that landed him in prison in the first place."" If the former NFL star does end up with a TV show, the money is likely to go to the families of murder victims Nicole Brown Simpson and Ronald Goldman, CBS News reports. He will still receive an NFL pension estimated at $25,000 per month.']",,"  
O.J. Simpson, the former NFL star and actor, is set to face a parole hearing in Nevada on Thursday, which could lead to his release from prison as early as October 1. Simpson, 70, has been incarcerated since 2008 for a 2007 armed robbery and kidnapping case in Las Vegas, where he and five others robbed a sports memorabilia collector. He was convicted on 12 charges, including robbery, assault, and kidnapping with a deadly weapon, and was sentenced to nine to 33 years in prison.  

Simpson was acquitted in the 1995 murder trial of his ex-wife, Nicole Brown Simpson, and her friend, Ronald Goldman, but was later found liable in a civil case and ordered to pay $33.5 million to the families of the victims. Despite this, he has faced financial hardship, with his net worth estimated at around $250,000. His former wealth, which included a $10.8 million divorce settlement, has been significantly reduced due to legal costs and financial obligations.  

Simpson's parole hearing is expected to be a high-profile event, with media coverage from across the country. The Nevada Parole Board has indicated it will make a decision on the same day as the hearing, which is a departure from the usual process. If granted parole, Simpson would be released on October 1. His release would be a major event, given his long-standing public persona and the intense media interest in his case.  

Simpson's time in prison has been marked by a mix of public and private efforts to secure his release. He has been granted parole on some of his charges in the past, and his current request is seen as a potential opportunity for release. However, there are concerns about the impact of his release on the public and the potential for media attention.  

Simpson's release would also raise questions about his personal life and the potential for public scrutiny. His past actions, including the infamous 1994 murder trial and the subsequent civil case, have left a lasting impact on his public image. His release could also have implications for his future, including potential legal and financial challenges.  

Overall, Simpson's parole hearing is a significant event that will be closely watched by the media and the public. It is expected to be a moment of both anticipation and speculation, with many people interested in the outcome of the hearing and the potential for Simpson's release. The hearing is also expected to be a moment of reflection on Simpson's life and career, as well as his",multi_news,Summary:,e9aca7cfa87e9c3e7c0631b6af034d1a1dd0a297983b070e
en,532,0.5,"Now, write a one-page summary of all the news.

",multi_news,2887,"['Search teams in Indonesia may have found the main fuselage of the AirAsia plane where most of the remaining victims and the plane\'s black boxes are expected to be. Authorities found ""four big parts of the plane we\'re looking for,"" says the official in charge of the search in the Java Sea, reports Reuters. The biggest of the pieces is about 59 feet long and 18 feet wide, reports AP. The pieces have only been detected, not recovered, and divers hope conditions will permit them to reach the objects tomorrow. So far, only 30 of 162 bodies have been recovered, and most of the victims are believed to be still strapped in their seats. Authorities also said today that AirAsia was in violation of its license by flying to Singapore on a Sunday, the day of the crash, reports the Telegraph. As a result, the airline might have its license revoked in Indonesia. There\'s still no conclusions yet in what caused the crash, but theories continue to center on stormy conditions. ""Flight 8501 appears to have been trapped in bad weather that would have been difficult to avoid,"" says a report by Indonesia\'s Meteorology, Climatology and Geophysics Agency.']",,"  
AirAsia Flight 8501, which crashed into the Java Sea on December 28, 2014, killing 162 people, has been the subject of a major international search and rescue operation. The plane, an Airbus A320-200, was en route from Surabaya, Indonesia, to Singapore when it disappeared shortly after takeoff. Search teams, including those from Indonesia, Russia, Singapore, Malaysia, and the United States, have been working tirelessly to locate the wreckage and recover the victims.  

On the seventh day of the search, officials confirmed that four large parts of the plane had been found on the sea bed, including a section approximately 18 meters long. These discoveries were made using sonar technology and underwater remote-operating vehicles (ROVs), though poor visibility and strong currents have hindered detailed inspections. Divers, including Russian specialists, are expected to investigate the wreckage further if weather conditions improve.  

The search has also focused on recovering the bodies of the victims, with 30 bodies already retrieved from the water. However, officials believe that the chances of finding more bodies floating are low, as most are likely to have sunk. The search continues for the plane’s black box flight recorders, which are crucial for determining the cause of the crash.  

The crash has raised significant concerns about the airline’s operations. Indonesia’s transport ministry confirmed that AirAsia had violated its operating license by flying on a Sunday, a day when flights on that route were not permitted. As a result, the airline has been suspended, and a full investigation into its flight schedules is underway. The Transport Ministry has also announced that it may consider revoking AirAsia’s operating license in Indonesia.  

Weather conditions are believed to have played a role in the crash. Indonesia’s meteorological agency reported that the plane may have encountered severe weather, including intense tropical thunderstorms and possible icing on the engines. The pilot had requested to climb to a higher altitude, but was denied due to heavy air traffic.  

The cause of the crash remains under investigation. While the pilot’s actions and the weather conditions are being examined, there are also concerns about whether the pilot followed proper weather procedures. The discovery of an oil slick and large objects on the sea floor has provided some hope that the wreckage may be located, though the exact location and condition of the plane are still unclear.  

The crash has had a profound impact on the families of the victims, with many expressing grief and sorrow. One particularly heartbreaking story is that of a 15-year-old Indonesian girl who lost her entire family in",multi_news,Summary:,60e83cb150d2208659417f01bbf493c5035d314d87cf398c
en,532,0.5,"Now, write a one-page summary of all the news.

",multi_news,325,"['The Telegraph reported yesterday on a crazy court case in the UK: After a pregnant Italian woman, in town for business, had a panic attack, social service workers in Essex got a court order allowing the woman to be forcibly sedated and undergo a C-section so they could take her baby. Fifteen months later, the little girl is still with social service workers, who won\'t return her to her mother. The case is now ""an international legal row,"" the Telegraph says, and the anonymous woman\'s lawyers call it ""unprecedented."" The woman was in Britain in July 2012 for an airline training course, and called police when she suffered the panic attack. They arrived while she was on the phone with her mother, who told police the woman suffered from bipolar disorder and was off her medication, according to a Telegraph columnist. Police took her to a psychiatric facility, and restrained her under the Mental Health Act when she said she wanted to go back to her hotel. She underwent the C-section after having been there five weeks. The case is ongoing; the mother says she has made a full recovery, but a judge nonetheless ruled that her daughter should be put up for adoption. More on the case here and here.']",,"  
The Internet Archive has launched a new initiative to address the issue of broken links on the web. This effort, known as ""No More 404,"" aims to preserve the integrity of online content by archiving web pages as they are created. The project works by capturing not only the pages themselves but also the pages they reference. This ensures that even if a page is later modified or removed, a version of it will still be available for future access.  

The Internet Archive's goal is to prevent the loss of information due to broken links. When a page is updated or deleted, the archived version remains accessible. This helps maintain the original intent of the page's creators and ensures that users can still access the content they originally intended to find.  

The initiative also includes a feature that allows users to replace broken links with links to the archived version of the page. This means that when a link is broken, it can be automatically updated to point to the archived version of the page. This helps to maintain the usability of the web and ensures that users can still find the information they are looking for.  

The Internet Archive is working with a number of websites that support this initiative. These websites are being crawled regularly to ensure that the archive is up to date. The Internet Archive is also working to improve the accuracy of the archive by ensuring that the archived pages are properly indexed and that the links are correctly maintained.  

Overall, the ""No More 404"" initiative is a significant step forward in the effort to preserve the web. By archiving web pages and providing access to archived versions, the Internet Archive is helping to ensure that the web remains a reliable and accessible source of information. This initiative is an important part of the ongoing effort to preserve the history of the internet and to ensure that the web remains a valuable resource for future generations.",multi_news,Summary:,c2d65128a71757d11ddd48b466d7056e772b736e27e30a74
en,532,0.5,"Now, write a one-page summary of all the news.

",multi_news,1721,"['The writ of habeas corpus lets prisoners appear in court to make their captors justify why they\'re being held. Until now in the US, those who\'ve used this legal tactic have been human. But a New York judge yesterday ruled that the writ may be used by two lab chimpanzees at Stony Brook University, Science magazine reports. NY Supreme Court Justice Barbara Jaffe ordered a university rep to address a suit filed by the Nonhuman Rights Project by appearing in court May 6 to argue why the college is holding Hercules and Leo. The group, which says the animals are being detained for biomedical experiments, says its ultimate goal is to have the animals released to the Save the Chimps sanctuary in Fort Pierce, Fla., per the NhRP\'s website. ""This is a big step forward to getting what we are ultimately seeking: the right to bodily liberty for chimpanzees and other cognitively complex animals,"" Natalie Prosin, the project\'s executive director, tells Science. The case kicked off in December 2013 with lawsuits that also included two chimps held on private property; each case was struck down, sending the NhRP down the appeals path. Not everyone\'s convinced the upcoming hearing will mean liberation for the chimps. A Pepperdine University law professor tells Science that the judge likely just wants to hear both sides of the story: ""It would be quite surprising if the judge intended to make a momentous substantive finding that chimpanzees are legal persons"" without doing so, he notes. Prosin, meanwhile, says her group isn\'t stopping with the chimps and will also target the release of other animals. (Click to read about what chimps talk to each other about.)']",,"  
The news covers two distinct but related legal developments involving the concept of *habeas corpus* and the broader implications of legal personhood.  

The first passage discusses the historical and constitutional significance of *habeas corpus*, a legal mechanism that ensures individuals cannot be detained without due process. It highlights how this right was undermined by the 2006 Military Commissions Act (MCA), which allowed the U.S. government to detain individuals at Guantánamo Bay and elsewhere without the right to challenge their detention in court. The MCA effectively suspended the right to *habeas corpus* for non-citizens, including legal residents, and allowed the government to label individuals as ""enemy combatants"" without due process. This has led to the indefinite detention of hundreds of men, many of whom have no evidence against them and were captured through questionable means, such as being handed over by warlords for bounties. The passage also notes the ongoing legal battles, including a Supreme Court case, to challenge the legality of these detentions and to restore the right to *habeas corpus*. The author argues that the erosion of this fundamental legal principle threatens the very foundation of American democracy and the rule of law.  

The second passage focuses on a groundbreaking legal case involving two chimpanzees, Hercules and Leo, held at Stony Brook University. A New York court has granted the chimpanzees the right to a *habeas corpus* hearing, which is traditionally used to challenge the detention of human prisoners. This ruling marks the first time in U.S. history that an animal has been granted the right to a *habeas corpus* petition, potentially setting a precedent for the legal personhood of non-human animals. The case was brought by the Nonhuman Rights Project (NhRP), an animal rights organization, which argues that chimpanzees, due to their cognitive and emotional complexity, should be recognized as legal persons with the right to bodily liberty. The court's decision to allow the case to proceed is seen as a significant step forward in the movement for animal rights. However, legal experts caution that the ruling may not be a final determination of personhood but rather a procedural step to allow the court to hear both sides of the argument. The case has sparked debate about the ethical treatment of animals and the legal status of non-human beings.  

In conclusion, the news highlights the ongoing struggle to protect fundamental legal rights, both for human detainees and for non-human animals. The first passage underscores the importance of *habeas corpus* in safeguarding individual liberty and the rule of law, while the second passage",multi_news,Summary:,87539dc9e35cf94ea5f148dc8b4bed8111d6df1edfb2c283
en,532,0.5,"Now, write a one-page summary of all the news.

",multi_news,3450,"['Police in three states are still hunting for a Range Rover whose occupants opened fire on another car on the Vegas Strip this morning and set off a deadly chain reaction. Cops don\'t know most of the details, but they say it started with a dispute of some kind in one of the nearby hotels, then spilled into the street, reports the Las Vegas Sun. When the Range Rover caught up to a Maserati at a stop light, shots were fired from the SUV that sent the Maserati crashing into a taxi, which exploded upon impact. Three people—the Maserati driver, the taxi driver, and a taxi passenger—were killed, and three others were injured, reports the LA Times. Police are hoping to piece together more details by interviewing a passenger in the Maserati, who was injured in the melee. Earlier reports that gunfire came from both vehicles as part of a moving shootout were incorrect. The AP collects this quote from a tourist visiting from Manchester, England: ""This doesn\'t happen where we come from, not on this scale. We get stabbings, and gang violence, but this is like something out of a movie. Like Die Hard or something.""']",,"  

On February 21, 2013, the Las Vegas Strip became the scene of a deadly and chaotic incident when a black Range Rover opened fire on a Maserati, leading to a fatal crash that resulted in three deaths and at least six injuries. The attack occurred around 4:30 a.m. near the intersection of Las Vegas Boulevard and Flamingo Road, a location known for its concentration of major hotels and casinos, including the Bellagio, Caesars Palace, and Bally’s.  

The incident began with an altercation that reportedly took place at a casino resort, which escalated into a violent confrontation between two vehicles. The Range Rover, described as having dark-tinted windows, custom black rims, and paper dealer plates, was traveling with the Maserati when the shooting occurred. The Maserati, driven by 27-year-old Kenneth Wayne Cherry, collided with a taxi, causing it to burst into flames. The taxi driver, Michael Boldon, and his passenger were killed, while Cherry also died in the Maserati, and his passenger was injured.  

Witnesses and police reported that the Range Rover was fleeing the scene, and authorities in three neighboring states were alerted to assist in the search. The vehicle was later identified as a 2012 Range Rover Sport. Police were able to track the SUV to the area near the Venetian resort, where it had been heading north.  

The incident sparked widespread concern among tourists and residents, with many expressing shock at the level of violence in a city known for its safety and entertainment. Some tourists described the event as reminiscent of a movie scene, such as the film *Die Hard*.  

Investigations into the incident included reviewing video footage from traffic cameras and hotel surveillance systems. Police were also seeking to identify the individuals involved in the altercation that may have preceded the shooting.  

The area where the shooting occurred has a history of violent incidents, including the 1996 murder of rapper Tupac Shakur, who was killed in a drive-by shooting near the same location.  

In the aftermath of the incident, the intersection was closed for several hours as police and crime scene investigators collected evidence. The closure disrupted traffic and caused significant delays for both residents and tourists.  

Authorities confirmed that the Maserati driver, Cherry, was a local resident who had previously been represented by attorney Vicki Greco. His passenger, who was injured in the crash, was taken to a hospital for treatment.  

The incident also raised concerns about the safety of the Las Vegas Strip, with some officials and residents expressing hope that",multi_news,Summary:,f5f3a7e4beff536299a26f339ef6838c1abe5cabc5b67680
en,532,0.5,"Now, write a one-page summary of all the news.

",multi_news,1352,"['Allegations of illegal wood imports prompted the Justice Department to raid Gibson Guitar facilities in Tennessee last week. NPR aired the complicated story involving the 100-year old Lacey Act, which prohibits imports of endangered species, including plants, into the US. No formal charges have been pressed, but it appears the issue lies with Gibson possibly importing banned Madagascar ebony. Gibson insists the wood confiscated by marshals was legally acquired rosewood from India. Adding some gusto to the story, right-leaning sites assert that Gibson rival CF Martin uses the same wood in some of its guitars, but the company was never investigated. The Landmark Report thinks that\'s fishy, given that Martin\'s CEO is a Democratic donor and Gibson\'s CEO is a GOP backer. Raising the octave even higher, it is possible Michelle Obama ran afoul of the Lacey Act when she presented France\'s Carla Bruni with a Gibson guitar that may have contained banned wood. However the story plays out, many are frustrated with the retroactive aspect of the law. ""It\'s a nightmare,"" says a dealer. ""I can\'t help it if they used Brazilian rosewood on almost every guitar made prior to 1970.""']",,"  
The news covers a significant legal and environmental issue involving Gibson Guitar Corporation, a well-known manufacturer of musical instruments. In September 2011, federal marshals raided Gibson's facilities in Tennessee and Memphis, marking the second such raid since 2009. The Justice Department is reportedly preparing to charge Gibson with trafficking in illegally obtained wood, particularly from Madagascar, under the Lacey Act. This act, originally focused on animals, was expanded in 2008 to include plants, making it a key tool in combating illegal logging and the trade of endangered species.  

Gibson's CEO, Henry Juszkiewicz, described the raid as a disruption to the company's operations, with federal agents seizing wood and shutting down production. The company claims it has not been charged with any wrongdoing and is seeking clarity on the legal basis for the investigation. Gibson denies allegations that it knowingly sourced illegal timber, asserting that all its purchases from Madagascar were made in compliance with U.S. and Malagasy law. The company also claims that the wood seized during the raid was legally obtained from India.  

Environmental advocates, including Andrea Johnson of the Environmental Investigation Agency (EIA), argue that the Lacey Act requires end users of endangered wood to verify the legality of their supply chain. Johnson criticized the use of the term ""certify,"" noting that the U.S. government does not recognize third-party or government certifications as proof of legality. She also clarified that a previous statement about Gibson's visit to Madagascar was misworded, and that the company's goal was to assess the legality of sourcing wood, not to engage in illegal activity.  

The EIA and other environmental groups have accused Gibson of knowingly importing wood from illegal sources, citing emails that suggest the company was aware of the risks associated with sourcing from Madagascar. Gibson, however, maintains that it has taken steps to ensure the legality of its supply chain and that it has not violated any laws. The company has also stated that it has stopped importing wood from Madagascar since 2009.  

The legal battle has sparked debate within the music industry and among guitar manufacturers. Some, like C.F. Martin Guitar Co., support the Lacey Act and its efforts to combat illegal logging. Others, such as attorney Ronald Bienstock, have raised concerns about the retroactive nature of the law and its potential impact on vintage instruments. The Lacey Act's retroactive application has led to fears among guitar makers that they may be required to prove the legality of wood used in instruments made decades ago.  

The case has also raised questions about the enforcement of the Lacey Act and the",multi_news,Summary:,7c4df519e75e117bb448122ca241a3375f4cdf97025e22fc
en,532,0.5,"Now, write a one-page summary of all the news.

",multi_news,1996,"['Rachel Borch was out for a jog in the woods near her home in Hope, Maine, when a ""ferocious-looking"" attacker with beady eyes and tiny teeth made a beeline for her, reports the Camden Herald. Borch, 21, knew immediately that something was wrong with the raccoon that was charging toward her. ""Imagine the Tasmanian devil,"" she tells the Bangor Daily News of the ""terrifying"" June 3 incident. Yanking out her headphones, she began ""dancing"" around the animal on the narrow path, but she tells the Herald she knew that, one way or another, the animal was going to bite her. She figured her hands would be the best spot, so she offered them up. The raccoon chomped down on her thumb and stayed there, scratching at her legs and arms as she screamed. Now on her knees, she spotted her phone lying submerged in a mud puddle, and had an idea: drown it. ""With my thumb in its mouth, I just pushed its head down into the muck,"" she tells the News. When the raccoon finally stopped moving, she yanked out her finger and raced the three-quarters of a mile home. Two days later, the state confirmed the animal was infected with rabies. Borch got rabies shots, and an animal control officer adds an unpleasant footnote: The infected raccoon may not be alone. ""Not to scare people,"" Heidi Blood tells the News, but ""when there’s one, there’s typically another."" (Normally nocturnal like raccoons, a crazed beaver attacked a woman paddle-boarder.)']",,"  
In June 2017, Rachel Borch, a 21-year-old woman from Hope, Maine, was attacked by a rabid raccoon while jogging on a wooded trail near her home. The raccoon, which was acting aggressively and unusually for the time of day, suddenly lunged at Borch as she ran. Recognizing the signs of rabies, Borch quickly reacted to protect herself.  

With no other options, Borch used her bare hands to try to subdue the raccoon. The animal bit her thumb and clung to her hand, causing her significant pain and distress. In a moment of desperation, Borch noticed a nearby puddle of water and decided to submerge the raccoon in it. She managed to push the animal into the water, holding it under until it stopped moving.  

Borch’s actions were both heroic and terrifying. She described the experience as feeling like a “Tasmanian devil,” with the raccoon’s aggressive behavior and the fear of being bitten. Despite the danger, Borch’s quick thinking and bravery allowed her to survive the encounter.  

After subduing the raccoon, Borch immediately sought medical attention. She was taken to the hospital, where she received a series of rabies vaccinations, immunoglobulin, and tetanus shots. She was also treated for the injuries she sustained during the attack.  

The incident was later confirmed by the Maine Warden Service, which collected the dead raccoon for testing. The animal tested positive for rabies, confirming that Borch had been exposed to the virus.  

The local animal control officer, Heidi Blood, emphasized the importance of vigilance in the face of rabies. She warned that the presence of one infected animal often indicates the presence of others in the area. Blood also noted that rabies is a serious and potentially fatal disease, and that prompt medical attention is crucial.  

Borch’s experience highlights the dangers of encountering rabid wildlife. She described the event as a “nightmare” and expressed her fear of the unknown. She also shared her personal reflections on the incident, including her surprise at the outcome and her new perspective on the dangers of wildlife.  

Borch’s story has sparked a broader conversation about rabies awareness and prevention. It has also raised questions about the importance of taking precautions when encountering wild animals.  

In addition to Borch’s case, there have been other reported incidents of rabies in Maine. For example, a man in Wiscasset was bitten by a rabid fox earlier in the summer. These incidents underscore the ongoing threat of rabies in the region",multi_news,Summary:,f43f9ce2fa78f95ac1828a5344740662285ef3db08df7ba1
en,532,0.5,"Now, write a one-page summary of all the news.

",multi_news,1999,"['Imagine all the water in the Arctic Ocean. Now, imagine all that and more on Mars. If you visited the Red Planet roughly 4.3 billion years ago, that\'s what you likely would have found, say NASA scientists. Their new study arrived at that ""solid estimate ... by determining how much water was lost to space,"" says lead author Geronimo Villanueva. The Guardian reports the scientists used three powerful infrared telescopes to analyze two forms of water in Mars\' atmosphere: H2O and HDO, in which deuterium (aka ""heavy"" hydrogen) has taken the place of one hydrogen atom. As National Geographic explains, Mars\' gravity is weaker than our own; that allowed hydrogen to escape from the atmosphere and into space over time, boosting the amount of deuterium in its water. Scientists compared the ratio of HDO to H2O in Martian water today with that in water from a 4.5 billion-year-old Mars meteorite to arrive at their conclusions, a press release states. They ultimately calculated that Mars was once home to 20 million cubic kilometers of ocean. It could have covered every inch of the planet in water 450 feet deep, but the scientists think a different scenario is more likely: that the ocean covered roughly a fifth of the planet, was located in the northern hemisphere, and was as much as a mile deep. While National Geographic observes the findings back up ""reams of earlier evidence that water once existed on the surface"" of Mars, another study author points out the assessment of the degree of water lost indicates something new. ""The planet was very likely wet for a longer period of time than was previously thought, suggesting it might have been habitable for longer,"" a scientist says. (Mysterious plumes on Mars are stumping scientists.)']",,"  
Recent scientific studies have significantly advanced our understanding of Mars' ancient history, particularly regarding its water content and potential for past life. These findings, based on detailed atmospheric and isotopic analyses, reveal that Mars was once a much wetter and warmer planet than it is today.  

One key discovery is the presence of a vast ancient ocean that once covered nearly half of the northern hemisphere of Mars. This ocean, which could have been as deep as a mile in some areas, was likely fed by rivers and streams, and may have existed for millions of years. The volume of water in this ancient ocean is estimated to be greater than that of the Arctic Ocean on Earth, suggesting that Mars once had a substantial amount of liquid water.  

The research also highlights the significant loss of water from Mars over time. This loss is attributed to the planet's thin atmosphere and weak gravity, which allowed water to escape into space. The process of water loss has left behind a higher concentration of deuterium (a heavy isotope of hydrogen) in the remaining water on Mars. By analyzing the ratio of deuterium to ordinary hydrogen in the Martian atmosphere, scientists have been able to estimate how much water Mars once had.  

Studies of the Martian atmosphere have shown that water ice in the polar regions is highly enriched in deuterium, with some areas having a deuterium-to-hydrogen ratio up to 8 times that of Earth's ocean water (VSMOW). This enrichment suggests that Mars lost a tremendous amount of water over its history. The data indicates that Mars may have once had a global layer of liquid water up to 137 meters deep, which would have been sufficient to form a large ocean.  

The presence of such a vast ocean raises the possibility that Mars was once a more habitable environment, potentially supporting microbial life. The discovery of ancient river valleys, lake beds, and delta structures further supports the idea that Mars was once a wet and potentially life-supporting planet.  

Additionally, the analysis of water isotopes has provided insights into the evolution of Mars' climate and atmosphere. The data suggests that Mars may have had a thicker atmosphere in the past, which would have allowed for the presence of liquid water and a more temperate climate. The loss of this atmosphere over time has led to the current cold and dry conditions on Mars.  

These findings have important implications for the search for life beyond Earth. The evidence of a once-wet Mars, combined with the presence of potential habitable environments, suggests that Mars may have had the necessary conditions for life to develop. While there is no direct evidence of life on Mars, the",multi_news,Summary:,f525eb46942a990f7fc284f7ed92f0b3330cbf0b7e92821e
en,532,0.5,"Now, write a one-page summary of all the news.

",multi_news,1173,"['Four years ago, a chemistry professor got a text from her grad student: If I\'m not back in a week, cut me from the doctoral program. Charlotta Turner called him right away: ""He was very sad and crying,” the 48-year-old prof at Lund University in Sweden tells NBC News. ""I could hear that the situation was hopeless and they had to flee."" The student, Firas Jumaah, was visiting his native Iraq to help family members during a brutal 2014 ISIS attack targeting Yazidis—a religious minority that includes his family. The terror group had just enslaved and massacred Yazidis by the thousand in nearby Sinjar. Now Jumaah and family were planning to flee to the mountains. ""I had no hope at all,"" says Jumaah, per the Local. ""I was desperate."" But Turner took action. She spoke to Lund University\'s then-security chief, who contacted a company that sent mercenaries into northern Iraq. Only days later, four armed mercs on two Landcruisers blazed into the place where Jumaah was hiding, and rushed him to Erbil Airport with his wife and two young kids. ""I have never felt so privileged, so VIP,"" he says. ""But at the same time I felt like a coward as I left my mother and sisters behind me."" Seeing his colleagues back in Sweden, he was speechless: ""I just cried,"" he says. Yet Jumaah finished his PhD and found work at a Malmo pharmaceuticals company, and his family survived. The bill: roughly 60,000 kroner ($6,613), which his family has nearly finished paying. “If they told me to pay 200,000 kronor, I would,” says Jumaah. (The UN is finding fresh ISIS horrors.)']",,"  
In 2014, Swedish chemistry professor Charlotta Turner received a distressing text message from her doctoral student, Firas Jumaah, who was in Iraq. Jumaah, a member of the Yazidi ethnic group, had been living in Sweden to complete his PhD. His wife had called him to report that ISIS had taken over their village, killing all the men and enslaving the women. Fearing for his family's safety, Jumaah had returned to Iraq to try to rescue them.  

Jumaah had initially stayed in Sweden to finish his research, but when his family was in danger, he returned to Iraq. He sent Turner a message asking her to remove him from the program if he didn’t return to Sweden within a week. In the message, he described the dire situation: his family was hiding in a disused bleach factory, and ISIS was nearby, with the sounds of gunfire echoing around them.  

Turner, deeply concerned, contacted the university’s security chief, Per Gustafson, and together they organized a rescue. Gustafson had a global security agreement with the university, which allowed them to arrange a rescue operation. Within days, a team of armed mercenaries arrived, and Jumaah, along with his wife and two children, was rescued and taken to the airport.  

Jumaah later described the experience as both a privilege and a moment of shame, as he had left his elderly mother and sisters behind. Fortunately, the rest of his family survived the ISIS occupation. Jumaah completed his PhD in Sweden and now works for a pharmaceutical company in Malmö.  

The university and Jumaah’s family have since repaid the cost of the rescue. Turner and Gustafson both emphasized that this was a unique and unprecedented event, as no other university had ever been involved in such a rescue.  

The incident highlights the power of academic support and the personal commitment of professors to their students. It also underscores the dangers faced by the Yazidi community under ISIS, and the importance of international cooperation in humanitarian efforts.  

This story is a powerful example of how one person’s actions can make a life-or-death difference, and how the academic world can respond to global crises with courage and compassion.",multi_news,Summary:,4d3783115f3756945540fe966195e80fcaa62aa7c3e58b4a
en,532,0.5,"Now, write a one-page summary of all the news.

",multi_news,3726,"['A ""gun joke"" involving palace sis-in-law Pippa Middleton is causing a royal stir. The driver of a car that Pippa, 28, was riding in smilingly pointed what looked like a gun at pestering paparazzi in Paris over the weekend. Now he says he was just goofing around, and the gun wasn\'t real. ""It was not a real gun. It was just a stupid joke,"" said a representative. The French aren\'t laughing, though, especially in the wake of the shocking shootings in Toulouse last month. Paris authorities warned that everyone in the car (including grinning Pippa) could face arrest and even two years in prison. ""Anybody involved in the illegal use of a handgun in public is liable to arrest and interrogation,"" a source told the Sun. But so far, no one has filed a complaint, and the ""targeted"" photographer didn\'t feel threatened, reports ABC. The driver hasn\'t yet been identified. Her Royal Hotness was in the front passenger\'s seat, and sitting in the back were two men, including aristocrat fashion designer Viscount Arthur de Soultrait, whose wild birthday party Pippa attended (for photos, check here). Buckingham Palace reps are keeping mum, saying Pippa is a ""private individual"" and not their concern.']",,"  
Pippa Middleton, the sister-in-law of Prince William and future Queen Consort, found herself at the center of a media storm after a controversial incident in Paris. The incident involved a photo of her laughing as a male companion in a car pointed a gun at a paparazzi photographer. The photo, taken in Paris, showed Pippa in the passenger seat of an Audi convertible with three male friends, including the driver, who allegedly reached for a semi-automatic gun and jokingly aimed it at a photographer. The image sparked widespread media attention and raised concerns about potential legal consequences for Pippa and her companions.  

Initial reports suggested that the gun was real, leading to speculation that Pippa could face criminal charges. However, subsequent investigations revealed that the gun was a fake, and the photographer who took the image confirmed that he knew the gun was not real and had not felt threatened. Friends of the driver also confirmed that the gun was a toy, and the incident was intended as a joke.  

The French police initially considered launching an investigation into the incident, but they later clarified that no formal investigation was underway because no one had filed a complaint. The Paris Judicial Police had initially expressed interest in pursuing the matter, but the lack of a formal complaint led to the decision not to proceed.  

Pippa was in Paris to attend a costume birthday party at the Chez Raspoutine, hosted by her friend and guest of honor, Arthur de Soultrait, a wealthy French aristocrat and fashion designer. The party was described as a lavish, 18th-century-themed event, attended by high society and featuring a variety of eccentric costumes and entertainment.  

The incident has raised questions about Pippa's behavior and the potential consequences for her. While some have suggested that the incident was a result of her being in a group of high-society friends, others have pointed out that the incident could have been a serious misstep for someone of her status.  

The incident has also sparked a broader discussion about the challenges that Pippa faces as a public figure. While she is a member of the royal family through her sister, Kate Middleton, she is not an official member of the royal family and does not have the same level of protection or support.  

The incident has also raised questions about the role of the media in following and reporting on Pippa's life. The media has been particularly interested in Pippa's life, and the incident has been seen as a significant event in her public life.  

The incident has also raised questions about the legal and ethical implications of the event. While the gun was not real",multi_news,Summary:,f29dd7b68a1d950a581a11a274ae8966472c4f273a1ee60c
en,532,0.5,"Now, write a one-page summary of all the news.

",multi_news,786,"['A woman believed to be in her 20s or 30s held employees of a Jared Vault jewelry store in Mebane, NC, at gunpoint on Monday before making off with jewelry piled into a shopping bag. But this wasn\'t her first rodeo: The FBI says the same brunette has robbed five other jewelry stores across the South since April, including in Florida, Georgia, South Carolina, and Tennessee, netting more than $450,000 worth of bling, per WNCN. A black man in his 30s or 40s, weighing about 250 pounds, was spotted by cameras during three of the robberies, reports NBC News. The FBI says both suspects ""are considered armed and dangerous.""']",,"  

A series of jewelry store robberies across multiple states in the Southeast has led to the arrest of a suspect, with the FBI and local law enforcement actively seeking information. The suspect is believed to be a woman in her 20s or 30s, approximately 5 feet 8 inches tall, and weighing around 130 pounds. She is described as a brunette and is considered armed and dangerous.  

The woman is suspected of robbing six jewelry stores in Florida, Georgia, South Carolina, Tennessee, and North Carolina since April. The most recent robbery occurred on Monday at a Jared Vault in Mebane, North Carolina. According to the FBI, the suspect forced two employees into a back room at gunpoint, tied them up with zip ties, and then stole a significant amount of jewelry, packing it into a shopping bag.  

The FBI has also identified a male suspect, described as black, in his 30s or 40s, 6 feet tall, and weighing 250 pounds. He was captured on surveillance cameras in three of the robberies. The FBI has confirmed that both suspects are considered armed and dangerous.  

The woman is believed to be working with an accomplice, a man, who was seen on camera during the robberies in Panama City Beach, Florida, and Dawsonville, Georgia. The FBI has released photographs of both suspects, and they are urging the public to come forward with any information.  

The suspect's modus operandi involves entering a jewelry store, displaying a firearm, and forcing employees into a back room where they are tied up with zip ties. The suspect then takes the jewelry and leaves with it. The stolen jewelry is valued at over $450,000.  

The first robbery was at a Jared store in Woodstock, Georgia. The next was at a Zales store in Dawsonville, Georgia, where the suspect stole jewelry worth $13,000. A week later, the suspect robbed a Reeds Jewelers in Panama City Beach, Florida, stealing jewelry worth $40,000.  

The suspect then robbed a Jared Vault in Tanger Outlets in Bluffton, South Carolina, where she was seen wearing a blue or purple striped skirt and a lavender and black brimmed hat.  

The suspect is believed to have committed the most recent robbery at a Jared Vault in Mebane, North Carolina, on Monday. The robbery was reported around 10:30 a.m. at the store located at 4000 Arrowhead Boulevard. No one was injured during the",multi_news,Summary:,9a80a9ec70584025030b77bd8d6e353068e24603ace24e3d
en,532,0.5,"Now, write a one-page summary of all the news.

",multi_news,1415,"['Modern Family star Ariel Winter has words for those who criticized the gold minidress she wore to an event for the show Wednesday night, People reports. Photos from the screening of the season eight finale showed that Winter\'s outfit stood out among the clothes worn by the other cast members who attended (Julie Bowen, for example, wore black slacks with a simple top, while Ty Burrell showed up in jeans). USA Today describes Winter\'s outfit like so: ""Mesh panels showed off her cleavage as well as the tops of her thighs."" But some of the commentary on Winter\'s outfit went beyond simply calling the teen overdressed, with some going so far as to say she looked ""slutty."" On Thursday night, Winter responded on Instagram. ""Why TF does anyone care that I didn\'t dress casual like everyone else for the panel? Why do I have to be like everyone else? Why can’t people just let other people feel good about themselves and do what they want?"" the 19-year-old wrote. ""WEAR WHATEVER YOU WANT PEOPLE! As long as you feel good about yourself that’s what matters. I know I did. Don’t ever let anyone stifle who you are and how you express yourself. Rant over."" (Winter says her ""baby voice"" makes her boyfriend uncomfortable.)']",,"  
Ariel Winter, a 19-year-old star of the TV show *Modern Family*, has been in the news for her bold and unapologetic approach to social media and fashion. Known for her confident and sometimes provocative presence online, she has become a favorite among fans for her authenticity and refusal to conform to traditional beauty or social norms.  

Recently, Winter made headlines for a controversial moment during a live appearance on *The Conan Show*, where she was reportedly heard using a baby voice. The incident sparked a wave of online reactions, with many finding the sound unsettling and even disturbing. Some fans expressed shock and disbelief, while others were more amused or indifferent. The video of the incident was widely shared on social media, particularly on YouTube, where it was posted by the show’s team.  

Despite the negative attention, Winter has continued to be a strong and vocal presence on social media, especially on Instagram. She has been praised for her unapologetic attitude and for her willingness to speak out about issues that matter to her. In a recent interview with *Elite Daily*, she discussed her approach to social media and her philosophy on self-expression. She emphasized the importance of self-love and self-acceptance, stating that she no longer cares about what others think of her.  

In addition to her social media presence, Winter has also been in the news for her fashion choices. She recently faced criticism for wearing a gold minidress to an event, with some people calling her outfit too revealing or too flashy. However, she responded to the criticism with a strong and defiant message, stating that she would not let others dictate how she should dress or how she should present herself.  

Winter has also been in the news for her response to online harassment and criticism. She has been vocal about her stance on body positivity and self-acceptance, and she has used her platform to encourage others to embrace their true selves. She has also been a vocal advocate for self-love and self-acceptance, emphasizing the importance of being true to oneself.  

Overall, Ariel Winter has been a consistent and powerful presence in the media, using her platform to speak out about issues that matter to her. She has been praised for her authenticity and for her willingness to be unapologetic about her choices. Her bold and unapologetic attitude has made her a favorite among fans, and she continues to be a popular and influential figure in the entertainment industry.",multi_news,Summary:,32350309f0cb915ff04aed26ed124c6533fe32573b42dd4b
en,532,0.5,"Now, write a one-page summary of all the news.

",multi_news,1747,"['Tonight\'s Mega Millions prize could end up being the biggest US jackpot ever. It\'s already hit $636 million; by tonight, it could rise past the $656 million record, Reuters notes. Let\'s say, for the sake of argument, that you win it (you won\'t). When you can breathe again, you\'ll want to take quick action to ensure that you deal with your newfound millions safely and effectively. At CNN, Steve Almasy offers a checklist: First, sign the ticket. You don\'t want to risk losing it, or having a ""friend"" claim it. While you\'re at it, you might want to take a selfie with the ticket, then drop it in a safe deposit box. Then, seek out financial experts, but not too many—you want to keep the news quiet as long as possible. ""Start with one experienced attorney and look for a seasoned certified financial planner,"" Almasy writes. Big question: Is there any way you can legally remain anonymous? If you live in South Carolina or a handful of other states, the answer is yes, but generally you\'ll have a tough time hiding. You might want to hire a PR person. In fact, you might want to slip out of the country until the hubbub over the prize has died down. Didn\'t win? Don\'t forget to check if you\'ve qualified for runner-up cash. Last year saw $800 million in unclaimed lottery winnings. Click for Almasy\'s full piece.']",,"  
The recent Mega Millions lottery has captured widespread attention, with a record-breaking jackpot of $636 million up for grabs. This massive prize has sparked a frenzy of excitement and speculation across the United States, with many hoping to become the next lucky winner. The jackpot, which is the highest in the game's history, has already surpassed the previous record of $656 million set in 2012.  

The winning numbers for the $636 million jackpot were 8, 20, 14, 17, and 39, with the Megaball number being 7. Two winners have been confirmed, but the exact identities of the winners remain undisclosed. The lottery has also raised important questions about the responsibilities and precautions that winners should take immediately after winning.  

For lottery winners, the first and most crucial step is to sign the ticket as soon as possible. This is essential to prevent any disputes or claims on the ticket, especially if the ticket is not in the winner's possession. Winners are also advised to take immediate steps to protect their privacy and security, such as keeping the ticket in a safe place and avoiding public displays of the ticket.  

In addition to the immediate steps, winners are encouraged to seek professional advice from experienced financial planners and legal experts. These professionals can help the winner make informed decisions about managing their newfound wealth, including tax planning, investment strategies, and long-term financial planning.  

The lottery has also highlighted the importance of considering the potential risks and challenges that come with sudden wealth. While winning the lottery can bring a sense of financial security and freedom, it can also bring a host of new problems and responsibilities. Winners are advised to take their time and not make hasty decisions, as the sudden influx of wealth can be overwhelming.  

The lottery has also sparked a debate about the ethical and legal implications of winning the lottery. Some have raised concerns about the potential for fraud and exploitation, while others have emphasized the importance of protecting the winner's rights and interests.  

Overall, the Mega Millions lottery has once again demonstrated the power of the lottery to bring people together and create a sense of community. The lottery has also highlighted the importance of responsible gambling and the need for players to understand the risks and consequences of playing the lottery.  

The lottery has also raised important questions about the role of the lottery in society. While the lottery can provide a source of entertainment and excitement, it can also be a source of financial risk and potential harm. The lottery has also sparked a debate about the ethical and legal implications of the lottery.  

In conclusion, the Mega Millions lottery has once",multi_news,Summary:,e614f7f571505896fb9a084fbb7fe96b749f84279cc1d950
en,532,0.5,"Now, write a one-page summary of all the news.

",multi_news,875,"['Cary Heath was arrested Monday at the Texas middle school where he teaches eighth-grade science a day after police say he murdered two of his neighbors, NBC DFW reports. According to the Fort Worth Star-Telegram, shots were fired shortly before 4am Sunday at a home down the street from where Heath lives. Police arrived to find two men dead in the home\'s driveway. ""From my understanding, the guy had an assault rife,"" a neighbor who woke up to gunshots tells NBC. ""From the looks of it, due to the shell casings, he unloaded the whole clip."" Police aren\'t discussing a motive for the killings, though the first 911 call from the scene was regarding a robbery. The 35-year-old Heath is being held on $1 million bond and has been placed on administrative leave. The school notified parents of the situation via automated phone messages, WFAA reports. One mother says ""it\'s very scary"" that someone suspected of murder was teaching children. ""They should be safe over there to get their education and come home,"" she says. Heath served in the Air Force for 13 years before recently becoming a teacher.']",,"  

The news consists of three distinct stories, each covering different events and developments.  

The first story discusses the ongoing contribution of Alexa Internet to the Internet Archive. Since 1996, Alexa has been providing its web crawling data to the Internet Archive, which is then stored in the Wayback Machine. This data is made available to the public after a certain embargo period. The information collected by Alexa is used to track and analyze internet traffic, and it has been a valuable resource for researchers and historians. The data is continuously updated and added to the Wayback Machine, preserving a digital record of the internet over time.  

The second and third stories are related to a tragic double murder that occurred in Fort Worth, Texas. On the early morning of Sunday, October 23, 2016, two people were found shot to death in their driveway in a neighborhood in South Fort Worth. The victims were identified as neighbors of the suspect, Cary Joseph Heath, who was later arrested and charged with capital murder.  

Cary Joseph Heath, a 35-year-old man, was employed as a teacher at Permenter Middle School in Cedar Hill, Texas. He was arrested on a capital murder charge following the incident. Heath was initially detained at the school and was later booked into the Fort Worth jail. He was released on a $1 million bond, and it was reported that he had not yet been represented by an attorney.  

The murder occurred in the early hours of the morning when police were called to a home on Buffalo Springs Drive in Fort Worth. Upon arrival, officers discovered the bodies of the two victims outside the home. The initial call to the police was for a reported robbery, but when officers arrived, they found the bodies of the two victims.  

Witnesses and neighbors reported that the suspect, Cary Joseph Heath, had used a firearm to kill the two victims. A neighbor, Jordan Milner, who lived across the street from the crime scene, provided a detailed account of the incident. Milner described how he heard gunshots and saw the suspect, who was believed to be carrying an assault rifle, shoot the two victims.  

The suspect, Cary Joseph Heath, was identified as a former U.S. Air Force member who had worked as a science teacher at Permenter Middle School. He was placed on administrative leave by the Cedar Hill Independent School District following the incident.  

The victims of the shooting were not immediately identified, and the motive for the crime was not yet known. However, the community was shocked by the incident, and there was concern about the safety of the school and the surrounding neighborhood.",multi_news,Summary:,00b5ebc7a259107bbfa5817da07bde0fa0ec3fad53ef8d30
en,532,0.5,"Now, write a one-page summary of all the news.

",multi_news,1212,"['A classy move by a Florida cop is making headlines: Laurie Graber, an officer in Plantation, got the call for a particularly low-level crime—someone had ripped the engagement ring off the finger of an 87-year-old woman bedridden with Alzheimer\'s in a hospital, reports Fox News. By the bruises on Betty Wagner\'s finger, it wasn\'t an easy job, and no wonder—the ring had been there for 67 years. ""I just couldn\'t imagine what kind of depravity you would have to have to take something off of someone so vulnerable,"" Graber tells WSVN. Upon leaving the hospital, Graber went to JCPenney and shelled out for a replacement ring with her own money. She brought it back to the nurses\' station with a note, reports AOL.com: ""It\'s not much, it\'s not the same. But 67 years of a promise kept should be recognized."" Husband Arthur, who placed the original on his soon-to-be wife\'s hand in 1946, says the gesture has helped him deal with the theft. (Another Florida officer bought groceries for a mom caught shoplifting.)']",,"  
A heartwarming and unexpected act of kindness took place in Plantation, Florida, when a police officer went above and beyond her duties to help an elderly woman who had lost her cherished engagement ring. The incident involved Arthur Wagner, a 78-year-old man, and his wife, Betty, who suffers from Alzheimer's disease. The couple had been married for over 60 years, and the engagement ring, which Arthur purchased in 1946 for $400, had been on Betty's finger for 67 years.  

The story began when Betty, who was being cared for in a hospital, was found to be missing her engagement ring. Arthur, who had been visiting her, noticed the absence of the ring and reported the theft. He explained that the ring had been on her finger for decades, and that it was a symbol of their enduring love. The ring was taken from her finger, likely by a thief, and was found to be missing.  

The theft was discovered when Arthur noticed that the ring was missing from Betty's finger. He reported the theft to the police, who then investigated the case. The police officer, Laurie Graber, was assigned to the case and was told about the couple's story. She was moved by the couple's love and the significance of the ring.  

In a gesture of compassion, Graber decided to replace the stolen ring with a new one. She purchased a new ring from J.C. Penney and delivered it to the hospital. She also left a note for the couple, expressing her admiration for their love and the importance of the ring.  

The couple was deeply touched by Graber's gesture. Arthur was moved to tears, and he expressed his gratitude for the officer's kindness. He said that the new ring was a symbol of their love and that it was a reminder of the importance of their relationship.  

The police are still investigating the theft, and they are working to find the person who stole the ring. They are also looking for any evidence that might lead to the identification of the thief.  

The story has been widely shared on social media, and it has been praised for its emotional impact. Many people have expressed their admiration for the officer's kindness and for the couple's love.  

The incident has also sparked a broader conversation about the importance of love and the value of relationships. It has reminded people of the power of love and the importance of keeping promises.  

Overall, the story is a testament to the power of love and the importance of kindness. It is a reminder that even in the face of adversity, love can prevail.",multi_news,Summary:,e67008dd5afa06246bb5871bc99578da12bec422c6f04932
en,532,0.5,"Now, write a one-page summary of all the news.

",multi_news,1067,"['Not a huge surprise: Lawyers for Boston marathon bomber Dzhokhar Tsarnaev today appealed his death-penalty conviction, arguing that ""continuous and unrelenting publicity"" biased jurors and made a fair trial in Boston impossible, NBC News reports. ""Put simply, prejudicial media coverage, events, and environment saturated greater Boston, including the social networks of actual trial jurors, and made it an improper venue for the trial of this case,"" say the papers. The lawyers want another trial at a new location, the AP reports. Earlier this year, the Guardian reminded us that Tsarnaev\'s appeals will likely delay his punishment for ""at least a decade."" The April 15, 2013, bomb strike in Boston left three dead and more than 200 maimed or injured.']",,"  
The Boston Marathon bombing, which occurred on April 15, 2013, and killed three people while injuring over 260, has led to a legal battle over the trial and sentencing of Dzhokhar Tsarnaev, the surviving bomber. Tsarnaev, who was 18 at the time of the attack, was convicted of 30 federal charges and sentenced to death in June 2015. His legal team has since filed multiple appeals, arguing that the trial was unfair due to the intense public and media attention surrounding the case.  

One of the main arguments presented by Tsarnaev’s defense attorneys is that the trial should have taken place outside of Boston, where the bombing occurred, due to the widespread public outrage and the potential for jurors to be influenced by the media coverage. They argue that the jurors, who were selected from the local community, were exposed to extensive media coverage of the bombing, including social media posts from friends and family of victims, which could have compromised the fairness of the trial.  

Additionally, the defense has raised legal challenges regarding the application of the term ""crime of violence"" to Tsarnaev’s actions, citing a recent Supreme Court ruling that questioned the definition of the term. They also argue that the death penalty is unconstitutional, citing a recent Supreme Court dissent by Justice Stephen Breyer, who suggested that the death penalty may now be considered a ""cruel and unusual punishment.""  

Tsarnaev’s legal team has also argued that the trial was conducted in a highly publicized environment, with continuous media coverage of the case, the victims, and the survivors. They claim that the publicity surrounding the case made it impossible for Tsarnaev to receive a fair trial in Boston. The defense has also pointed out that the city of Boston had announced a new holiday in honor of the bombing victims, which could have further influenced the jury’s perception of the case.  

Despite these arguments, the defense’s requests for a change of venue were denied by the judge, who ruled that the trial should proceed in Boston. The defense has since filed an appeal, arguing that the trial was conducted in a biased environment and that the publicity surrounding the case made it impossible for Tsarnaev to receive a fair trial.  

The case has also raised broader legal and ethical questions about the death penalty and the application of the law in cases involving public violence and terrorism. The defense has argued that the death penalty is unconstitutional and that the use of the death penalty in such cases is a violation of the Eighth Amendment to the U.S. Constitution.  

The case has also highlighted the",multi_news,Summary:,d30be80c0ac46bf18e40be8f115604ca446a1e7680d6ddef
en,532,0.5,"Now, write a one-page summary of all the news.

",multi_news,1042,"[""InterContinentalExchange Inc. has agreed to buy NYSE Euronext, the company that owns the New York Stock Exchange, for $8.2 billion, the two companies announced this morning. ICE, an Atlanta-based commodity exchange, says it intends to leave the NYSE's branding alone, and would explore an IPO for Euronext, spinning it off into a continental European entity, the Wall Street Journal reports. It will pay $33.12 a share for the elder exchange, or about a 37% premium on yesterday's close. You might remember ICE from its last attempt to buy the NYSE, which failed thanks to antitrust concerns from regulators. While the 12-year-old company may lack the name recognition of the iconic NYSE, it's much larger in terms of market capitalization, at $9.3 billion to NYSE Euronext's $5.8 billion—a sign, the New York Times observes, of how completely commodity trading has outpaced stock trading in relevance.""]",,"  
The global financial landscape is shifting as major exchanges restructure and consolidate, driven by evolving market demands and technological advancements. A significant development is the potential $8.2 billion merger between the New York Stock Exchange (NYSE) and IntercontinentalExchange (ICE), a leading commodities and derivatives trading platform. This merger highlights the growing dominance of the derivatives market over traditional stock trading, as the derivatives sector has become increasingly vital to global financial systems.  

The NYSE, a historic symbol of American capitalism, is undergoing a transformation as it seeks to remain competitive in a rapidly changing market. The NYSE Euronext, which operates the NYSE, is in talks to be acquired by ICE, which is based in Atlanta. The proposed deal would see ICE offer approximately $33 per share, with two-thirds of the payment in stock, representing a 37% premium over NYSE Euronext’s recent stock price. If finalized, the merger would create a powerful financial entity with a combined market presence and a broader range of services.  

The merger is significant not only for its financial implications but also for its strategic importance. The NYSE, known for its iconic opening bell and traditional floor trading, has seen a decline in its relevance as electronic trading has become the norm. Meanwhile, ICE, which specializes in commodities and derivatives, has experienced rapid growth and is now a major player in the global financial market. The merger would allow ICE to expand its reach and strengthen its position in the derivatives market, which has become a key component of global financial activity.  

The proposed merger has sparked considerable interest and speculation, with some analysts viewing it as a necessary step for the NYSE to remain relevant in a digital age. Others, however, have raised concerns about the potential for monopolistic practices and the impact on market competition. The merger also raises questions about the future of traditional stock exchanges and the role of electronic trading in shaping the financial landscape.  

The NYSE has faced declining trading volumes, with the average number of American stocks traded each day having fallen every year since 2009. In contrast, the derivatives market has seen relatively stable growth, with ICE’s focus on commodities and derivatives positioning it as a key player in the sector. The merger would allow the NYSE to leverage ICE’s strengths, including its high profit margins and its focus on fast-growing markets.  

The merger also has broader implications for the financial industry, as it reflects a trend toward consolidation and the increasing importance of scale in the financial sector. The deal would be the largest in the history of the financial industry, with the potential to reshape the global financial landscape.  

The",multi_news,Summary:,8fcab0ef4e02147eb2cb3ac99b3023dfe9db11b3f3fe68d1
en,532,0.5,"Now, write a one-page summary of all the news.

",multi_news,682,"['Apparently still smarting from some of Chris Rock\'s Oscars barbs, the Academy of Motion Picture Arts and Sciences invited 683 people—many of them women and minorities—to join in an unprecedented move Wednesday, Reuters reports. The voting group behind the Oscars is largely old, white, and male and was lambasted this year with the hashtag #OscarsSoWhite after two years in a row of all-white acting nominees. In response, the academy is attempting to—as the AV Club puts it—"" add seemingly goddamn everyone it had, for one reason or another, forgotten to invite into its membership.” The actors, directors, and others invited Wednesday include Idris Elba, Eva Mendes, Oscar Isaac, John Boyega, Ice Cube, Greta Gerqig, Michael B. Jordan, Vivica A. Fox, the Wachowskis, James Wan, Luis Guzmán, Kate Beckinsale, Park Chan-wook, James Hong, Michelle Rodriguez, and not one, not two, but three Wayans brothers. Of the new invitees, 46% are women and 41% are people of color. If all 683 accept their invite, women would account for 27% of the more than 7,000 academy members (up from 25%) and minorities would total 11% (up from 8%). “I\'m especially happy to be part of such a diverse group. I actually want to hang out and watch movies with most of the people on this list,"" Arab-German director Lexi Alexander tells the Los Angeles Times. “To be honest, I cried a few tears when I started to get congratulation tweets in Arabic.” Other invitees took to Twitter to share similar sentiments. “Excited to use my vote to nominate talent that reflects the real world we live in—DIVERSITY,"" tweets Brie Larson, who won best actress at this year\'s Oscars.']",,"  
The Academy of Motion Pictures Arts and Science, better known as the Academy, has taken significant steps to address long-standing concerns about its lack of diversity. For years, the Academy has been criticized for its predominantly white, male, and older membership, which has sparked ongoing discussions about the lack of diversity in the film industry. These criticisms were amplified by the #OscarsSoWhite movement, which gained traction after the 2015 and 2016 Oscar nominations featured an all-white slate of acting nominees. The movement, led by the hashtag #OscarsSoWhite and popularized by April Reign, highlighted the glaring absence of racial and gender diversity in the Academy and the broader film industry.

In response to the growing pressure and public scrutiny, the Academy has launched a major initiative to increase its membership diversity. As part of a comprehensive overhaul, the Academy has sent out 683 new membership invitations, with nearly half of the invitees being women and 41% being people of color. This represents a significant shift from the Academy’s previous membership composition, which had been dominated by older, white, and male members.

The new membership list includes a wide range of individuals from various backgrounds and disciplines within the film industry. The list features a diverse array of directors, actors, and other industry professionals, including both established and emerging talents. Notable names on the list include prominent female directors such as Catherine Breillat and Lucrecia Martel, as well as internationally recognized filmmakers like Park Chan-wook and Abbas Kiarostami. The list also includes a variety of actors, including both established and rising stars, such as Idris Elba, Idris Elba, and others.

The Academy’s decision to expand its membership is seen as a positive step toward increasing diversity in the film industry. However, the effectiveness of this initiative will depend on the Academy’s ability to ensure that the new members are truly representative of the broader film community. The Academy has also committed to increasing the number of women and people of color in its membership, with a goal of doubling the number of women and people of color in its ranks by 2020.

The Academy’s efforts to increase diversity have been met with both support and criticism. While some have praised the Academy for taking a proactive approach to addressing the issue of diversity, others have questioned the effectiveness of the Academy’s efforts. Critics have argued that the Academy’s efforts may not be sufficient to address the deep-rooted issues of inequality and discrimination that exist in the film industry.

Overall, the Academy’s decision to expand its membership and increase its diversity",multi_news,Summary:,604c0b723e4c77d2814cae6b70f452e09711db9412c90869
en,532,0.5,"Now, write a one-page summary of all the news.

",multi_news,1346,"['The three American hikers detained by Iran weren’t captured in Iraq, says Sarah Shourd: They were beckoned over the border by an armed soldier, she tells the New York Times in an effort to set the WikiLeaks version of the story straight. “We did not actually enter Iran until he gestured to us. We were confused and worried and wanted to go back."" In Shourd\'s fullest account of her ordeal to date, she goes into detail about their fateful overnight camping trip, describing ""scores of campfires"" near the waterfall they were hiking to—which abutted Iran. “I think we were extremely unlucky,” says Shourd. “I guess I never believed there would be so many hundreds of people close to a border.” Her interview with the Times comes ahead of a court date for her fellow hikers, which was set for Saturday but has been delayed by Iran until Shourd “can return to Iran or,” if she refuses, her case can “be dealt with differently,” said an Iranian official. But her lawyer says the trial should go forward; neither he nor Shourd, he tells Reuters, were notified of the change.']",,"  
The news highlights the ongoing legal and diplomatic issues surrounding the arrest and detention of three American hikers—Shane Bauer, Josh Fattal, and Sarah Shourd—who were detained by Iranian authorities in 2009. The trio was arrested near the border of Iraq and Iran while hiking in the Kurdish region. Initially, the U.S. government and the hikers themselves believed they were in Iraq, but it was later revealed that they had crossed into Iran, leading to their arrest.  

The Iranian authorities delayed the trial of the two men, Shane Bauer and Josh Fattal, due to the absence of the third suspect, Sarah Shourd, who had been released on bail in September 2010 and returned to the United States. The Iranian judiciary claimed that the trial could not proceed without all three suspects present. However, the hikers' lawyer, Masoud Shafiee, expressed confusion and stated that the delay was not communicated to him or to Shourd.  

The case has become a significant point of contention between the United States and Iran, with the U.S. government and the hikers' families advocating for their release. The U.S. government has been involved in diplomatic efforts to secure the hikers' release, particularly as part of broader negotiations with Iran regarding its nuclear program.  

The situation has also been linked to the broader geopolitical relationship between the U.S. and Iran, which has been strained since the 1979 Iranian Revolution. The U.S. has been pushing for renewed nuclear talks with Iran, while Iran has been reluctant to engage in discussions that it perceives as being aimed at limiting its nuclear capabilities.  

The case has also drawn international attention, with media coverage and public support for the hikers. The hikers' families and friends have been advocating for their release, and the U.S. government has been working to secure their return.  

In addition to the legal and diplomatic aspects of the case, the situation has also raised questions about the treatment of prisoners and the use of diplomatic channels to resolve such issues. The Iranian government has been accused of using the case to make political statements, and the U.S. government has been accused of using the case to pressure Iran into engaging in nuclear talks.  

The case has also been used as a tool in the broader struggle between the U.S. and Iran, with both sides using the case to advance their own interests. The U.S. has been using the case to highlight the importance of human rights and the need for diplomatic engagement, while Iran has been using the case to assert its sovereignty and independence.  

Overall, the",multi_news,Summary:,32ad84c5a1c78671e7a47697f0efb8dbb89950488e273e13
en,532,0.5,"Now, write a one-page summary of all the news.

",multi_news,2184,"[""A military coup is under way in Mali, as renegade soldiers stormed the presidential palace in the capital of Bamako today, and soon afterward appeared on state TV to announce that they had booted the president and taken over the country, the BBC reports. The soldiers said they were suspending the constitution, dissolving its institutions and instituting a nationwide curfew. They said they were taking power because of President Amadou Toumani Toure's failure to defeat a rebellion by the Taureg tribes in the north, the AP reports. The military “has decided to assume its responsibilities and end the incompetent and disavowed regime of Amadou Toumani Toure,” the troops said, adding that it “does not in any way aim to confiscate power, and we solemnly swear to return power to a democratically elected president as soon as national unity and territorial integrity are established.” The mutiny comes just a month before Toure was set to leave office legally.""]",,"  
In March 2012, a military coup occurred in Mali, a country that had been considered one of the few established democracies in the region. The coup was led by mutinous soldiers who stormed the presidential palace in Bamako and overthrew President Amadou Toumani Toure, who was set to step down from his legal term. The soldiers, who had been frustrated with the government's handling of a long-standing Tuareg rebellion in the northern part of the country, declared the military's National Committee for the Reestablishment of Democracy and the Restoration of the State (CNRDR) as the new governing body. They suspended the constitution and dissolved existing institutions, claiming they were acting to restore order and stability.  

The Tuareg rebellion, which had begun in mid-January, was fueled by the return of armed Tuareg fighters from Libya, where they had supported the late Libyan leader, Moammar Gadhafi. These fighters, now back in Mali, had brought with them weapons and had joined the rebellion, which had been escalating in the north. The government's inability to effectively combat the rebellion, coupled with the lack of adequate supplies and support for the military, had led to widespread frustration among the soldiers.  

The coup was met with strong condemnation from the West African regional bloc, ECOWAS, which called the actions of the mutineers ""misguided"" and ""reprehensible."" The group expressed concern that the coup would undermine the region's efforts to resolve the ongoing conflict in the north. The United States and France also urged both the military and the government to resolve their dispute through peaceful means.  

President Toure was reportedly missing, and his whereabouts were unknown. His bodyguards had failed to stop the mutiny, and he was not found in the palace. The military's elite unit, the Red Berets, was believed to still be loyal to the president.  

The coup marked a significant setback for Mali, which had been a model of democracy in the region. The country had experienced a transition from military rule to civilian governance in 1991, and had since maintained democratic institutions. The coup was seen as a regression, especially given the country's history of political instability.  

The mutiny began on Wednesday, March 21, when soldiers in the capital, Bamako, began to protest against the government. The unrest spread to other parts of the country, including the northern town of Gao, where troops began to riot. The mutiny led to the suspension of television and radio broadcasts, and the imposition of a nationwide curfew.  

The",multi_news,Summary:,b098061a149726a9be0bb34d5f72548ba9df5aab9608c344
en,532,0.5,"Now, write a one-page summary of all the news.

",multi_news,827,"['The internet loves obsessing over Game of Thrones, so Hello Giggles wants to know why more people aren\'t talking about the fact that ""Tommen is also his own cousin."" Dean-Charles Chapman currently plays King Tommen Baratheon on the show, a role he took over from a younger actor in 2014. But he also played Tommen\'s cousin, Martyn Lannister, in a few episodes of the show back in the third season, Mashable explains. Hello Giggles thinks the recasting makes complete sense. “Given the Lannister family’s penchant for incest, having several people in that lineage look the same (like exactly the same) would not be a surprise.” Poor Martyn was killed off after being taken hostage by Robb Stark, and Bustle thinks Chapman better hope for a third role as Tommen is ""probably doomed just like his look-alike cousin.""']",,"  

The provided news consists of three distinct passages, each covering different topics. The first passage discusses the historical contribution of Alexa Internet to the Internet Archive, specifically through its crawl data that has been made available to the public via the Wayback Machine since 1996. This data is continuously added to the archive, with a delay before it becomes accessible to the public.  

The second and third passages are related to the popular television series *Game of Thrones*, focusing on the actor Dean-Charles Chapman and his dual roles in the show. Chapman is best known for portraying King Tommen Baratheon, who ascended to the throne in Season 4 following the death of his brother, Joffrey. However, Chapman also played the character of Martyn Lannister in Season 3, a minor role that was cut short due to the character's early death.  

The key revelation is that the same actor, Dean-Charles Chapman, portrayed both King Tommen Baratheon and the character of Martyn Lannister, who was a minor noble in the Lannister family. This connection is noted because the two characters are related by blood—Tommen is a half-Lannister, and Martyn is a full Lannister, making them cousins. The article highlights the surprising similarity between the two characters, which has led to speculation about the possibility of a familial connection between them.  

The article also touches on the broader implications of this revelation, suggesting that it could be a subtle nod to the show's complex family dynamics and the potential for future plot developments. The author notes that while this connection may not have a direct impact on the main storyline, it adds an interesting layer to the narrative and provides a new angle for fans to consider.  

In conclusion, the three passages cover a range of topics, from the technical aspects of internet archiving to the dramatic and narrative elements of a popular television series. Each passage offers a unique perspective, contributing to a broader understanding of the subject matter. The first passage provides a historical overview of a digital archive, while the latter two passages delve into the intricate world of a fictional television series, exploring the themes of identity, family, and the power of storytelling.",multi_news,Summary:,16a2f856042ce42ee1ecefe6b73868e858ef0f93c7164a93
en,532,0.5,"Now, write a one-page summary of all the news.

",multi_news,1655,"[""It's all up to President Trump now. The House Intelligence Committee voted along party lines Monday to release a controversial memo that alleges wrongdoing on the part of the Justice Department and the FBI in regard to the Russia investigation, reports Politico. Democrats are fuming over the decision. Trump now has five days to decide whether to allow the memo to be released; his approval is necessary because it's a classified document. The memo alleges that the FBI and the Justice Department improperly used government surveillance during the investigation into Russian election interference and contacts with Trump's campaign, per the AP. The vote to release the memo comes after committee Republicans, led by chairman Rep. Devin Nunes, pushed for its disclosure. The memo addresses a dossier of allegations against Trump compiled by a former British spy, and questions over whether it was improperly used to obtain surveillance warrants. The panel's ranking Democrat, Rep. Adam Schiff, announced the vote results Monday while criticizing the Republicans' decision. Democrats generally say the memo cherry-picks facts and presents a distorted view of things.""]",,"  

The news highlights ongoing political and legal tensions surrounding the investigation into potential Russian interference in the 2016 U.S. election and its connections to the Trump campaign. At the center of the controversy is a classified memo from the House Intelligence Committee, which has sparked significant debate and partisan conflict.  

The memo, authored by Republican members of the committee, alleges that senior FBI officials improperly used government surveillance during the investigation into Russian election interference. It specifically questions the use of a dossier compiled by a former British spy, Christopher Steele, which detailed alleged connections between the Trump campaign and Russian entities. The memo also raises concerns about the FBI's use of the Foreign Intelligence Surveillance Act (FISA) to obtain surveillance warrants.  

Republicans on the House Intelligence Committee, led by Chairman Devin Nunes, have voted to release the memo, despite objections from Democrats and the Department of Justice. The memo was initially shared with FBI Director Christopher Wray and Deputy Attorney General Rod Rosenstein, who were reportedly concerned about its contents. However, the FBI and DOJ have not fully endorsed the memo's claims, and some members of the committee have expressed skepticism about its accuracy.  

The release of the memo has intensified partisan divisions, with Democrats arguing that it misrepresents the facts and could undermine the work of special counsel Robert Mueller, who is investigating potential Russian collusion with the Trump campaign. Republicans, on the other hand, have framed the memo as evidence of potential misconduct by the FBI and as a necessary step toward transparency.  

The White House has not yet made a final decision on whether to release the memo, but President Trump has expressed support for transparency. However, the White House has also emphasized the need for careful consideration of the memo's contents, given its classified nature.  

In addition to the memo, the news includes reports of growing tensions between the Trump administration and the FBI, as well as concerns about the potential impact of the memo on the ongoing investigation. Some Republican senators, including Lindsey Graham and Susan Collins, have urged President Trump to remain silent on the matter, citing the potential risks of public scrutiny.  

The memo has also raised questions about the role of the FBI and the Department of Justice in the investigation, with some lawmakers and officials calling for greater oversight and accountability.  

Overall, the news underscores the complex and often contentious nature of the political and legal landscape surrounding the investigation into Russian interference in the 2016 election. The release of the memo has further complicated the situation, with significant implications for the future of the investigation and the broader political climate.",multi_news,Summary:,896ac529049c799018f04d0e8498d7a88ffb6d5ebfe334b9
en,532,0.5,"Now, write a one-page summary of all the news.

",multi_news,1393,"['The US in early July hit $34 billion of Chinese goods with an extra 25% tariff; China responded in kind. CNN reports round two could see the US slap tariffs on another $16 billion in goods as soon as this week, but it\'s a much bigger figure that\'s attracting attention Wednesday. Bloomberg cites sources who say the White House is thinking about upping the ante and imposing not an additional 10% tariff on $200 billion worth of Chinese goods but an additional 25%. CNN echoes that news via its source. Bloomberg frames the move, which would be revealed in the next couple of weeks, as intended to ""force officials back to the negotiating table through threats of even higher tariffs""; the last high-level negotiations took place nearly two months ago. A Chinese foreign ministry rep responded to the news thusly, per the AP: ""If the United States takes further measures that escalate the situation, China will definitely fight back. We are determined to safeguard our legitimate and lawful rights and interests.""']",,"  
The U.S. and China are locked in a tense trade dispute, with both nations imposing tariffs on each other's goods. The Trump administration has announced plans to increase tariffs on an additional $200 billion in Chinese imports, raising the rate from 10% to 25%. This move comes in response to China's alleged theft of American technology and intellectual property. China has vowed to retaliate, with its foreign ministry spokesperson, Geng Shuang, warning that it will ""definitely fight back"" if the U.S. escalates the situation. He emphasized that China is prepared to defend its ""legitimate and lawful rights and interests"" and called for ""dialogue and consultation"" to resolve the conflict.  

China has already imposed 25% tariffs on $34 billion in U.S. imports in response to the U.S. tariffs, and it has threatened to do the same on an additional $200 billion in U.S. goods. The Chinese government has not yet confirmed whether it will take any specific retaliatory measures, but it has made it clear that it will not back down.  

Meanwhile, there are indications that both sides are attempting to restart trade negotiations. U.S. Treasury Secretary Steven Mnuchin and Chinese Vice Premier Liu He are reportedly in private discussions to resume talks, with both sides agreeing that more dialogue is necessary. However, the details of the negotiations, including the issues to be discussed and the format of the talks, remain unclear.  

The U.S. and China have been engaged in a series of trade talks, but the negotiations have been stalled due to the lack of progress and the unwillingness of both sides to make concessions. The U.S. has accused China of engaging in unfair trade practices, while China has accused the U.S. of using ""unilateral threats and pressure"" to achieve its goals.  

The trade war has had a significant impact on global markets, with investors and businesses around the world expressing concern about the potential for a global trade war. The U.S. and China are the world's two largest economies, and their trade dispute has the potential to disrupt global trade and economic growth.  

In addition to the trade dispute, the U.S. and China are also engaged in a broader geopolitical struggle. The U.S. has been accused of using economic pressure to achieve its political goals, while China has been accused of using economic leverage to achieve its strategic objectives.  

The trade war has also had a significant impact on the global economy. The U.S. and China are the world's two largest economies, and their trade dispute has the potential to disrupt global",multi_news,Summary:,517d590c630dd425aca22990641cd6d3a0633596e7eb9b8e
en,532,0.5,"Now, write a one-page summary of all the news.

",multi_news,1594,"['Sony today unveiled its next-generation gaming system, PlayStation 4, saying the console will be part of a new ecosystem focused on hardware, software, and ""the fastest, most powerful gaming network."" The new console is the Japanese electronics giant\'s first major game machine since the PlayStation 3 went on sale in 2006. Today\'s unveiling is Sony\'s attempt to steal the spotlight, at least until Microsoft unveils its next Xbox in June at the E3 video game expo in Los Angeles. Among the PS4\'s revisions is an updated controller that adds a touchpad, motion control, and a ""share"" button. The controller also features a light bar, which means a new PlayStation camera can more easily track the device. Sony has struggled lately to keep up with Microsoft and other rivals such as Apple and Samsung. The company is promising nifty mobile devices, sophisticated digital cameras, and other gadgetry as part of its comeback effort. More details at Gizmodo and TechCrunch.']",,"  
Sony has officially launched the PlayStation 4 (PS4), marking the next generation of gaming. The PS4 is designed to shift focus from the living room to the gamer, emphasizing flexibility and accessibility. It aims to allow gamers to play anywhere and anytime, reflecting a broader trend in gaming towards mobile and portable experiences.  

The PS4 is built on a powerful x86 architecture, making it easier for developers to create games. This is a significant change from the PS3, which was more complex and difficult to develop for. The new system is also more powerful, with an 8-core CPU and 8GB of GDDR5 memory, offering improved performance and capabilities.  

The PS4 features a redesigned DualShock 4 controller, which includes a touchpad, a share button, and a light bar for motion tracking. It also supports a 3D stereo camera for enhanced interaction. The controller is designed to be more intuitive and user-friendly, with features that make it easier for gamers to navigate and interact with their games.  

The PS4 also introduces new features such as save states, background downloading, and social networking. These features are intended to enhance the overall gaming experience and make it more convenient for players. The PS4 also includes a new social platform that allows players to share their gameplay, watch others play, and interact with friends.  

The PS4 is expected to be released in the fall of 2013, with a price point that is competitive with other consoles. The PS4 is also expected to be more powerful than the PS3, with improved graphics and performance. The PS4 is also expected to be more affordable than the PS3, making it more accessible to a wider range of gamers.  

Overall, the PS4 represents a significant step forward in the evolution of gaming. It is a more powerful, more flexible, and more user-friendly console that is designed to meet the needs of a wide range of gamers. The PS4 is also expected to be a major competitor in the console market, challenging other consoles such as the Xbox One and the Nintendo Switch.  

The PS4 is also expected to be a major platform for developers, offering them the tools and resources they need to create high-quality games. The PS4 is also expected to be a major platform for gamers, offering them the latest and greatest in gaming technology. The PS4 is also expected to be a major platform for social networking, offering gamers the ability to connect with friends and share their experiences.  

In conclusion, the PS4 is a significant step forward in the evolution of gaming. It is a more powerful, more flexible,",multi_news,Summary:,67411d502fad1746554e177dac9bda7b3fbbf22ee9040ac4
en,532,0.5,"Now, write a one-page summary of all the news.

",multi_news,1188,"['Scientists at UC Berkeley have made a major advancement in the field of mind reading, reconstructing YouTube videos based on brain scans from people who’d seen them. Researchers would put subjects into an MRI machine and track their brain activity as they viewed videos. Once they’d build a model of how a subject’s mind processed the video, “we could read brain activity for that subject and run it backward … to try to uncover what the viewer saw,” one study coauthor tells ABC News. Using the scans they were then able to reproduce the videos—though they’re blurry. “This is a major leap,” the co-author says. He thinks the technique could eventually be used to reconstruct dreams or memories, if it turns out the brain processes those things similarly to how it processes movies. “It’s our next line of research.” (More details on how the experiment worked, along with a video, at PC Magazine.)']",,"  
Recent scientific advancements have brought us closer to understanding and even reconstructing the visual experiences of the human mind. Researchers from the University of California, Berkeley, have developed a groundbreaking technique that allows them to decode and reconstruct visual content from brain activity. This technology, which uses functional magnetic resonance imaging (fMRI) and advanced computational algorithms, has enabled scientists to translate brain signals into visual representations of what a person is seeing.  

In one experiment, participants watched YouTube videos while lying in an MRI machine, and their brain activity was recorded. Using this data, researchers trained a ""movie reconstruction algorithm"" to map neural patterns to visual stimuli. The algorithm was trained on a vast dataset of 18 million seconds of YouTube videos, allowing it to learn how the brain processes dynamic visual information. When participants watched the same videos again, the algorithm used their brain activity to generate a reconstructed version of the video. The result was a surreal, abstract, and often blurry representation of the original content, akin to a dream or a surreal painting.  

This breakthrough marks a significant step forward in the field of neurotechnology. Previously, scientists had been able to reconstruct static images from brain activity, but this is the first time they have successfully reconstructed dynamic visual experiences. The ability to decode and reconstruct moving images from brain signals opens up new possibilities for understanding how the brain processes visual information. It also raises important ethical and privacy concerns, as it suggests the potential for future technologies to read and interpret a person's thoughts and mental imagery.  

The research team, led by neuroscientist Shinji Nishimoto and professor Jack Gallant, emphasized that this technology is still in its early stages. While the current system can only reconstruct what a person is watching, the long-term goal is to develop the ability to decode and reconstruct internal mental imagery, such as dreams, memories, and even thoughts. The researchers believe that this technology could one day be used to understand and interpret the content of a person's mind without external visual input.  

However, the technology is not yet capable of reading thoughts or interpreting complex mental processes. The current system is limited to reconstructing visual content that a person has seen, and it is not yet able to decode internal mental states or abstract concepts. The researchers acknowledge that there is still a long way to go before this technology can be used to read and interpret a person's thoughts.  

Despite these limitations, the research has significant implications for both scientific and practical applications. The ability to reconstruct visual content from brain activity could lead to new treatments for neurological disorders, such as visual impairments and cognitive disabilities. It could also have applications in fields such as psychology,",multi_news,Summary:,cde1b291ab8ec7aea147dfb03144af2cf42f0febadd89ea7
en,532,0.5,"Now, write a one-page summary of all the news.

",multi_news,1365,"['We shouldn\'t be too worried about the sequester—after all, Congress doesn\'t exactly seem to be recoiling at the thought. And Roger Simon has a theory on why: Lawmakers\' own salaries aren\'t getting cut, he explains at Politico. Sure, their staffers are facing furloughs that amount to a 20% pay decrease, but members of Congress will keep collecting six-figure salaries. Of course our lawmakers ""might have to figure out how to put those plastic coffee pods in the machines themselves, but these people are not fools,"" he writes. ""They will order out. If they can figure out how to work the telephones."" In fact, House Republicans are positively excited about the sequester, writes Dana Milbank in the Washington Post, noting their agenda yesterday consisted only of renaming a California NASA research center. They\'re ""pursuing a considered strategy of deliberate idleness,"" after finally realizing that doing nothing means they get ""a 2.5% cut in all federal spending without coughing up a single dollar in tax increases. They have learned to stop worrying and love the sequester."" Click for Milbank\'s full piece; Simon\'s humorous take is here.']",,"  

In early 2013, the U.S. House of Representatives was engaged in a series of procedural and symbolic actions, reflecting the broader political stalemate and the impact of the sequester — a set of automatic spending cuts triggered by the Budget Control Act of 2011. The House, led by Speaker John Boehner, was largely inactive, with lawmakers engaging in minimal legislative activity and focusing on symbolic gestures. One such gesture was the passage of H.R. 667, which would rename the Dryden Flight Research Center in California after Neil A. Armstrong, the first man to walk on the moon. The bill, sponsored by House Majority Whip Kevin McCarthy (R-Calif.), was a symbolic move to honor Armstrong and was passed with little opposition.  

The House’s inaction was part of a broader strategy by Republicans to avoid making difficult decisions on spending and taxation. Instead, they were leveraging the threat of the sequester — a series of automatic spending cuts that would take effect on March 1, 2013 — to avoid engaging in the politically unpopular task of negotiating a new budget or tax deal. Republicans argued that the sequester, while harmful, was preferable to a new agreement that would likely include tax increases and spending cuts.  

President Barack Obama, meanwhile, was actively pushing for a new deal that would include both tax increases and spending reductions. He argued that the sequester would have a devastating impact on the economy and on key government programs, including those related to national defense, healthcare, and education.  

The House’s inaction was also reflected in the way that lawmakers were spending their time. Many members of the House were engaged in procedural votes, ceremonial bills, and other non-substantive activities. For example, on March 1, 2013, the House was scheduled to take a vote on the renaming of the Dryden Flight Research Center.  

The House’s inaction was also reflected in the way that lawmakers were using their time. Many members of the House were engaged in procedural votes, ceremonial bills, and other non-substantive activities. For example, on March 1, 2013, the House was scheduled to take a vote on the renaming of the Dryden Flight Research Center.  

Overall, the House’s inaction and the political stalemate over the sequester highlighted the challenges of governing in a polarized environment. The House’s inaction and the political stalemate over the sequester also highlighted the challenges of governing in a polarized environment. The House’s inaction and the political stalemate over the",multi_news,Summary:,4a14994bceab965b7070de143a561309499b57c1a1fcd1ab
en,532,0.5,"Now, write a one-page summary of all the news.

",multi_news,1931,"['Sen. Elizabeth Warren went after Wells Fargo CEO John Stumpf during a Senate hearing Tuesday with the kind of heat she usually reserves for Donald Trump tweetstorms. ""You should resign ... and you should be criminally investigated,"" NPR quotes Warren as saying. Stumpf was in front of the Senate banking committee after Wells Fargo employees created millions of fake accounts for customers without their permission in order to charge them extra fees. Stumpf said he was ""deeply sorry"" for what happened, New Republic reports. But—according to CNBC—he maintained it wasn\'t a ""scam""—Warren\'s word—but a ""way of deepening relationships"" with customers. Warren accused Stumpf of ""gutless leadership"" for passing responsibility for what happened away from himself and other senior executives while blaming ""thousands of $12-an-hour employees who were just trying to meet cross-sell quotas that made you rich."" The employees\' cross-selling scheme was at least partially responsible for Wells Fargo stock going up, making Stumpf\'s shares alone gain $200 million in value. While more than 5,000 Wells Fargo employees were fired, none of the senior executives are losing their jobs. Warren said the only way Wall Street will be reformed is if CEOs like Stumpf start seeing jail time. She\'s one of only a few members of the Senate banking committee that hasn\'t gotten money from Wells Fargo\'s PAC.']",,"  

This week, Senate Majority Leader Mitch McConnell and other Republican leaders have called for the removal of President Joe Biden from office, citing his alleged misconduct and the potential for a constitutional crisis. The move comes as the Senate is set to vote on a resolution to remove Biden, which would require a two-thirds majority. The Republican-led Senate has been working to pass a resolution that would allow for the removal of the president, with some lawmakers arguing that the process is necessary to uphold the Constitution.  

Meanwhile, the Democratic Party has been pushing back against the calls for removal, with some members of the party arguing that the process is not appropriate and that the president should not be removed. The Democratic Party has also been working to pass a resolution that would allow for the removal of the president, with some lawmakers arguing that the process is necessary to uphold the Constitution.  

In addition to the calls for removal, there have been reports of a potential constitutional crisis, with some lawmakers arguing that the process could lead to a breakdown of the government. The situation has been further complicated by the fact that the president is currently under investigation for alleged misconduct.  

The situation has also been further complicated by the fact that the president is currently under investigation for alleged misconduct. The investigation has been ongoing for several months, with some lawmakers arguing that the president is not being treated fairly. The investigation has been led by a special counsel, who has been working to gather evidence and determine the extent of the president's alleged misconduct.  

The situation has also been further complicated by the fact that the president is currently under investigation for alleged misconduct. The investigation has been ongoing for several months, with some lawmakers arguing that the president is not being treated fairly. The investigation has been led by a special counsel, who has been working to gather evidence and determine the extent of the president's alleged misconduct.  

The situation has also been further complicated by the fact that the president is currently under investigation for alleged misconduct. The investigation has been ongoing for several months, with some lawmakers arguing that the president is not being treated fairly. The investigation has been led by a special counsel, who has been working to gather evidence and determine the extent of the president's alleged misconduct.  

The situation has also been further complicated by the fact that the president is currently under investigation for alleged misconduct. The investigation has been ongoing for several months, with some lawmakers arguing that the president is not being treated fairly. The investigation has been led by a special counsel, who has been working to gather evidence and determine the extent of the president's alleged misconduct.  

The situation has also been further complicated by the fact that the president is currently under investigation for",multi_news,Summary:,7d455b3437ab0d3ca49a258878db1a3bbba5d7788a9f496b
en,532,0.5,"Now, write a one-page summary of all the news.

",multi_news,1236,"['A hacker going by The Dark Overlord claims to have stolen and released 10 episodes of the new season of Orange Is the New Black more than a month before its official release on Netflix. Variety reports the hacker was demanding an unspecified ransom from Netflix, uploading the first episode of the upcoming fifth season to a file-sharing site Friday as proof. The next nine episodes were uploaded early Saturday morning after The Dark Overlord claims Netflix refused to pay them. The hacker says they\'re ""quite ashamed to breathe the same air"" as Netflix, as they were being entirely ""reasonable and merciful"" with their ransom offer. Neither Variety nor the AP have been able to—legally—confirm the authenticity of the episodes uploaded by The Dark Overlord. The new Orange Is the New Black episodes were apparently stolen months ago. Netflix says a production vendor ""had its security compromised""; Variety identifies that vendor as Larson Studios, a post-production facility. The Dark Overlord says they weren\'t able to steal the final three episodes of the season because they weren\'t finished yet. The Dark Overlord told the AP in February they wouldn\'t release any of the stolen episodes; it\'s unclear why that changed. The hacker also claims to have stolen TV series from ABC, National Geographic, Fox, and IFC via the hack at Larson Studios. They\'re reportedly seeking a ""modest"" ransom for those as well. The leak of new Orange is the New Black episodes could hurt Neflix\'s subscriber numbers and stock price. The FBI is investigating.']",,"  
A hacker known as ""The Dark Overlord"" has threatened to leak the upcoming fifth season of the popular Netflix series ""Orange Is the New Black"" unless a ransom is paid. The hacker claimed to have stolen the first 10 episodes of the season and uploaded them to the Pirate Bay, a popular file-sharing site. The episodes were reportedly shared on Saturday, with a total size of 11.46 gigabytes. The Dark Overlord also claimed to have stolen unreleased content from other networks, including ABC, Fox, National Geographic, and IFC, through a cyberattack on Larson Studios in late 2016.  

Netflix had planned to release season five of ""Orange Is the New Black"" on June 9, but the leak has raised concerns about the company's ability to maintain its release schedule. The hacker, who previously threatened to leak content unless a ransom was paid, has now escalated the situation by threatening to release all episodes if the ransom is not met. The Dark Overlord has also issued a warning to other networks, suggesting that they may face similar threats if they do not pay a ransom.  

Netflix has not yet confirmed the authenticity of the leaked episodes, and the company has not commented on the situation. However, the leak has raised concerns about the potential impact on Netflix's business, including its subscriber growth and stock price. The company has stated that it is working with law enforcement to investigate the breach and is cooperating with the FBI.  

The incident has also sparked a broader discussion about the security of digital content and the risks of cybercrime. The Dark Overlord has claimed that the breach was not intentional, but rather a result of a cyberattack on a production vendor. The hacker has also claimed that the breach was not a result of any malicious intent, but rather a result of a security flaw.  

The situation has raised questions about the effectiveness of current cybersecurity measures and the need for better protection of digital content. The incident has also highlighted the importance of protecting intellectual property and the potential consequences of cybercrime.  

Overall, the leak of ""Orange Is the New Black"" season five has raised concerns about the potential impact on Netflix's business and the broader implications for the entertainment industry. The situation has also sparked a broader discussion about the security of digital content and the risks of cybercrime.  

In conclusion, the leak of ""Orange Is the New Black"" season five has raised concerns about the potential impact on Netflix's business and the broader implications for the entertainment industry. The situation has also sparked a broader discussion about the security of digital content and the risks of cybercrime.",multi_news,Summary:,1a3aae0f474e588f3121889de2dd78aee5aa2291944d2a7e
en,532,0.5,"Now, write a one-page summary of all the news.

",multi_news,1465,"['Damascus has been rocked by bombings for the past two days, with at least two large blasts hitting Syria\'s military headquarters there this morning. The Free Syrian Army claimed responsibility for the attack, said to be the largest since July explosions killed President Bashar al-Assad\'s brother-in-law and other key aides; the BBC reports that Assad would have been able to hear today\'s explosions from his palace. Gunfire broke out afterward, and Maya Nasser, a TV correspondent for the Iranian Press TV, was shot dead by sniper fire during a live broadcast, report the New York Times and Press TV. Other government facilities were hit by bombs yesterday, proving the opposition can still get past government security, but the regime is downplaying the scope of the attacks while the opposition says many of Assad\'s forces have been killed. In other news from Syria: UN Secretary-General Ban Ki-moon called for international action at the General Assembly yesterday, calling the conflict ""a regional calamity with global ramifications,"" the AP reports. Click for more from the General Assembly on Syria. Clashes have also been reported near Syria\'s border with Israel, leading the Israel Defense Forces to issue a statement declaring that ""fire from Syria leaking into Israel will not be accepted.""']",,"  
The news reports focus on the escalating violence in Syria, particularly in Damascus, as the country's civil war intensifies. On a specific day, twin bombings targeted the Syrian army's command headquarters in the capital, leading to widespread chaos, gunfire, and a raging fire. The explosions, which included a car bomb, were followed by hours of sporadic gun battles and were reported by both state media and eyewitnesses. The attack was described as a significant blow to the regime, as it marked another attempt by rebels to undermine President Bashar al-Assad's government.  

The attacks were not only symbolic but also strategic, as they aimed to weaken the regime's control and shift the balance of power in favor of the opposition. The Syrian army claimed that no military commanders or personnel were injured, but the incident resulted in casualties on both sides. A Syrian woman, Maya Nasser, a correspondent for the Iranian state-run news channel Press TV, was killed during the conflict, as she was caught in the crossfire following the blasts. Her death was condemned by Press TV, which accused foreign powers, including Turkey, Saudi Arabia, and Qatar, of supporting the rebels and enabling the violence.  

The attacks were part of a broader pattern of rebel activity, as the opposition has increasingly targeted government buildings and security sites in an effort to undermine the regime. The violence has led to significant civilian casualties and has caused widespread destruction, particularly in areas like Aleppo. The conflict has also drawn international attention, as world leaders and the United Nations have called for a resolution to the crisis.  

The United Nations has been criticized for its inability to act effectively, as Russia and China have used their veto power to block any resolutions aimed at addressing the situation in Syria. Meanwhile, the United States has expressed support for the opposition and has called for an end to the violence. The situation has become more complex as the conflict has evolved into a full-scale war, with both sides suffering heavy losses.  

The news also highlights the human cost of the war, as families have been displaced, and civilians have been caught in the crossfire. The images of grieving families and the suffering of the people have been widely shared, emphasizing the devastating impact of the conflict. The war has also had a significant psychological impact on the population, as the constant violence and uncertainty have taken a toll on the mental health of the people.  

In conclusion, the news reports provide a comprehensive overview of the ongoing conflict in Syria, highlighting the key events, the involvement of various international actors, and the human toll of the war. The situation remains dire, with no clear resolution in sight, as the conflict continues to escalate and",multi_news,Summary:,29e70d6cc78b4178681b654108953ce8ea90ff6f069d160f
en,532,0.5,"Now, write a one-page summary of all the news.

",multi_news,1484,"['A strong smell outside a California supermarket turned out to be someone who had decomposed in one of the store\'s entrance columns, ABC 7 reports. Police were called Saturday to the WinCo Foods in Lancaster after a plumber, told it was likely a septic problem, helped knock brick from the column and saw a shoe and a leg inside. ""It\'s been over 100 degrees up here every day,"" says LA County Sheriff\'s Lt. John Corina. ""I can\'t imagine being inside that column and just baking. It\'s a strange development, and if he died that way, it\'s a horrible way to die."" Police say the victim may be a man who was stopped for a fake license plate Monday night, NBC Los Angeles reports. He crashed the vehicle, ran away from deputies, and got into the supermarket. The man ""ran up the steps where the managers [are],"" an eyewitness tells CBS Los Angeles. ""And somehow he got on the roof. Last I heard, he got away."" From up there, he could have reached the store fascia and descended into the column. Whether he died from the fall or baked inside is unclear; he was found on his feet with an arm stuck behind his head. ""I saw some gooey liquid and it smelled really foul ... it was oozing out of the pillar onto the pavement,"" says a witness. ""It smelled like death.""']",,"  
On August 11, 2018, a decomposing body was discovered inside a column of a WinCo Foods supermarket in Lancaster, California. The body was found by store employees and a plumber who had been called to investigate a foul odor from the column. The body, identified as Raymundo Rivera, 35, was in a state of advanced decomposition and was found in a brick column at the entrance of the store.  

Authorities believe the body may belong to a suspect who had fled from law enforcement during a high-speed chase. The suspect, who had been involved in a traffic stop, was reportedly pursued by deputies, who lost him after he escaped onto the roof of the store. The suspect was believed to have entered the store, climbed onto the roof, and possibly entered the column to evade capture.  

The body was discovered by store staff and a plumber who had been called to investigate a foul smell. The body was found in a decomposed state, with only a leg and a shoe visible at first. The body was later recovered and identified as Raymundo Rivera, a 35-year-old man.  

The discovery of the body led to a significant media response, with local news outlets reporting on the unusual and disturbing nature of the case. The body was found in a column that was part of the store's structure, and the location was described as a ""horror film come to life.""  

The case has raised questions about the conditions in which the body was found, with some experts noting the extreme heat and the lack of ventilation in the column. The body was found in a state of decomposition, and the cause of death is still under investigation.  

The incident has also sparked a public outcry, with many expressing shock and horror at the discovery. The body was found in a column that was part of the store's structure, and the location was described as a ""horror film come to life.""  

The case has raised questions about the conditions in which the body was found, with some experts noting the extreme heat and the lack of ventilation in the column. The body was found in a state of decomposition, and the cause of death is still under investigation.  

The incident has also sparked a public outcry, with many expressing shock and horror at the discovery. The body was found in a column that was part of the store's structure, and the location was described as a ""horror film come to life.""  

The case has raised questions about the conditions in which the body was found, with some experts noting the extreme heat and the lack of ventilation in the column. The body was found",multi_news,Summary:,183d3bfe46647cd7ab69bd3de79e9e6edee9e4f5fbbb565d
en,532,0.5,"Now, write a one-page summary of all the news.

",multi_news,2091,"['A New Orleans judge officially approved Robert Durst\'s February plea deal on a gun charge and sentenced him to seven years in prison on Wednesday, Reuters reports. For more than a year, the real estate heir has languished in a New Orleans prison after being nabbed with a handgun in his hotel room. He was busted for that felony just one day before the series finale of HBO\'s The Jinx, in which he famously appeared to confess to three murders by saying, ""What the hell did I do? Killed them all, of course."" US District Judge Kurt Engelhardt also agreed that Durst can be transferred to a low-security prison with medical facilities in San Pedro, Calif., where the 73-year-old\'s attorneys say his ""advanced age and poor health"" can be better addressed, per the Advocate. In California, Durst will face a murder charge in the 2000 death of friend Susan Berman, the AP reports. (A Texas judge believes Durst once dumped a cat\'s head on her doorstep.)']",,"  
Robert Durst, a wealthy New York real estate heir and long-time suspect in multiple murders, has been sentenced to seven years in federal prison for a gun charge in New Orleans. The sentence was part of a plea deal that also resolved several pending charges in New York, Texas, and Louisiana. Durst, 73, was arrested in March 2015 after a search of his hotel room in New Orleans uncovered a loaded gun, leading to his indictment. He has been held in Louisiana since then, awaiting transfer to California where he faces a murder charge in the 2000 death of his friend Susan Berman.  

Durst, who has been estranged from his family for years, has been a central figure in the HBO documentary series ""The Jinx,"" which has drawn significant public and legal attention. The series, which aired in 2015, featured interviews with Durst and explored his alleged involvement in the 2003 murder of his Texas neighbor, Morris Black, and the 1982 disappearance of his wife, Kathleen. The documentary also included a controversial moment in which Durst was recorded saying, ""I killed them all,"" during an interview.  

Durst has consistently denied any involvement in the murders, including the killing of Susan Berman. He has maintained that he is innocent and has expressed a desire to clear his name in the Berman case. His attorneys have argued that he is not guilty of the murder and that he is seeking to prove his innocence.  

Durst's legal troubles have been compounded by his history of criminal behavior. He has previously been convicted of jumping bail and carrying a weapon across state lines in 2004. He served three years in prison for those charges.  

Durst's case has also raised questions about the legal system and the justice process. His attorneys have argued that he is being unfairly targeted and that he is not guilty of the charges. They have also argued that he is being treated unfairly by the media and that he is being subjected to undue scrutiny.  

Durst's case has also raised questions about the role of the media in the justice system. The media has been heavily involved in the coverage of his case, and the public has been very interested in the outcome. The media has also been very critical of the legal system and the justice process.  

Durst's case has also raised questions about the role of the public in the justice system. The public has been very interested in the outcome of the case, and the media has been very critical of the legal system and the justice process. The public has also",multi_news,Summary:,8d81e972c4b7b8b46086d8e4b71001781506aeb0578c8e68
en,532,0.5,"Now, write a one-page summary of all the news.

",multi_news,1203,"['A former police bloodhound handler told a court on Monday that during the search for UVa student Hannah Graham, the animal detected her scent outside the car and apartment of suspect Jesse Matthew—and the scent of ""fear and adrenaline"" where she was allegedly attacked. The handler was testifying during a pretrial hearing where lawyers for Matthew, who is already serving three life terms in prison for a 2005 sexual assault, unsuccessfully challenged the search warrants police obtained for Matthew\'s home and vehicle, the AP reports. He said the 7-year-old dog, Shaker, traced Graham\'s scent from downtown Charlottesville to a mulch pile at an industrial site, where the smell of fear was strongest. Matthew, 33, faces a capital murder charge in the 2014 death of Graham, whose body was found on an abandoned property around six weeks after she disappeared. He has also been charged with the 2009 murder of a Virginia Tech student. At Monday\'s hearing, another police witness testified that, contrary to what the defense claimed, the scent trail was consistent with surveillance videos that showed Graham wandering around, reports WSET. The officer shared text message records indicating that she was lost the night she disappeared.The Washington Post notes that Matthew is seen walking alongside Graham in some of the surveillance videos.']",,"  
The case of Hannah Graham, a University of Virginia student who disappeared in 2014 and was later found dead, continues to unfold in court. Jesse Matthew, the man charged with her murder, is facing a pretrial hearing in Albemarle County, Virginia. The court is currently reviewing the evidence presented during the hearing, which includes the role of a police bloodhound in the investigation.  

During the hearing, the defense is challenging the validity of the search warrants for Matthew's car and apartment, arguing that the evidence obtained through these searches was not properly justified. The defense has also raised concerns about the reliability of the search dog's findings, which were used to support the search warrants.  

The prosecution has presented testimony from two key witnesses. The first was Detective Stuart Gardner, who led the canine tracking operation. His dog, Shaker, detected the scent of Hannah Graham in a mulch pile near an industrial area. The dog also found Graham's scent at Hessian Hills apartments, on the passenger side door of Matthew's car, at the entrance to his building, and near the door frame of his apartment.  

The second witness was Detective Sgt. Mooney, who testified about the surveillance video and text records of Hannah Graham. He explained that the video showed Graham wandering around the downtown area on the night of her disappearance, and that there were some gaps in the timeline. He also mentioned that the surveillance video was consistent with the trail of scent the dog found.  

The defense has also raised concerns about the reliability of the search dog's findings, arguing that the dog's behavior was inconsistent with the evidence. The defense has also questioned the credibility of the search dog's findings, arguing that the dog's behavior was not reliable.  

The judge has ruled that the search warrants were valid, and that the evidence obtained through the search was admissible. The judge has also ruled that the search dog's findings were not inconsistent with the evidence.  

The case is ongoing, and the court is expected to continue hearing testimony from other witnesses. The court is also expected to continue reviewing the evidence presented during the hearing. The court is also expected to continue reviewing the evidence presented during the hearing.  

The case is ongoing, and the court is expected to continue hearing testimony from other witnesses. The court is also expected to continue reviewing the evidence presented during the hearing. The court is also expected to continue reviewing the evidence presented during the hearing.  

The case is ongoing, and the court is expected to continue hearing testimony from other witnesses. The court is also expected to continue reviewing the evidence presented during the hearing. The court is also expected to",multi_news,Summary:,87bddfc509607ad666d144d18ab35ae277eac05a10771fc9
en,532,0.5,"Now, write a one-page summary of all the news.

",multi_news,1541,"['A white-collar crook is facing extra prison time for having his son shoot him in the legs with a 20-gauge shotgun, the BBC reports. Shannon Egeland, 43, was already facing 10 years for taking part in a vast mortgage-fraud scheme when he had his 17-year-old son shoot him by a road in Caldwell, Idaho, in an attempt to avoid prison. ""The psychological and emotional destruction defendant caused this minor child is unimaginable,"" US attorney Scott Bradford wrote in a sentencing memo. Back in 2009, Egeland was co-owner of an Oregon development company that defrauded banks out of $20 million in loans that he and a partner used to fund a lavish lifestyle. Facing prison, Egeland took out disability insurance and had his son aim for his legs. Egeland told police he\'d been attacked after stopping to assist a pregnant driver, but investigators got suspicious when his pricey BMW, his wallet, and his cellphone weren\'t taken, the Idaho Statesman reports. Then they learned about his recent insurance, and the whole thing unravelled. Now Egeland is facing an extra 3 years and 10 months for his roadside scheme and had his leg amputated from the shotgun blast. Bradford called him a ""self-absorbed, opportunistic narcissist,"" the Oregonian reports, but Egeland—who is now on three medications for mental health—has cast his own judgment. ""What bothers me the most is my son—the pain is on him,\'\' he says. ""If I could take it all back, I would, but I can\'t. That will haunt me the rest of my life.\'\'']",,"  
Shannon Egeland, a convicted white-collar criminal, has received an extended prison sentence after orchestrating a staged insurance scam involving his son. The scheme was designed to delay his 10-year federal prison term for mortgage fraud and to benefit from a fraudulent disability insurance policy.  

On July 31, 2014, Egeland, then 43, directed his 17-year-old son, Rylan, to shoot him in the leg with a shotgun on a roadside in Caldwell, Idaho. The act was part of a plan to fake a serious injury and claim disability benefits. After the shooting, Egeland called 911, claiming he had been attacked while helping a pregnant motorist. He later told authorities he had been hit in the head and shot.  

The son, Rylan, shot Egeland in the lower legs and then left the scene. Egeland then called 911 and reported the incident. He was later hospitalized and underwent surgery, which resulted in the amputation of his left leg. The injury was severe enough that he required a prosthetic leg.  

Egeland had previously pleaded guilty to fraud charges related to the Desert Sun housing scandal in Central Oregon in 2009. He was a co-owner of the company, which raised millions from local banks through false business plans and falsified loan applications.  

In 2014, Egeland was sentenced to 10 years in federal prison for his role in the mortgage fraud case. However, he had already been in custody for three and a half years, having been arrested in 2010.  

In 2015, Egeland was sentenced to an additional three years and 10 months for his involvement in the insurance scam. The sentence was imposed after he pleaded guilty to conspiracy to commit wire fraud and for failing to pay child support.  

Egeland's actions were described by prosecutors as a ""menace to society"" and a ""self-absorbed, opportunistic narcissist"" who had a history of criminal behavior.  

Egeland's defense attorney, Ryan O'Connor, argued that the additional sentence would be too harsh for a man who had already served a significant portion of his time in prison. He also noted that Egeland had been in custody for three and a half years and had been diagnosed with mental health issues.  

Egeland's son, Rylan, was not charged with any crime in connection with the shooting. However, the incident has caused significant emotional distress for the family.  

Egeland has since expressed remorse for his actions",multi_news,Summary:,cb7da78da0b824d72fa0aad8d6d586da50252635c871518f
en,532,0.5,"Now, write a one-page summary of all the news.

",multi_news,2070,"['The Tesla Model X that slammed into a highway barrier in California last week and killed the 38-year-old Apple engineer at the wheel had been on autopilot at the time of the crash, Tesla confirms in a blog post. But the company says driver Walter Huang ""received several visual and one audible hands-on warning earlier in the drive,"" adding that ""the driver’s hands were not detected on the wheel for six seconds prior to the collision."" Tesla also laid some blame on state highway officials, asserting that ""the reason this crash was so severe is because the crash attenuator, a highway safety barrier which is designed to reduce the impact into a concrete lane divider, had been crushed in a prior accident without being replaced."" The fact that the vehicle was on autopilot is likely to be controversial because, as ABC News notes, driver Huang had reportedly been concerned about it. His brother told KGO that Huang had brought his Model X back to the dealership complaining that when he used the feature, the car kept swerving toward the very same barrier that it eventually struck in the fatal collision. The NTSB is investigating the crash, including the fire that broke out after the collision. The accident follows another in Arizona in which a self-driving Uber struck and killed a pedestrian.']",,"  
A fatal crash involving a Tesla Model X occurred on March 23, 2018, near Mountain View, California. The driver, 38-year-old Walter Huang, was killed when his vehicle collided with a damaged crash attenuator on the 101 Highway. The incident took place while the vehicle was in Autopilot mode, and Tesla confirmed that the car was operating under its autonomous driving system at the time of the crash.  

According to Tesla, the vehicle was using Autopilot with adaptive cruise control set to the minimum follow distance. The driver had received multiple visual and one audible warning about not keeping hands on the wheel. However, the driver’s hands were not detected on the wheel for six seconds before the collision. The vehicle logs indicated that no action was taken by the driver to avoid the crash.  

The severity of the crash was attributed to the condition of the crash attenuator, a safety barrier designed to reduce the impact of a collision with a concrete divider. The barrier had been previously damaged in an accident and was not replaced. This lack of maintenance led to the attenuator being completely crushed, which contributed to the high-speed impact and the fatal outcome.  

Tesla also noted that the driver had a history of complaints about the vehicle’s Autopilot system. Walter Huang’s family reported that he had previously taken his Tesla to a dealership, where he had complained that the Autopilot system would veer toward the same barrier multiple times. He had reported this issue to the dealer, but the problem could not be replicated during a test.  

The National Transportation Safety Board (NTSB) and California Highway Patrol (CHP) are investigating the crash. Investigators have recovered data from the vehicle’s computer systems, including the vehicle’s control module and infotainment module, which may provide further insights into the events leading up to the crash.  

Tesla emphasized that Autopilot is designed to enhance safety, not replace it. The company stated that Autopilot has been shown to reduce crash rates by up to 40% in some studies. Tesla also highlighted that vehicles equipped with Autopilot have a significantly lower rate of fatal accidents compared to vehicles without the system.  

Despite the tragic outcome, Tesla reiterated its commitment to safety and transparency. The company expressed its condolences to the family of Walter Huang and acknowledged the emotional impact of the incident. However, it also stressed the importance of continuing to improve and refine its autonomous driving technology.  

The incident has sparked renewed debate about the safety and reliability of autonomous vehicles. The crash has raised questions about the role of human drivers in the operation of autonomous systems",multi_news,Summary:,a888a9938ab8858b8f2c1c1c46da57a1bb2932d4bb2cd9b3
en,532,0.5,"Now, write a one-page summary of all the news.

",multi_news,1921,"['After Robin Williams\' sudden death, the tributes are rolling in, with many recalling a comic genius grappling with private challenges. A sampling: When it comes to comedy, ""there wasn\'t a faster brain on the planet,"" writes Tony Hicks in the Contra Costa Times. We\'ll be hearing ""a litany of tributes about one of the great comedians who ever lived. Much of it will be some of the same adjectives used when any great performer dies—especially before their time. But in Williams\' case, most of it will be true."" Early in his career, ""it was clear that Mr. Williams was one of the most explosively, exhaustingly, prodigiously verbal comedians who ever lived,"" AO Scott writes in the New York Times. And beyond that, ""his essential persona as an entertainer combined neediness and generosity, intelligence and kindness, in ways that were charming and often unexpectedly moving."" Williams may have gotten his start long before Aladdin, but he gave a ""generous and humble"" gift to the millennial generation, writes Daniel D\'Addario at Salon. ""Williams will be remembered for his edgy comedy and for dramatic turns, but for people my age, Williams was our childhood,"" from Mrs. Doubtfire to Jumanji to Flubber. In the Los Angeles Times, Kenneth Turan recalls a moment when, facing an onslaught of photographers, Williams asked him—in the voice of a fly from a 1950s sci-fi flick—to ""help me, Ken. Help me."" The experience stuck with him and seems particularly resonant today, he writes.']",,"  

Robin Williams, the iconic comedian and actor, passed away at the age of 63, leaving behind a legacy that touched millions. His death, initially reported as a result of suicide, shocked the world and sparked widespread mourning. Known for his extraordinary range and ability to connect with audiences, Williams was a beloved figure in both comedy and drama.  

Throughout his career, Williams was celebrated for his unique talent, from his early days as a stand-up comedian to his later roles in film and television. He was a multi-faceted artist who brought humor, depth, and emotional resonance to every project he was involved in. His performances were marked by an infectious energy, a deep sense of empathy, and an ability to make audiences laugh while also making them think.  

Williams was particularly influential in the realm of children's entertainment. He brought a sense of joy and wonder to the screen through his work in animated films and family-friendly movies. His role as the Genie in *Aladdin* and as the titular character in *Mrs. Doubtfire* are among his most iconic and beloved performances. His ability to embody a wide range of characters, from the mischievous Genie to the lovable yet troubled Mr. Doubtfire, showcased his versatility and talent.  

Beyond his work in entertainment, Williams was also known for his personal charisma and his ability to connect with people on a personal level. He was a generous and kind-hearted individual who was deeply committed to his craft. His humor was not just for laughs, but for the joy and connection it brought to others.  

Williams' impact on popular culture was profound. He was a cultural icon who inspired generations of fans, especially younger audiences who grew up watching his movies. His work in films like *Good Will Hunting*, *Dead Poets Society*, and *The Fisher King* earned him critical acclaim and numerous awards. His performances in these films, as well as in others, demonstrated his ability to bring depth and complexity to his characters.  

Despite his many successes, Williams struggled with personal challenges, including mental health issues. His death was a tragic loss, not just for his fans, but for the entire world. His passing has left a void that will be difficult to fill.  

In the wake of his death, there has been a renewed appreciation for his work and his contributions to the entertainment industry. His legacy will continue to live on through his films, his performances, and the countless lives he touched.  

Robin Williams will be remembered as one of the greatest entertainers of all time. His humor, his talent, and his ability to connect with people will never be",multi_news,Summary:,062c9939593b01ca67c73f59d496ee3a329a32ad6788b96f
en,532,0.5,"Now, write a one-page summary of all the news.

",multi_news,1264,"[""Police in the country's smallest state capital are investigating something that hasn't happened there in living memory: a murder. Police in Vermont say they have issued an arrest warrant for 29-year-old Jayveon Caballero, who is accused of fatally shooting Markus Austin in Montpelier early Sunday after an altercation, the Times Argus reports. Witnesses told investigators that Austin, 33, assaulted Caballero’s girlfriend, Desiree Cary, during the altercation outside a bar in the nearby city of Barre early Sunday. Police say Caballero later confronted Austin outside his apartment and shot him dead. The body was found in the parking lot of Austin's apartment complex. A Vermont State Police spokesman says Caballero, who knew Austin before the shooting, fled the town and probably the state after the shooting, WCAX reports. The police spokesman says Caballero is believed to have boarded a Greyhound bus bound for New York City on Sunday morning, which made numerous stops in other states along the way. Later Sunday, Cary, 22, was arrested on apparently unrelated charges of selling heroin and crack cocaine. With around 7,500 residents, Montpelier has the smallest population of any state capital, the AP notes. Police Chief Anthony Facos says this is the city's first murder since a woman shot her husband in the 1920s.""]",,"  

A murder investigation is ongoing in Montpelier, Vermont, following the fatal shooting of 33-year-old Markus Austin. The victim, a former Vermont Frost Heaves basketball player, was shot by Jayveon Caballero, 29, who is now wanted for second-degree murder. The incident occurred after a night out at a bar, which escalated into a violent altercation.  

According to police, the shooting took place early Sunday morning outside of Austin’s apartment in Montpelier. The altercation began earlier that day at Gusto’s bar in Barre, where Caballero and Austin were involved in a dispute. Witnesses reported that Caballero’s girlfriend, Desiree Cary, was assaulted by Austin during the fight. In response, Caballero confronted Austin outside his apartment and shot him.  

Jayveon Caballero, who is currently on the run, is believed to have fled the state after the shooting. Police believe he may have boarded a Greyhound bus in White River Junction, heading south toward New York City. Authorities are working with other states to track his movements and are appealing for public assistance in locating him.  

The suspect, Jayveon Caballero, is a resident of Barre, Vermont, and is known to have had a history of problematic behavior in the area. His girlfriend, Desiree Cary, was arrested on unrelated charges of drug distribution. She was taken into custody on Sunday evening and is currently facing charges.  

The victim, Markus Austin, was a former member of the Vermont Frost Heaves, a semi-professional basketball team. His death has shocked the local community, as it marks the first murder in Montpelier, Vermont, in nearly a century.  

Vermont State Police have issued an arrest warrant for Jayveon Caballero, who is charged with second-degree murder. Police have also issued a public appeal for anyone with information about his whereabouts to come forward.  

The case has drawn significant attention due to its location in the nation’s smallest capital city, which has a population of around 7,500. The incident has raised concerns about public safety and has prompted a renewed focus on crime prevention in the area.  

Authorities are continuing their search for Jayveon Caballero, who is believed to be hiding in the region. Police are also working to gather more information about the events leading up to the shooting.  

The case has sparked a broader discussion about the need for increased police presence and community support in the area. Local officials have expressed their condolences to the victim’s family and have called for increased efforts to ensure public safety.  

",multi_news,Summary:,bad1e3a60dbc532a3c829bc6d719d48e7746e0096f668c38
en,532,0.5,"Now, write a one-page summary of all the news.

",multi_news,1397,"['America\'s ambassador to Syria visited one of the cities worst-hit by the crackdown against anti-government protesters yesterday, reports CNN. Robert Ford went to the city of Hama ""to make absolutely clear with his physical presence that we stand with those Syrians who are expressing their right to speak for change,"" an embassy spokeswoman says. An estimated 500,000 people joined an anti-government rally in the city last Friday. The Syrian government accused Ford of going to the city without authorization, saying the visit is ""clear evidence of the US involvement in the ongoing events in Syria and its bids to aggravate the situations which destabilize Syria.\'\' An embassy spokeswoman says the Syrian government was told a delegation would be visiting Hama, although no Syrian ""handlers"" were taken and officials weren\'t informed about the ambassador\'s presence. The city has been a symbol of opposition since 1982, when a crackdown ordered by the present Syrian leader\'s father killed around 20,000 people, al-Jazeera notes.']",,"  

The situation in Syria, particularly in the city of Hama, has continued to escalate as protests against the government of President Bashar al-Assad grow. The U.S. has shown its support for the Syrian people by sending its ambassador, Robert Ford, to Hama. Ford visited the city to express solidarity with the residents and to show the U.S. commitment to the people's right to peaceful protest and democratic change. His visit was met with a warm reception by the local population, who were grateful for the U.S. support.  

However, the Syrian government has been critical of Ford's visit, accusing the U.S. of interfering in Syria's internal affairs. The Syrian Foreign Ministry accused the U.S. of attempting to destabilize the country by supporting the opposition. They claimed that Ford's visit was a clear indication of U.S. involvement in the conflict and an attempt to incite further violence.  

Despite the Syrian government's criticism, Ford's visit was not entirely unexpected. The U.S. had previously informed the Syrian government of Ford's planned visit to Hama. The U.S. State Department emphasized that Ford's visit was intended to show support for the people of Hama and to express the U.S. commitment to the Syrian people's right to peaceful protest.  

The visit was also seen as a way to show the U.S. support for the Syrian people's right to peaceful protest and to express the U.S. commitment to the Syrian people's right to peaceful protest. The U.S. has been accused of supporting the Syrian opposition, and the Syrian government has been accused of supporting the Syrian government.  

The situation in Hama has been marked by violence and repression. The Syrian government has been accused of using excessive force against the people of Hama. The Syrian government has been accused of using excessive force against the people of Hama. The Syrian government has been accused of using excessive force against the people of Hama. The Syrian government has been accused of using excessive force against the people of Hama. The Syrian government has been accused of using excessive force against the people of Hama. The Syrian government has been accused of using excessive force against the people of Hama. The Syrian government has been accused of using excessive force against the people of Hama. The Syrian government has been accused of using excessive force against the people of Hama. The Syrian government has been accused of using excessive force against the people of Hama. The Syrian government has been accused of using excessive force against the people of Hama. The Syrian government has been accused of using excessive force against the people of Hama. The Syrian government has been",multi_news,Summary:,650718d3c4e464de14b8558a130b934583bfd70b6df88a1f
en,532,0.5,"Now, write a one-page summary of all the news.

",multi_news,716,"['The FBI is reportedly investigating a sophisticated—but unsuccessful—attempt to hack into the Democratic National Committee\'s voter database. The DNC learned of the attempt on Tuesday, CNN reports. The attack, which was detected by a cloud service provider and a security research company, involved a fake login page intended to gather usernames and passwords for a service called Votebuilder, which hosts the DNC\'s voter database. It\'s a method called ""spearphishing,"" according to the New York Times. ""It was very convincing,"" Mike Murray of the cybersecurity firm Lookout tells CNN, adding that it would be tough to tell the real page from the fake one, even if they were side-by-side. The fake login page was ultimately removed by the cloud hosting company DigitalOcean. The company\'s chief security officer says the threat was identified before the attack was launched. ""We see no evidence that any sensitive data was stolen,"" he says. A DNC official tells the Times that it is not clear who the hackers were in this case. But, the paper recalls, a 2016 hack of the DNC was ultimately traced to Russia. This latest attempt, DNC Chief Security Officer Bob Lord tells the Times, ""is further proof that there are constant threats as we head into midterm elections and we must remain vigilant in order to prevent future attacks."" Earlier this week, Microsoft reported that it had uncovered new Russian hacking attempts targeting conservative organizations in the US.']",,"  
The recent news highlights a series of cybersecurity threats and responses related to political organizations and election systems in the United States. The Federal Bureau of Investigation (FBI) is investigating a potential cyberattack on the Democratic National Committee (DNC), which was initially believed to be a sophisticated attempt to breach the DNC's voter database. However, the DNC later clarified that the incident was actually a simulated phishing test, not a real cyberattack. The incident has raised concerns about the vulnerability of election systems and the potential for foreign interference, particularly from Russia, in the context of the upcoming midterm elections.

Bob Lord, the chief security officer for the DNC, emphasized that the attack was a ""further proof"" of the constant threats facing election systems as the country approaches the midterms. He noted that the DNC's voter file is considered one of the party's most sensitive pieces of information. The attack, along with ongoing influence operations by Russia and other foreign actors using social media, and efforts to breach think tanks, underscores the changing nature of election security in the digital age.

Rob Joyce, the former White House cybersecurity coordinator, pointed out that the focus of cyber threats has shifted from stealing secrets to using cyber capabilities to exert national power. This shift highlights the growing importance of cybersecurity in political and electoral processes. The threat landscape has expanded to include not only the voter registration systems in all 50 states but also the internal operations of political parties and think tanks.

Political groups and government organizations have been on high alert ahead of the midterms, with increased vigilance against potential cyberattacks and foreign interference. Microsoft has reported that hackers linked to Russian intelligence have targeted the U.S. Senate and conservative think tanks, using tactics such as creating fake websites to deceive users. Additionally, Facebook has identified and addressed multiple disinformation campaigns aimed at influencing public opinion and potentially disrupting the midterms.

The incident has also sparked a broader discussion about the vulnerability of election systems and the need for greater cybersecurity measures to protect against both foreign and domestic threats. The combination of these factors has led to a heightened sense of urgency among cybersecurity experts, political leaders, and election officials to ensure the integrity of the electoral process.

In response to the incident, the DNC and its partners have worked to thwart the potential attack, with the assistance of a cloud service provider and a security research firm. The DNC has confirmed that the attack was prevented, and the organization has taken steps to strengthen its cybersecurity measures. The incident has also prompted a call for increased vigilance and collaboration among all stakeholders to protect against future threats.

Overall, the news underscores the critical importance of cybersecurity in the political arena and the need for continued efforts",multi_news,Summary:,85fb841bcfd0896e05d89ff445cc59c694832e8c3b06b60e
en,532,0.5,"Now, write a one-page summary of all the news.

",multi_news,2030,"['Another fatality in the Boston bombings has been identified: The family of 29-year-old Krystle Campbell says she was killed as she and a friend were cheering on another friend who was racing, reports WCVB. ""This is just a waste,"" says her mother. “Everyone that knew her loved her. She was always smiling. You couldn’t ask for a better daughter. She was the best.” Campbell was a restaurant manager, reports the Boston Herald, which notes an especially wrenching detail: Her father was initially told she was alive, but when he got to the ICU, he realized it was his daughter\'s friend who had survived. Campbell is the second of the three people killed to be identified. The first was 8-year-old Martin Richard, and his father, Bill, released a statement today thanking supporters and asking for privacy, reports WBZ. ""My dear son Martin has died from injuries sustained in the attack on Boston. My wife and daughter are both recovering from serious injuries. We thank our family and friends, those we know and those we have never met, for their thoughts and prayers. I ask that you continue to pray for my family as we remember Martin. We also ask for your patience and for privacy as we work to simultaneously grieve and recover. Thank you."" The third victim was a grad student at Boston University, but the person\'s identity is being withheld until the family says it\'s OK to release, reports USA Today.']",,"  

The Boston Marathon bombings on April 15, 2013, resulted in a tragic loss of life and widespread shock across the city. Among the victims were three individuals whose stories have been widely shared.  

One of the victims was 8-year-old Martin Richard from Dorchester, Massachusetts. He was killed in the explosion while watching his father, a community leader, run the race. His mother, Denise, and his 7-year-old sister were seriously injured. A vigil was held in his honor at Garvey Park, and his family expressed gratitude for the support they received. Martin was a student at Pope John Paul II Catholic Academy, and the school issued a statement expressing deep sorrow and offering prayers for the family.  

Another victim was Krystle Campbell, a 29-year-old restaurant manager from Medford, Massachusetts. She was at the finish line to cheer on a friend when the bombs detonated. Her family was initially misled by hospital staff, who told them that their daughter had survived, only to later discover that she had been killed. The family is still struggling to come to terms with the loss, and they have not commented publicly.  

The third victim was a Chinese graduate student from Boston University, who was watching the race with two friends near the finish line. The student's identity was not released, and the family has requested that the student's name not be disclosed. One of the student's friends was injured but in stable condition, while the other was unharmed.  

The bombings also had a profound impact on the city and its residents. The FBI confirmed that there were no additional threats, and they vowed to find the perpetrators. Mayor Thomas Menino emphasized the city's resilience and commitment to moving forward. The city implemented enhanced security measures at transportation hubs and airports.  

The tragedy brought the community together in mourning and support. Neighbors and strangers left flowers and candles at the home of Martin Richard's family, and the community came together to offer comfort. The Salvation Army provided food and emotional support to those affected.  

The event also sparked a global response. President Barack Obama praised the resilience of the American people and the compassion of first responders. He called for unity and emphasized the importance of standing against terrorism. Pope Francis expressed his condolences and offered prayers for the victims and their families.  

The Boston University community and the broader city of Boston have been working to recover and rebuild. The city has been processing the identification of the victims, and the community has been coming together to support the families of the victims.  

The bombings have left a lasting impact on the city and its people. The tragedy has",multi_news,Summary:,2a72476f253ea0db253c6e12af5714c984b0ab77547be2e9
en,532,0.5,"Now, write a one-page summary of all the news.

",multi_news,1409,"['There are more obese or overweight people in the world today than there were people of any weight in 1935, the most comprehensive look at worldwide obesity in decades warns. The 188-country study found that there are 2.1 billion overweight or obese people in the world, making up around 30% of the world\'s population, up from 20% in 1980, USA Today reports. Not a single country has recorded a decline in obesity over the last 30 years. ""We hoped there would be some examples of success that you could latch onto,"" a study co-author says. ""But there\'s a complete lack of success stories in bringing down obesity."" The study published in British medical journal the Lancet found that the Middle East and north Africa had seen the biggest weight gains, though the US still has the largest number of obese people, with 87 million of the world\'s 671 million obese people, reports Reuters. Other countries, however, have even higher obesity rates, including Tonga, where more than 50% of all adults are obese. ""Two-thirds of the obese population actually resides in developing countries,"" says one of the researchers; they warn that obesity rates are rising among rich and poor countries, men and women, and adults and children alike.']",," Global Obesity Crisis

A recent study published in the medical journal *Lancet* reveals that obesity is a growing global health issue, affecting people in both developed and developing countries. The report, which analyzed data from 188 countries between 1980 and 2013, highlights that the number of overweight or obese individuals worldwide has more than doubled, increasing from 857 million in 1980 to 2.1 billion in 2013. This represents nearly 30% of the world's population, up from about 20% in the 1980s.

The United States leads the world in the number of obese individuals, with 87 million people classified as obese. However, the report also notes that obesity rates are rising in many other countries, with some nations experiencing even higher rates than the U.S. For example, in countries like Tonga, Kuwait, and Qatar, over 50% of men and women are either overweight or obese. In the U.S., about one-third of adults are overweight, and another third are obese, according to the Centers for Disease Control and Prevention (CDC).

The study found that obesity is not limited to wealthy nations. While it is more common in developed countries, it is also increasing in poorer regions. The report emphasizes that obesity is a growing problem across all age groups, including children, and that it is affecting both men and women in all income levels. The study also notes that obesity is rising in both rich and poor countries, with the fastest increases occurring in developing nations.

The report suggests that the rise in obesity is linked to several factors, including increased calorie intake, changes in diet composition, decreased physical activity, and even changes in gut bacteria. The study also points to the affordability and accessibility of high-calorie, low-nutrient foods as a contributing factor. The report highlights that as incomes rise, so does the consumption of calorie-dense, processed foods, which are often more affordable than healthier alternatives.

The study warns that the global obesity epidemic is a serious public health concern, with obesity being a major risk factor for a range of chronic diseases, including heart disease, stroke, diabetes, arthritis, and certain cancers. The report estimates that obesity-related complications cause the deaths of about 3.4 million adults each year.

The study also notes that while obesity rates have slowed in some developed countries, they are increasing rapidly in many developing countries. The report highlights that the most significant increases in obesity have been observed in the Middle East and North Africa, Central America, and the Pacific and Caribbean islands",multi_news,Summary:,df0b3cb31b4c78e6a101a0f3931023704055282bffb56c91
en,532,0.5,"Now, write a one-page summary of all the news.

",multi_news,790,"['It\'s been a year since Katie Holmes filed for divorce from Tom Cruise, and apparently Cruise is feeling sentimental. A source tells UK magazine Look the actor sent Holmes an ""emotional letter"" looking to, at the very least, be friends again, Australia\'s News Network reports. ""It\'s like he\'s finally recognized that Katie will always be the love of his life,"" the source says. Even so, ""It won\'t have been an over the top letter—it has been a year and I\'m sure Tom will have been aware that Katie wouldn\'t be interested in running straight back into his arms."" Sources close to Holmes say she was ""touched"" by the letter, which doesn\'t sound promising for Cruise. ""Tom would no doubt take her back in a second, but I don\'t think that\'s what Katie wants,"" says one. (Just to keep things in perspective, we\'ll point out that Look is the sort of magazine that also runs headlines like, ""Royal Bodyguard Warns: \'Kate Middleton\'s Baby Is In Danger!\'"") In other news, Huffington Post notes that it\'s Cruise\'s 51st birthday.']",,"  

This week's news is filled with celebrity gossip, fashion trends, and digital security tips, all highlighted in the latest issue of LOOK magazine. The magazine's cover story focuses on the emotional ""please take me back"" letter that Katie Holmes allegedly received from her ex-husband, Tom Cruise. The letter, which is said to be a heartfelt attempt to reconnect, comes after the couple's divorce in July of last year. According to insiders, Tom Cruise wrote the letter as a way to rekindle their friendship, and it has reportedly touched Katie Holmes, who is currently living in New York with their daughter, Suri.  

In addition to the Cruise-Holmes story, the magazine also features a warning from a royal bodyguard about the potential dangers facing the future of the British royal family, specifically the health of the unborn child of Kate Middleton. The article also highlights the latest fashion trends for the new season, featuring insights from fashion icons and celebrities like Kristen Wiig, who has publicly apologized for her past behavior.  

The magazine also delves into the world of cybersecurity, discussing the growing threat of ""Ratters"" – a term used to describe hackers who use computers to spy on individuals. The article warns readers about the risks of cyber espionage and the importance of protecting personal data.  

Another feature in the magazine is an interview with the world's top makeup artist, who reveals the secrets of how A-list celebrities maintain their flawless looks. The article also includes a special section on the latest fashion trends, offering readers a guide to the must-have items for the new season.  

The magazine's editorial team has also included a call to action for readers to support the digital edition of the magazine, encouraging them to download the digital version from the iTunes store. The magazine's editorial team has also included a reminder for readers to support the digital edition of the magazine, encouraging them to download the digital version from the iTunes store.  

In addition to the celebrity and fashion content, the magazine also includes a special section on the importance of digital security, highlighting the need for individuals to protect their personal data from cyber threats. The article also includes a special section on the importance of digital security, highlighting the need for individuals to protect their personal data from cyber threats.  

Overall, the magazine offers a mix of entertainment, fashion, and technology, providing readers with a comprehensive look at the latest trends and issues in the world of celebrity, fashion, and digital security. The magazine's editorial team has also included a call to action for readers to support the digital edition of the magazine, encouraging them to download the digital version from the iTunes store. The magazine's editorial",multi_news,Summary:,fcf426010aa777afc5b37ea3c7ae03b2499938e4f1355f3b
en,532,0.5,"Now, write a one-page summary of all the news.

",multi_news,2360,"['The investigation into the mysterious deaths of a billionaire and his wife is now being led by homicide detectives, police say—suggesting the deaths of Barry and Honey Sherman were either murder-suicide or a double murder. Police, who have described the deaths as ""suspicious,"" revealed Sunday that the cause of death for both Shermans was ""ligature neck compression,"" a form of strangulation, the CBC reports. Sources have told the media that the couple were found hanging near an indoor pool in the basement of their Toronto mansion. Police say they haven\'t found any sign of forced entry, or a note that could explain what happened to 75-year-old pharmaceutical tycoon Barry Sherman and his 70-year-old wife, both renowned philanthropists. The couple\'s four children have rejected what they say are ""rumors"" that the deaths are being investigated as a murder-suicide, and many of the influential couple\'s friends agree. ""There is absolutely zero debate in my mind, this was a double homicide,"" says Canadian Sen. Linda Frum, a longtime friend of the couple, per the New York Times. The Globe and Mail reports that just days before the bodies were found, Honey Sherman was enthusiastically making plans for their annual trip to Florida, emailing friends that she would be traveling to the state on Dec. 18 and Barry Sherman would join her a week later. The couple also sent out invitations last week to a dinner party at their winter home in Palm Beach.']",,"  
The tragic deaths of billionaire businessman Barry Sherman and his wife, Honey Sherman, have shocked the Toronto community and raised many questions. The couple, known for their philanthropy and business success, were found dead in their North York mansion on December 25, 2020. They were discovered hanging from a railing around their basement lap pool by a real estate agent who had been helping to sell their $6.9-million home. The cause of death was determined to be ""ligature neck compression,"" indicating that they were strangled.  

Initially, there were rumors that the death might have been a suicide or a murder-suicide, with some media outlets and police sources suggesting that Mr. Sherman may have killed his wife before taking his own life. However, the couple's children and close friends have strongly denied the possibility of a murder-suicide, calling it inconsistent with the couple's character. They described the Shermans as loving, committed, and deeply involved in their community and family.  

The family released a statement expressing their shock and disappointment, calling the media speculation ""irresponsible"" and emphasizing that they believed the couple had a strong bond and a love for life. They also expressed their belief that the couple had no reason to take their own lives.  

Barry Sherman, the founder of Apotex Inc., was a prominent figure in the pharmaceutical industry and one of the wealthiest individuals in Canada. His net worth was estimated at $4.77 billion, making him the 15th richest person in the country. He was known for his work ethic and dedication to his business, often working long hours and spending little time on personal matters.  

Honey Sherman was a well-known philanthropist, involved in numerous charitable organizations, including the Jewish community, higher education, and healthcare. She was also a prominent figure in Toronto's social and cultural circles.  

The couple had four children and had recently welcomed a new grandchild. They were known for their strong family ties and their commitment to their community.  

The police have not yet released any official statements about the cause of death or the circumstances surrounding the incident. However, they have confirmed that the deaths are being investigated as ""suspicious,"" though not yet classified as a homicide.  

The Shermans were well-liked and respected in their community. They were known for their generosity and their contributions to various causes. Their deaths have left a significant impact on the people who knew them, with many expressing their grief and sorrow.  

The couple's friends and colleagues have expressed their condolences and have shared their memories of the Shermans. Many have",multi_news,Summary:,1c30a0d93cd2b0aa5c6b8de620a54202192352c44ff775ce
en,532,0.5,"Now, write a one-page summary of all the news.

",multi_news,2661,"['The final round of voting began in Egypt today, and it looks like the Muslim Brotherhood could walk off with a controlling majority of seats in Parliament\'s lower house. The Muslim Brotherhood\'s Freedom and Justice Party, the country\'s mainstream Islamist party, had already won a high percentage of the seats awarded in the first and second rounds of voting. Two of the nine provinces voting today are Brotherhood strongholds, where some of the party\'s most well-known candidates are running, the New York Times reports. A plurality, not a majority, was originally predicted for the Freedom and Justice Party. A majority would allow the party to govern alone, but the Brotherhood has repeatedly said it plans to form a coalition government, and has aligned itself with more liberal parties rather than the ultraconservative Salafis, who are in second place with up to 25% of the seats so far. Also today, prosecutors began presenting their case against former Egyptian President Hosni Mubarak, Bloomberg notes. His trial resumed last week after a two-month break; state TV today showed Mubarak being carried to and from the courtroom on a gurney. ""He deserves an end of humiliation and indignity,"" said the chief prosecutor, according to the AP.']",,"  
In early 2012, Egypt held its third and final round of parliamentary elections, marking the first such vote since the ouster of former President Hosni Mubarak in February. The elections, which took place in nine provinces including the Sinai, were seen as a critical test of political power in the post-Mubarak era. Islamist groups, particularly the Muslim Brotherhood’s Freedom and Justice Party and the more conservative Nour Party, were expected to consolidate their gains. Analysts predicted that the Muslim Brotherhood would likely dominate the new parliament, with the potential to shape the country’s political landscape.  

At the same time, the trial of Mubarak, who had been ousted in the 2011 revolution, resumed. Prosecutors accused Mubarak of being a “tyrant” responsible for violence and oppression during his 30-year rule. The trial, which had been delayed for two months, was a significant moment in Egypt’s transition to democracy. Mubarak, who was in poor health, was carried into court on a gurney, and his sons, Gamal and Alaa, were also on trial for corruption and abuse of power. The prosecution argued that Mubarak had allowed his former Interior Minister, Habib el-Adli, to commit violence against protesters, leading to the deaths of over 800 people during the 18-day uprising that ended Mubarak’s rule.  

The trial and the elections were taking place against a backdrop of political and social unrest. The military, which had taken control of the country after Mubarak’s ouster, was facing growing pressure from the public and opposition groups. The military had promised to step down by the end of June, but many feared that they would retain power indefinitely. The new parliament, which was expected to be elected in January, was seen as a key player in the transition to civilian rule. However, the role and powers of the new parliament were unclear, and it was uncertain how a new government would be formed.  

The political situation was further complicated by the ongoing protests and demonstrations. The military had faced significant backlash from the public, particularly after the violent clashes in Cairo in November, which resulted in the deaths of at least 17 people. Protesters were also preparing for the anniversary of the revolution on January 25, which was expected to be a major event.  

Economically, the country was struggling. The revolution had led to a decline in tourism and investment, and the economy was in a state of crisis. The government had to deal with a significant drop in foreign currency reserves,",multi_news,Summary:,1f080355f909b1c7ef74d2cffc643736903edcab65b66505
en,532,0.5,"Now, write a one-page summary of all the news.

",multi_news,310,"['Police in Vermont say a car ended up almost vertical when the driver swerved quickly in response to her GPS ordering her to ""turn around."" The car was suspended almost vertically on guide wires attached to a utility pole (see a photo here) in Mendon on Wednesday night, reports the AP. Police say 30-year-old Nabila Altahan of Dorchester, Mass., was headed west on US Route 4 when she passed her intended destination and reacted quickly to the instructions, leaving the road at a significant enough speed to propel the vehicle up the wires. She wasn\'t injured. (This driver followed her GPS into a lake.)']",,"  
A recent incident in Mendon, New York, involved a car that became suspended from a telephone pole's guy wire due to a driver's reaction to a GPS device. The event occurred on Wednesday evening around 8 p.m. near the Sugar & Spice Restaurant. The driver, Nabila Altahan, was operating a Toyota Corolla with a passenger. According to police, the incident occurred when the GPS system provided sudden directions to turn around, as the car had passed its intended destination. Altahan, reacting quickly to the GPS instructions, attempted to maneuver the vehicle, which caused it to veer off the road and become entangled with the guy wire of a telephone pole.  

The car was traveling westbound on Route 4 when the GPS device issued the sudden instruction. As a result, the vehicle left its lane and veered into the guy wire, causing the car to become suspended. Fortunately, neither Altahan nor her passenger was injured.  

Eyewitnesses reported that the car became stuck, and a witness at a nearby miniature golf course saw the driver, Altahan, exit the vehicle as it was suspended. The incident was reported to the police, and both the State Police and the Rutland City Fire Department responded to the scene.  

Ray Ault, a local photographer, was driving by the area when the incident occurred and provided a description of the event. He also noted that the police and fire department responded to the scene.  

The incident highlights the potential dangers of relying on GPS navigation systems, especially in situations where sudden or unexpected directions can lead to dangerous outcomes. While the GPS system is designed to provide accurate navigation, in this case, the sudden instruction led to an unexpected and potentially hazardous situation.  

The police and emergency services responded quickly to the scene, and the situation was resolved without any injuries. The incident has since been reported, and the car was likely recovered from the guy wire.  

This incident serves as a reminder of the importance of being cautious when following GPS directions, especially in unfamiliar or complex driving environments. It also underscores the need for drivers to remain vigilant and aware of their surroundings, particularly when navigating through unfamiliar areas.  

In conclusion, the incident in Mendon, while unusual, highlights the potential risks of relying on GPS navigation systems and the importance of maintaining situational awareness while driving. The quick response from the police and fire department ensured that the situation was handled safely and efficiently.",multi_news,Summary:,6dd06d4eee78cfbf3ce2fe6413c681ad6937079daf8a7169
