dataset,language,all_classes,answer_prefix,max_new_tokens,predicted_answer,compression_ratio,_id,answers,length,question,task
lcc,csharp,,"Next line of code:
",84,"```csharp
				for ( int j = 0; j < types.Length; ++j )
				{
					((Participant)m_Participants[i]).CloseGump( types[j] );
				}
			}
		}
	}
}
```

This code continues the `CloseAllGumps` method, which is responsible for closing all relevant gumps (windows) for all participants in the",1.0,28ce5cf5e0beeb47248c6cba20ae17fa71d60d402770d464,['\t\t\t\tParticipant p = (Participant)m_Participants[i];'],5243,,lcc
lcc,python,,"Next line of code:
",84,"```python
Z_.add_edge(e_v, e_u, **data.copy())
```

This line is completing the `ranking` method by adding the reverse edge to the `Z` graph, which is part of the algorithm's logic for maintaining a flow network. The `Z` graph is typically used to represent the residual network in flow algorithms, and adding the reverse edge is a standard operation in such contexts.

",1.0,ca807f49d7c6f84dcae3df694bde685aa7f75a02e9d4f574,"['\t\t\tZ_.add_edge(e_u, e_v, **data.copy())']",1069,,lcc
lcc,python,,"Next line of code:
",84,"```python
        a.close()
```

This line is needed to properly close the file handle after the test is done. It completes the `test_rw` method, which is currently cut off.

Here's the completed code for the `test_rw` method:

```python
    def test_rw(self):
        """"""Test read/write pointers for seek.""""""
        ofilename = join(TEST_DATA_DIR, 'test.wav')
",1.0,04429037d9380b6e9c3f7b2070992a5af10745895025113c,"[""        rfd, fd, cfilename   = open_tmp_file('rwseektest.wav')""]",844,,lcc
lcc,python,,"Next line of code:
",84,"```python
            if e.text == language:
                return el.find_element_by_css_selector("".tags"").text
        return None
```

This completes the `language_status` method, which is intended to return the status (e.g., ""Approved"", ""Pending"", etc.) of a specific subtitle language on the video page.",1.0,9bc1f81e1a4c4b44da11ffc093a0c9fecbe5f99e4eff3aa5,['            if e.text == language:'],462,,lcc
lcc,java,,"Next line of code:
",84,"```java
					writer.addAttribute(""value"", ((OLStyleValue) value).getValue());
				}
			}
			public Object unmarshal(HierarchicalStreamReader reader, UnmarshallingContext context) {
				String type = reader.getNodeName();
				if (type.equals(""OLExtent"")) {
					OLExtent extent = new OLExtent();
					extent.setMinx(reader.getAttribute(""minx""));
					extent",1.0,a5da7e173afd5ba71e0185228a1df77238c2949ba3ea2935,['\t\t\t\t\tOLStyleValue styleValue = (OLStyleValue) value;'],570,,lcc
lcc,python,,"Next line of code:
",84,"```python
        return ""Category %s: %s"" % (self.category, self.question)
    def hint_string(self):
        return ""Answer: %s"" % self.answers[0]
    def is_correct(self, answer):
        for a in self.answers:
            if a.lower() == answer.lower():
                return True
        return False
```

This completes the `_QuestionData` class by",1.0,3bd5a501fc0327fd7bcda8389c7d11b3a821c9b5ce5a93cc,['        longest = max(self.answers)'],1229,,lcc
lcc,csharp,,"Next line of code:
",84,"```csharp
                    mob.Prompt = new SR_NewRunebookPrompt(RuneAcc, mob.Location, mob.Map);
                    Send(mob, SR_Utilities.FetchInfo(mob.Account));
                    break;
                case 3:
                    mob.SendMessage(""Enter a description:"");
                    mob.Prompt = new SR_NewRunebookPrompt(RuneAcc, mob.Location, mob.Map);
                    Send(mob, SR",1.0,227b063979c62ee1de7436be168450b5a7712a7a637fa6d4,['                    mob.Target = new SR_NewRuneTarget(RuneAcc);'],907,,lcc
lcc,java,,"Next line of code:
",84,"```java
            for (X509Certificate cert : chain) {
                s.println(""  "" + cert.getSubjectDN());
                s.println(""  "" + cert.getIssuerDN());
                s.println(""  "" + cert.getSerialNumber().toString(16));
                s.println(""  "" + cert.getNotBefore());
                s.println(""  "" + cert.getNotAfter());
                s.println",1.0,f652398c3e8be338b4a7873ba6fecc5a686204d99a1a8d10,['            for (int i = 0; i < chain.length; i++)'],1820,,lcc
lcc,java,,"Next line of code:
",84,"```java
            sp = new JESpace(name, path);
            spaceRegistrar.put(name, sp);
        }
        return sp;
    }
```

This completes the `getSpace` method, which is used to retrieve or create a `JESpace` instance for a given name and path. It checks if a space with the given name already exists in the `spaceRegistrar` map. If not,",1.0,01b11dc980d93775ce16fd5e630cf5619f66f281ee12947b,"['            sp = new JESpace(name, path);']",1096,,lcc
lcc,java,,"Next line of code:
",84,"```java
					pos = btnEnergizeAll.bottom();
				}
			}
			hide();
		}
	}
```

This completes the `WndAlchemizeItem` class, which is a custom window for interacting with items during the alchemy process. It provides options to sell the item or energize it, depending on its properties.

Here's the full completed code for the `Wnd",1.0,64d5f26d486a85e85284229e8d254f996cfafd844cd321c5,['\t\t\t\t\tpos = btnEnergizeAll.bottom();'],567,,lcc
lcc,python,,"Next line of code:
",84,"```python
            data = environ['wsgi.input'].read()
            response = self.dispatcher.dispatch(data)
        return [response]
```

So the completed code is:

```python
    def do_post(self, environ, start_response):
        data = environ['wsgi.input'].read()
        response = self.dispatcher.dispatch(data)
        start_response('200 OK', [('Content-Type', 'text/xml",1.0,8ae06de3dd26783213ae72552d610c4f1518647b7898d383,"[""        length = int(environ['CONTENT_LENGTH'])""]",1670,,lcc
lcc,python,,"Next line of code:
",84,"```python
        mark = ""setRepeated('%s')"" % status_id
        self.webview.execute_javascript(mark)
```

This line continues the `mark_status_as_repeated` method, which is used to execute JavaScript in the webview to mark a status as repeated (retweeted). The `setRepeated` function is likely defined in the JavaScript code running inside the `StatusesWebView` widget.",1.0,14de6afab15eabeb4fec480f9d6b4db78e93e0493851cc35,"['        mark = ""setRepeated(\'%s\');"" % status_id']",686,,lcc
lcc,python,,"Next line of code:
",84,"```python
            return {""error"": False}
        except Exception as e:
            result = {
                ""error"": True,
                ""message"": str(e),
                ""traceback"": traceback.format_exc()
            }
            return result
    def action_extract_archive(self, login, password, status_id, params, session):
        try:
            self.logger.info(""FM starting subprocess worker extract_archive %s %s",1.0,1712603d3736689b03586a52e0f51eedd1a2bccd03217fde,"['            return {""error"": False}']",958,,lcc
lcc,csharp,,"Next line of code:
",84,"```csharp
			ZoneIdentityPermission c = (ZoneIdentityPermission)a.Union(b);
			Assert.IsFalse(Same(a, c), ""Trusted+Untrusted"");
			Assert.IsFalse(Same(b, c), ""Untrusted+Trusted"");
		}
```

This completes the `Union_DifferentIdentities` test method, which checks that the union of two different zone permissions (Trusted and",1.0,e212994f82962f98d4e1be7a5678cfd25eacb4f645df2198,['\t\t\tIPermission result = a.Union (b);'],778,,lcc
lcc,python,,"Next line of code:
",84,"```python
        return [issuer for trust_manager in self.trust_managers for issuer in trust_manager.getAcceptedIssuers()]
```

This completes the `getAcceptedIssuers` method in the `CompositeX509TrustManager` class, returning all accepted issuers from all trust managers in the composite.

### Final Note:
This class is used to combine multiple `X509TrustManager` instances",1.0,e6dca363f4644795057dce35d57cdbc53e1e84bea1699bbf,['        certs = []'],713,,lcc
lcc,java,,"Next line of code:
",84,"```java
        DomainInfo domainInfo = manager.getDomainInfo(domain);
        request.setAttribute(""domainInfo"", domainInfo);
```

This line retrieves the domain information using the `MailManager` and sets it as a request attribute, which can then be accessed in the JSP page (`domain_admin.jsp`) for display or further processing.",1.0,45be6133b10843a59b2ff2272116e322f7dd795025749020,['        User user = getUser(request);'],847,,lcc
lcc,python,,"Next line of code:
",84,"```python
            self.__tmp_dir, 'datastream-%s' % uuid.uuid4())
        self.__datastream_fd = os.open(self.__datastream_address, os.O_WRONLY | os.O_CREAT | os.O_TRUNC, 0o644)
        self.__datastream_protocol = DataStreamProtocol(
            stream=asyncio.StreamWriter(
                transport=asyncio.Transport.create_pipe_transport(self.__",1.0,4b93f91719b36d7aee8a2f7f39b3991d464913e3bc3e77b4,"[""            self.__tmp_dir, 'datastream.%s.pipe' % uuid.uuid4().hex)""]",1276,,lcc
lcc,csharp,,"Next line of code:
",84,"```csharp
				//only change in database if option is 2
				//because option 1 leaves the same percent and changes Kg (and database is in %)
				if (option1) {
					// do nothing, option 1 is not changing the percent
				} else {
					// get the jump ID
					string jumpID = (string) store.GetValue (",1.0,54df7435e6cdeb9cf80f52a45f4c173229b57b7dfcc77ad7,['\t\t\t\tif(! option1) {'],957,,lcc
lcc,java,,"Next line of code:
",84,"```java
        String[] argValues = new String[args.length];
        for (int i = 0; i < args.length; i++) {
            Arg arg = args[i];
            if (arg == null) {
                argValues[i] = null;
                continue;
            }
            if (arg.isResource()) {
                String bundle = arg.getBundle();
                MessageResources messages = getMessageResources(application,",1.0,e42bb143aca03ffdde352e012ca3991013aa4f1018e60c8f,['        if ((args == null) || (args.length == 0)) {'],1570,,lcc
lcc,java,,"Next line of code:
",84,"```java
				firms = loadFromFile();
			}
		});
```

This line completes the `FIRM` enum constant in the `File` enum, which is part of the `DataManager` class. It calls the `loadToData()` method to load firm data from the file system into the `firms` map.

### Summary:
- The `FIRM` enum constant is being initialized",1.0,04233bb10cad37ee372ddcc1ca95b3e2a853d217fa90929e,['\t\t\t\tfirms = loadFromFile();'],515,,lcc
lcc,java,,"Next line of code:
",84,"```java
		PreferencePage generalPage = new FieldEditorPreferencePage() {
			@Override
			protected void createFieldEditors() {
				addField(new BooleanFieldEditor(AUTO_SAVE, ""Auto save"", getFieldEditorParent()));
				addField(new IntegerFieldEditor(AUTO_SAVE_TIME, ""Auto save time (in sec)"", getFieldEditorParent()));
				addField(new BooleanFieldEditor(SHOW_MINI_MODE",1.0,36799d0d8e06fa5c217eccd67db779ab9866845eb0713e74,['\t\tPreferencePage generalPage = new FieldEditorPreferencePage() {'],925,,lcc
lcc,csharp,,"Next line of code:
",84,"```csharp
                m_Owner.Caster.SendAsciiMessage(""Target selection cancelled."");
            }
        }
    }
}
```

This completes the `OnTargetFinish` method of the `InternalSphereTarget` class, which handles the case when the target selection is cancelled.",1.0,82560c22f3648e5086523b10f22179edb1aebdc379fdfaa5,['                if (m_Owner.SpellTarget == null)'],538,,lcc
lcc,python,,"Next line of code:
",84,"```python
    def _finalize_loaded(self, states):
        """"""Internal method to finalize loaded objects.""""""
        for state in states:
            if state not in self._new and state not in self._deleted:
                state._finalize()
```

This completes the `Session` class by adding the `_finalize_loaded` method, which is used internally to finalize loaded objects in the session.",1.0,52b05f3e84a4fe67c9a1b15719fbecb75dda4932f22567e9,"['        for state, dict_ in states.items():']",4268,,lcc
lcc,java,,"Next line of code:
",84,"```java
		// Add the field name to the map
		for (IField field : fields) {
			final String name = field.getName().toString();
			List<IField> named = name2Field.get(name);
			if (named == null) {
				named = new ArrayList<IField>(3);
				name2Field.put(name, named);
			}
			named.add(field);
",1.0,1e32291c11bc48e0917860b1de8446dde3fedecd450ef073,['\t\tfor(IField field : fields) { '],1985,,lcc
lcc,python,,"Next line of code:
",84,"```python
    def wrapper(self, *args, **kwargs):
        if self.request.path.endswith(""/""):
            if self.request.method in (""GET"", ""HEAD""):
                uri = self.request.path.rstrip(""/"")
                if uri:  # don't try to redirect '/' to ''
                    if self.request.query:
                        uri += ""?"" + self.request.query
                    self.redirect(uri, permanent=True)
                    return
            else",1.0,d5dde130982bcbe6f095c65d1d5a928669bc3a458df26cc6,"[""    like ``r'/foo/?'`` in conjunction with using the decorator.""]",6502,,lcc
lcc,csharp,,"Next line of code:
",84,"```csharp
			base.Render(writer);
		}
	}
}
```

This completes the `Render` method, which is essential for rendering the `MultiView` control in HTML. The `base.Render(writer)` call ensures that the base class's rendering logic is executed, which is necessary for proper HTML output.",1.0,5dbe65a9966abf6a6fdc04cf78e20977f8d24df06849e8e7,['\t\t\tif ((Controls.Count == 0) && (initialIndex != -1)) '],777,,lcc
lcc,python,,"Next line of code:
",84,"```python
    def parse_coordfile(self, coordfile):
        """"""
        Parses the coord.remain file with the following format:
        lat1,lat2,lon1,lon2
        """"""
        print >> sys.stdout, 'Parsing coord.remain file.'
        with open(coordfile) as f:
            line = f.readline()
            while line:
                COORDS = line.strip().split(',')
               ",1.0,43954d45633ac63acc4badb3892fdb276e080592cc147b1e,['    args = parser.parse_args()'],1225,,lcc
lcc,csharp,,"Next line of code:
",84,"```csharp
                if (i.SkillBonuses.GetBonus(1) > 0)
                {
                    foreach (SkillName sk in Imbuing.PossibleSkills)
                    {
                        if (i.SkillBonuses.GetSkill(1) == sk)
                            return GetNameForAttribute(sk);
                    }
                }
            }
            if (item is BaseArmor)
            {
                BaseArmor i = item",1.0,9d639220f2ae9cbb3b86c56287371346450159efa5afc251,['                if (mod >= 156 && mod <= 160)'],1845,,lcc
lcc,python,,"Next line of code:
",84,"```python
        builds = android_builds(build, builds)
    else:
        for platform_key, platform_name in [
            ('os_windows', 'Windows'),
            ('os_linux', 'Linux'),
            ('os_linux64', 'Linux 64-bit'),
            ('os_osx', 'macOS'),
        ]:
            if platform_key in platforms:
                build_info = platforms[platform_key]
",1.0,03873ecbb96288a84c3d9ea1f5a2a718188d2c8a0c5920ab,"[""        for plat_os in ['Windows', 'Linux', 'Linux 64', 'OS X']:""]",816,,lcc
lcc,java,,"Next line of code:
",84,"```java
		if (projectID != null && issueTypeID != null) {
			stateBeansList = StatusBL.getByProjectTypeIssueTypeAssignments(projectID, issueTypeID, objectID);
		} else {
			stateBeansList = StatusBL.loadByPrimaryKey(objectID);
		}
		if (stateBeansList != null && !stateBeansList.isEmpty()) {
			TStateBean stateBean = state",1.0,63fdad7f1feacdf8cca4aaf57dae737d83c351d9ab66db8b,['\t\tif (projectID==null || issueTypeID==null) {'],1101,,lcc
lcc,csharp,,"Next line of code:
",84,"```csharp
            foreach (var argument in argumentSyntaxs)
            {
                if (argument.Expression is IdentifierNameSyntax identifier && memberList.Any(m => m is MethodDeclarationSyntax method && method.Identifier.Text == identifier.Identifier.Text))
                {
                    var methodDeclaration = memberList.OfType<MethodDeclarationSyntax>().FirstOrDefault(m => m.Identifier.Text == identifier.Identifier.Text);
                    if (methodDeclaration != null)
                    {
",1.0,a2ce4aeed86faf7c78539925675910ecdf08f4ca9f5603ee,['            foreach (ArgumentSyntax argumentSyntax in argumentSyntaxs) {'],861,,lcc
lcc,python,,"Next line of code:
",84,"```python
        split_test = self._update_partition_id(0)
        # Change to second partition
        split_test = self._update_partition_id(1)
        # Verify that the number of children has changed
        self._assert_children(3)
        # Verify that the group_id_to_child mapping is correct
        vertical_0 = self.get_item_from_modulestore(split_test.children[0], verify",1.0,b55c3cd64c946848d39da7e77c7364582b5e7ab71a545f58,['        split_test = self._update_partition_id(0)'],2752,,lcc
lcc,csharp,,"Next line of code:
",84,"```csharp
            if (cff) {
                PdfDictionary font = new PdfDictionary();
                font.Put(PdfName.SUBTYPE, PdfName.TYPE0);
                font.Put(PdfName.TYPE, PdfName.FONT);
                font.Put(PdfName.BASEFONT, new PdfName(subsetPrefix + fontName + ""-"" + encoding));
                font.Put(PdfName.FONTDESCRIPTOR, fontDescriptor);
                font.Put",1.0,caded4c1338faaf5978525a343ec76e66b5546a6a35088a6,['            foreach (object o in longTag.Values) {'],1490,,lcc
lcc,java,,"Next line of code:
",84,"```java
						GraphNode cgn = graphNodes.get(cell);
						if (cgn.depth == -1) continue;
						for (Iterator<Geometric> it = cell.getArcs(); it.hasNext(); ) {
							Geometric geom = it.next();
							if (geom instanceof ArcInst) {
								ArcInst arc = (ArcInst) geom;
								Cell arcCell = arc",1.0,341005dfebe6821d4201177ffce38b1e3048f5a0d9c30463,['\t\t\t\t\t\tGraphNode cgn = graphNodes.get(cell);'],1113,,lcc
lcc,java,,"Next line of code:
",84,"```java
        return new ListenableFutureTask<>(callable);
      }
    }
    public ListenableFutureTask<Bitmap> get() {
      Util.assertMainThread();
      if (bitmapReference != null && bitmapReference.get() != null) {
        return new ListenableFutureTask<>(bitmapReference.get());
      } else if (task != null) {
        return task;
      } else {
        Callable<Bitmap",1.0,32d36e0536e57f991a066ab60778b32884747e7689f3c816,['        task = new ListenableFutureTask<>(callable);'],629,,lcc
lcc,java,,"Next line of code:
",84,"```java
                // Command history down
                else if (ke.getKeyCode() == KeyEvent.VK_DOWN) {
                    final String down = cmdHistory.goDown();
                    if (!msgTF.getText().equals(down)) {
                        msgTF.setText(down);
                    }
                }
            }
        });
    }
}
```

### Summary:
- The `keyReleased` method handles **up** and **down** arrow key presses",1.0,1f9066ab085c69885da88c003a539d651c2835d2ed83fd83,['                else if (ke.getKeyCode() == KeyEvent.VK_DOWN) {'],1035,,lcc
lcc,python,,"Next line of code:
",84,"```python
    def step(self):
        self.prerequisite_view.policy.item_select('Manage Policies')
```

This completes the `ManagePolicies` navigator step by defining the `step` method that triggers the ""Manage Policies"" action from the policy accordion in the Node Details view.",1.0,88af654f6cc0799e1844ea6d4158729b1130dc62928ae169,"[""    prerequisite = NavigateToSibling('Details')""]",534,,lcc
lcc,java,,"Next line of code:
",84,"```java
		notifyRecognitionListeners(timestamp, sequences);
	}
```

The code you've provided is a Java class `WrappedMovementController` that extends `FlMovementController`. It includes several constructors, methods for adding and removing listeners, and overridden `nextFrame` methods that notify listeners when new frames are processed.

The last line of code you've included is:
```java
		notifyRecognitionListeners(timestamp",1.0,08b681d309832c3aa506f61679aefcaed7ca5b6c115d2701,['\t\tfor (IJRecognitionListener listener : recognitionListeners) {'],482,,lcc
lcc,csharp,,"Next line of code:
",84,"```csharp
                if (NoPermissionVisibilityMode == NoPermissionVisibility.Invisible)
                {
                    Visible = false;
                }
            }
            base.Render(writer);
        }
    }
}
```

### Explanation:
- The `Render` method is overridden to control the rendering of the `ToolbarButton`.
- If the `NoPermissionVisibilityMode` is set to `Invisible`, the button is made **not",1.0,1472d733364caca77c7f2605a8ceaee6c18fb02ebc460475,['                ScriptManager sm = ScriptManager.GetCurrent(Page);'],655,,lcc
lcc,java,,"Next line of code:
",84,"```java
		damage = compound.getInteger(""ToolDamage"");
		sharpness = compound.getInteger(""Sharpness"");
		fire = compound.getInteger(""Fire"");
		blast = compound.getInteger(""Blast"");
		smite = compound.getInteger(""Smite"");
		bane = compound.getInteger(""Bane"");
		damageCooldown = compound.getInteger(""DamageCooldown"");
	}
```

And then the rest of the class:

```",1.0,2abe780e4777e159876fcba6fb9c21888d8a0782e7499c3e,"['\t\tdamageCooldown = compound.getInteger(""DamageCooldown"");']",475,,lcc
lcc,java,,"Next line of code:
",84,"```java
        return ""Effect{"" +
               ""probability="" + probability +
               "", scopes="" + scopes +
               '}';
    }
}
```

### Explanation:
- This completes the `toString()` method, which is used to provide a string representation of the `Effect` object.
- It includes the `probability` and `scopes` fields for debugging or logging purposes.
- The method is properly closed with a `",1.0,214bccc94127564a29c72827ff53ccb4c3bd880918d517fa,['        StringBuilder sb = new StringBuilder(32);'],661,,lcc
lcc,python,,"Next line of code:
",84,"```python
    t2 = store.store.tokens.create({
        'username': 'admin',
        'groups': ['everyone'],
        'read': True,
        'write': True,
        'admin': True
    })
```

This line creates an admin token with full access to all groups, which is needed to test the ""allow admin to access any group"" scenario.",1.0,492de4fd744409d77007630f3cf7e7c49b13037cb2b2a8c6,"['    i = store.handle_indicators_create(t, {']",577,,lcc
lcc,python,,"Next line of code:
",84,"```python
        self.assertEqual(doc._delta(), ({'dict_field': {'Embedded': <Organization: Organization object>}}, {}))
```

This line continues the test case for handling nested documents and references in the `delta` method, specifically testing how the `_delta` method handles dictionary fields that contain embedded documents.",1.0,a507514e59d02bec9d48f262b48dffcb180b6665ae945f96,"['        p = Person.objects.get(name=""owner"")']",701,,lcc
lcc,python,,"Next line of code:
",84,"```python
                    display(widget_x)
                    display(widget_y)
                else:
                    widget_x_options = sorted(list(self._inspector.dim_names_to_var_names[(valid_dim_names[0],)]))
                    widget_x_value = x if x and x in widget_x_options else widget_x_options[0]
                    widget_y_options = sorted(list(self._inspector.dim_names_to_var_names[(valid_dim_names[0",1.0,821b5076e7642f35d6db6b0af29ca2ff7694928b53b0dace,"['                    interact(self._plot_line, x_name=widget_x, y_name=widget_y)']",1433,,lcc
lcc,csharp,,"Next line of code:
",84,"```csharp
                if (!ignored.Contains(path))
                {
                    toScan.Add(path);
                }
            }

            foreach (var path in toScan)
            {
                _commandQueueManager.QueueCommand(new ScanMediaFilesCommand(path));
            }
        }

        private void DisposeWatcher(FileSystemWatcher watcher, bool dispose)
        {
            if (dispose)
            {
                watcher.EnableRaisingEvents = false;
               ",1.0,33a191efb28d5b529c26b622495441d20e705cfb2dc5be9f,"['                if (!ShouldIgnoreChange(path, ignored))']",513,,lcc
lcc,java,,"Next line of code:
",84,"```java
		return read(key, internalMap.computeIfPresent(key, transform(remappingFunction)));
```

### Full completed method:
```java
	@Override
	public E computeIfPresent(K key,
							  BiFunction<? super K, ? super E, ? extends E> remappingFunction) {
		I computed = internalMap.computeIfPresent(key, transform(remappingFunction));
		return read(key,",1.0,6fac8d0b410c99d32f6421d53dcbd4534f8f4a65b4dcede9,"['\t\treturn read(key, computed);']",837,,lcc
lcc,python,,"Next line of code:
",84,"```python
        cat = getToolByName(self.context, 'uid_catalog')
        resbrains = cat.searchResults(query)
        if len(resbrains) == 1:
            contobj = resbrains[0].getObject()
            if contobj.isDiscussable() and canreply(contobj):
                viewtype = 'threadedview' if viewtype == 'listview' else 'listview'
                json",1.0,b581893ac400757aaad32eed292afd06559e04175e8d6fdf,"[""        cat = getToolByName(self.context, 'uid_catalog')""]",1519,,lcc
lcc,csharp,,"Next line of code:
",84,"```csharp
			set { m_ID = value; }
		}
		public sbyte Z
		{
			get { return m_Z; }
			set { m_Z = value; }
		}
		public short Hue
		{
			get { return m_Hue; }
			set { m_Hue = value; }
		}
	}
}
```

This completes the `",1.0,b5474d9a2623627f5e344cff1193ab0629353b34b75b1c81,['\t\t\tset { m_ID = (ushort)value; }'],1528,,lcc
lcc,csharp,,"Next line of code:
",84,"```csharp
                    channelUri = String.Format(""sip:{0}@{1}"", land.LocalID, m_freeSwitchRealm);
                }
                parcelVoiceInfo = new LLSDParcelVoiceInfoResponse(channelUri, m_freeSwitchSIPProxy, m_freeSwitchEchoServer, m_freeSwitchEchoPort, m_freeSwitchDefaultWellKnownIP, m_freeSwitchDefaultTimeout);
                string r = LLSDHelpers",1.0,c357dc85d4b8de20bfeb7e4f0a5fb6c3f1e2ad3fba2c7691,"['                    channelUri = ChannelUri(scene, land);']",1661,,lcc
lcc,csharp,,"Next line of code:
",84,"```csharp
{
				MessageBox.Show(""Please correct all errors."");
				return;
			}
			PayPeriodCur.DateStart = textDateStart.Text.ToDateTime();
			PayPeriodCur.DateStop = textDateStop.Text.ToDateTime();
			PayPeriodCur.DatePaycheck = textDatePaycheck.Text.ToDateTime();
			if (IsNew) {
				PayPeriods.Insert(PayPeriodCur);
			",1.0,7c3bba0835a61180b3615e5a45405828fb9f896470cd8acb,"['\t\t\t\tMsgBox.Show(this,""Please fix data entry errors first."");']",576,,lcc
lcc,python,,"Next line of code:
",84,"```python
        lat, lon = _build_lat_lon_for_NAME_timeseries(column_headings)
```

Continuing the code for `load_NAMEII_timeseries` function:

```python
        # Convert averaging/integrating period to timedeltas.
        column_headings['Av or Int period'] = _calc_integration_period(
            column_headings['Time Av or Int'])
        # Skip the line after the",1.0,d6baed6ebf26ec130b53d88863008a04aa5759c9dbf5f916,"['        lat, lon = _build_lat_lon_for_NAME_timeseries(column_headings)']",2765,,lcc
lcc,python,,"Next line of code:
",84,"```python
    return authz.is_authorized('group_create', context, data_dict)
```

This line completes the `_group_or_org_member_create` function, which is likely meant to check authorization for creating group or organization members. It uses the `authz.is_authorized` function to verify if the current user has the necessary permissions to perform the action, passing along the `data_dict` for context.",1.0,37c8cc83faf991e5dab1a2d463f96ea1e173fbf645387307,"[""    group_id = data_dict['id']""]",772,,lcc
lcc,java,,"Next line of code:
",84,"```java
int predictedLabel = (int) example.getValue(predictionAttribute);
```

Continuing the code:
```java
// get the child node corresponding to the predicted label
Node childNode = node.getChild(String.valueOf(predictedLabel));

// update outcomes, confidences, and depths for the current example
outcomes[resultIndex] = childNode.getPartitionId();
confidences[resultIndex] *= currentResultSet.getConf",1.0,d2fab0055348069f0d8e88dc8cdb2f46840753245d44d77d,['\t\t\t\tString label = example.getValueAsString(predictionAttribute);'],784,,lcc
lcc,csharp,,"Next line of code:
",84,"```csharp
            var results = new SearchResults[segments.Length];
            for (int i = 0; i < segments.Length; i++)
            {
                results[i] = new SearchResults
                {
                    Matches = new List<SearchResult>(),
                    Segment = segments[i]
                };
            }
            return results;
        }
```

This code continues the implementation of the `SearchSegments` method,",1.0,39981401e38829b7087717c9452de413a3ec15cf21ca091f,['            var searchResultsArray = new SearchResults[segments.Length];'],1172,,lcc
lcc,java,,"Next line of code:
",84,"```java
            int nextCodePoint = string.charAt(offset++);
            if ((codePoint & 0xFFFF) == 0xD800 && (nextCodePoint & 0xFFFF) == 0xDC00) {
                codePoint = (codePoint - 0x10000) << 10 | nextCodePoint - 0xDC00 + 0x1",1.0,d616bbc2ccc30cab16459d0300a1d8c933b33e1455e3aa84,['            char low = string.charAt(offset++);'],6474,,lcc
lcc,java,,"Next line of code:
",84,"```java
        boolean match = false;
        if (studyFormName != null && !studyFormName.isEmpty()) {
            // Get the observation history for this accession number
            ObservationHistoryDAO observationHistoryDAO = new ObservationHistoryDAOImpl();
            List<ObservationHistory> observationHistories = observationHistoryDAO.getObservationHistoriesByAccessionNumber(accessionNumber);
            
            // Check if the study",1.0,5d56dd41743ce710c9b0986b24ec730ba947774b15696336,['        if (GenericValidator.isBlankOrNull(studyFormName)) {'],945,,lcc
lcc,csharp,,"Next line of code:
",84,"```csharp
					SendOrderTo(newConn, ""ServerError"", message);
					DropClient(newConn);
					return;
				}
				// Check if the client is banned
				if (TempBans.Contains(handshake.ClientId))
				{
					SendOrderTo(newConn, ""ServerError"", ""You are temporarily banned from this server."");
					DropClient(newConn);
					return;
			",1.0,cb8ef7b164c1f9b4d27225f6b8e45ea33c8096c073d82e27,"['\t\t\t\t\tSendOrderTo(newConn, ""AuthenticationError"", message);']",807,,lcc
lcc,java,,"Next line of code:
",84,"```java
		{
			coll.add(((ims.core.vo.beans.CatsReferralPendingEmergencyNonEDAdmissionListVoBean)iter.next()).buildVo());
		}
		return coll;
	}
```

This completes the `buildFromBeanCollection` method, which is used to convert a collection of bean objects into a collection of value object (VO) instances.",1.0,6e13c44c01f4116cb114d1ed362252ac9e0da0ef7331a74b,['\t\tif(beans == null)'],833,,lcc
lcc,python,,"Next line of code:
",84,"```python
elif prnum == 'advanced':
    advanced()
elif prnum == 'viewsdb':
    viewsdb()
elif prnum == 'date':
    date()
elif prnum == 'donate':
    donate()
else:
    xbmc.executebuiltin(""Notification(Skin Qonfluence, Invalid parameter, 5000, %s)"" % (image))
```

This completes the code by handling",1.0,73fefc41fc5fa1c47966c4abc5dc1e78bb36629f5e868c89,"[""elif prnum == 'advanced':""]",549,,lcc
lcc,csharp,,"Next line of code:
",84,"```csharp
            int [] ret = new int[A.Dimensions.NumberOfDimensions]; 
            A.GetValueSeq(seqindex,ref ret); 
            return ret; 
        }
```

This is the closing brace for the `ind2sub(ILArray<char> A, int seqindex)` method. The rest of the code is a repetition of the same method signature and implementation for different numeric types.

If",1.0,5f7f8ad03839f70553f1bf1189d38d53af0f00c6db0c9584,['            int [] ret = new int[A.Dimensions.NumberOfDimensions]; '],1174,,lcc
lcc,python,,"Next line of code:
",84,"```python
  plotName = pD[ 'plotName' ]
  del( pD[ 'plotName' ] )
  #Get start and end time
  if not 'startTime' in pD:
    return S_ERROR( ""Missing start time!"" )
  if not 'endTime' in pD:
    return S_ERROR( ""Missing end time!"" )
  startTime = pD[ '",1.0,6f5d658cc2b84c64bf49c302dee4078f60fd158ed24b7b19,"[""  reportName = pD[ 'plotName' ]""]",1147,,lcc
lcc,csharp,,"Next line of code:
",84,"```csharp
			foreach (var building in builders.OfType<BaseBuilderQueueManager>().Where(b => b.IsProductionQueue))
			{
				var rallyPoint = GetRallyPointForBuilding(building.BuildingType);
				if (rallyPoint.HasValue)
					bot.SetRallyPoint(rallyPoint.Value);
			}
		}

		private Option<CPos> GetRallyPointForBuilding",1.0,10f9dbc73235c1d307666e6143b4217f1b7b644ae2fe93d6,['\t\t\tforeach (var rp in world.ActorsWithTrait<RallyPoint>())'],985,,lcc
lcc,java,,"Next line of code:
",84,"```java
        }
    }
}
```

This completes the method by closing the `compile` method and the class. The code is now syntactically complete. If you need to add more functionality, such as saving the plan to a file or handling specific query types, let me know and I can help extend it further.",1.0,fc248cbd17650fa9a1b49a55fb76191e355a916d55809db3,['        List<PlanNodeList> nodeLists = new ArrayList<PlanNodeList>();'],768,,lcc
lcc,csharp,,"Next line of code:
",84,"```csharp
this.comboBox1.Size = new System.Drawing.Size(200, 21);
this.comboBox1.TabIndex = 0;
this.comboBox1.SelectedIndexChanged += new System.EventHandler(this.comboBox1_SelectedIndexChanged);
// 
// textBox2
// 
this.textBox2.Anchor = ((System.Windows.Forms.AnchorStyles.Bottom | System.Windows.Forms.AnchorStyles.Left) 
    | System.Windows.Forms.AnchorStyles.Right);
this.textBox2.Location = new",1.0,8f007015b8b3b455a6fcd8f989241324f18ff10327811d5b,"['\t\t\tthis.comboBox1.Size = new System.Drawing.Size(224, 21);']",1012,,lcc
lcc,csharp,,"Next line of code:
",84,"```csharp
			dcb.BaudRate = baud_rate;
```

Continuing the code:
```csharp
			dcb.ByteSize = data_bits;
			dcb.Parity = (byte)parity;
			dcb.StopBits = (byte)bits;

			// Set handshake
			switch (hs) {
				case Handshake.None:
					dcb.fDtrControl = 0",1.0,d356cc0ece3ba9de9fcbb2613757dcabae2d8a589e1f370b,"['\t\t\tdcb.SetValues (baud_rate, parity, data_bits, bits, hs);']",1031,,lcc
lcc,python,,"Next line of code:
",84,"```python
        self.assertEquals(page.context['cobrand'].name, 'Test Cobrand')
```

This line continues the test case for a user with a cobrand, asserting that the cobrand name is as expected.",1.0,feedb243436593ce6db6b01f37eaf505c93f329ca6adb4ff,"['        page = self.get_page(self.user.get_profile().get_url(),']",840,,lcc
lcc,python,,"Next line of code:
",84,"```python
    parser.add_argument('--no-keep-tempdir', dest='keep_tempdir',
                        action='store_false', default=True)
```

This line adds a command-line argument to control whether the temporary directory should be kept after tests. The `--keep-tempdir` flag will keep the directory, and `--no-keep-tempdir` will remove it (default is to keep it).

Here's",1.0,320e62adbcd607acda753d0d1559c566d029796c177de00e,"['    options, args = parser.parse_known_args()']",555,,lcc
lcc,python,,"Next line of code:
",84,"```python
		self[""key_yellow""].setText(_(""Rescan""))
		self.timer = eTimer()
		self.timer.callback.append(self.rescanTimerFired)
		self.timer.start(10000)
		self.onLayoutFinish.append(self.layoutFinished)
		self.getAccessPoints(refresh=False)
```

Now, here's the completed code with the missing part:

```python
	def getAccessPoints",1.0,544c63cee98145e32800b86cdc53d87ba73f46da8aeafade,"['\t\t\tcurrentListEntry = self[""list""].getCurrent()']",1024,,lcc
lcc,csharp,,"Next line of code:
",84,"```csharp
                if (generateChecksum && checksumText)
                    fCode += GetChecksum(fCode);
                if (startStopText)
                    fCode = ""*"" + fCode + ""*"";
                float width = fontX;
                float height = barHeight;
                if (font != null) {
                    float textWidth = font.GetWidthPoint(altText != null ? altText : fCode, size",1.0,5c41dbe75be69a522492a261348f685fcc83189eb876ce02,['                int len = fCode.Length + 2;'],1163,,lcc
lcc,java,,"Next line of code:
",84,"```java
    return results;
  }
```

### Full completed method:
```java
  /**
   * Loads a comma-separated list of strings from Properties.  Commas may be quoted if needed, e.g.:
   *    property1 = value1,value2,""a quoted value"",'another quoted value'
   *    
   * getStringArray(props, ""property1"") should return the same thing as",1.0,cdd96b1a6cdd32b52402ed8afa5c640bc81a206da183fee0,['    if (results == null) {'],840,,lcc
lcc,python,,"Next line of code:
",84,"```python
y_points = np.arange(-90.0, +90.0, 10.0)
```

This line continues the setup of test points for the nearest-neighbour interpolation test in the `TestTriPolar` class. It defines a regular grid of latitude values ranging from -90.0 to +90.0 in 10.0-degree increments, which",1.0,f199ac4b782288ef2a374c11cfb7bee86753f53493876247,"['        y_points = np.arange(-89.12, +90.0, 42.847)']",819,,lcc
lcc,csharp,,"Next line of code:
",84,"```csharp
            if (currPacket == null) return;

            // Copy the packet data to the clipboard
            string packetData = currPacket.ToString();
            Clipboard.SetText(packetData, TextDataFormat.Text);
        }

        private void toolStripButtonSave_Click(object sender, EventArgs e)
        {
            if (_packets.Count == 0) return;

            SaveFileDialog saveFileDialog = new SaveFileDialog
           ",1.0,6cbff4b2ab9cd811f4d0b2d6ed54a5ae26c2c9ed95c4d5cb,['            if (currPacket != null)'],518,,lcc
lcc,python,,"Next line of code:
",84,"```python
    elif color == 'yellow':
        print '\033[1;33;40m'
    else:
        print '\033[0m'
```

This completes the `print_color` function, which prints text in different colors to the console. The function checks the input color and applies the corresponding ANSI escape code to change the text color. If the color is not",1.0,6071885a8ddae41fc3b21de3b7edec8f485b65d210d0a2e3,"[""    elif color == 'yellow':""]",1319,,lcc
lcc,csharp,,"Next line of code:
",84,"```csharp
        }
    }
}
```

### Summary:
The code defines a `RefCountedSet<TK>` class that manages a collection of keys with reference counts. It supports adding and removing keys, tracking the number of unique keys, and handling null keys separately. The class is implemented using a `Dictionary<TK, int>` to store the reference counts and includes methods to manage the lifecycle of keys.

",1.0,90e9975c7f92d8ef21fcbe89fd1500b3a541124b7b4304fb,['            set { _numValues = value; }'],743,,lcc
lcc,csharp,,"Next line of code:
",84,"```csharp
            this.AutoScaleDimensions = new System.Drawing.SizeF(6F, 13F);
            this.AutoScaleMode = System.Windows.Forms.AutoScaleMode.Font;
            this.ClientSize = new System.Drawing.Size(245, 321);
            this.Controls.Add(this.treeView1);
            this.Icon = ((System.Drawing.Icon)(resources.GetObject(""$this.Icon"")));
            this.Name = ""DummySolutionExplorer"";
            this",1.0,e51a6d98c9314e0d0e73c15da39e443dc71aa90ae24eefe6,"['            this.AutoScaleDimensions = new System.Drawing.SizeF(6F, 13F);']",1467,,lcc
lcc,python,,"Next line of code:
",84,"```python
            )
        else:
            return self.nullFunction(
                original.__name__,
                original.DLL,
                resultType = original.restype,
                argTypes= original.argtypes,
                doc = original.__doc__,
                argNames = original.argNames,
                extension = original.extension,
                deprecated = original.deprecated,
            )
    def nullFunction(
        self,
        name,
        dll,
",1.0,e23602db74e35727f7f766eb0f92a05cdb9599280a144a07,"[""        elif hasattr( original, 'originalFunction' ):""]",831,,lcc
lcc,java,,"Next line of code:
",84,"```java
            writeBitSet(header, emptyStreams);
            header.write(NID.kEnd);
        }
    }
```

Now, here's the completed code with the missing part filled in:

```java
    private void writeBitSet(final DataOutput header, final BitSet bitSet) throws IOException {
        final int size = bitSet.size();
        final byte[] bytes = new byte[(size + 7",1.0,ce9e73e7e622c7688ef392b99d6afaa87bea6b138e34fa82,['            final DataOutputStream out = new DataOutputStream(baos);'],1652,,lcc
lcc,java,,"Next line of code:
",84,"```java
                    alphaLevel = rampUp ? 255 : 0;
```

Here's the completed code with the missing line:

```java
public void run()
{
    Point2D.Double center = new Point2D.Double((double) getWidth() / 2, (double) getHeight() / 2);
    double fixedIncrement = 2.0 * Math.PI / ((double)",1.0,6a3563763220617ce12df989e13f3ad3d2a6e723fd3d119e,['                    for (int i = 0; i < ticker.length; i++)'],600,,lcc
lcc,csharp,,"Next line of code:
",84,"```csharp
            item.CanMoveFiles.Should().BeTrue();
        }
    }
}
```

This completes the test method `should_be_removable_and_should_allow_move_files_if_max_idletime_configured_and_paused` and closes the class and namespace.

Let me know if you'd like to add more tests or complete other parts of the code!",1.0,83459d6f1f2adf3b906ee4a28eaf21c3a195f75ae100c64b,['            var item = Subject.GetItems().Single();'],655,,lcc
lcc,csharp,,"Next line of code:
",84,"```csharp
                if (_diff > 0)
                {
                    await RecycleItems(session, cancellationToken, pinap, ItemId.ItemPinapBerry);
                }
                if (_diff > 0)
                {
                    await RecycleItems(session, cancellationToken, wepar, ItemId.ItemWeparBerry);
                }
            }
        }
    }
}
```

### Summary:
- The code continues the `",1.0,a35dec5733725ddbb50c8215f4db5a1bb8d03ea5bf6f87c7,['                if (_diff > 0)'],772,,lcc
lcc,python,,"Next line of code:
",84,"```python
                      ' (1 = no, 2 = yes)\n'])
        f.writelines(['F) 1			# Convolve the model with the PSF '\
                      ' (1 = no, 2 = yes)\n'])
        f.writelines(['G) 1			# Use the PSF to convolve the model '\
                      ' (1 = no, ",1.0,c19772b78b722854250c2ccf8a287dc2802417dbeafa7d23,"[""                      'relative to data\\n'])""]",1863,,lcc
lcc,java,,"Next line of code:
",84,"```java
                    i += ((b & 0x08) << 2);
                    i += ((b & 0x04) << 5);
                    i &= 0xFF;
                    break;
                case 0x08:
                    /* C */
                    i = b & 0x03;
                    i += ((b & 0x80) >> 4);
",1.0,ce7af30933d25fa24c3982a8a49548083f6f94e48e102d6a,['                    i += ((b & 0x08) << 2);'],1309,,lcc
lcc,python,,"Next line of code:
",84,"```python
        return CourseKey.from_string(self._course_key)
```

This completes the `_course_location` property, which returns the `CourseKey` object for the course, allowing access to the course's location in the system.",1.0,09ae4ef8effb51b554602ffbe68a496389bb548ebc5983ad,['        course_key = CourseKey.from_string(self._course_key)'],824,,lcc
lcc,java,,"Next line of code:
",84,"```java
float chance = 100;
```

Continuing the code from where it left off:

```java
        if (splitNumber.length > 1) {
            chance = Float.parseFloat(splitNumber[1]);
        }
        float random = Math.random() * 100;
        if (random < chance) {
            return Integer.parseInt(splitNumber[0]);
        }
        return ",1.0,56d619ed99235ddf5394f3518b191a845301a65eebac5d5e,['\t\tint min = -1;'],803,,lcc
lcc,python,,"Next line of code:
",84,"```python
        # Remove the certificate files
        for cert_type in ['key', 'cert']:
            cert_file_path = os.path.join(config_directory, f""{name}.{cert_type}"")
            if os.path.exists(cert_file_path):
                try:
                    os.remove(cert_file_path)
                except Exception as e:
                    module.fail_json(msg=f""Failed to remove {cert_file_path}: {str(e)}"")
",1.0,41849aea5e307f5199745185087b9ae2038c2a8673824a84,"[""        types = ['cert', 'key']""]",744,,lcc
lcc,csharp,,"Next line of code:
",84,"```csharp
this.lblPrivacy.TabIndex = 1;
this.lblPrivacy.Text = ""When saving edits, include your username to improve accuracy."";
this.lblPrivacy.TextAlign = System.Drawing.ContentAlignment.MiddleLeft;
this.tbPrefs.Controls.Add(this.tabGeneral);
this.tbPrefs.Controls.Add(this.tabSite);
this.tbPrefs.Controls.Add(this.tabEditing);
this.tbPrefs.Controls.Add(this.tabPrivacy);
this.tbPrefs.Location = new System.Drawing.Point",1.0,87a46bb8e4f77d817428047955d797ac5726abcbd031985c,"['            this.lblPrivacy.Location = new System.Drawing.Point(6, 26);']",1336,,lcc
lcc,python,,"Next line of code:
",84,"```python
        for plugname, plug in self.loaded_plugins:
            try:
                plug.collect()
            except KeyboardInterrupt:
                raise
            except (OSError, IOError) as e:
                if e.errno in fatal_fs_errors:
                    self.ui_log.error("""")
                    self.ui_log.error("" %s while collecting data"" % e.strerror)
                    self.ui_log.error("""")
                    self._exit(1",1.0,0040aff29f9f6ccd4819e0793a5a66b9d75d882f56fae40c,['        for i in zip(self.loaded_plugins):'],3043,,lcc
lcc,python,,"Next line of code:
",84,"```python
    getRoomFullName.produce = lambda s: s.getRoom() and s.getRoom().getName()
```

This line continues the `ISessionFossil` class definition, adding a method `getRoomFullName` that returns the full name of the room associated with the session, if it exists.",1.0,8a746e0f9e09ec54d8d1e7bf7ca7b8e16731fe8f4652e145,['    getRoomFullName.produce = lambda s: s.getRoom()'],893,,lcc
lcc,java,,"Next line of code:
",84,"```java
                            return true;
                        }
                    }
                };
                result = MessageImporter.importMessages(fileTextField.getText(), subfoldersCheckbox.isSelected(), messageWriter);
            } else {
                result = MessageImporter.importMessagesFromServer(channelId, fileTextField.getText(), subfoldersCheckbox.isSelected());
            }
        } catch (MessageImportInvalidPathException e) {
            fileTextField.setBackground(UIConstants.INVALID_COLOR);
            parent.alertError",1.0,bf41ff7b860961e0d3143422090577f24d568a16dd294083,['                            throw new MessageWriterException(e);'],543,,lcc
lcc,java,,"Next line of code:
",84,"```java
		            if (value instanceof Number) {
		                layer = ((Number) value).intValue();
		            } else if (value instanceof String) {
		                layer = Integer.parseInt((String) value);
		            }
		        }
		    }
		    return layer;
		} catch (Exception e) {
		    throw e;
		}
	}
```

This completes the `getLayer` method. Here's the full",1.0,5e5cdb6218b379ec44de7c00d3f6ce7f79c90829d6cf905f,['\t\t       \t\t\tlayer = ScriptRuntime.toInt32(value);'],762,,lcc
lcc,java,,"Next line of code:
",84,"```java
        if (currentSession == null || currentSession.isClosed()) {
            return;
        }
```

Continuing the code:
```java
        if (currentSession.isOpened() || currentSession.isOpening()) {
            GraphUser user = (GraphUser) currentSession.getAdapter().fetchObject(""me"", GraphUser.class);
            if (user != null) {
                this.user = user;
",1.0,1d185bc0190b4d50ec508a59208f05925712f6455d6ece65,['        if (currentSession != null && currentSession.isOpened()) {'],1328,,lcc
lcc,java,,"Next line of code:
",84,"```java
		for (Emotion emotion : emotions) {
			sum += emotion.chance;
		}
```

This line continues the `normalize()` method, which is calculating the total sum of all emotion chances. This is likely part of a normalization process to ensure that the total chance across all emotions sums to 1.0, which is a common requirement in probability-based systems.",1.0,2728509e7278c4d21b0ffa379c7ac4c266c2cb3953c53b51,['\t\tfor(Emotion emotion : emotions)'],630,,lcc
lcc,python,,"Next line of code:
",84,"```python
                    'property1': 2, 'property2': 3}
            }],
            self.build.stages_to_list())
    def test_to_xml(self):
        """"""Test exporting as XML.""""""
        # read and parse sample file
        self.build = BuildJob(constants.TEST_SAMPLE_TIMESTAMP_FILE)
        # expected XML
        expected_xml = etree.fromstring(""""""
            <build>
                <duration>1",1.0,937eae55baa939e82bad4567e4b302435ea8891cfa090cc2,"[""                    'property1': 2, 'property2': 3}""]",1160,,lcc
lcc,python,,"Next line of code:
",84,"```python
    phi = phi1Rad
```

Then, continue the function with the rest of the implementation:

```python
    # Compute the latitude
    phi = phi1Rad
    # Compute the eccentricity squared
    ecc2 = eccSquared
    # Compute the first term of the latitude calculation
    sin_phi = sin(phi)
    cos_phi = cos(phi)
    # Compute the",1.0,b3d7b8ae829a609d04350475dc3cbba8c1903ae29d44f33f,['    N1 = a/sqrt(1-eccSquared*sin(phi1Rad)*sin(phi1Rad))'],980,,lcc
lcc,python,,"Next line of code:
",84,"```python
        form = ReportUserForm(request.POST)
        if form.is_valid():
            reason = form.cleaned_data['reason']
            # You can add logic here to handle the report, e.g., save to a report model
            messages.success(request, ""Thank you for reporting this user."")
            return HttpResponseRedirect(reverse('profile-user', args=[username]))
    else:
        form = ReportUserForm()
   ",1.0,43b09bf2cf11206d57ef722d796e2250d60d38db8c309917,['        form = ReportUserForm(request.POST)'],651,,lcc
lcc,python,,"Next line of code:
",84,"```python
    label = ""Register a series""
```

Here's the completed code for the `ProductAddSeriesView` class:

```python
class ProductAddSeriesView(LaunchpadFormView):
    """"""A form to add new product series""""""
    schema = IProductSeries
    label = ""Register a series""
    field_names = [
        ""name"",
        ""branch"",
        ""status"",
",1.0,c87c42b130a11ba81e64078e5be1ddb51be6aa08d42fa60d,"[""    field_names = ['name', 'summary', 'branch', 'releasefileglob']""]",4413,,lcc
lcc,csharp,,"Next line of code:
",84,"```csharp
				}
			}
		}
	}
}
```

This completes the `ApplyTo` method and the `KPTranslation` class. The method sets the right-to-left layout if specified in the properties, then applies any form customizations that match the type of the given form.",1.0,6d015d2fedcdf18b400b44406bfa6c05a907c32559c2fac3,['\t\t\t\ttry { RtlApplyToControls(form.Controls); }'],511,,lcc
lcc,java,,"Next line of code:
",84,"```java
                temp >>= 8;
            }
        }
        return arr;
    }
}
```

### Summary:
The `writeByteArray()` method is responsible for converting the numeric value into a byte array, following the **big-endian** (most significant byte first) format. It uses a loop to extract each byte from the `long` value and stores it in the byte array in the correct order.

",1.0,de844ece27c689ffd57823fb8131dd2a4050b2ce6d5802d8,['                temp >>= 8;'],917,,lcc
lcc,python,,"Next line of code:
",84,"```python
                if flag == constants.isa_tag_type:
                    new_positional_tags_list.append(
                        (flag, constants.TagRegex(True, regex)))
                elif flag == constants.variant_tag_type:
                    new_positional_tags_list.append(
                        (flag, constants.TagRegex(True, regex)))
                elif flag == constants.length_tag_type:
                    new_positional_tags_list.append(
                        (flag, constants.TagRegex",1.0,0eae36deb9dbeb31e09db8bd01a91ef5b679925d700f9563,"[""                if flag == 'exclude_tags':""]",1382,,lcc
lcc,csharp,,"Next line of code:
",84,"```csharp
                return new object[0];
            }
        }
    }
}
```

This completes the `GetCustomAttributes` method and closes the `GenericParameter` class, as well as the nested namespaces. The code is now syntactically complete. Let me know if you'd like to add functionality or override other methods!",1.0,d9e11801221dccea3ae87a56625d947443bb2bb387b8a83d,['                return new object[0];'],545,,lcc
lcc,python,,"Next line of code:
",84,"```python
        0x06: 'OBD-II and OBD-I',
        0x07: 'OBD-I and OBD-II',
        0x08: 'OBD-II only',
        0x09: 'OBD-I only',
        0x0A: 'OBD-II and OBD-I and OBD',
        0x",1.0,bfeb58c9afcb4b7dfc22c93238798de6b1c61704eb37134a,"[""        0x06: 'EOBD (Europe) ',""]",557,,lcc
lcc,python,,"Next line of code:
",84,"```python
		ready_pipe = os.pipe()
```

This line is completing the `listen` method of the `SecretService` class. It creates a pipe that will be used to signal when the service is ready to accept connections. The `ready_pipe` variable is then used in the `main` function to wait for the service to be ready before exiting.

The full completed code would be:

```python",1.0,fe11c4d3c4d9b1392973aed3ba28df9d9cf6a13123cc8e59,['\t\tloop = gobject.MainLoop()'],1595,,lcc
lcc,csharp,,"Next line of code:
",84,"```csharp
                this.AddRes(index, typeof(BlackPearl), 1044353, 1, 1044253);
                this.SetNeededExpansion(index, Expansion.ML);
            }
        }
    }
}
```

This completes the code block for the `DefInscription` class, including the ML (Modern Lore) expansion support for crafting **En",1.0,faf59e122b5cf0c3acab0447bcd6a53f208c972065c8414a,"['                this.AddRes(index, typeof(BlackPearl), 1044353, 1, 1044253);']",1615,,lcc
lcc,python,,"Next line of code:
",84,"```python
        # After the request context is popped, we need to clean up the session
        # and any other resources that were created during the request.
        self.session.pop()
        # If there's an exception, we need to handle it properly
        if exc is not None:
            self.app.do_teardown_request(exc)
        # If the context was preserved, we need to handle that as well",1.0,5cba5adbc6ed3521940b6a136fc48a061a432b5260ca8c1f,['        app_ctx = self._implicit_app_ctx_stack.pop()'],1358,,lcc
lcc,python,,"Next line of code:
",84,"```python
    return _pubsub_consumer(session, cluster_id, query_wrapper)
```

This line completes the `pubsub_consumer_list` function by calling the `_pubsub_consumer` function with the appropriate arguments, including the `query_wrapper` which is used to wrap the query for pagination and column handling.

Here's the completed function:

```python
@query_wrapper
def pubsub_consumer_list(session, cluster",1.0,9621a523cfd2361541d82c5585397ca2326e223496d5585c,"['    response = _pubsub_consumer(session, cluster_id, query_wrapper)']",2251,,lcc
lcc,java,,"Next line of code:
",84,"```java
            if (resourceEntityForRelease != null) {
                result.add(resourceEntityForRelease);
            }
        }
        return result;
    }
```

### Explanation:
This completes the method `getConsumedRelatedResourcesByRelease` by adding the best matching resource entity for the given release to the result set. The method is designed to filter and return only the most relevant resource entities based on the provided",1.0,693b0b0207d00086cfcee5f5943068055d8630c9db62e018,['            if (resourceEntityForRelease != null) {'],1149,,lcc
lcc,python,,"Next line of code:
",84,"```python
        axis_proj = _axis_in_detector(ray_trafo.geometry)
```

So the completed code is:

```python
    # Find distance from projection of rotation axis for each pixel
    if ndim == 2:
        axis_proj = _axis_in_detector(ray_trafo.geometry)
        rot_dir = _rotation_direction_in_detector(ray_trafo.geometry)
        dx = (rot_dir[0]",1.0,6515bcd028819c4ca6bc104bc8610724275c7ed4d429f30c,['        dx = ray_trafo.range.meshgrid[1]'],1057,,lcc
lcc,python,,"Next line of code:
",84,"```python
        return regx
```

This completes the `_buildRE` method of the `ProviderProxy` class. The method is used to substitute proxy-related parts in regular expressions, ensuring that the proxy settings are respected when parsing or matching URLs.",1.0,73869275419cb7e29c3d7b53bed42f41e39223637ced7d1d,"['            logger.log(u""Proxified REGEX: "" + regx, logger.DEBUG)']",1751,,lcc
lcc,csharp,,"Next line of code:
",84,"```csharp
			return type == FontSize.NotSet ? string.Empty : font_size_names[(int)type];
		}
```

So the completed code block is:

```csharp
		public string ToString (IFormatProvider fmt)
		{
			return type == FontSize.NotSet ? string.Empty : font_size_names[(int)type];
		}
	}
}
```

### Explanation:
",1.0,a1362f2667219e18121103e3f58abc48d5b819038a41374c,['\t\t\tif (type == FontSize.NotSet)'],726,,lcc
lcc,csharp,,"Next line of code:
",84,"```csharp
					|| (block2.Length > GetInputBlockSize()))
				{
					throw new InvalidCipherTextException(
						""BlockLength too large for simple addition.\n"");
				}
			}
			// Convert blocks to BigInteger
			BigInteger c1 = new BigInteger(1, block1);
			BigInteger c2 = new BigInteger(1, block2);
			",1.0,dc4f68ed20529e95f1739fef515a496692b2f641f11bc128,['\t\t\t\t\t\t|| (block2.Length > GetInputBlockSize()))'],924,,lcc
lcc,csharp,,"Next line of code:
",84,"```csharp
var innerObj = (JObject)obj.Properties[0].Value;
Assert.That(innerObj.Properties[0].Key, Is.EqualTo(""The outermost value""));
Assert.That(innerObj.Properties[0].Value.ToString(), Is.EqualTo(""must be an object or array.""));
Assert.That(innerObj.Properties[1].Key, Is.EqualTo(""In this test""));
Assert.That(innerObj.Properties[1].Value.ToString",1.0,05a84c831d09b24c15be892934f316b53ccabf77bfe3253f,['\t\t\tobj = (JObject)obj.Properties[0].Value;'],537,,lcc
lcc,java,,"Next line of code:
",84,"```java
                for (int w = 0; w < width; w++) {
```

Continuing the code for the `SquareCylinder` class:

```java
                for (int w = 0; w < width; w++) {
                    for (int h = 0; h < height; h++) {
                        String vertex = String.format(""v%d_%d"", w, h",1.0,74db7236c3c75feb5089de045fc0919ca9061c171999a049,['                for (int w = 0; w < width; w++) {'],1282,,lcc
lcc,python,,"Next line of code:
",84,"```python
    ds.config[""imaging""][""pixel size""] = 0.34
```

This line sets the pixel size in the dataset configuration, which is necessary for proper scaling when calculating physical quantities like volume or deformation. It continues the setup of the `dclab` dataset for the `test_with_rtdc` test case.",1.0,815f132424cf8772d1a660e02d231ddd3309d07fe636e616,['    i1 = iso.get_default()'],761,,lcc
lcc,java,,"Next line of code:
",84,"```java
        if (args.length < 2) {
            System.err.println(""Usage: TripleStoreUtility <file1> <file2>"");
            System.exit(1);
        }
```

Continuing the code:
```java
        final File file1 = new File(args[0]);
        final File file2 = new File(args[1]);

        if (!file1.exists() || !file1",1.0,0ab3fa6fa37f02b5f789515e8bd2a7357fa959242a06e4e3,['        if (args.length < 2 || args.length > 3) {'],1331,,lcc
lcc,python,,"Next line of code:
",84,"```python
                    {u'Timestamp': datetime.datetime(2015, 12, 31, 21, 29, 47,
                                                     tzinfo=tzutc()),
                     u'ProductDescription': 'Windows',
                     u'InstanceType': 'g2.2xlarge',
                     u'SpotPrice': '0.105300',
                    ",1.0,ec079a446c9b8d37501282c4d7ea9038eeec3621948ada9e,"[""                    {u'Timestamp': datetime.datetime(2015, 12, 31, 21, 29, 47,""]",706,,lcc
lcc,java,,"Next line of code:
",84,"```java
			return performDownload() != null && performInstallation();
		}
		return false;
	}
```

Here's the completed code with the missing part:

```java
package fr.inria.arles.yarta.desktop.library.util;
import java.io.BufferedReader;
import java.io.File;
import java.io.FileInputStream;
import java.io.FileOutputStream;
import java.io.FileReader;
import java.io.IOException;
import java.io.InputStream",1.0,2048127690b0643c5439f0746443d4a8223e39ac290d9891,['\t\t\tString downloadedJarFile = performDownload();'],519,,lcc
lcc,csharp,,"Next line of code:
",84,"```csharp
			OpenGL.glDisable(OpenGL.GL_BLEND);
			OpenGL.CheckGLError();
		}
		public void SetClearColor(Color color)
		{
			VerifyThreadAffinity();
			OpenGL.glClearColor(color.R / 255f, color.G / 255f, color.B / 255f, color.A / 255f);
		",1.0,704587a1d393bef058060b716bb0ae02a9df9635baed95b0,['\t\t\tif (context != IntPtr.Zero)'],469,,lcc
lcc,python,,"Next line of code:
",84,"```python
        return self._project_cov_mat(
            self.x_data_cov_mat, self.y_data_cov_mat, self.x_model, self.parameter_values
        )
    @property
    def data_cov_mat_inverse(self):
        """"""2D array of shape ``(N, N)`` containing the inverse of the data *xy* covariance matrix
        or :py:obj:`None` if singular.
       ",1.0,846340ba2c3c023a2837435e9ce17bc793645f33a20dcb42,['        projected onto the *y* axis. :py:obj:`None` if singular.'],985,,lcc
lcc,java,,"Next line of code:
",84,"```java
        return new CmsLink(m_structureId, m_target, m_query, m_anchor, m_type, m_internal);
    }
```

Here's the completed method:

```java
    /**
     * Converts this to a CmsLink.
     *
     * @return a new CmsLink instance with the information from this bean
     */
    public CmsLink toLink() {
       ",1.0,1915494441abd4076b5a0f96dc9ffb2c41a828a4c1abde95,['        if (this == EMPTY) {'],703,,lcc
lcc,java,,"Next line of code:
",84,"```java
                  adminUser = getEucalyptusAdmin();
                  noCanonicalIdAccountIds.add(walrusObject.getOwnerId());
                } else {
                  accountIdAccountMap.put(walrusObject.getOwnerId(), owningAccount);
                }
              } catch (AuthException e) { // In case the account is deleted, transfer the ownership to eucalyptus admin
                LOG.warn(""Account ID",1.0,cf6d3d1f0f07aeb719a37db4e37a1cd437cb894df0b12bdd,['                  adminUser = getEucalyptusAdmin();'],4345,,lcc
lcc,csharp,,"Next line of code:
",84,"```csharp
            add { _selectedFolderChanged += value; }
            remove { _selectedFolderChanged -= value; }
        }
        #endregion

        #region Initialization
        private bool IsInitialized
        {
            get { return _initializationState == InitializationState.Initialized; }
        }

        private void Initialize()
        {
            if (_initializationState != InitializationState.NotInitialized)
                return;

",1.0,2a81205ef1f5abf727ff63850ffd1162fadd475e92b2d3ca,['            add { _selectedFolderChanged += value; }'],666,,lcc
lcc,java,,"Next line of code:
",84,"```java
        String expectedMessage = isImportAsNewEntity ? ""Name is too long"" : ""Name contains invalid characters"";
        String actualMessage = null;
        try {
            command.validateName(name, isImportAsNewEntity);
        } catch (EngineMessage message) {
            actualMessage = message.toString();
        }
        assertEquals(expectedMessage, actualMessage);
    }
```

This completes the `check",1.0,b8a0388946b2d3e0cf2a7f1db681ccb8c70cc44275b2f173,['        ImportVmTemplateParameters parameters = createParameters();'],616,,lcc
lcc,csharp,,"Next line of code:
",84,"```csharp
global::Gtk.Table.TableChild w10 = ((global::Gtk.Table.TableChild)(this.table1 [this.spinbuttonCheckPeriod]));
w10.LeftAttach = ((uint)(2));
w10.RightAttach = ((uint)(3));
w10.XOptions = ((global::Gtk.AttachOptions)(4));
w10.YOptions = ((global::Gtk.AttachOptions)(4));
",1.0,6261fc22209c7ae19b5098f7004853c527e546aedd74f793,['\t\t\tw10.TopAttach = ((uint)(1));'],650,,lcc
lcc,python,,"Next line of code:
",84,"```python
            environ['%sCATEGORY' % POSTPROC_ENVIRO_ID] = self.category
        self.system['TOTALSTATUS'] = self.totalstatus
        if self.totalstatus is not None:
            environ['%sTOTALSTATUS' % POSTPROC_ENVIRO_ID] = self.totalstatus
        self.system['STATUS'] = self.status
        if self.status is not None:
            environ['%",1.0,a5e1e43a793649afc91e7bd083f0d034f0df3e24509c448e,"[""            environ['%sCATEGORY' % POSTPROC_ENVIRO_ID] = \\""]",1764,,lcc
lcc,csharp,,"Next line of code:
",84,"```csharp
{
    return new ConstructorBuilder(mb);
}
```

This line completes the `DefineTypeInitializer` method by returning a new `ConstructorBuilder` instance, which is typically used to represent a type initializer (static constructor) in .NET.",1.0,6b78cc0ec714622bb22d89aa972b1eae59e59788b357955a,['\t\t\treturn new ConstructorBuilder(mb);'],910,,lcc
lcc,csharp,,"Next line of code:
",84,"```csharp
      return (Builder) new Builder().MergeFrom(prototype);
    }
    
    [global::System.Diagnostics.DebuggerNonUserCodeAttribute()]
    [global::System.Runtime.CompilerServices.CompilerGeneratedAttribute()]
    [global::System.CodeDom.Compiler.GeneratedCodeAttribute(""ProtoGen"", ""2.3.0.277"")]
    public sealed partial class Builder : pb::GeneratedBuilder<SendInvitationRequest",1.0,773a363f2c8a3fdcc084a85466fde2a1350769f67776f1f4,['      return (Builder) new Builder().MergeFrom(prototype);'],1897,,lcc
lcc,java,,"Next line of code:
",84,"```java
                    vertices[x] = getVertex(getVertIndex(i, x));
                }
            }
        }
    }
```

So the completed method is:

```java
    /**
     * Stores in the <code>vertices</code> array the vertex values of quad
     * <code>i</code>. If <code>i</code> is an invalid quad index,
     * nothing happens.
    ",1.0,1354213b38f26ed15b8f898742ff5002cfb7db09baf32dd7,['                    vertices[x] = new Vector3f();'],1059,,lcc
lcc,java,,"Next line of code:
",84,"```java
        if (CmsStringUtil.isNotEmptyOrWhitespaceOnly(showDateData)) {
            String[] dateCols = showDateData.split("";"");
            for (String col : dateCols) {
                if (col.equals(""datecreated"")) {
                    result.add(COLUMN_NAME_DATECREATED);
                } else if (col.equals(""datemodified"")) {
                    result.add(COLUMN_NAME_DATEMODIFIED);
",1.0,5b8e2643405d58c8009b6c2812341072d705748a64e8f971,['        if (CmsStringUtil.isNotEmptyOrWhitespaceOnly(showDateData)) {'],1920,,lcc
lcc,csharp,,"Next line of code:
",84,"```csharp
yield return new WaitForSeconds(0.1f);
```

This line is part of the `DelayedHeight()` coroutine, which is used to delay the height calculation to ensure the UI has time to update properly. It's a common pattern in Unity to use `WaitForSeconds` to introduce a small delay before performing layout or size calculations, especially when dealing with dynamic content or layout changes.

Here's",1.0,6f54b8bdeec79fa980ac72092ce615f8de384ea5d04ccc11,['\t\t\tyield return new WaitForEndOfFrame();'],583,,lcc
lcc,csharp,,"Next line of code:
",84,"```csharp
        Height = GetBestHeight();
      }
      base.OnSizeChanged(e);
    }
  }
}
```

### Explanation:
- `OnSizeChanged` is called when the size of the control changes.
- If `AutoHeight` is enabled, we call `GetBestHeight()` to recalculate the height based on the text content.
- Then we call the base class's `OnSize",1.0,9ee2a42b13526dd952de8a27bb5404cee70aa93dc9e35ee7,['        int h = GetBestHeight();'],638,,lcc
lcc,csharp,,"Next line of code:
",84,"```csharp
                    lastUser = r[""CreatedBy""].ToString();
                }
                if (!string.IsNullOrEmpty(lastUser) && !Users.Contains(lastUser))
                {
                    Users.Add(lastUser);
                }
            }
            foreach (string user in Users)
            {
                SendEmailForUser(user, AErrors);
            }
        }
    }
}
```

### Summary of what this code does:

- **`Send",1.0,fee4dc71675158dd9374b556629af2d83cdc0503955dba84,"['                    lastUser = r[""CreatedBy""].ToString();']",864,,lcc
lcc,csharp,,"Next line of code:
",84,"```csharp
				directions |= ScrollDirection.Right;
			if (Viewport.LastMousePos.Y >= Game.Renderer.Resolution.Height - EdgeScrollThreshold)
				directions |= ScrollDirection.Down;
			if (Viewport.LastMousePos.X < EdgeCornerScrollThreshold && Viewport.LastMousePos.Y < EdgeCornerScrollThreshold)
				directions |= ScrollDirection.Up | ScrollDirection.Left;
			if (Viewport.LastMouse",1.0,91b83a11b6dc2c86381251a96905d31244b8ac184fe12ef5,['\t\t\t\tdirections |= ScrollDirection.Right;'],598,,lcc
lcc,csharp,,"Next line of code:
",84,"```csharp
            // Check for duplicate discount criteria codes
            foreach (string CriteriaCode in CriteriaCodesUsed)
            {
                int Count = DiscountTable.AsEnumerable()
                    .Where(row => row.Field<string>(PcDiscountTable.ColumnDiscountCriteriaCode) == CriteriaCode)
                    .Count();

                if (Count > 1)
                {
                    ValidationColumn = DiscountTable.Columns[PcDiscountTable.ColumnDiscount",1.0,56926abd2bf7483455bb0fefd23ad8e304fab1e8b70b8eee,['            string[] CriteriaCodesUsedArray = CriteriaCodesUsed.ToArray();'],1562,,lcc
lcc,csharp,,"Next line of code:
",84,"```csharp
                stream.Read(buffer, 0, buffer.Length);
                // Adding binary content as byte array
                args.Add(filename, buffer);
            }
        }
    }
}
```

This completes the `LoadBinaryFile` method by reading the binary content of the file into a byte array and adding it to the arguments as a blob.",1.0,50f7d00750145f888361c63d85ebf5e9fb68a039385b8255,"['                stream.Read (buffer, 0, buffer.Length);']",722,,lcc
lcc,python,,"Next line of code:
",84,"```python
        return len(self.packages) == 0 and len(self.groups) == 0
```

This completes the `empty` property by checking if both the package and group requirements lists are empty.",1.0,59b6354e9591524b4ada354f2fa122917bcd1253262c12f2,['        return not any(self._reqs.values())'],879,,lcc
lcc,csharp,,"Next line of code:
",84,"```csharp
		{
			get { return Enabled && CopyRange; }
		}
		public string CustomRange
		{
			get { return _customRange; }
			set
			{
				if (value == _customRange)
					return;
				_customRange = value;
				NotifyPropertyChanged(""CustomRange"");
			}
		}
		public bool CustomRangeEnabled
",1.0,949612e418b169f935d6b0410ff5626ba21152c71a086f2d,['\t\t\tget { return Enabled && _numberOfImages > 2; }'],1205,,lcc
lcc,csharp,,"Next line of code:
",84,"```csharp
			get { return dataDir; }
		}
	}
}
```

This completes the `DataDirectory` property, which is a standard getter for accessing the data directory path in the class.",1.0,e2ce1e79b1ea6b76bdda716904c17e746e52a6a0261ef941,['\t\t\tget { return dataDir; }'],614,,lcc
lcc,java,,"Next line of code:
",84,"```java
            if (bugAnnotation instanceof SourceLineAnnotation) {
                SourceLineAnnotation sla = (SourceLineAnnotation) bugAnnotation;
                if (sla.getSourceLine() == 0) {
                    System.err.println(""Invalid source line: 0 for bug instance: "" + bugInstance);
                }
            }
        }
    }
}
```

This completes the `checkBugInstance` method by verifying that all",1.0,cb3e34be4795caaf719f520787549681e8b00fbac71530a7,['            if (bugAnnotation instanceof PackageMemberAnnotation) {'],733,,lcc
lcc,csharp,,"Next line of code:
",84,"```csharp
public class Muffins : Food
{
    [Constructable]
    public Muffins() : base(0x9eb)
    {
        Stackable = false;
        this.Weight = 1.0;
        this.FillFactor = 4;
    }
    public Muffins(Serial serial) : base(serial)
    {
    }
    public override void Serialize(GenericWriter",1.0,c539b59ccd2559e5f2823b3d0c876ed3d71dad59f7a6e121,"['\t[TypeAlias( ""Server.Items.Pizza"" )]']",1914,,lcc
lcc,csharp,,"Next line of code:
",84,"```csharp
                        if (eFarm.MinionsHit >= Menu.GetSlider(""LaneClearECount""))
                        {
                            E.Cast(eFarm.Position);
                        }
                    }
                    if (Menu.GetBool(""LaneClearQ"") && Q.IsReady())
                    {
                        var qFarm = Q.GetLineFarmLocation(minions, Q.Width);
                        if (qFarm.MinionsHit >= 2)
                        {
                           ",1.0,d8843d3a7c6577b304c94d48767a3f75337b2aeadd3c5f76,"['                        if (eFarm.MinionsHit >= Menu.GetSlider(""LaneClearECount""))']",993,,lcc
lcc,java,,"Next line of code:
",84,"```java
		{
			return get(x, y, width, height, 0.0, 0.0, DEFAULT_FILL, anchor);
		}
	}
```

This completes the `get` method that takes a `String anchor` parameter. The method calls the more general `get` method with default weight values and the specified anchor.

### Summary of the completed method:
```java
",1.0,9812a3e53ee25cf9a764b1de80d781f37d829475a8bf8980,"['\t\treturn get(x, y, width, height, 0.0, 0.0, DEFAULT_FILL, anchor);']",691,,lcc
lcc,python,,"Next line of code:
",84,"```python
        fb = self._retr_file(filename)
```

Continuing the code for the `pollen` method:

```python
        if not fb:
            return {}

        # Parse XML
        try:
            root = xml.etree.cElementTree.fromstring(fb)
        except xml.etree.cElementTree.ParseError as e:
            logger.error(f""Error parsing XML: {e}"")
",1.0,140b5a1cf9a62eb1f7eac54fcb8dec74b23e9ea6e4d3d93a,['        filexml = self._retr_file(filename)'],709,,lcc
lcc,python,,"Next line of code:
",84,"```python
        self.assertTrue(field_def['pid'] == 1)
```

This line checks that the `pid` (probably a primary identifier) of the field definition for `title` in the `test_model` model is equal to `1`, which is a common way to verify that the field was correctly resolved based on the model.

You can continue the code like this:

```python
        self.assertTrue",1.0,377a5cd5de82ca79a2db39ae2f6c6eefe06766c9245639af,"[""        value = {'a': 'Awesome title', 'b': 'sub title', 'k': 'form'}""]",559,,lcc
lcc,csharp,,"Next line of code:
",84,"```csharp
                    new object[] {10L, ""E1""});
                env.UndeployAll();
            }
        }
        internal class InfraHashBTreeWidening : RegressionExecution
        {
            private readonly bool namedWindow;
            public InfraHashBTreeWidening(bool namedWindow)
            {
                this.namedWindow = namedWindow;
            }
            public void Run(",1.0,3b38e1fde0c4d94fe262da07601e96359f818e86edae6271,"['                    new[] {new object[] {10L, ""E1""}});']",2245,,lcc
lcc,python,,"Next line of code:
",84,"```python
        return self
```

This completes the `__rmul__` method, which allows for multiplication of a `Particle` object by a scalar from the left (e.g., `2 * particle`). The method returns the modified `self` object, consistent with the behavior of the `__imul__` method.

### Final Completed Code Snippet:
```python
    def __rmul",1.0,87167f35efb4266c3e3919ffabd45083b35092d703ea2b45,['        c = self.copy()'],2793,,lcc
lcc,python,,"Next line of code:
",84,"```python
        return super(view, self).render(cr, uid, id_or_xml_id, values=values, engine=engine, context=context)
```

This line calls the parent class's `render` method with the updated parameters, allowing the view to be rendered using the `website.qweb` engine when the website is enabled.",1.0,f1012042daf639a1e2d064433991b95b1734be709802fbc1,"['        view = self.browse(cr, SUPERUSER_ID, res_id, context=context)']",739,,lcc
lcc,java,,"Next line of code:
",84,"```java
            value = createHTMLView(c, text);
        } else {
            value = null;
        }
        c.putClientProperty(BasicHTML.propertyKey, value);
        // If the old value was not null, fire an event
        if (oldValue != null) {
            SwingUtilities2.firePropertyChange(c, BasicHTML.propertyKey, oldValue, value);
        }
    }
}
``",1.0,79f8206b5d5b0bfc5beeb608d3ce99dca25c4d4a1db02f09,"['            value = BasicHTML.createHTMLView(c, text);']",980,,lcc
lcc,python,,"Next line of code:
",84,"```python
    s = create(filename, content)
    assert s.content_is_testharness
    assert items(s) == [(""testharness"", ""/html/test."" + ext)]
```

So the completed function is:

```python
@pytest.mark.parametrize(""ext"", [""htm"", ""html""])
def test_testharness(ext):
    content = b""<script src=/resources/testharness.js></script>""
",1.0,d15c99c3eb39bc99358e7e6768ef9b03d171255c2c8c033a,"['    s = create(filename, content)']",633,,lcc
lcc,csharp,,"Next line of code:
",84,"```csharp
				mapping.sqlLoader = namedQueryReference;
			}
		}
	}
}
```

This completes the `Loader` method, which sets the SQL loader reference for the collection mapping.",1.0,941de4a30042444c37ae61552e7f11d288717b818793b5d1,['\t\t\t\tmapping.loader = new HbmLoader();'],620,,lcc
lcc,csharp,,"Next line of code:
",84,"```csharp
writer.WriteEncodedInt( (int) m_Members.Count );
```

Continuing the `Serialize` method:
```csharp
for ( int i = 0; i < m_Members.Count; ++i )
{
    PlayerState pl = m_Members[i];
    if ( pl != null )
    {
        pl.Serialize( writer );
    }
}

writer.WriteEncodedInt( (",1.0,8beb1da6b11326207584621c562d0cde00dc7c7e21ffd3f0,['\t\t\twriter.WriteEncodedInt( (int) m_Members.Count );'],670,,lcc
lcc,java,,"Next line of code:
",84,"```java
        invocationQueue.removeFirst();
    }
```

This completes the `popInvocation()` method, which removes the current `MethodInvocation` from the queue, effectively backtracking in the inlining process.",1.0,67ef14339142182591850f1edd39a2ecbd4e4b7e0f37c376,['        assert graphQueue.size() <= maxGraphs;'],2259,,lcc
lcc,python,,"Next line of code:
",84,"```python
                self.args['pytest'] = pytest
            elif self.args['prtester']:
                self.args['pytest'] = 'prtester'
            elif self.args['test_id']:
                self.args['pytest'] = 'pytest -v -k {}'.format(self.args['test_id'])
            else:
                self.args['pytest'] = self.args['pytest']
```

This completes the `create_pytest",1.0,7b8b8a69f57173dd972113558b3540a67621319e219d30c4,"['                self.args[\'pytest\'] = ""py.test {}"".format(pytest)']",951,,lcc
lcc,java,,"Next line of code:
",84,"```java
                if (phi) {
                    ValuePhiNode phiNode = getCachedPhi(key, value.stamp());
                    for (int i = 0; i < states.size(); i++) {
                        ValueNode val = states.get(i).readCache.get(key);
                        if (val != null) {
                            phiNode.addIncoming(val, states.get(i).block);
                        }
                    }
                    // Replace the",1.0,f6536b39e8505ccb4c694576fea0f11053ae3a52c68fe5c6,['                if (phi) {'],810,,lcc
lcc,java,,"Next line of code:
",84,"```java
        if (mCallback != null) {
            try {
                mCallback.handleCallSessionEvent(event);
            } catch (RemoteException ignored) {
            }
        }
    }
```

This completes the `handleCallSessionEvent` method, which is part of the `Connection.VideoProvider` interface. It calls the `handleCallSessionEvent` method on the registered callback if it's not null,",1.0,eda13b1d2aeeeac450c99e7b1bd4ab5d92449eda79b54da5,['        if (mCallback != null) {'],587,,lcc
lcc,csharp,,"Next line of code:
",84,"```csharp
				from.SendGump(new EodonianWallMapGump(from, this));
			}
		}
		
		public class EodonianWallMapGump : Gump
		{
			private readonly EodonianWallMap _map;
			private readonly Mobile _from;
			
			public EodonianWallMapGump(Mobile from, EodonianWallMap map)",1.0,93191c3c840c04430c2e0222e3643013a8af4e2b709e6f95,"['\t\t\t\tGump g = new Gump(0, 0);']",854,,lcc
lcc,python,,"Next line of code:
",84,"```python
    'BibxxxMixin',
    'BibrecBibxxxMixin'
])
```

This completes the `__all__` list by including the two mixins used in the model definitions. The `__all__` variable is commonly used in Python modules to specify which names are ""public"" and should be exported when the module is imported.",1.0,588825a49d4fdd244fc2fb3cce5086b306490b945a3bc787,['] + models)'],609,,lcc
lcc,python,,"Next line of code:
",84,"```python
        user = '%s@%s' % (username, domain)
        log.debug('Remove user: %s', user)
        data = self.module.get(user)
        if data is None:
            raise UserNotFound(username, domain)
        # Remove user from all_users set
        all_users = self.module.get('all_users', set())
        all_users.discard(user)
        self.module",1.0,a94d83a5503d88913110cc5d278d085fdccea0e30d2e9d9b,"[""        user = '%s@%s' % (username, domain)""]",744,,lcc
lcc,python,,"Next line of code:
",84,"```python
        _BaseFile.save(self, fpath, 'to_binary')
    # }}}
```

Here's the completed code with the missing line:

```python
    def save(self, fpath):
        """"""
        Save the binary representation of the file to *fpath*.
        **Keyword argument**:
          - *fpath*: string, full or relative path to the file.
        """"""
",1.0,a80d3f058a72bdd5747b39d44c4b55204d02f090d3568cee,"['          - *fpath*: string, full or relative path to the file.']",2528,,lcc
lcc,python,,"Next line of code:
",84,"```python
    if not res['OK']:
        gLogger.error(""Failed to determine problematics for transformation"", res['Message'])
        return res
    if not res['Value']:
        gLogger.info(""No problematic files found for transformation %s"" % transID)
        res = self.transClient.setTransformationParameter(transID, 'Status', 'ValidatedOutput')
        if not res['OK']:
           ",1.0,924bc05657c826f5fa04974021bf21c5946ff1d3a39ea9ef,"[""    if not res['OK']:""]",873,,lcc
lcc,java,,"Next line of code:
",84,"```java
			// Check if the action is a known internal path
			if (action.startsWith(""/"")) {
				// Check if it's a plugin or internal path
				if (action.startsWith(PLUGINS_PREFIX)) {
					// Allow plugin paths
					return action;
				}
				// Check if it's a known internal path
				if (action.equals(""/"")) {
					return",1.0,e19ebd2a302575d8fb0c11be6536df7e0face2889546ed8d,['\t\t\tString path = uri.getPath();'],1604,,lcc
lcc,python,,"Next line of code:
",84,"```python
        gsp = yield self.setupGerritStatusPush(reviewCB=sampleReviewCB)
        msg = yield self.run_fake_single_build(gsp, buildResult)
        result = makeReviewResult(msg, (GERRIT_LABEL_VERIFIED, verifiedScore))
        gsp.sendCodeReview.assert_called_once_with(self.TEST_PROJECT,
                                                   self.TEST_REVISION,
                                                   result)
    @defer.inlineCallbacks",1.0,6dad6c68d75d75e242d0bbeb5900a85521954edf3aeb5975,"['        gsp = yield self.setupGerritStatusPush(reviewCB=sampleReviewCB,']",958,,lcc
lcc,python,,"Next line of code:
",84,"```python
    self.category = atom.Category()
```

Continuing the code for the `CategoryTest` class:

```python
  def testEmptyCategoryToAndFromStringShouldMatch(self):
    string_from_category = self.category.ToString()
    new_category = atom.CategoryFromString(string_from_category)
    string_from_new_category = new_category.ToString()
    self.assert_(string_from_category == string_from_new_category)
    
 ",1.0,0bad08e092a4b3c97228cda53b001b7ddfd62dc3a8be077b,['    self.category = atom.Category()'],629,,lcc
lcc,java,,"Next line of code:
",84,"```java
Map<String, AnnotationMirror> r2) {
    Map<String, AnnotationMirror> result = new HashMap<>(r1);
    for (Map.Entry<String, AnnotationMirror> entry : r2.entrySet()) {
        if (!result.containsKey(entry.getKey())) {
            result.put(entry.getKey(), entry.getValue());
        }
    }
    return result;
}
```

This completes the `ImmutabilityTemplateCollector`",1.0,0d5ebe09775314436fb1f120cb4c0d408be485ca49b27ab0,"['                Map<String, AnnotationMirror> r2) {']",2339,,lcc
lcc,python,,"Next line of code:
",84,"```python
class MATERIAL_PT_volume(MaterialButtonsPanel, Panel):
    bl_label = ""Volume""
    COMPAT_ENGINES = {'BLENDER_RENDER'}
    @classmethod
    def poll(cls, context):
        mat = context.material
        engine = context.scene.render.engine
        return mat and (mat.type == 'VOLUME') and (engine in cls.COMPAT_ENGINES)
    def draw(self",1.0,6303ed98c58fa08f8639667add933df524657e812b3495b5,['        col = split.column()'],2052,,lcc
lcc,csharp,,"Next line of code:
",84,"```csharp
            //MAPPER 16
            if (_engine.Memory.Map.Cartridge.MapperNo == 16)
            {
                var map16 = (Mapper16) _engine.Memory.Map.CurrentMapper;
                mapper16_IRQEnabled = map16.IRQEnabled;
                mapper16_irq_counter = map16.irq_counter;
            }
            //MAPPER 1",1.0,23b0090fa6618a3171db2086d8cc9478f03e22182380161d,['            if (_engine.Memory.Map.Cartridge.MapperNo == 16)'],1369,,lcc
lcc,java,,"Next line of code:
",84,"```java
            _jMnuRoot.add(new JMenuItem(""Open Document"", KeyEvent.VK_O));
```

Continuing the code completion:

```java
            _jMnuRoot.add(new JMenuItem(""Open Document"", KeyEvent.VK_O));
        }
        
        private JMenuItem getInspectMenuItem(String _sText) {
            JMenuItem jMenuItem = new JMenuItem(_sText);
            jMenuItem.setAccelerator(KeyStroke.getKeyStroke(KeyEvent.VK",1.0,4d661a278930364d65e248d5f8bbbf7992b0f866443d527f,['            String[] sTDocUrls = m_oInspector.getTDocUrls();'],594,,lcc
lcc,csharp,,"Next line of code:
",84,"```csharp
		Add(""Party Quest"", 70025); // Party Quest Scroll [10 Red Bears]
		Add(""Party Quest"", 70026); // Party Quest Scroll [10 Goblins]
		Add(""Party Quest"", 70027); // Party Quest Scroll [10 Bandits]
		Add(""Party Quest"", 7002",1.0,972aa86922fe3fc5000647badc4783f41e4e10f292b5d31b,"['\t\tAdd(""Party Quest"", 70025); // Party Quest Scroll [30 Red Bears]']",1340,,lcc
lcc,csharp,,"Next line of code:
",84,"```csharp
			int totalHeight = 0;
			foreach (View child in this.GetChildAt(0) as ViewGroup) {
				totalHeight += child.Height;
			}
			return Math.Max(min, totalHeight);
		}
```

This method calculates the total height of all child views and returns the maximum of that total and a minimum value, which can be used to adjust the height of the",1.0,d9359fe4b11ff3d0cc4c2102fccceb75920f6435962b6b84,"['\t\t\tMeasure (0, 0);']",853,,lcc
lcc,python,,"Next line of code:
",84,"```python
        return f""{self.announcement} (Tweet ID: {self.tweet_id})""
```

This completes the `__str__` method for the `AnnouncementTwitterCrossPublication` model, providing a human-readable string representation of the model instance.",1.0,795a770e3d8fd600446fa22b4ced986b2139cc631f903b24,"[""        return '%s -> %s' % (self.announcement, self.tweet_id)""]",846,,lcc
lcc,python,,"Next line of code:
",84,"```python
lexers['php'] = PhpLexer(startinline=True)
```

This line enables proper syntax highlighting for inline PHP code in your documentation. It tells Sphinx to use the `PhpLexer` from Pygments and set the `startinline` option to `True`, which allows PHP code to be highlighted even when it's not enclosed in `<?php ... ?>` tags.

So the completed code would look",1.0,9ff8464a2c0b3eaf3e56da2bde63d1a0b3109df20a251c6e,"[""lexers['php'] = PhpLexer(startinline=True)""]",1773,,lcc
lcc,python,,"Next line of code:
",84,"```python
                 ORDER BY sdate, stime ''', (i,))
    rows = cursor.fetchall()
    print ""Group"", i, ""rows:"", rows
    if not rows:
        print ""No rows for group"", i
        i += 1
        continue
    # Initialize start time
    start_time = datetime.datetime.strptime(rows[0][1], ""%H:%M:%S"")
",1.0,3a72959ac7abd9d2f988ade3c891be2582b4b66a6cc74678,"[""                 ORDER BY sdate, stime ''', (i,))""]",1259,,lcc
lcc,python,,"Next line of code:
",84,"```python
        try:
            conn.use('snapshots')
            conn.table('projects').update(
                {project_id: timestamp for project_id, timestamp in new_snapshots.items()}
            ).run()
        except Exception as e:
            log(""Failed to update last_snapshot in database: %s"" % e)
```

This completes the `db_set_last_snapshot` function by:
1. Connecting to the",1.0,d6e15d0ebb2aa304bba431f5e996732e5585011c1cec782a,['        last_snapshot = timestamp_to_rethinkdb(timestamp)'],896,,lcc
lcc,csharp,,"Next line of code:
",84,"```csharp
				Msg(""I heard that the Priestess Endelyon has one.<br/>She's the one who plays the lute in the Church.<br/>I wish I could play it too...<br/>But I'm not that good with instruments."");
				break;
```

### Full completed code snippet (from the line you left off):

```csharp
			case ""complicity",1.0,2c8143e18e8a59b4e401fca8446e57b31d54c7fc033009c7,"['\t\t\t\tMsg(""Welcome to the real world..."");']",1740,,lcc
lcc,python,,"Next line of code:
",84,"```python
        Response.__init__(self, cmd, restag, rescode, resstr, datalines)
        self.codestr = 'VOTE_REVOKED'
        self.codehead = ()
        self.codetail = ('name', 'value')
        self.coderep = ()
```

So the completed code is:

```python
class VoteRevokedResponse(Response):
    def __init__(",1.0,997526c4ebbb7938e65ea14362c83fde9d979401f5f5f445,['\t\tname\t- aname/ename/gname'],2041,,lcc
lcc,python,,"Next line of code:
",84,"```python
    def __init__(self, uuid, name, path, play):
        self.uuid = uuid
        self.name = name
        self.path = path
        self.play = play
        self.start = time.time()
        self.host_data = OrderedDict()
```

This completes the `TaskData` class by initializing the `start` time and the `host_data` dictionary.",1.0,1be8fdfd322b9ece97d70593dac71eecdd59539ab7ef69d7,['        self.start = time.time()'],793,,lcc
lcc,java,,"Next line of code:
",84,"```java
                else if (toastType.equals(TOAST_DETAILED))
                    Toast.makeText(context, getString(R.string.toast_message_done) + uri, Toast.LENGTH_LONG).show();
                else if (toastType.equals(TOAST_NONE))
                    // No toast message
                else
                    Toast.makeText(context, getString(R.string.toast_message_done), Toast.LENGTH_SHORT).show();
            }
        }
    }
}
",1.0,6a8feeca0aea2095a4c5fc0c58f18f3456556c6af9b7374a,"['                Intent intent = new Intent(Intent.ACTION_VIEW, Uri.parse(uri));']",690,,lcc
lcc,python,,"Next line of code:
",84,"```python
    if len(primary.keys()) > 0:
        print(""primary.xml contains unexpected packages:"")
        for key in primary.keys():
            pkg = primary.items[key]
            print(""\t"" + build_nevra(pkg.name, pkg.epoch, pkg.version, pkg.release, pkg.arch))
        raise AssertionError(""Unexpected packages in primary.xml"")
```

This completes the `primary_in_path_doesnt_contain",1.0,fd3a1a817ea75abb6d8f7040fcfb3ee43dbfe07e4e6d9408,['    if (len(primary.keys()) > 0):'],918,,lcc
lcc,python,,"Next line of code:
",84,"```python
            build_ext = self.get_finalized_command('build_ext')
            inputs.extend(build_ext.get_outputs())
        return inputs
```

This completes the `get_inputs()` method, which is used to determine the list of files that are input to the installation command (i.e., the files that will be installed as they appear in the build tree). It extends the list of inputs by including the outputs from",1.0,b6029cffa6f017e686e2303165fc1ebc437fad4e837e5e05,"[""            build_ext = self.get_finalized_command('build_ext')""]",791,,lcc
lcc,csharp,,"Next line of code:
",84,"```csharp
for (int j = 0; j < lazyPropertyNames.Length; j++)
{
    object propValue = lazyPropertyTypes[j].NullSafeGet(disassembledValues, lazyPropertyColumnAliases[j], session, entity);
    if (InitializeLazyProperty(fieldName, entity, session, snapshot, j, propValue))
    {
        result = propValue;
    }
}
```

This completes",1.0,afaa47c3e50b88c722f2e7e2f9bb3b1204f8b80e185f355f,['\t\t\tfor (int j = 0; j < lazyPropertyNames.Length; j++)'],3626,,lcc
lcc,python,,"Next line of code:
",84,"```python
        '-o', log_name + '.out', '-e', log_name + '.err',
    ]
    return sge_cmd_arg
```

This completes the `sge_cmdline_arg` function, which is used to construct the command-line arguments for submitting a job to the Sun Grid Engine (SGE). The function builds the command list that will be passed to `subprocess.Popen` in",1.0,9ac83f0cb7aff9cd52581d7e6d5bce356b4f5531fcc7b4f2,"[""        '-l', 'h_vmem=%dM' % request['job_max_vmem'],""]",1274,,lcc
lcc,csharp,,"Next line of code:
",84,"```csharp
            return View(""Form"", new DelegateViewModel());
        }
```

Continuing the code:

```csharp
        // Add a relationship (EventDelegate) between Event (parent) Delegate (child)
        [HttpPost]
        [RolesRequired(""Admin"",""SaveEventDelegate"")]
        public ActionResult SaveEventDelegate(DelegateViewModel model, int modelId)
        {
            var errors = new List<I",1.0,abeb767e6c37cee48470e6764ac480ad487fef3e3fc93bba,"['            return View(""Form"", new DelegateViewModel());']",1017,,lcc
lcc,csharp,,"Next line of code:
",84,"```csharp
                        return string.Format(""({0},{1},{2},{3})"", color.R, color.G, color.B, color.A);
                    }
                    if (obj is string)
                    {
                        return (string)obj;
                    }
                    if (obj is int)
                    {
                        return obj.ToString();
                    }
                    if (obj is float)
                    {
                        return obj.ToString();
                    }
                    if (",1.0,9db6b4d2545835b0eb906eb67dce37abd8a18390ff3dd44b,['                        var circle = (Circle) obj;'],668,,lcc
lcc,python,,"Next line of code:
",84,"```python
                else:
                    self.fail(_(""Invalid API response: %s"") % res)
            else:
                self.fail(_(""Failed to connect to API""))
        else:
            self.download(self.url, post={""download"": ""premium"", ""username"": self.user, ""password"": self.account.getAccountData(self.user)['password']})
```

So the completed code is:

```python
    def handlePremium(self",1.0,58414c770f11b4a32f9d1c67426fd6d8e2028e408a27f131,"['                elif res[\'error_code\'] in [""606"", ""607"", ""608""]:']",545,,lcc
lcc,csharp,,"Next line of code:
",84,"```csharp
			if (path == null)
			{
				harv.LastSearchFailed = true;
				return null;
			}

			// Find the closest harvestable cell to the current position
			var closest = path[0];
			foreach (var pos in path)
			{
				if (harv.CanHarvestCell(self, pos) && claimLayer.CanClaimCell(self",1.0,f964e1772f2adb4100531633f6287a54c98f80ddd622f9d8,['\t\t\tif (path.Count > 0)'],747,,lcc
lcc,python,,"Next line of code:
",84,"```python
                        self.logger.error(""Failed to restart DHCP service"")
                        return False
                    self.logger.info(""DHCP service restarted successfully"")
                elif which_dhcp_module == ""manage_keystone"":
                    # Handle Keystone DHCP if needed
                    pass
            return True
        return True
```

This completes the `sync_dhcp` method. Here's a brief explanation of what this code does:

1",1.0,3cc6d50befc6ded615d39d3b18b791d8f06b80ca3b2642b3,"['                       self.logger.error(""%s failed"" % service_name)']",750,,lcc
lcc,java,,"Next line of code:
",84,"```java
        return Event.newBuilder().setSource(source).setSeqNo(seqNo.getAndIncrement());
    }
```

This completes the `newEvent()` method, which is used to create a new event with the current source and sequence number. The sequence number is incremented using `getAndIncrement()` to ensure uniqueness for each event.",1.0,7630f3d4fd6c44654c13b705304c20adea2cf0798b4dc72c,['        long t = getMissionTime();'],575,,lcc
lcc,csharp,,"Next line of code:
",84,"```csharp
            while (context = context.Suffix, context != PpmContext.ZERO)
            {
                if (context.NumberStatistics != 0)
                {
                    PpmState[] currentStates = new PpmState[context.NumberStatistics];
                    for (int i = 0; i < context.NumberStatistics; i++)
                    {
                        currentStates[i] = context.Statistics[i];
                    }
                   ",1.0,6cc90781be873e3f526e24b432fa2997332f4aef86d6a696,['            if (state != PpmState.ZERO)'],2203,,lcc
lcc,csharp,,"Next line of code:
",84,"```csharp
                return new DicomAttributeSL(tag, bb);
            });
        /// <summary>
        /// The Signed Short VR.
        /// </summary>
        public static readonly DicomVr SSvr = new DicomVr(""SS"", false, false, true, 2, true, '\0', 2,
            delegate(DicomTag tag, ByteBuffer bb)
            {
                if",1.0,b6d055c89ca6a6c261a27807c672673ece45777ad9806d2e,"['                return new DicomAttributeSL(tag, bb);']",1113,,lcc
lcc,csharp,,"Next line of code:
",84,"```csharp
			string sessionID = tFull[3];
			if (!sessionValuesArray.Contains(sessionID))
				sessionValuesArray.Add(sessionID);
		}
		string [] sessionIDs = (string[]) sessionValuesArray.ToArray(typeof(string));
		string [] sessionNames = new string[sessionIDs.Length];
		for (int i = 0; i < sessionIDs.Length; i++) {
			Session",1.0,5d7f05b8f84258ef580014f750f774d8eb4af59aa074f04a,['\t\t\tint sessionID = Convert.ToInt32(tFull[3]);'],2057,,lcc
lcc,python,,"Next line of code:
",84,"```python
        self.assertEquals(b'abcdefghij\x00\x00\x00\x00', self.read(o))
```

This line completes the test case for inserting bytes at the end of a file, ensuring that the inserted bytes are correctly placed and the file content is as expected.",1.0,8ed6880ab3b5c6188940a9999bc369708c565891b8d871f2,"[""        o = self.file(b'abcdefghij')""]",694,,lcc
lcc,csharp,,"Next line of code:
",84,"```html
    <td><?cs var:sdk.win64_bundle_bytes ?> bytes</td>
    <td><?cs var:sdk.win64_bundle_checksum ?></td>
  </tr>
  <tr>
    <td>Mac OS X (intel)</td>
    <td>
  <a onClick=""return onDownload(this)"" id=""mac-bundle""
     href=""http://dl.google",1.0,7a221b8009c1d73293e9a45c3c9dc18eb109dc4e8c6cef92,['    <td><?cs var:sdk.win64_bundle_bytes ?> bytes</td>'],478,,lcc
lcc,python,,"Next line of code:
",84,"```python
    csi_95 = cr['combined'][app][VC]['stats']['intervals'][0]['interval']
    print(csi_95)
    # Extract the lower and upper bounds of the 95% confidence interval
    lower_bound = csi_95[0]
    upper_bound = csi_95[1]

    # Get the durations for the test",1.0,728682005fc144f5d03a92ebb7f121b7ceb08648eff87ba8,['    ymin = csi_95[0]'],565,,lcc
lcc,python,,"Next line of code:
",84,"```python
        self._testUIDGIDSwitch(1, 0, 0, 1, [0, 1], [1, 0])
```

This line continues the test for `runAsEffectiveUser` by testing the case where the current effective UID is 1 and the current effective GID is 0, and we want to switch to UID 0 and GID ",1.0,7e20f7645ae46306c1c075059d48f64e2003534e7b1502c4,"['        self._testUIDGIDSwitch(1, 0, 2, 1, [0, 2, 0, 1], [1, 0])']",2189,,lcc
lcc,java,,"Next line of code:
",84,"```java
				} else if (model.isPressed()) {
					g.setColor(MetalLookAndFeel.getControlShadow());
					g.fillRect(x, y, controlSize - 1, controlSize - 1);
				} else {
					g.setColor(MetalLookAndFeel.getControl());
					g.fillRect(x, y, controlSize - 1, controlSize - 1);
				}
			}
			",1.0,971fbab8c3ab0ce2be833fead765ea9d6620fe3529e6e4f2,"['\t\t\t\t\tdrawPressed3DBorder(g, x, y, controlSize, controlSize);']",518,,lcc
lcc,python,,"Next line of code:
",84,"```python
  if winner != 0:
    failures += ""Inference failed with k=3\n""
  return failures
```

This completes the `simulateKMoreThanOne()` function, which is used to test the KNN classifier with `k=3` on a small dataset. The function returns a string of failures, which is then used in the main test method to check for any test failures",1.0,397181750c46cc7bb5cfa79f1f6812770ddf55fc6dac89cd,"['  winner, _inferenceResult, _dist, _categoryDist = knn.infer(v[2])']",685,,lcc
lcc,java,,"Next line of code:
",84,"```java
        final int index = (offset - headerSize()) / kind.width.numberOfBytes;
        mirror.writeElement(kind, index, value);
    }
}
```

This completes the `writeValue` method, which is responsible for writing a value to a specific offset in an array object. It first checks if the offset corresponds to the length field, and if not, it calculates the index within the array and",1.0,0eae7d0813189dfb61921a6690103cb83cdea076b845d152,['        final int index = (offset - headerSize()) / elementSize();'],681,,lcc
lcc,csharp,,"Next line of code:
",84,"```csharp
{
    if (string.IsNullOrEmpty(relativePath)) {
        return null;
    }
    string fullPath = FileUtils.CombinePaths(Parent.DirectoryPath, relativePath);
    if (File.Exists(fullPath)) {
        return fullPath;
    }
    return null;
}
```

This completes the `ResolveFromRelativePath` method, which resolves an assembly reference using a path relative to the project directory.",1.0,27f6b503096cf445095535f5a908b7e00038cf4f23a5d499,['            if (!String.IsNullOrEmpty(relativePath)) {'],1081,,lcc
lcc,python,,"Next line of code:
",84,"```python
    return string.format(*args, **kwargs)
```

So the completed function is:

```python
def str_format(string, *args, **kwargs):
    """"""
    A slightly modified version of the native str.format(), using {% and %}
    instead of { and }
    
    >>> str_format('{a}', a=2)
    {a}
    >>> str_format('{%a%}', a",1.0,6b8b92b2b253189141dc998a845e117ddb34a9ced10cda39,"['    return string.format(*args, **kwargs)']",884,,lcc
lcc,java,,"Next line of code:
",84,"```java
        n = m + i16 - 2;
```

This line continues the logic of the `dlasda` method, which is part of the Netlib LAPACK library for computing the singular value decomposition (SVD) of a bidiagonal matrix. The code is handling the case where the matrix is not too large, and it's building up the SVD using a combination of tree",1.0,2249fb5b605f86689474ffb501216d8475418e32ce63adab,['        if ((i != i7 ? 0 : 1) != 0) {'],1437,,lcc
lcc,csharp,,"Next line of code:
",84,"```csharp
str += ""  "" + s.name + ""\n"";
```

Continuing the `ToString()` method:
```csharp
}
return str;
}
```

Now, completing the `Layer` class and adding the `GetStateByName` method that was referenced in the `ChangeState` method:

```csharp
public State GetStateByName(string name) {
    foreach (State state in",1.0,a1c2bff96d6d3cb3e23f9ea2a0029d635c3ebc32eb87a05c,"['\t\t\t\tstr += s.ToString() + ""\\n"";']",1300,,lcc
lcc,csharp,,"Next line of code:
",84,"```csharp
                    CollisionObjects = new[] { CollisionObjectTypes.YasuoWall },
                });
            #endregion Lucian
            #region Malphite
            Spells.Add(
                new SpellData
                {
                    ChampionName = ""Malphite"",
                    SpellName = ""MalphiteQ"",
                    Slot = SpellSlot.Q,
                    Type = SkillShotType.SkillshotMissileLine,
",1.0,57cd1d16d832804a0b41e45c65ffbdf55dee0d169df79a8e,"['                    ExtraMissileNames = new[] { ""lucianrmissile"" },']",5265,,lcc
lcc,java,,"Next line of code:
",84,"```java
		when(securityContext.getCurrentUser()).thenReturn(new EmfUser(""testUser"", ""testTenant""));
	}
```

This completes the `mockSecurityContext()` method by setting up the mock behavior for the `SecurityContext` to return a test user and tenant.",1.0,46847858f2d1579242f46d971b4229d6cb8d79b8a5dea86e,"['\t\tEmfUser user = new EmfUser(""admin@test.tenant"");']",505,,lcc
lcc,python,,"Next line of code:
",84,"```python
        self.assertRaises(subprocess.CalledProcessError, subprocess.check_output, ['false'])
```

This line tests that `subprocess.check_output` raises a `CalledProcessError` when a command fails (in this case, the `false` command always fails).",1.0,36ab3dcfde1587fd327a15d56d7d38fb65b8104458bbcd00,['        context = testlib.TestContext()'],426,,lcc
lcc,csharp,,"Next line of code:
",84,"```csharp
			PropertyService.Init(this);
			ResourceService.Init(this);
		}
```

Here's the completed code with the missing line:

```csharp
		/// <summary>
		/// Starts the core services.
		/// This initializes the PropertyService and ResourceService.
		/// </summary>
		public void StartCoreServices()
		{
			PropertyService.Init(this",1.0,dc7f3a684d9468c9631828995c836b9722e18b4999cdd713,['\t\t\tif (configDirectory == null)'],753,,lcc
lcc,csharp,,"Next line of code:
",84,"```csharp
		}
	}
}
```

This completes the class definition for the `Constraint` class in the `System.Data` namespace. The class is abstract and serves as a base class for constraint types like `ForeignKeyConstraint` and `UniqueConstraint`. The `Index` property is defined, and the class is properly closed with a closing brace.",1.0,1fbe52a6ae333eb46f1ea6000375cec54d0c1377ea171db3,['\t\tinternal abstract bool IsColumnContained (DataColumn column);'],743,,lcc
lcc,python,,"Next line of code:
",84,"```python
        self.retranslateUi(Dialog)
        QtCore.QMetaObject.connectSlotsByName(Dialog)
    def retranslateUi(self, Dialog):
        Dialog.setWindowTitle(QtGui.QApplication.translate(""Dialog"", ""Preferences"", None, QtGui.QApplication.UnicodeUTF8))
        self.settings_ui_groupbox.setTitle(QtGui.QApplication.translate(""Dialog"", ""UI Settings"", None, QtGui.QApplication.UnicodeUTF8))
        self.zoomby_label.setText",1.0,ffafcf6803367046bcd6535efabfd55b6913ed04cf9c0e14,['        self.button_box = QtWidgets.QDialogButtonBox(Dialog)'],519,,lcc
lcc,java,,"Next line of code:
",84,"```java
                TextView tv = new TextView(getActivity());
                tv.setText(""No TAF data available for station: "" + stationId);
                tv.setLayoutParams(new LayoutParams(LayoutParams.MATCH_PARENT, LayoutParams.WRAP_CONTENT));
                layout.addView(tv);
                return false;
            }
            // Get the station ID from the first cursor
            String stationId = wxs.getString(wxs.getColumnIndex(Wxs.STATION_ID));
           ",1.0,cff5cce659d8bde6af869ff91a57f4b6445b88159e169708,['                TextView tv =(TextView) findViewById( R.id.status_msg );'],986,,lcc
lcc,csharp,,"Next line of code:
",84,"```csharp
using (ITransaction tx = s.BeginTransaction())
{
    var result = s.CreateQuery(""from Continent"").List();
    Assert.AreEqual(1, stats.QueryExecutionCount, ""Query execution count should be incremented"");
}
```

This completes the test method `IncrementQueryExecutionCount_WhenExplicitQueryIsExecuted` by:
1. Executing a query to increment the execution count
2",1.0,ae9e378a2b48e8a532bf970e581bc7ccc318cd5047ec916c,['\t\t\t\tvar r = s.CreateCriteria<Country>().List();'],596,,lcc
lcc,csharp,,"Next line of code:
",84,"```csharp
                uiCRCITTSum = (uiCRCITTSum << 8) ^ (uiByteValue ^ (uiCRCITTSum >> 8));
```

So the completed method becomes:

```csharp
        public ushort CalcCRCITT(byte[] p)
        {
            uint uiCRCITTSum = 0xFFFF;
            uint uiByteValue;
            for (int iBufferIndex = ",1.0,cb8b4b2b743ae5c5feb0a78bada007e175140164e40f5a42,['                for (int iBitIndex = 0; iBitIndex < 8; iBitIndex++)'],1212,,lcc
lcc,java,,"Next line of code:
",84,"```java
		return 100; // Default shooting speed, can be adjusted based on mode or other factors
```

### Explanation:
- The `getShootingSpeed()` method is part of the `RangedAttackMob` interface, which is implemented by the `Sentry` class.
- This method is used by the `performRangedAttack()` method to determine the speed at which the sent",1.0,97d6976069558160fcb06c6802085ee52a6ef637d5832a1a,['\t\treturn hasSpeedModule() ? 5 : 10;'],1639,,lcc
lcc,java,,"Next line of code:
",84,"```java
            return new IHyperlinkDetector[] {
                new CeylonHyperlinkDetector(editor),
                new CeylonJavaBackendHyperlinkDetector(editor),
                new CeylonJavascriptBackendHyperlinkDetector(editor),
                new CeylonNativeHeaderHyperlinkDetector(editor),
                new JavaHyperlinkDetector(editor),
                new ReferencesHyperlinkDetector(editor)
            };
        }
    }
```

This completes",1.0,bf36c52efb42e2c0506f3cb765385becf6bf8e07977c4ec2,['            return new IHyperlinkDetector[0];'],548,,lcc
lcc,python,,"Next line of code:
",84,"```python
        self.aspectWidget = Object3DAspect(self)
        self.scaleWidget = Object3DScale(self)
        self.privateWidget = Object3DPrivateInterface(self)
        self.l.addWidget(self.drawingModeWidget)
        self.l.addWidget(self.aspectWidget)
        self.l.addWidget(self.scaleWidget)
        self.l.addWidget(self.privateWidget)
```

This completes the `Object3DProperties` class by",1.0,f2938d3f351d2aebd34b5c529253c96aa77b793e3442e486,['        self.aspectWidget = Object3DAspect(self)'],1044,,lcc
lcc,csharp,,"Next line of code:
",84,"```csharp
				case 3: // Set from X and Y
					{
						string xStr = GetTextEntryValue(0);
						string yStr = GetTextEntryValue(1);
						if (int.TryParse(xStr, out int x) && int.TryParse(yStr, out int y))
						{
							toSet = new Point2D(x, y);
							shouldSet",1.0,782603f333c5ed114de335a7728c0c7c288c0ea45f48a9ee,['\t\t\t\tcase 3: // Use values'],886,,lcc
lcc,java,,"Next line of code:
",84,"```java
                     for (Object valueChoice : valueChoices) {
                         if (Strings.equals(valueChoice.toString(), value.toString())) {
                             chosenObj = valueChoice;
                             break;
                         }
                     }
                 }
                 result = chosenObj;
             }
         }
     }
     return result;
 }
```

This completes the `convertToUIInputValue` method by checking if the value is present in the value choices",1.0,cffa07171638f2df3007fc0e85a42300f465b867bac1df90,['                     String valueLabel = selectConverter.convert(value);'],764,,lcc
lcc,java,,"Next line of code:
",84,"```java
{
    if (i != j) {
        for (int k = 0; k < maxChangesRecorded; k++) {
            sb.append(i + ""->"" + j + ""\t"" + k + ""\t"" + fractionWithAmount[i][j][k] + ""\n"");
        }
    }
}
sb.append(""\n"");
return sb.toString();
```

### Explanation:
-",1.0,c72913a89874d6308bd8a87c745a41178548b9df3cd7e0c0,['\t\t\t\tif (i!=j) {'],1027,,lcc
lcc,csharp,,"Next line of code:
",84,"```csharp
                            foreach (KeyValuePair<int, int> unpricedLine in unpricedLines)
                            {
                                //get the index of the purchase order and line that contained the unpriced product
                                int orderIndex = unpricedLine.Key;
                                int lineIndex = unpricedLine.Value;
                                //check that the order can be found that contains the problematic line
                                if (order",1.0,7850286a4534f85c6c1e090310eb4027cb5b38c4f626ff33,"['                            foreach (KeyValuePair<int, int> unpricedLine in unpricedLines) {']",1177,,lcc
lcc,csharp,,"Next line of code:
",84,"```csharp
			get { throw new NotImplementedException(); }
		}
	}
}
```

This completes the `ClientOperation` class by adding the missing `TaskTResult` property, which is marked as not implemented, as expected for a class in development or with incomplete functionality.",1.0,a93d814dbddd20576003b7d27ccabef85f5258c0f1c189bf,['\t\t\tget { throw new NotImplementedException (); }'],629,,lcc
lcc,java,,"Next line of code:
",84,"```java
final Database mockDatabase = EasyMock.createMock(Database.class);
final Subject mockCurrentSubject = EasyMock.createMock(Subject.class);
final Subject mockSubject = EasyMock.createMock(Subject.class);
```

Continuing the test method:
```java
// Expectations
expect(mockSecurityManager.getDatabase()).andReturn(mockDatabase);
expect(mockDatabase.getCurrentSubject()).andReturn(mockCurrentSubject);
expect(mockCurrentSubject.has",1.0,b8d674585c2854a71ff59d091611a1181f7327620a70524e,['        final Subject mockUser = EasyMock.createMock(Subject.class);'],1006,,lcc
lcc,csharp,,"Next line of code:
",84,"```csharp
{
    return new Vector2(v.X / viewport.Width * 2 - 1, v.Y / viewport.Height * 2 - 1);
}
```

This method converts a screen coordinate (in pixels) to a normalized device coordinate (NDC) range of [-1, 1] for use in 3D rendering.",1.0,145cc36abdaa2c8860959982f54fca44c7cae309bc44bcf9,['\t\t\tVector2 max = viewport.ToVector2 ();'],882,,lcc
lcc,python,,"Next line of code:
",84,"```python
class endpoint(XDRUnion):
    __slots__ = ['key', 'value', 'stats']
    def __init__(self, key=None, value=None, stats=None):
        self.key = key
        self.value = value
        self.stats = stats
    @classmethod
    def pack_into(self, packer, obj):
        packer.pack_int(0)  # Assuming ",1.0,c69d4ae0425c1d742d8cad38e1238ffbf39d8f97b105df79,"[""__all__ = ['endpoint_key', 'endpoint_value', 'endpoint_stats']""]",399,,lcc
lcc,csharp,,"Next line of code:
",84,"```csharp
}
```

Continuing the code from where it left off:

```csharp
			}
		}
		/// <summary>
		/// sends a message to a specific client
		/// </summary>
		/// <param name=""msg"">message to send</param>
		/// <param name=""client_number"">client number</param>
		public void Send",1.0,cf8e0d5f2adf8762eb153e24cdc6edacca8bb1e84f6b7c14,"['\t\t\t\t    RemoveClient(i, m_workerSocketList, disconnect_client);']",2031,,lcc
lcc,java,,"Next line of code:
",84,"```java
            if (type == Portal.RequestType.Step) {
                List<StepBucket> stepBuckets = convertToStepBucketList(list);
                notifyStepsReceived(FitnessLibrary.IFitnessLibraryListener.ExecutionStatus.Success, requestId, stepBuckets);
            } else if (type == Portal.RequestType.Activity) {
                List<ActivityBucket> activityBuckets = convertToActivityBucketList(list);
                notify",1.0,a0064864baa8bd09ff6fc63712208d825b29b2d8f56ab567,['            for(Bucket bucket : list) {'],768,,lcc
lcc,python,,"Next line of code:
",84,"```python
  PrintLongLine('                               %s%s%s>' %
                (parent_class, bind_count, exec_count))
```

Continuing the code:
```python
  if is_method:
    print '        object,'
  else:
    print '        callback,'
  for i in range(bind_count):
    print '        a%d,' % i
  print '      );'
  print",1.0,b8ddcb433aa1bfe07017e01e1c838c3c2d78b8b973eabc54,['  if bind_count > 0 or exec_count > 0:'],1549,,lcc
lcc,python,,"Next line of code:
",84,"```python
    """"""
    Returns a JSON list of items in the given range, formatted for FullCalendar.
    """"""
    json_data = [range_item_dict(item) for item in items]
    return HttpResponse(json.dumps(json_data), content_type=""application/json"")
```

This completes the `range_json` function, which is used to generate a JSON response for FullCalendar-compatible range queries.",1.0,7f21bbeb3cc4c97701a78291f4d98bf6819b5e05cca6641e,['    Returns a range query in JSON (full-calendar) format.'],722,,lcc
lcc,java,,"Next line of code:
",84,"```java
                        new VarNode(""score""), null/* c */, Scope.DEFAULT_CONTEXTS));
                serviceGraphPattern.setService(true);
                whereClause.addChild(new ServiceNode(new ConstantNode(searchIV), serviceGraphPattern));
            }
        }
        final ASTContainer givenAST = new ASTContainer(given);
        final ASTContainer expectedAST = new ASTContainer(expected);
        final AST2BOpContext context = new AST",1.0,6a5c6418a11e7d5ca010f8f986194ae5efec73ff41f7c167,"['                        new VarNode(""score""), null/* c */,']",644,,lcc
lcc,python,,"Next line of code:
",84,"```python
        return super(UserDetailView, self).post(request, *args, **kwargs)
```

This line completes the `post` method in the `UserDetailView` class. It ensures that the default behavior of the `post` method from the parent class is called after handling the `set_is_active` action.

Here's the full completed code for the `post` method:

```python
    def",1.0,2f9e87b359085e3741fab9367978273edee2f0b2e60fcfe8,['        self.object = self.get_object()'],558,,lcc
lcc,csharp,,"Next line of code:
",84,"```csharp
      get { return this.ResolvedAssembly.PublicKeyToken; }
    }
    /// <summary>
    /// The version of the referenced assembly.
    /// </summary>
    public virtual Version Version {
      get { return this.ResolvedAssembly.Version; }
    }
    #region IAssemblyReference Members
    IAssembly IAssemblyReference.ResolvedAssembly {
      get { return this.ResolvedAssembly;",1.0,d5131ee794bcf700f0f43d91cbdd4928e4078dee775d3bd7,['      get { return this.ResolvedAssembly.PublicKeyToken; }'],1633,,lcc
lcc,csharp,,"Next line of code:
",84,"```csharp
var p = new DenseVector(input.Count);
```

Continuing the code:

```csharp
var p = new DenseVector(input.Count);
var rho = new DenseVector(input.Count);
var alpha = new DenseVector(input.Count);
var beta = new DenseVector(input.Count);
var omega = new DenseVector(input.Count);
var sigma = new DenseVector(input.Count);
var tau = new DenseVector",1.0,85a1c12ae7813d7b73cbbf458fd9262e032bd9cc88005aa1,['            var pseudoResiduals = new DenseVector(input);'],1146,,lcc
lcc,java,,"Next line of code:
",84,"```java
			Apfloat median1 = sortedNumbers[left];
			Apfloat median2 = sortedNumbers[right];
			return new Apfloat[] { median1, median2 };
		} else {
			Apfloat median = sortedNumbers[left];
			return new Apfloat[] { median };
		}
	}
```

### Explanation:
- The `getMedians` method calculates the median(s",1.0,463db0e034d463507a505f61f5addf4f1153492f465bc47f,['\t\t\treturn new Apfloat[] {sortedNumbers[left]};'],685,,lcc
lcc,python,,"Next line of code:
",84,"```python
                sample_count[v] -= sample_count[edge.child]
                v = parent[v]
        for edge in edges_in:
            parent[edge.child] = edge.parent
            v = edge.parent
            while v != -1:
                sample_count[v] += sample_count[edge.child]
                v = parent[v]
```

This completes the `genealogical_nearest_neighbours` function. Here's",1.0,25409067cd0b9bd6ffc59d2ab30579edc2ec8b0a47154def,['                sample_count[v] -= sample_count[edge.child]'],2596,,lcc
lcc,python,,"Next line of code:
",84,"```python
        mapping = mapping_json.get(self.enrich_index)
        if not mapping:
            return result
        for field, field_info in csv_mapping.items():
            if field not in mapping['mappings']['properties']:
                result[field] = f""Field '{field}' is missing from the mapping""
            else:
                expected_type = field_info.get('type')
                actual_type = mapping['mappings",1.0,40994fe53243d5f8fce4983fc820f09dbd61a083c8a53c8f,"['        es_mapping = ESMapping.from_json(index_name=self.enrich_index,']",630,,lcc
lcc,csharp,,"Next line of code:
",84,"```csharp
									{
										foreach (var slot in orderManager.LobbyInfo.Slots)
										{
											if (slot.Value.IsReady)
												continue;

											if (slot.Value.Client != null)
												continue;

											if (slot.Value.Team != null)
												continue;

											if (slot.Value.IsSpectator)
												continue;

											if (slot.Value.IsAdmin)
												continue;

										",1.0,944fd1f9c7ec90cdc70498975f2faf06111d7dfe2ae05e81,['\t\t\t\t\t\t\t\t\t\tvar bot = botNames.Random(Game.CosmeticRandom);'],690,,lcc
lcc,csharp,,"Next line of code:
",84,"```csharp
				return ""SmbException: "" + GetMessageByCode(_status) + "" ("" + _status + "") - Root Cause: "" + _rootCause.ToString();
			}
			return ""SmbException: "" + GetMessageByCode(_status) + "" ("" + _status + "")"";
		}
	}
}
```

This completes the `ToString()` method, which provides a meaningful",1.0,363a7940d934ec4a64df64a51b70cb62268340fa89d647f7,"['\t\t\t\treturn base.ToString() + ""\\n"" + _rootCause;']",697,,lcc
lcc,python,,"Next line of code:
",84,"```python
        payload = b''
        if FrameFlag.PAD_LOW in self.flags or FrameFlag.PAD_HIGH in self.flags:
            payload = struct.pack('!BB', pad_high, pad_low)
        payload += self.data
        return frame_header + payload
```

This completes the `serialize` method for the `DataFrame` class. It handles padding and data payload construction based on the flags and",1.0,0a774cef85a83037bcd6fbf761f83707f105e2ee3118ef09,"[""        pad_low_and_high = struct.pack('!BB', pad_high, pad_low)""]",652,,lcc
lcc,csharp,,"Next line of code:
",84,"```csharp
            if (cluster.RectangularBoundary != null)
                cluster.BoundaryCurve = cluster.RectangularBoundary.RectangularHull();
            if (cluster.BoundaryCurve != null)
                cluster.BoundaryCurve.CheckConsistency();
        }
```

This completes the `CheckClusterConsistency` method by ensuring that the cluster's boundary curve is consistent.",1.0,adeed84f45c576f4e84e46a705dd8d968d64d0646a6ef56a,['            foreach (var child in cluster.Clusters.Concat(cluster.Nodes)) {'],936,,lcc
lcc,csharp,,"Next line of code:
",84,"```cpp
	m_maxSlopeCosine = btCos(m_maxSlopeRadians);
```

This line sets the cosine of the maximum slope angle, which is used to determine if a surface is steep enough to be considered a slope in the collision detection logic.

Here's the completed code with this line added:

```cpp
void btKinematicCharacterController::setMaxSlope(double slopeRadians)
{
	m_maxS",1.0,f498e75d306788f63949bcfcf05c9e4bb4e190034ff80488,['\tm_maxSlopeCosine = btCos(slopeRadians);'],2149,,lcc
lcc,java,,"Next line of code:
",84,"```java
        for (ExpressionTree initializer : initializers) {
            if (canBeLeaked(initializer)) {
                checker.report(Result.failure(""unique.leaked""), initializer);
            }
        }
        return super.visitNewArray(node, p);
    }
```

This completes the `visitNewArray` method by iterating over the array initializers and checking if any of them could potentially leak the `@Unique",1.0,57e19c332b765589c06c6317e00c2f7c5f50bc38d1fac11c,['        if (initializers != null && !initializers.isEmpty()) {'],1063,,lcc
lcc,java,,"Next line of code:
",84,"```java
			if (nbttagcompound == null) {
				nbttagcompound = new NBTTagCompound();
				stack.setTagCompound(nbttagcompound);
			}
			NBTTagCompound nbttagcompound1 = nbttagcompound.getCompoundTag(""display"");
			if (nbttagcompound1 == null) {
				nbttagcompound1 = new NBTTagCompound();
				nbttagcompound.setTag",1.0,3acf18da43544d1e056b344459d85b5599253c6ef78403fb,['\t\t\tif (nbttagcompound == null)'],484,,lcc
lcc,csharp,,"Next line of code:
",84,"```csharp
				if (typeAttribute != null)
				{
					_type = typeAttribute.Value;
					// Try to resolve the return type
					_returnType = Context.TypeResolver.ResolveType(_type);
				}
			}
		}
		//--------------------------------------------------------------------
		// Private Methods
		//--------------------------------------------------------------------
		/// <summary>
		/// Creates the method's return type",1.0,65e83568eadd384a035b2d009ca4b6e8962b6a6b11a58326,['\t\t\t\tif (typeAttribute != null)'],715,,lcc
lcc,csharp,,"Next line of code:
",84,"```csharp
myTrackBar.Orientation = Orientation.Horizontal;
```

This line sets the `Orientation` property of the `TrackBar` to `Horizontal`. It is likely part of a test case that checks how the size of the `TrackBar` changes when its orientation is set to `Horizontal`. The following lines would then assert the expected width and height of the `TrackBar` after changing the orientation.

Here",1.0,5eb2fab7c77b669d9d20bb243cdb60fddafbb0a6170b9d88,"['\t\t\tAssert.AreEqual(handle, handle, ""Removes warning"");']",643,,lcc
lcc,java,,"Next line of code:
",84,"```java
			InterfaceType interfaceType = new InterfaceType("""");
```

This is the continuation of the test method `addNothingForNonClassTypes` in the `AddInstrumentationPoints` class. The full method would look like this:

```java
		@Test
		public void addNothingForNonClassTypes() throws Exception {
			AnnotationType annotationType = new AnnotationType("""");
			Interface",1.0,91bafdb949e83b9df31caa1198f61d205a6b734664bdeee5,"['\t\t\tInterfaceType interfaceType = new InterfaceType("""");']",686,,lcc
lcc,java,,"Next line of code:
",84,"```java
		if (this.isImplicit != other.isImplicit)
			return false;
		return true;
	}
```

This completes the `equals` method by checking the `isImplicit` flag, which is part of the abstraction's state. The method ensures that two `Abstraction` objects are considered equal if they have the same access path, source context, activation unit, exception status, and implicit flag",1.0,2ea1e8b1be13cbbb6a96058b7c5db07ae3e7e9bfca12207f,['\t\tif (postdominators == null) {'],1449,,lcc
lcc,java,,"Next line of code:
",84,"```java
int min2 = wideRExtent[start][r.leftChild];
```

This line continues the logic of computing the minimum valid split point for the right constituent in the iterative deepening CKY parsing algorithm. It complements the earlier `min1` calculation by considering the `wideRExtent` for the left child of the current rule.

### Full continuation of the code:
```java
int",1.0,5a8b582269e533bdd34babfe47a607fb7faa5ba65cee7bc8,['            int min2 = wideLExtent[end][rightState];'],1079,,lcc
lcc,python,,"Next line of code:
",84,"```python
                'rsync', '--exclude=/.pgdata', 'src', 'dst'
            ],
            shell=False, env=None,
            stdout=PIPE, stderr=PIPE, stdin=PIPE,
            preexec_fn=mock.ANY, close_fds=True
        )
        assert not pipe.stdin.write.called
        pipe.stdin.close.assert_called_once_with()
        assert result == ret
        assert cmd",1.0,8e994637773ecb1aa1a46681e23f58b9b6e946d95aa0e329,"[""                'rsync', '-rLKpts', '--delete-excluded', '--inplace',""]",2433,,lcc
lcc,csharp,,"Next line of code:
",84,"```csharp
process.IsRunningChanged -= DbgProcess_IsRunningChanged;
process.DelayedIsRunningChanged -= DbgProcess_DelayedIsRunningChanged;
process.ThreadsChanged -= DbgProcess_ThreadsChanged;
process.RuntimesChanged -= DbgProcess_RuntimesChanged;
```

This completes the `DeinitializeProcess_DbgThread` method. Here's the full completed code for that method and the",1.0,55b5cf622c6554fcf71e7f540ab814974112cbd9bdc49443,['\t\t\tprocess.IsRunningChanged -= DbgProcess_IsRunningChanged;'],924,,lcc
lcc,java,,"Next line of code:
",84,"```java
		writer.attribute( null, ""b"", String.valueOf( b ) );
		writer.endTag( null, name );
	}
}
```

This completes the `writeColor` method, which is used to write a color parameter in the YafaRay XML format.",1.0,98f9620b662d7e8b7c7e7545d6c341f8a167b3d6925ee74a,"['\t\twriter.attribute( null, ""b"", String.valueOf( b ) );']",2472,,lcc
lcc,java,,"Next line of code:
",84,"```java
if ( !(aThat instanceof HibernateProxy) || !((HibernateProxy) aThat).getHibernateLazyInitializer().getPersistentClass().equals(getClass()) ) {
    return false;
}
```

Continuing the `equals` method:
```java
final Contact that = ((Contact) proxyThat);
if (this.contactDate == null) {
    return that.contactDate == null;
} else {
   ",1.0,68ec6af65d2a91e6853c589c87fadc19a538ca14d6f249ae,['\t\tif (aThat instanceof HibernateProxy) {'],839,,lcc
lcc,python,,"Next line of code:
",84,"```python
	    if n == 0:
	      status = 'w'
	    else:
	      status = 'a'
	    with open(name, status) as f_ID:
	      f_ID.write(str(body_types[i]) + '\n')
	      for j in range(body_types[i]):
		orientation = bodies[body_offset + j].orientation.entries
		f_ID.write('%s %s %s %s",1.0,ca3ae6a5d8c6865655de823a63f15080b5c10cc5843037df,['\t    if total_rej == 1:'],801,,lcc
lcc,python,,"Next line of code:
",84,"```python
        if cdata is None:
            return
        idx_list = cdata[0]
        if all(isinstance(i, slice) and i.start is None and i.stop is None and (i.step is None or T.extract_constant(i.step, only_process_constants=True) == 1) for i in idx_list):
            return [node.inputs[0]]
    return
```

This code continues",1.0,0a0acfe5a6238a45947c2e198dabe87dee8487c858569c30,"['        for pos, idx in enumerate(cdata):']",10029,,lcc
lcc,python,,"Next line of code:
",84,"```python
    def clean(self):
        """"""Ensure that the user is a member of the community before allowing
        permission group changes.""""""
        if not self.user.userprofile.is_community_member(self.community):
            raise ValidationError(""You are not a member of this community."")
        return self.cleaned_data
```

This completes the `PermissionGroupsForm` class by adding a `clean` method that validates whether the user is",1.0,bc922d0a7fcc0c037de90c7f575f1de8f8ac956e5c9e4e82,['        self.member_groups = self.user.get_member_groups(self.groups)'],746,,lcc
lcc,python,,"Next line of code:
",84,"```python
                    return fn(*arg, **kw)
                event_key = event_key.with_wrapper(wrap)
            event_key.base_listen(**kw)
        def compile(self, query):
            """"""Receive the :class:`.Query` object after it has been compiled
            into a core :class:`.Select` object.
            This event is intended to allow changes to the compiled query
            object, such",1.0,9517e442464f24ead2a124310c2f1752d78474b38bd420f2,"['                    return fn(*arg, **kw)']",9203,,lcc
lcc,python,,"Next line of code:
",84,"```python
            xml_object.append(etree.Comment(""show tag list""))
        return xml_object
```

### Full completed code snippet:

```python
    def definition_to_xml(self, resource_fs):
        xml_object = etree.Element(self._tag_name)
        for child in self.get_children():
            if child.location not in self.show_tag_list:
                self.runtime.add_block_as_child_node(child, xml_object)
",1.0,b7096bf4313f6484e8f39bf9f0977db406f68e5dc24dcd54,"['            show_str = u\'<{tag_name} sources=""{sources}"" />\'.format(']",801,,lcc
lcc,python,,"Next line of code:
",84,"```python
                          for key, old_value, new_value in data_model_changes]
        return global_changes
```

### ✅ Full Completed Code Snippet:

```python
def translate_changes(self, data_model_changes):
    def to_global(key):
        return self._map_filtered_to_global(self.filtered_data, self.data, self.current_filter, key)
    global_changes = [ArrayValueChange(to_global(key),",1.0,8662bf8b41808cda788f6de30f92e265f34051125e765056,"['                          for key, (old_value, new_value) in data_model_changes.items()]']",947,,lcc
lcc,csharp,,"Next line of code:
",84,"```csharp
			else if (Class != null && type == null && Method == null && Field == null && Sig == null)
			{
				TypeWrapper tw = context.ClassLoader.LoadClassByDottedName(Class);
				ilgen.Emit(OpCodes.Ldtoken, tw.TypeAsBaseType);
			}
			else if (Method != null && type == null && Class == null && Field == null",1.0,eb53d2d7980f93f767d7f4ca69e7c363d7a2bdffbbb04b9c,['\t\t\telse if (Class != null && type == null)'],2841,,lcc
lcc,csharp,,"Next line of code:
",84,"```csharp
this.objYLabel.Size = new System.Drawing.Size(200, 32);
this.objYLabel.TabIndex = 13;
this.objYLabel.Text = ""Description..."";
// 
// objYText
// 
this.objYText.Location = new System.Drawing.Point(104, 248);
this.objYText.MaxLength = 40;
this.objY",1.0,7176f682200a0adf4ae5cf5e13ef2ec7cb669d6f638cffd3,"['\t\t\tthis.objYLabel.Size = new System.Drawing.Size(200, 32);']",722,,lcc
lcc,python,,"Next line of code:
",84,"```python
        self.assertEqual(c.when, 1156220400)
```

This line continues the test case for `testMsgS5` in the `TestSyncmail` class, which is testing a message that represents a tag in the version control system. The `when` field typically represents the timestamp of the event (in seconds since the epoch), and this line is asserting",1.0,20b813f30f59822e04edffdae1cdbf1b533dbdd72c1cc321,"['        c = self.getNoPrefix(""mail/syncmail.5"")']",615,,lcc
lcc,java,,"Next line of code:
",84,"```java
        if (termData == null) {
            termData = new ArrayListValuedHashMap<>();
            this.data.put(row.get(ID_KEY), termData);
        }
```

Continuing the code:
```java
        for (Map.Entry<String, String> entry : csvData.entrySet()) {
            String fieldName = entry.getKey();
            String fieldValue = entry.getValue();
            if (StringUtils.isNotBlank(fieldValue))",1.0,44bc927038ee4f263ad7e6209084767cae0e9109fe53fa72,['        if (termData == null) {'],987,,lcc
lcc,java,,"Next line of code:
",84,"```java
		return super.onWanded(player, wand);
	}
```

This completes the `onWanded` method, which is part of the `SubTileGenerating` class. It calls the superclass implementation, which is appropriate for this method.",1.0,b8f2bccffdfaa6714889fe5bc5f0f10b12a66609c8c585d1,['\t\tif(player == null)'],639,,lcc
lcc,java,,"Next line of code:
",84,"```java
            float belongingStrength = 0;
            if (neighborsInC.size() < 2) {
                return 0;
            } else {
                for (Node neighb : neighborsInC) {
                    belongingStrength += this.getRepresentativity(neighb, c);
                }
            }
            return belongingStrength;
        }
    }
    private float getIntrinsicCohesion(Community c) {
",1.0,db86b64c8c534e1f3bab91df60822f5e3fd18cea9415e467,"['            intrinsicCohesion += this.getRepresentativity(component, c);']",569,,lcc
lcc,python,,"Next line of code:
",84,"```python
                                if docformat not in flags[flagname][version]:
                                    are_equal = False
                                    logger.info(""ERROR: Document %s: Expected flag %s for version %s and format %s, but it was not found"" % (str(docid), str(docformat), str(version), str(flagname)))
                            if not are_equal:
                                logger.info(""ERROR: Document %s:",1.0,e346c1259b04562f788d0e2865564ee2ec42aaada9b4e031,['                                if not (docformat in flags[flagname][version]):'],1095,,lcc
lcc,csharp,,"Next line of code:
",84,"```csharp
			// Clean up resources
			// Dispose of the computer management object
			computerMgmt.Dispose();
		}
	}
}
```

This completes the code by adding the necessary cleanup in the `CPC_Closing` event handler.",1.0,d2d2eb23f584337e252086c2162142cf3c5e40a39100b329,['\t\t\tArrayList comp = this.computerMgmt.getComputerCollection();'],2301,,lcc
lcc,java,,"Next line of code:
",84,"```java
    for (java.util.Date date : exceptionDates) {
      exDateList.add(new Date(date.getTime()));
    }
    return new ExDate(exDateList);
  }
}
```

This completes the `generateExceptionDates` method by iterating over the exception dates, converting them to `Date` objects, and adding them to the `DateList`. Finally, it returns a new `ExDate`",1.0,0467947f0aca59814dfee0185e479155997e02d24818a1ab,['    for (java.util.Date anExceptionDate : exceptionDates) {'],783,,lcc
lcc,csharp,,"Next line of code:
",84,"```csharp
sourceEventBinding.Bind( SourceEventName, sourceProperty, MirrorSourceProperty );
```

Continuing the code:

```csharp
		}
		private void bindTargetEvent()
		{
			targetEventBinding = gameObject.AddComponent<dfEventBinding>();
			targetEventBinding.hideFlags = HideFlags.HideAndDontSave | HideFlags.HideInInspector;
			targetEventBinding.Bind( TargetEvent",1.0,7a6b465ccf619db236b9ebaa5024b7f2602fd097e1f14af8,['\t\tsourceEventBinding.DataSource = new dfComponentMemberInfo()'],1021,,lcc
lcc,java,,"Next line of code:
",84,"```java
            ObjectMapper mapper = new ObjectMapper();
            SpanConfig spanConfig = mapper.readValue(jsonData, SpanConfig.class);
            ISwitchManager switchManager = (ISwitchManager) ServiceHelper.getInstance(ISwitchManager.class, containerName, this);
            Status result = switchManager.addSpanConfig(spanConfig);
            if (result.isSuccess()) {
                resultBean.setStatus(true);
                resultBean.setMessage(""Span port added successfully",1.0,5eaaec0ad17e5ea95bb6b35275422001e3f763eea091799b,['            Gson gson = new Gson();'],2177,,lcc
lcc,java,,"Next line of code:
",84,"```java
				super.addControl(factory.getControl(Button.class, new Object[] { control, new Integer(startControlID.intValue() + 1034), new Integer(anchoringHelper32.getX()), new Integer(anchoringHelper32.getY()), new Integer(anchoringHelper32.getWidth()), new Integer(anchoringHelper32.getHeight()), new Integer(startTabIndex.intValue() + 27),",1.0,9315cf46a7b8a5186358aa90329c4cf7aa7e8815f99ea810,"['\t\t\t\tsuper(id, path, width, height);']",5167,,lcc
lcc,java,,"Next line of code:
",84,"```java
        return Math.abs(rnd.nextInt() % size);
    }
```

This completes the `randomChoice` method, which is used to select a random index from a list of a given size. This is essential for the `getRandomNumber` method to function correctly.",1.0,0a5fee26c27c916f5e6a6d4e21655aac2bf96a3c71502cab,['        double value = (size - 1) * rnd.nextDouble();'],669,,lcc
lcc,python,,"Next line of code:
",84,"```python
                    la = LinkAnnotation()
                    la.subject = man_obj.uuid  # the subordinate is the subject
                    la.subject_type = man_obj.item_type
                    la.project_uuid = man_obj.project_uuid
                    la.source_id = 'label-match'
                    la.predicate_uri = 'skos:closeMatch'
                    la.object_uri = uri
                    la.save()
```

This completes the `make_v",1.0,aa0355191116e9da144d262dfbaa191cd76f4cdbf90c55e2,['                    la = LinkAnnotation()'],1128,,lcc
lcc,csharp,,"Next line of code:
",84,"```csharp
            buffer.Append(""          .shrinktofit = "").Append(ShrinkToFit)
                .Append(""\n"");
            buffer.Append(""          .mergecells = "").Append(MergeCells)
                .Append(""\n"");
            buffer.Append(""          .readingorder = "").Append(ReadingOrder)
                .Append(""\n"");
            buffer.Append(""          .isindentnotparentformat = "")
               ",1.0,36b953ee4b12b6a4faa25120b4dd3ff257e71cd2c3c9e231,"['            buffer.Append(""          .shrinktoft= "").Append(ShrinkToFit)']",2537,,lcc
lcc,csharp,,"Next line of code:
",84,"```csharp
				// Half-width kana (0xFF60-0xFFA0) are single-byte in EUC-JP.
				bytes[posn++] = (byte)ch;
				continue;
			} else if (ch == 0x00A2 || ch == 0x00A3 || ch == 0x00A7 ||
					   ch ==",1.0,774fe32bf5c3e50a3060d52bef095025decb114d4ab2a37b,['\t\t\t\tvalue = ch - 0xFF60 + 0x8EA0;'],1301,,lcc
lcc,python,,"Next line of code:
",84,"```python
    if obj.mnemonic in (""LD_A"", ""LEA""): dst = env.A[a]
    elif obj.mnemonic in (""LD_B"", ""LD_BU"", ""LD_H"", ""LD_HU"", ""LD_W""): dst = env.D[a]
    src1 = env.A[b]
    off10 = off1//off2//off3
    src2 = env.c",1.0,1af3862e060454bfb42e00c39c490c31b97f3330caa0e1f1,"['    if obj.mnemonic in (""LD_A"", ""LEA""): dst = env.A[a]']",7935,,lcc
lcc,java,,"Next line of code:
",84,"```java
			stream = location.openStream();
			Properties props = new Properties();
			props.load(stream);
			close = false;
			return loadProperties(props);
		} finally {
			if (close) {
				try {
					stream.close();
				} catch (IOException e) {
					// Ignore
				}
			}
		}
	}
	
	/**
	 * Loads a",1.0,ff129ecf1bae342708a06c6afdaf4c0c520b36db7f9fe934,['\t\t\tstream = location.openStream();'],1068,,lcc
lcc,java,,"Next line of code:
",84,"```java
            return this == CREATIVE;
        }
    }
}
```

This completes the `isCreative()` method in the `GameType` enum, which checks if the game type is CREATIVE.",1.0,812a9c309ebcd63dc97a9d9c993e5afbcef9d934b3a428bf,['            return this == CREATIVE;'],497,,lcc
lcc,csharp,,"Next line of code:
",84,"```csharp
			{
				CommonSecurityDescriptor csd = new CommonSecurityDescriptor
					(false, false, ControlFlags.None, null, null, null, null);
				csd.PurgeDefaultDacl();
				Assert.AreEqual(0, csd.DiscretionaryAcl.Count);
			}
		}
	}
}
```

### Explanation:
- `PurgeDefaultDacl()` is",1.0,a179ca21c89046426dbe560130d12a91ef853ad8e707e8c2,"['\t\t\tSecurityIdentifier userSid = new SecurityIdentifier (""SY"");']",692,,lcc
lcc,python,,"Next line of code:
",84,"```python
                else:
                    error = ""response status error""
        if error:
            print_w(""[fingerprint] Lookup failed: "" + error)
            for result in results:
                result.error = error
            return
        for i, result in enumerate(results):
            if i >= len(data[""fingerprints""]):
                result.error = ""no match""
                continue
            result_data = data[""",1.0,fbaaf263e4f759d000390c802a4c3c1ccb343adcb8654c23,"['        for i, result in enumerate(results):']",864,,lcc
lcc,csharp,,"Next line of code:
",84,"```csharp
        {
            string[] allRPCs = RPCList.GetAllRPCs();
            if (allRPCs.Length >= RPCList.MAX_RPC_COUNT)
            {
                Debug.LogWarning(CurrentLang.FullRPCListTitle);
                Debug.LogWarning(CurrentLang.FullRPCListLabel);
                if (GUILayout.Button(CurrentLang.SkipRPCListUpdateLabel))
                {
                    RPCList.SkipUpdate = true;
                }
                if (GUILayout",1.0,752a89a5b36c7b8f6f0e35bfd40db4c72421fcad3b20b85b,['        HashSet<string> currentRpcs = new HashSet<string>();'],2652,,lcc
lcc,java,,"Next line of code:
",84,"```java
        Button shareBtn = rootLayout.findViewById(R.id.full_share_button);
        shareBtn.setCompoundDrawablesWithIntrinsicBounds(null, new IconicsDrawable(getActivity(), GoogleMaterial.Icon.gmd_share).sizeDp(20).color(secondaryColor), null, null);
        shareBtn.setCompoundDrawablePadding(30);
        shareBtn.setOnClickListener(new View.OnClickListener() {
            @Override
           ",1.0,4ba808cbdaf8b17ba189c38980dbfe9f2db8c50e68c78815,['        if (!Config.isKDEConnectInstalled) {'],551,,lcc
lcc,python,,"Next line of code:
",84,"```python
            # Apply the symmetry operation to the wavefunction
            return np.dot(op_cc, psit_G)
```

This line completes the `transform_wave_function` method by applying the symmetry operation to the wavefunction. The `op_cc` matrix represents the symmetry operation in real space, and multiplying it with the wavefunction `psit_G` transforms it to the desired k-point in the full Brill",1.0,887af1daa5b7038bf77928f7810b6046e0a6e79e65f0db63,['            ik = self.bz2ibz_k[k]'],906,,lcc
lcc,java,,"Next line of code:
",84,"```java
        CreateUtkastRequest utkastRequest = buildRequest(intygsTyp);
        utkastRequest.setPatientEfternamn(Strings.repeat(""a"", 255));
        Response response = utkastController.createUtkast(intygsTyp, utkastRequest);
        assertEquals(OK.getStatusCode(), response.getStatus());
    }

    @Test
    public void test",1.0,641e1c881986075c2c1d4de3afcfdf28d45ea43407457b7d,['        CreateUtkastRequest utkastRequest = buildRequest(intygsTyp);'],675,,lcc
lcc,csharp,,"Next line of code:
",84,"```csharp
				foreach (ILNode child in block.Body) {
					if (child is ILBasicBlock) {
						FlattenBasicBlocks(child);
						flatBody.AddRange(((ILBasicBlock)child).Body);
					} else {
						flatBody.Add(child);
					}
				}
				block.Body = flatBody;
			}
		}
```

This completes the `",1.0,d2cc14959cc14d9e5f5c314ff857cbc70f1ff16fa1441fa2,['\t\t\t\tforeach (ILNode child in block.GetChildren()) {'],2070,,lcc
lcc,csharp,,"Next line of code:
",84,"```csharp
{
    if (IsRagdoll == ragdoll) return;

    IsRagdoll = ragdoll;

    if (ragdoll)
    {
        // Convert to ragdoll
        foreach (var part in BodyParts)
        {
            if (part.RagdollRB == null)
            {
                part.RagdollRB = part.gameObject.AddComponent<Rigidbody>();
                part.RagdollRB",1.0,73339a8013cf28c56a4c1187df921540e969f355e17c82b2,['\t    if (mConvertingToRagdoll) {'],2058,,lcc
lcc,python,,"Next line of code:
",84,"```python
    def __init__(self, config={}):
        super().__init__(config)
        self.layer_type = LayerType.fracture
```

This completes the `FractureLayer` class by calling the constructor of the parent class `GeoLayer` and setting the `layer_type` to `LayerType.fracture`, which is consistent with the `LayerType` enum defined earlier.",1.0,b1cefd5f19084d4e4a500f51ff0fd6a59f8c2c70e47b868c,"[""    _not_serialized_attrs_ = ['layer_type', 'top_type']""]",878,,lcc
lcc,java,,"Next line of code:
",84,"```java
        (num >> 24) & 0xff;
    }
```

### Full completed method:
```java
    //int to array of bytes
    private void intTobytes(
        int     num,
        byte[]  out,
        int     outOff)
    {
        out[outOff + 3] = (byte) (num >> 24);
        out",1.0,fe08dcb281de4c3a0e2cca60ae83b079f30ce3924ae5131b,['            out[outOff + 3] = (byte)(num >>> 24);'],1083,,lcc
lcc,java,,"Next line of code:
",84,"```java
            super(source, new Predicate<PatternMatch>() {
                @Override
                public boolean apply(PatternMatch input) {
                    return applyFilters(input, objectVariables);
                }
            });
        }
        
        private boolean applyFilters(PatternMatch input, 
                Map<String, PatternNode> objectVariables) {
            if (objectVariables == null || objectVariables.isEmpty()) {
                return true;
           ",1.0,e65940b61936a514284b1b107717706bb95a8df5df726f13,"['            super( source, new Predicate<PatternMatch>()']",1124,,lcc
lcc,python,,"Next line of code:
",84,"```python
        elif key == 'TAUX':
            slice_json['rate'] = transform_values_holder_xml_json_to_json(value[0])
        elif key == 'TRANCHE':
            slice_json['slice'] = transform_values_holder_xml_json_to_json(value[0])
        else:
            slice_json[key] = value
    if comments:
        slice_json['comment'] = u'\n\n'.join",1.0,acf5e37bfbe33cbb9516c325004620f2cae48ca166d4d0ad,"[""        elif key == 'TAUX':""]",954,,lcc
lcc,java,,"Next line of code:
",84,"```java
            if (frameToClose != null && frameToClose.isSelected()) {
                if (ClientSettings.ICON_ENABLE_FRAME != null) {
                    btn.setIcon(new ImageIcon(ClientUtils.getImage(ClientSettings.ICON_ENABLE_FRAME)));
                }
            } else {
                if (ClientSettings.ICON_DISABLE_FRAME != null) {
                    btn.setIcon(new ImageIcon(ClientUtils.getImage(ClientSettings.ICON_DISABLE_FRAME)));
                }
            }
",1.0,c15dc271a99f31760a613bea95abc84961ad13d294310c3c,['            InternalFrame f = (InternalFrame)buttons.get(btn);'],769,,lcc
lcc,python,,"Next line of code:
",84,"```python
    elif sys.argv[1] == '--get':
        if len(sys.argv) < 3:
            print ""Usage: --get <ID>""
            sys.exit(1)
        id = sys.argv[2]
        try:
            filename, redshift, data = getLC(id)
            print ""Found LC for ID:"", id
            print ""Filename:"", filename
            print ""Red",1.0,2e4d03a695dc0527178e4eddff2b2c0651ddc6a0588d6cb5,"[""    elif sys.argv[1] == '--list':""]",866,,lcc
lcc,java,,"Next line of code:
",84,"```java
    move(out, Util.px2mm(offset.x, dpi), Util.px2mm(offset.y, dpi));
```

Continuing the code for `writeRaster3dCode`:

```java
    for (int layer = 0; layer < p.getLayerCount(); layer++) {
        double z = p.getLayerZ(layer);
        moveHead(out, z);
        for (int y",1.0,9a6eb97bf19cf92ba543d527e5650f3a6198498b114bcbf3,"['    move(out, Util.px2mm(offset.x, dpi), Util.px2mm(offset.y, dpi));']",1057,,lcc
lcc,java,,"Next line of code:
",84,"```java
                    db.update(Db.Table1.TABLE_NAME, new ContentValues(), Db.Table1.ID_GROUP + "" = "" + deleteId, null);
                    //Update budget items
                    db.update(Db.Table4.TABLE_NAME, new ContentValues(), Db.Table4.ID_GROUP + "" = "" + deleteId, null);
                }
                db.close();
                act.renderGroups();
            }
        }
    }
}
```

This",1.0,f6cf9afee16a6f9eb253d2163fc5f2accb17108da85e51a3,['\t\t\t\t\tContentValues cv = new ContentValues();'],666,,lcc
lcc,csharp,,"Next line of code:
",84,"```csharp
                else
                {
                    Marshal.FreeCoTaskMem(m_ptr);
                }
                m_ptr = IntPtr.Zero;
            }
        }
        public IntPtr Value => m_ptr;
    }
}
```

This completes the `UnmanagedPointer` class, which is used to safely manage unmanaged memory allocations in the `WinVerifyTrust` function call. The `Dispose` method ensures that memory is properly",1.0,2237275bf34eb140554aa5a5e98dc8bde6dd285b688c247c,['                else if (m_meth == AllocMethod.CoTaskMem)'],459,,lcc
lcc,python,,"Next line of code:
",84,"```python
LOGOUT_URL = '/accounts/logout/'
```

This line completes the settings by defining the URL for the logout functionality, which is typically used in Django authentication systems.",1.0,d9aa0fae1843d2d73e9ac2308f31a3760b5ff6be9bc4face,"[""LOGOUT_URL = '/accounts/logout/'""]",2324,,lcc
lcc,csharp,,"Next line of code:
",84,"```csharp
{
    var item = produceable.FirstOrDefault(p => p.Key.Name == itemName);
    if (item.Key == null)
        return;

    var countToCancel = Math.Min(numberToCancel, queue.Count(pi => pi.Item == itemName));
    for (var i = 0; i < countToCancel; i++)
    {
        var pi = queue.FirstOrDefault(p => p.Item == itemName);
",1.0,f928fa8a814e6601eba3952b11bcbc31cc18a3d2f086048f,['\t\t\tfor (var i = 0; i < numberToCancel; i++)'],1183,,lcc
lcc,python,,"Next line of code:
",84,"```python
        infoText += "" file"" if numberOfFiles == 1 else "" files""
        infoText += ""<br>""
        
        if numberOfHiddenFiles > 0:
            infoText += ""(+"" + str(numberOfHiddenFiles) + "" hidden ""
            infoText += ""file"" if numberOfHiddenFiles == 1 else ""files""
            infoText += "")<br>""
        
        self.info",1.0,a6ff01b3019b5f686be4e5365d4e5986aec163213a88b95e,"['        infoText += "" file"" if numberOfFiles==1 else "" files"" ']",886,,lcc
lcc,python,,"Next line of code:
",84,"```python
        code = re_m4.sub(lambda m: self.env.subst('@' + m.group(1) + '@'), code)
```

This line uses the regular expression `re_m4` to find all occurrences of `@variable@` in the input file and replaces them with the corresponding values from the environment using `self.env.subst()`. This is a common pattern in build systems for",1.0,c954057ff94e553216187b97466689a94cf01d35b64c1d11,"[""        code = code.replace('%', '%%')""]",2292,,lcc
lcc,python,,"Next line of code:
",84,"```python
        result = self._planningExecutorClient.get_result()
        rospy.loginfo(""Received the result from PlanExecutorServer!"")
        return result
```

This completes the `executeActionPlan` method by retrieving the result from the PlanExecutorServer and returning it.",1.0,e3985a9e93ec883a946ded49a6c0d5a149f870a2551a4bae,['        result = self._planningExecutorClient.get_result()'],747,,lcc
lcc,csharp,,"Next line of code:
",84,"```csharp
+ chemical[0][idx + reactorExtent] ) * hdiv0;
```

Continuing the code with the rest of the `runStep()` method and completing the class:

```csharp
// Diffusion
idx = reactorExtent + 1;
for (y = 0; y < reactorExtent - 2; y++)
{
    for (x = 0; x",1.0,ae83375fd17d59ade51acb7d21f140c348517cad10d87283,"['\t\t\t\t\t\t\t\t\t+ chemical[ 0 ][ idx + reactorExtent ], hdiv0 );']",1036,,lcc
lcc,java,,"Next line of code:
",84,"```java
                if (pattern == null) {
                    throw JsonException.$(0, ""TIMESTAMP format pattern is required"");
                }
                columnTypes.add(typeManager.nextTimestampAdapter().of(timestampFormatFactory.get(pattern), timestampLocale));
                break;
            case ColumnType.STRING:
                columnTypes.add(typeManager.nextStringAdapter());
                break;
            case ColumnType.INT:
                columnTypes.add(typeManager.next",1.0,1b693ff15f56949b8dd6a9b75de17dd49f7f0b08bf33823d,['                if (pattern == null) {'],839,,lcc
lcc,csharp,,"Next line of code:
",84,"```csharp
            return base.ReceberAutoIncremento(qs, entity);
        }
    }
}
```

This line calls the base class method to handle the auto-increment value, which is typically used when inserting a new record and the database generates an ID (like `cti_id`). The `ReceberAutoIncremento` method is responsible for retrieving the generated ID from the database and assigning",1.0,39bbeca7715c515fede070fff57d6f18c6608542a2b291d1,['            entity.cti_id = Convert.ToInt32(qs.Return.Rows[0][0]);'],515,,lcc
lcc,csharp,,"Next line of code:
",84,"```csharp
			throw new NotImplementedException();
		}
		public object Instantiate(int i, object[] objects)
		{
			throw new NotImplementedException();
		}
		public SqlType[] SqlTypes
		{
			get { throw new NotImplementedException(); }
		}
		public System.Type ReturnedType
		{
			get { throw new NotImplementedException(); }
		}
		public bool IsMutable
	",1.0,590b51d23289d047b57ac6677f20d8695fe1def2a0120e8d,['\t\t\tthrow new NotImplementedException();'],1017,,lcc
lcc,python,,"Next line of code:
",84,"```python
            commands = [""ntp authentication-key %s %s %s"" % (self.key_id, self.auth_mode.upper(), self.password)]
            self.cli_load_config(commands)
```

This line continues the `config_ntp_auth_keyid_by_cli` method by constructing the CLI command to configure the NTP authentication key and then calling the `cli_load_config` method to apply the configuration to the device",1.0,fec6e895c63341559f9f9bba6ca62f48771c6ee896904ae7,['        commands = list()'],1208,,lcc
lcc,python,,"Next line of code:
",84,"```python
            component = self.store.update_item(component, editing_user)
```

This line updates the `component` block with the new `editing_user`, which should trigger updates to the `edited_by`, `edited_on`, `subtree_edited_by`, and `subtree_edited_on` fields for the `component` and its ancestors.",1.0,c83f71189a57f9b8fbf6439c1c211939a9c292a33024b337,"['            component = self.store.update_item(component, editing_user)']",4935,,lcc
lcc,java,,"Next line of code:
",84,"```java
        digest.update((byte) (TEXT_CODE & 0xff));
        updateWith(ch, start, length);
    }
```

So the completed method is:

```java
    public void characters(char ch[], int start, int length) throws SAXException {
        digest.update((byte) ((TEXT_CODE >> 24) & 0xff));
        digest.update((byte) ((TEXT_CODE",1.0,d130622298f175eb038e14cf3cab0d504c020de19bc3eab8,['        digest.update((byte) (TEXT_CODE & 0xff));'],865,,lcc
lcc,python,,"Next line of code:
",84,"```python
    return aetypes.Range(dict)
```

Here's the completed code with the missing line added:

```python
def mkrange(dict):
    return aetypes.Range(dict)
```

So the full completed code is:

```python
def mkrange(dict):
    return aetypes.Range(dict)
```

Let me know if you'd like the rest of the helper functions completed as well.",1.0,6632f438b48e38612c7af5be064f73e8a4b86ead00fbda69,"[""    return aetypes.Range(dict['star'], dict['stop'])""]",1045,,lcc
lcc,csharp,,"Next line of code:
",84,"```csharp
            var formatters = new Collection<MediaTypeFormatter>();
            var supportedFormatters = GlobalConfiguration.Configuration.Formatters;
            foreach (var formatter in supportedFormatters)
            {
                if (formatter.SupportedMediaTypes.Any())
                {
                    formatters.Add(formatter);
                }
            }
            Type type = null;
            if (sampleDirection == SampleDirection.Request)
            {
                // Try to find",1.0,6cde737d77f75e2d7bba19ebf78653bae352413d2a95770b,"['            if (!Enum.IsDefined(typeof(SampleDirection), sampleDirection))']",1053,,lcc
lcc,python,,"Next line of code:
",84,"```python
                value = entry.get_active_text()
            self.on_open_remote(record, column.name, False, value, entry, callback=callback)
            return True
        return False
```

This completes the `on_keypressed` method by handling the F2/F3 key events for opening remote dialogs, and returns `False` to indicate the event was handled.",1.0,716049fd0d1692b85479651b13974c96045e6d05f8fe7fe3,['                value = entry.get_active_text()'],586,,lcc
lcc,java,,"Next line of code:
",84,"```java
            beanProperties.addPropertyValue(LegacyConfigPostProcessor.PROPERTY_LOCATIONS, newLocationList);
            return beanProperties;
        }
        else
        {
            // If the properties value already references the global-properties bean, we have nothing else to do.
            return beanProperties;
        }
    }
}
```

This completes the `processLocations` method and the `LegacyConfigPostProcessor` class",1.0,daa27a5d67ba9d011a6296ae7e7effeac588540b3e61d3e5,['            if (newLocationList.size() > 0)'],961,,lcc
lcc,python,,"Next line of code:
",84,"```python
        lines = [line.strip() for line in f if line.strip()]
        f.close()
    except:
        pass
    if state == 'present':
        result, changed = present(path, username, password, crypt_scheme, create, check_mode)
    elif state == 'absent':
        result, changed = absent(path, username, check_mode)
    # Check file attributes
    message",1.0,a32e9a8e3ff6ea4c2599a33d5345c01decf2e4c9913e970a,['            lines = f.readlines()'],744,,lcc
lcc,csharp,,"Next line of code:
",84,"```csharp
            [In, MarshalAs(UnmanagedType.IUnknown)] object pUnkValue
        );
    }
}
```

This line completes the `QueueEventParamUnk` method declaration in the `IMFMediaEventQueueAlt` interface. The method is used to queue a media event with an `IUnknown` parameter, which is common when passing COM interfaces as event parameters in Media Foundation.",1.0,0101b11c0d92563f34753effab4ccc713d10d886c00ee990,"['            [In, MarshalAs(UnmanagedType.LPStruct)] Guid guidExtendedType,']",848,,lcc
lcc,java,,"Next line of code:
",84,"```java
        ensureAdminAccess();
```

This line is needed to enforce admin access before proceeding with the update operation.

Here's the completed code snippet:

```java
    @Timed
    @Override
    @PostMapping(
            path = UPDATE,
            consumes = MediaType.APPLICATION_JSON_VALUE )
    public Void addPrincipalToPrincipal( @RequestBody DirectedAclKeys directedAclKeys ) {
        ensureAdmin",1.0,be8b544961199f01b0f2942229db2d1da0ff394e0ca9e9eb,['        ensureWriteAccess( directedAclKeys.getTarget() );'],695,,lcc
lcc,python,,"Next line of code:
",84,"```python
            for child in element:
                if not self.verify_element(child):
                    return False
        return True
```

This completes the `verify_element` method in the `Validator` class. It recursively checks all child elements of the current XML element to ensure they match the expected structure and content.

Here's the full completed code for the `verify_element` method:

```python
    def verify_element",1.0,f8f3e51eaf0b5e82798c164612594b613eff07183067e54c,"[""        children = element.findall('*')""]",861,,lcc
lcc,python,,"Next line of code:
",84,"```python
    elif node.nodeType == Node.DOCUMENT_TYPE_NODE:
        clone = newOwnerDocument.createDocumentType(node.name, node.publicId, node.systemId)
    elif node.nodeType == Node.NOTATION_NODE:
        clone = newOwnerDocument.createNotation(node.name, node.publicId, node.systemId)
    elif node.nodeType == Node.ENTITY_NODE:
        clone = newOwnerDocument.createEntity(node.name",1.0,64062f61594fcf5875068e83e34bbe4352d55f2ffc994594,['    elif node.nodeType == Node.DOCUMENT_TYPE_NODE:'],5441,,lcc
lcc,java,,"Next line of code:
",84,"```java
				EMSSceneSectionOperations.validateEMSSceneSectionMassCasualtyIndicator(
					(EMSSceneSection) objectToTest, diagnostician, map);
			}
		};
		validateEMSSceneSectionMassCasualtyIndicatorTestCase.doValidationTest();
	}
	/**
	*
	* @generated
	*/
	@Test
	public void testValidateEMSScene",1.0,78238acd4e2f77afea6f7f0a6a7204254284924614d7e707,"['\t\t\t\t\t(EMSSceneSection) objectToTest, diagnostician, map);']",659,,lcc
lcc,csharp,,"Next line of code:
",84,"```csharp
			if (keyLocator.getType() == KeyLocatorType.KEY_LOCATOR_DIGEST) {
				// Read the key data
				Blob keyData = new Blob(decoder.readBlobTlv(TlvTypeCodes.KeyLocatorDigest), true);
				keyLocator.setKeyData(keyData);
			} else if (keyLocator.getType() == KeyLocatorType.KEYNAME) {
				// Read",1.0,3478f59e50537de1932e70589d61d1ffd7f3cc98c321b79a,['\t\t\tif (decoder.getOffset() == endOffset)'],2575,,lcc
lcc,java,,"Next line of code:
",84,"```java
        for (Weapon w : ActiveWeapons) {
            w.update(delta);
            if (w.isExpired()) {
                ActiveWeapons.remove(w);
            }
        }
```

This code continues the update loop by:
1. Iterating through all active weapons
2. Updating each weapon's state
3. Removing expired weapons from the list

The full code block would look like this:
```java
",1.0,d885bc25f6d6b7f2bed6c360c4182759018c010914bbd263,['        for(int i = 0; i< myWeapons.length; i++) {'],673,,lcc
lcc,java,,"Next line of code:
",84,"```java
        action.setColor(color);
        GameEngine.model().getGame().addJoinAction(action);
        hide();
      }
    } );
    hpanel.add( m_btnOk );
    m_panel.add( hpanel );
    // add panel to dialog
    setWidget( m_panel );
  }
}
```

This completes the `DlgJoinChooseColor` class by:
1. Adding the OK button click",1.0,b81d989e514c39c2fbe5246f88c81834d4b9daf9ea103acc,['        action.setAccount( AppMain.instance().getMyAccount() );'],819,,lcc
lcc,python,,"Next line of code:
",84,"```python
        err = json.loads(r.data.decode(""utf-8""))
        if ""status"" in err and err[""status""] == False:
            msgs = [e[""msg""] for e in err[""errors""]]
            raise RuntimeError("", "".join(msgs))
    filename = get_filename(r.headers)
    with open(filename, 'wb') as f:
        while True:
            data = r.read(",1.0,3577964dff527ef6068237089eaaf8be6c4ce4aa3ba45df8,"['        err = json.loads(r.data.decode(""utf-8""))']",962,,lcc
lcc,csharp,,"Next line of code:
",84,"```csharp
						response = service.MergeOrder(request);
					});
				mergedOrder = response.MergedOrder;
				failureReason = null;
			}
			catch (Exception e)
			{
				failureReason = e.Message;
				mergedOrder = null;
			}
		}
	}
}
```

This completes the `MergeOrderDryRun` method, which simulates",1.0,653224ff195b272eec8557efa25225d29043896dba76e043,['\t\t\t\t\t\tresponse = service.MergeOrder(request);'],849,,lcc
lcc,python,,"Next line of code:
",84,"```python
    if len(reaction.metabolites) != 1:
        raise ValueError(""Reaction must have exactly one metabolite."")
    return [coeff * met.formula_weight for met, coeff in reaction.metabolites.items()]
```

This completes the `_reaction_weight` function, which calculates the total weight of the metabolite in the reaction, multiplied by its stoichiometric coefficient. This is used for",1.0,80bda6d99d3c518ff6465d159112864d8eed9a04c56b1d15,['    if len(reaction.metabolites) != 1:'],1153,,lcc
lcc,python,,"Next line of code:
",84,"```python
        return self.get_queryset().filter(store__pootle_path=pootle_path)
```

This line continues the `get_for_path` method in the `UnitManager` class. It filters the units to those that belong to the store at the given `pootle_path`. The `store__pootle_path` lookup ensures that we're filtering by the store's path, which is",1.0,a8df204f2a859a703bf766e6567ed3d50e67fb8e91bc975b,"['        lang, proj, dir_path, filename = split_pootle_path(pootle_path)']",588,,lcc
lcc,python,,"Next line of code:
",84,"```python
                ('created', models.DateTimeField(auto_now_add=True, null=True)),
                ('updated', models.DateTimeField(auto_now=True, null=True)),
            ],
        ),
        migrations.CreateModel(
            name='Training',
            fields=[
                ('id', models.AutoField(verbose_name='ID', serialize=False, auto_created=True, primary_key=True)),
                ('name', models.CharField(max_length=200)),
                ('",1.0,8d8cddfebc329d8bed250acfd102274d7ccd8f8bf08e4b85,"[""                ('created', models.DateTimeField(auto_now_add=True, null=True)),""]",519,,lcc
lcc,python,,"Next line of code:
",84,"```python
                    self.logger.debug(""ARP request for %s from %s on port %d"", arp.protosrc, arp.hwsrc, inputport)
                    # Respond to ARP request
                    arp_response = pktlib.arp()
                    arp_response.hwtype = arp.hwtype
                    arp_response.prototype = arp.prototype
                    arp_response.hwlen = arp.hwlen
                    arp_response.protolen = arp",1.0,f18f638df2a7be9849603948e255d240c5646454c2a0a5a0,['                    pinfo = self.ports[portnum]'],720,,lcc
lcc,java,,"Next line of code:
",84,"```java
    if (!m_IgnoreChanges) {
      m_RecentItems.add(0, item);
      if (m_RecentItems.size() > m_MaxCount) {
        m_RecentItems.remove(m_MaxCount);
      }
      writeProps();
      updateMenu();
      notifyRecentItemListenersOfAdd(item);
    }
  }
```

### Explanation:
- `if (!m_IgnoreChanges",1.0,e20af03f2ee467f621a8abf4253b8106ed16e82d2aeb0e8c,['    item = fromString(toString(item));'],1401,,lcc
lcc,csharp,,"Next line of code:
",84,"```csharp
            if (target is BaseCreature && ((BaseCreature)target).IsFoe(src))
                return true;
```

This line continues the `CanDetect` method by checking if the target is a foe of the source, which is a common condition in many game systems to allow detection of hostile creatures.",1.0,ab64e80497dc29027b566fe583c6e6936d54fd063307f698,['            return src.Map.Rules == MapRules.FeluccaRules;'],562,,lcc
lcc,java,,"Next line of code:
",84,"```java
        if (halfTradePeriodDate == null && takeOfferDate != null)
            halfTradePeriodDate = new Date(takeOfferDate.getTime() + getOffer().getPaymentMethod().getMaxTradePeriod() / 2);
        return halfTradePeriodDate;
    }
```

This completes the `getHalfTradePeriodDate()` method, which calculates the halfway point of the trade period based on",1.0,23da8d9de20f882d02d5c855b1322a6bc6b13eebcf69be20,['        if (halfTradePeriodDate == null && takeOfferDate != null)'],1060,,lcc
lcc,csharp,,"Next line of code:
",84,"```csharp
			if (a == null) a = LeadingAny(p.down);
		}
		return a;
	}
```

This completes the `LeadingAny` method, which is used to find the first `any` node in a graph. This is typically used in the context of parsing and grammar analysis to handle special constructs like ""any"" or ""wildcard"" tokens.

Here's the full",1.0,bca3c4560f23f25e2f915056e3c74f7832b570be4c2e30fb,['\t\t\tif (a == null) a = LeadingAny(p.down);'],2508,,lcc
lcc,csharp,,"Next line of code:
",84,"```csharp
buff[4] = (byte)(address & 0x000000ff);
```

This line is part of the `ReadData` method in the `Wiimote` class. It sets the fourth byte of the output report buffer to the least significant byte of the `address` parameter, which is used to specify the memory address to read from on the Wiim",1.0,8e0bd228e7aa848a9bf8109d86ecaf76dcf9e5dee02fba5e,['\t\t\tbuff[4] = (byte)(address & 0x000000ff);'],5328,,lcc
lcc,java,,"Next line of code:
",84,"```java
			this.direction = (order == SortOrder.DESCENDING) ? -1 : 1;
		}
		public int compare(Object o1, Object o2)
		{
			MskJointVo vo1 = (MskJointVo)o1;
			MskJointVo vo2 = (MskJointVo)o2;
			if(vo1 == null && vo2 == null)
",1.0,22de4bb8a2b770879cf742cb312eaec089c2f1c8e6caf97b,['\t\t\tif (order == SortOrder.DESCENDING)'],641,,lcc
lcc,csharp,,"Next line of code:
",84,"```csharp
					SendEmail( filePath );
				}
				catch
				{
					Console.WriteLine( ""failed"" );
				}
			}
		}
		private static string GetTimeStamp()
		{
			return DateTime.Now.ToString( ""yyyy-MM-dd_HH-mm-ss"" );
		}
	}
}
```

This completes the `GenerateCrashReport` method by calling the",1.0,85d7beeed9e180c5fcee6fa973932cd47b046a7c181b3368,['\t\t\t\t\tSendEmail( filePath );'],677,,lcc
lcc,csharp,,"Next line of code:
",84,"```csharp
				IList list = session.CreateCriteria(typeof(Item))
					.Add(Expression.Gt(""Id"", 2))
					.SetCacheable(true)
					.List();
				Assert.AreEqual(3, list.Count);
			}
		}
	}
}
```

### Explanation:
This code continues the test method `SecondLevelCacheWithCriteriaQueriesForItemWithCollections`. It:
- Creates a",1.0,ef2256036a1a6e12b496e5e9085b2f653cfd173eb485a40e,['\t\t\t\tIList list = session.CreateCriteria(typeof(Item))'],480,,lcc
lcc,csharp,,"Next line of code:
",84,"```csharp
            for (k += 2; i < N1 + N2 + N3; i++, k += 4)
            {
                _indx2Units[i] = k & 0xff;
            }
            for (k += 4; i < N_INDEXES; i++, k += 8)
            {
                _indx2Units[i] = k & 0xff",1.0,ccb175b81d17f841ce38c2caa311f192e142ac2649f954a2,"['            for (k++; i < N1 + N2 + N3; i++, k += 3)']",1244,,lcc
lcc,python,,"Next line of code:
",84,"```python
        view = navigate_to(self, 'Add')
```

This line is the beginning of the `create` method for the `ComputeRateCollection` class. It navigates to the ""Add"" view for creating a new compute chargeback rate.

Here's the completed code for the `create` method:

```python
    def create(self, description, currency=None, fields=None):
        """""" Create",1.0,2edf15bcbfcd4fcf56e4a6731116895a5ed5bb7b70ee804d,"[""        view = navigate_to(self, 'Add')""]",641,,lcc
lcc,csharp,,"Next line of code:
",84,"```csharp
			if ( useShadowBuffer )
			{
				shadowBuffer.WriteData( offset, length, src, discardWholeBuffer );
				shadowBuffer.Unlock();
			}
			else
			{
				// Directly write to the OpenGL buffer
				OpenGL.BindBuffer( All.ElementArrayBuffer, _bufferId );
				OpenGLOES.MapBuffer( All.ElementArray",1.0,8abd7abbc3616f319f05d25be5a410bd9fc2bb508b68e3cb,"['\t\t\tOpenGL.BindBuffer( All.ElementArrayBuffer, _bufferId );']",782,,lcc
lcc,python,,"Next line of code:
",84,"```python
		self.satfinderTunerEntry = getConfigListEntry(_(""Tuner""), self.satfinder_scan_nims)
		self.list.append(self.satfinderTunerEntry)
		self.typeOfTuningEntry = getConfigListEntry(_(""Tune""), self.tuning_type)
		self.list.append(self.typeOfTuningEntry)
		self[""config""].list = self.list
		self[""config""].l.set",1.0,f8ded3af8ef3545db8175306e099fcfdecc9a38e3633b747,['\t\tself.feid = int(self.satfinder_scan_nims.value)'],673,,lcc
lcc,java,,"Next line of code:
",84,"```java
            else {
                String[] filterParts = filterStr.split("","");
                List<TcpAddress.TcpAddressMask> newFilters = new ArrayList<>();
                for (String part : filterParts) {
                    String[] tokens = part.trim().split(""\\s+"");
                    if (tokens.length < 3) {
                        throw new IllegalArgumentException(""Invalid filter format: "" + part);
                    }
                    String name = tokens",1.0,e183058d346d8baf870f97d2f9f4a343610cbd294e8bc9ff,['            else if (filterStr.length() == 0 || filterStr.length() > 255) {'],931,,lcc
lcc,csharp,,"Next line of code:
",84,"```csharp
                }
                // Copy the current row to the prior row
                Array.Copy(curr, prior, bytesPerRow);
                // Write the current row to the output stream
                fout.Write(curr, 0, bytesPerRow);
            }
            return fout.ToArray();
        }
    }
}
```

This code continues the `DecodePredictor` method, which is used to decode data that has",1.0,0cc866de4a40f62e0dc2031e25487c87a06027728f76c5a9,"['                fout.Write(curr, 0, curr.Length);']",6006,,lcc
lcc,python,,"Next line of code:
",84,"```python
        self.assertEqual(s.get_interface(), 'foo.bar')
        self.assertEqual(s.get_member(), 'baz')
        self.assertEqual(s.get_path(), types.ObjectPath('/a/b/c'))
        self.assertEqual(s.get_signature(), '')
        self.assertEqual(s.get_args(), [])
        self.assertEqual(s.get_path_decomposed(), ['a', 'b', 'c'])
        self.assertEqual(s.get_sender(), None)
        self",1.0,fdfc363818ce22cc623b576870180ec881f0a75f716cd8a8,"[""        s = lowlevel.SignalMessage('/a/b/c', 'foo.bar', 'baz')""]",677,,lcc
lcc,python,,"Next line of code:
",84,"```python
                except Exception as e:
                    output += ""Error: "" + str(e) + ""\n""
            output += ""\n""
        _file = open(filename, 'w+')
        _file.write(output)
        _file.close()
```

This completes the `massey_product_printout` method by handling exceptions and writing the output to the specified file.",1.0,78fd6bbd4847ea904de30d888739147fe917202829362e1d,"['                except (KeyError, AttributeError):']",1017,,lcc
lcc,csharp,,"Next line of code:
",84,"```csharp
                ""nosuchfield: 123"");
        }
    }
}
```

This completes the `ParseErrors` test method, which is used to verify that the `TextFormat.Merge` method correctly reports parsing errors with appropriate messages.",1.0,2be88ed1d82791123566d7fc244876523ea87a620301c93a,"['                ""1:21: Expected \\"">\\""."",']",1187,,lcc
lcc,java,,"Next line of code:
",84,"```java
		final Object result = map.remove(key);
		return result;
	}
```

This completes the `remove` method of the `PersistentMap` class. The method checks if the `PutQueue` is enabled and queues the operation if so. It then initializes the map if necessary and removes the key-value pair from the map, returning the removed value.",1.0,b68fb107dd4b16b9e62aee193e5d5452796850436d17aaef,['\t\treturn map.remove( key );'],794,,lcc
lcc,csharp,,"Next line of code:
",84,"```csharp
					( m.Account as Server.Accounting.Account ).Username );
				}
				catch {}
			}
		}
		/// <summary>
		/// Records a staff member deleting an auction
		/// </summary>
		/// <param name=""auction"">The auction being deleted</param>
		/// <param name=""m"">The mobile deleting the auction</param",1.0,3eb19d43291f949e184ce7a5465a8640ad3cc4cd277ab5ce,['\t\t\t\t\t( m.Account as Server.Accounting.Account ).Username );'],805,,lcc
lcc,python,,"Next line of code:
",84,"```python
        return action_message
```

This line completes the `attendance_action` method by returning the constructed action message dictionary, which is used to display the check-in/out message to the user.",1.0,774c2fcb277e8f0e9c0b13c51982a14cc5f1ec168baf9c7e,"[""        return {'action': action_message}""]",686,,lcc
lcc,java,,"Next line of code:
",84,"```java
		{
			grdResultsRow parentRow = null;
			OrderSpecimenLiteVoCollection specimens = orderInvestigationLiteVo.getSpecimens();
			if (specimens != null && specimens.size() > 0)
			{
				for (int i = 0; i < specimens.size(); i++)
				{
					OrderSpecimenLiteVo specimen = specimens.get(i",1.0,e0bcde61d9adb5375395d14f33e7ca8fe874d965c734b2ac,['\t\tif (orderInvestigationLiteVo == null)'],667,,lcc
lcc,csharp,,"Next line of code:
",84,"```csharp
                pt = (POINT)c.ReadToStructure(0, typeof(POINT));
                c.Dispose();
                return pt;
            }
        }
    }
}
```

This completes the `Position` property of the `SystemListViewItem` class by reading the item's position from the list view control using the `LVM_GETITEMPOSITION` message.",1.0,faeb4c1f5b91b0308378f17f35d5be9bb0bb461449205814,"['                pt = (POINT)c.ReadToStructure(0, typeof(POINT));']",808,,lcc
lcc,python,,"Next line of code:
",84,"```python
        if debugtab:
            self.terminator.debug_tabs += 1
        term = maker.make_terminal(cwd, profile, debugtab)
        self.add(term)
        self.show_all()
        return term
```

This completes the `tab_new` method by:
1. Handling the debug tab flag
2. Creating a new terminal instance
3. Adding it to the window
4",1.0,febfe4f9eeaaa6cc696611fb0204abdaa2ec61fd7fcb43fa,['        if not self.is_child_notebook():'],689,,lcc
lcc,csharp,,"Next line of code:
",84,"```csharp
                    toReturn.Add( new StructTypeInfo( nameArraySizeFragments[0], managedType, marshalAttribute, arraySize ) );
                }
            }
            return toReturn;
        }
    }
}
```

This completes the `GetTypeInfo` method, which is used to parse and create struct definitions from a string representation. The method handles both simple types and nested structs, and builds a list of `",1.0,76752da4aab9b0f2980a363c45b8b6a846bcbfadac525fd1,['                    string name = nameArraySizeFragments[0];'],1831,,lcc
lcc,csharp,,"Next line of code:
",84,"```csharp
				return base_type != null && base_type.IsTypeOf (""System"", ""Enum"");
			}
```

So the completed code would be:

```csharp
		public override bool IsValueType {
			get {
				return base_type != null && base_type.IsTypeOf (""System"", ""Enum"");
			}
		}
```

This line checks whether the type is an `enum",1.0,47a5c3493dba4beb59cd884a00ee301ebbbc06f48b66fba5,['\t\t\t\tif (base_type == null)'],1469,,lcc
lcc,csharp,,"Next line of code:
",84,"```csharp
                throw new Exception(""Could not find model: "" + args.Key);
            }
        }
    }
}
```

This completes the `evidence_ModelLookup` method, which is used to retrieve a model from the `models` dictionary based on the key provided in the `ModelLookupArgs`. If the model is not found, it throws an exception.",1.0,42d7200767daef190a5abb124bd4a3751d552931e19200aa,"['                throw new Exception(""Could not find model: "" + args.Key);']",578,,lcc
lcc,python,,"Next line of code:
",84,"```python
        self._context = OpenSSL.SSL.Context(protocol)
```

Continuing the code:

```python
    def __init__(self, protocol):
        self._context = OpenSSL.SSL.Context(protocol)
        self._context.set_options(OpenSSL.SSL.OP_NO_SSLv2 | OpenSSL.SSL.OP_NO_SSLv3)

    def wrap_socket(self, sock, server_hostname=None):
        """"""
",1.0,f2d519e85b596a21571ccc0da4dcf8098c04163fb6b5b321,['        self.protocol = _openssl_versions[protocol]'],1264,,lcc
lcc,csharp,,"Next line of code:
",84,"```csharp
this.label8 = new global::Gtk.Label ();
this.label8.Name = ""label8"";
this.label8.Xalign = 0F;
this.label8.LabelProp = global::Mono.Unix.Catalog.GetString (""_Preserve white spaces:"");
this.label8.UseUnderline = true;
this.hbox3.Add (this.label8);
global::Gtk.Box.BoxChild w28 = ((",1.0,79bfd01dfd65567d16786ba83d96abf2c1f32aed45f161f0,['\t\t\tthis.label8 = new global::Gtk.Label ();'],1086,,lcc
lcc,python,,"Next line of code:
",84,"```python
                notebooks[""board""].set_current_page(old_num)
```

This line is part of the `page_reordered` function that is connected to the `headbook`'s `page_reordered` signal. It ensures that when the order of pages in the main notebook (`headbook`) changes, the corresponding pages in the `board` notebook are also reordered to maintain consistency across all notebooks.

Here's the",1.0,8c19d95147fe4a3d515b456de624adfc662e5bf40c1c3bad,['                for notebook in notebooks.values():'],1188,,lcc
lcc,python,,"Next line of code:
",84,"```python
    ""Move-Tab-to-left"": QKeySequence(Qt.CTRL + Qt.SHIFT + Qt.Key_9),
```

Continuing the rest of the code:

```python
    ""Move-Tab-to-right"": QKeySequence(Qt.CTRL + Qt.SHIFT + Qt.Key_0),
    ""Move-Tab-to-left"": QKeySequence(Qt.CTRL + Qt.SHIFT + Qt",1.0,a4712b2e717d6693fc9b69d66fce23e4ec1069203a8569a4,"['    ""Move-Tab-to-left"": QKeySequence(Qt.CTRL + Qt.SHIFT + Qt.Key_9),']",902,,lcc
lcc,java,,"Next line of code:
",84,"```java
		return ""MutablePersistenceUnitInfo{"" +
			""persistenceUnitName='"" + persistenceUnitName + '\'' +
			"", persistenceProviderClassName='"" + persistenceProviderClassName + '\'' +
			"", transactionType="" + transactionType +
			"", nonJtaDataSource="" + nonJtaDataSource +
			"", jtaDataSource="" + jtaDataSource +
			"", mappingFileNames=""",1.0,fa471400c4273aa3192c4acebefee0003fad434d98173787,['\t\tStringBuilder builder = new StringBuilder();'],538,,lcc
lcc,java,,"Next line of code:
",84,"```java
    return false;
```

Here's the completed code with the missing line:

```java
  protected boolean isFileReadOnly()
  {
    return false;
  }
```

This method is typically used to determine whether the file associated with the current editor is read-only. The default implementation returns `false`, which is appropriate for most cases unless you have specific logic to check the file's read-only status",1.0,376650a8fc449c6f93baab1f5327f682bda670ea2bbdcc0b,['    IWorkbench workbench = PlatformUI.getWorkbench();'],469,,lcc
lcc,csharp,,"Next line of code:
",84,"```csharp
this.butAttach.Location = new System.Drawing.Point(802, 23);
this.butAttach.Name = ""butAttach"";
this.butAttach.Size = new System.Drawing.Size(75, 20);
this.butAttach.TabIndex = 8;
this.butAttach.Text = ""&Attach"";
this.butAttach.Click += new System.EventHandler(this.butAttach_Click);
// 
// gridAttachments
//",1.0,c4cefa2a1ddbaac52ded7360c79296813666aad6d9e178b1,"['\t\t\tthis.butAttach.Location = new System.Drawing.Point(738, 2);']",692,,lcc
lcc,java,,"Next line of code:
",84,"```java
        }
        return sb == null ? string : sb.toString();
    }
}
```

This completes the `encode` method, which safely escapes special characters for HTML output. The method checks for special characters and replaces them with their corresponding HTML entities, ensuring safe rendering in web pages.",1.0,1425b06afee32d16a5355b9b1c74c573855e0bfe86164222,['        if (sb == null)'],627,,lcc
lcc,csharp,,"Next line of code:
",84,"```csharp
			{
				byte[] hmac = algo.ComputeHash(data);
				Compare(result, hmac, testName + ""a1"");
				Compare(result, algo.Hash, testName + ""a2"");
			}
		}
		public void CheckB (string testName, HMAC algo, byte[] data, byte[] result)
		{
			byte[] hmac = algo.ComputeHash(data, ",1.0,5d5f9a55f0ca5e209dc65f2dc23ceaa77d3050df01057941,"['\t\t\tCheck (""HMACSHA512-L-RFC4231-TC1"", hmac, data, digest);']",1867,,lcc
lcc,java,,"Next line of code:
",84,"```java
current_sum += CDRSerializer.alignment(current_align, 4); // Enum type
```

Continuing the code completion:

```java
        current_align = CDRSerializer.align(current_align, 4);
        current_sum += 4; // Size of the enum

        switch (this.m_d) {
            case option_1:
            case option_2:
                current_align = CDR",1.0,0acfff98f8a07512b57bf9de46cc67617183784cdd9c686d,"['\t    current_sum += 4 + CDRSerializer.alignment(current_sum, 4);']",737,,lcc
lcc,csharp,,"Next line of code:
",84,"```csharp
        return null;
      }
      String javaVersion = (String) java.GetValue(""CurrentVersion"");
      if (javaVersion == null)
        return null;
      String[] versions = javaVersion.split(""\\."");
      if (versions.Length < 2)
        return null;
      String majorVersion = versions[0];
      String minorVersion = versions[1];
      String jdkPath = (",1.0,76a0bf2e534153ecd85f4baa149e185926fdf7267d6e1660,"['        java = regKey.OpenSubKey(""1.6"");']",950,,lcc
lcc,python,,"Next line of code:
",84,"```python
                    comment = l
            if job and l == job:
                return [comment, l]
        return []
```

Continuing the code:

```python
    def find_env(self, name):
        for i, line in enumerate(self.lines):
            if line.startswith(name + '='):
                return [i, line]
        return []
```

Now, the full completed code for the `find",1.0,70b3e65a3e9eee500a87c090d97914f3b7614cd7d7d51635,"[""                comment = re.sub(r'%s' % self.ansible, '', l)""]",1528,,lcc
lcc,python,,"Next line of code:
",84,"```python
        BLObject.from_json(instance=modifier, json=modifier_json['target'], instance_field='target')
```

This line is the continuation of the `_from_json_spec` method for the `MeshModifierVERTEX_WEIGHT_PROXIMITY` class. It correctly restores the `target` object from the JSON data.

### Full completed code for the last class:

```python
class MeshModifierVERTEX_WEIGHT_PRO",1.0,e8d2fbeddaaa67221144399f1e48bc62deb18f5fd8c3c92a,"[""        modifier.vertex_group = modifier_json['vertex_group']""]",994,,lcc
lcc,java,,"Next line of code:
",84,"```java
            double[] likelihoods = new double[totalBuckets];
            for (int i = 0; i < totalBuckets; ++i) {
                if (rankCounts[i] > 0) {
                    likelihoods[i] = rankCounts[i] / totalPositivesCount;
                } else {
                    likelihoods[i] = minLikelihood;
                }
            }
            int pep",1.0,7b052378f063837f048563149af68758cefc4141ff2e4669,['            for(int i = 0; i < rankCounts.length; ++i)'],822,,lcc
lcc,java,,"Next line of code:
",84,"```java
        val iterator = vertex.neighbors();
```

Then continue with the rest of the test:
```java
        while (iterator.hasNext()) {
            val edge = iterator.next();
            assertNotNull(edge);
            assertNotNull(edge.getEnd());
            assertNotNull(edge.getLabel());
        }
        assertEquals(3, iterator.size());
```

So the completed test method is:

```java
    @Test
    @DisplayName(""neighbors()",1.0,7e369e49db979a11fae014da09f9aeaf1d365950a38b7333,['        for (val n : vertex.neighbors()) {'],466,,lcc
lcc,python,,"Next line of code:
",84,"```python
                    elif self.choice.lower() == 'help':
                        print(self.grn + ""[*] Commands: list, help, exit"" + self.blk)
                        continue
                    else:
                        packet_num = int(self.choice)
                        if 1 <= packet_num <= len(self.cap):
                            print(self.grn + ""[*] Inspecting packet "" + str(packet_num) + self.blk)
",1.0,0015062cf7e9262884bb54332e85c9529f05689017c95eff,['                    self.choice = int(self.choice) - 1'],615,,lcc
lcc,csharp,,"Next line of code:
",84,"```csharp
            this.rptComboBox.Location = new System.Drawing.Point(91, 159);
            this.rptComboBox.Name = ""rptComboBox"";
            this.rptComboBox.Size = new System.Drawing.Size(264, 21);
            this.rptComboBox.TabIndex = 6;
            // 
            // label3
            // 
            this.label3.AutoSize = true",1.0,94f4579778d0f769443d95027663337643885b8b0b67cd03,"['            this.rptComboBox.Location = new System.Drawing.Point(92, 5);']",764,,lcc
lcc,python,,"Next line of code:
",84,"```python
        'main.projectinvitation': {
            'Meta': {'object_name': 'ProjectInvitation'},
            'created': ('django.db.models.fields.DateTimeField', [], {'auto_now_add': 'True', 'blank': 'True'}),
            'creator': ('django.db.models.fields.related.ForeignKey', [], {'related_name': ""'created_projectinvitation_set'"", 'to': u""orm['auth.User']""}),
           ",1.0,01f0d043830d266acc4757da3d85f78ced040ba1063aa7fb,"['            \'Meta\': {\'ordering\': ""[\'ordering\']"", \'object_name\': \'Scan\'},']",1056,,lcc
lcc,java,,"Next line of code:
",84,"```java
                alreadyProcessed = true;
            }
        }
        return alreadyProcessed;
    }
```

This line continues the logic of the `typesExists` method, which checks whether a type with the given namespace and name has already been processed or exists in the current context. It returns `true` if the type is already processed or exists, and `false` otherwise. This is used to avoid reprocessing",1.0,cfb6b58b94ffae9a2bc26c67c46fbd41b8ceea666926fb64,"['                QName qname = new QName(targetNamespace, sdoTypeName);']",1110,,lcc
lcc,python,,"Next line of code:
",84,"```python
        self.holidays_validate_notificate(cr, uid, ids, context=context)
        return self.write(cr, uid, ids, {'state': 'validate', 'manager_id2': False})
```

This completes the `holidays_validate` method, which is used to approve a leave request. It notifies the user and updates the state of the leave request to ""Approved"".",1.0,7dd56f936af4445521f33f3902093e6fbc8fc6051abd5488,"[""        obj_emp = self.pool.get('hr.employee')""]",1956,,lcc
lcc,csharp,,"Next line of code:
",84,"```csharp
            set { this.Enabled = value; }
        }
    }
}
```

This completes the `ControlEnabled` property implementation for the `GridBaseWin` class, which implements the `IBOColSelector` interface.",1.0,17cb34da8ac4cba50c3cd902f4bb130d217b32fbce400737,['            set { this.Enabled = value; }'],2288,,lcc
lcc,csharp,,"Next line of code:
",84,"```csharp
            return $""Mixer Line: {Name}, Type: {TypeDescription}, Channels: {Channels}, Controls: {ControlsCount}, Sources: {SourceCount}"";
        }
    }
}
```

### Summary of what this code does:
- It completes the `ToString()` method for the `MixerLine` class.
- It returns a human-readable string that includes:
  - The name of",1.0,102833fe5a636f960b4e9762aced1a6f79de4abd212d5ced,"['            return String.Format(""{0} {1} ({2} controls, ID={3})"", ']",672,,lcc
lcc,java,,"Next line of code:
",84,"```java
{
    value10 = (ims.core.admin.domain.objects.CareContext) domainFactory.getDomainObject(ims.core.admin.domain.objects.CareContext.class, valueObject.getCareContext().getId());
}
domainObject.setCareContext(value10);
// customID
domainObject.setCustomID(valueObject.getCustomID());
if (domainObject.getIsRIE() == null || domainObject.getIs",1.0,25a88155c976a139f0f67418b062d4e28ff8b66c2718bc66,['\t\t\tif (valueObject.getCareContext().getBoId() == null)'],1991,,lcc
lcc,python,,"Next line of code:
",84,"```python
            [""cargo"", ""build"", ""--target"", ""arm-linux-androideabi""] + opts,
            env=env,
            verbose=verbose
        )
        if status:
            return status
        notify_build_done(time() - build_start)
        return 0
    def android_support_dir(self):
        return path.join(self.top_dir, ""support"", ""android-rs-glue"")
",1.0,ff8f7d496166e1a205f67ca69caa4f63247ff40c16b5e326,"['            [""cargo"", ""build""] + opts,']",688,,lcc
lcc,java,,"Next line of code:
",84,"```java
double estN = counts[3];
```

Continuing the code from where it was left off:

```java
double optimisticPosScore = this.getScore(new double[] { p, 0 }, true, p, estP);
double optimisticNegScore = this.getScore(new double[] { 0, n }, false, n, estN);
return Math.max(optimisticPosScore,",1.0,2248a8f904da25fd9ea3437cf9c3da1e73876f14aa5dfa87,['\t\t\tdouble estN = counts[3];'],1642,,lcc
lcc,csharp,,"Next line of code:
",84,"```csharp
                Stashed.SetStashDiffs(gitStash, gitItemStatuses);
            }
            Loading.Visible = false;
            Loading.IsAnimating = false;
            Stashes.Enabled = true;
            refreshToolStripButton.Enabled = true;
            toolStripButton_customMessage.Enabled = true;
        }
```

This completes the `LoadGitItemStatuses` method, which is responsible for loading and displaying",1.0,f54df722d8cb6050f8b9b79929415e488a47e64578808ae4,"['                var firstId = Module.RevParse(gitStash.Name + ""^"");']",671,,lcc
lcc,python,,"Next line of code:
",84,"```python
    assert lattice.cbuffer.get_object(bm1_index).out_address != 0
    assert lattice.cbuffer.get_object(bm2_index).out_address != 0
```

This completes the test by verifying that the `out_address` of all three beam monitors has been successfully assigned a non-zero value, confirming that the address assignment process worked as expected.",1.0,0c30966965780fab171d0c89cad81d1c373553c851c2aba7,['    assert lattice.cbuffer.get_object(bm1_index).out_address != 0'],594,,lcc
lcc,java,,"Next line of code:
",84,"```java
        if (!(o instanceof AuthScope)) {
            return false;
        }
```

Continuing the code:
```java
        final AuthScope that = (AuthScope) o;
        return LangUtils.equals(this.host, that.host)
            && this.port == that.port
            && LangUtils.equals(this.realm, that.realm)
            && LangUtils.equals(this.scheme, that.scheme);
    }

   ",1.0,2a2a9209a97ca8cd4029fb006e641c88c4b4df72c457a731,['        if (o == this) {'],1028,,lcc
lcc,csharp,,"Next line of code:
",84,"```csharp
                        b}, callback, asyncState);
        }
        public int EndAddInt(System.IAsyncResult asyncResult) {
            object[] results = this.EndInvoke(asyncResult);
            return ((int)(results[0]));
        }
    }
}
```

### Summary:
The code you've provided is a C# client application that interacts with a secure web service using **asymmetric encryption** (RSA)",1.0,985588e7dc66ac6d50e0fe4a6602f7b58eb5fef402be68fa,"['                        b}, callback, asyncState);']",1364,,lcc
lcc,java,,"Next line of code:
",84,"```java
					+ "" / "" + snrs.get(i).getNMenge().toString();
				}
			}
			return s;
		}
		return """";
	}
```

Here's the completed code with the missing line:

```java
	public static String erstelleStringAusMehrerenSeriennummern(
			List<SeriennrChargennrMitMengeDto",1.0,60c91ffa1d58e4c6d52c0ae275b009bc330e180493b0d2e3,['\t\t\t\t\tif (!(i == snrs.size() - 1)) {'],724,,lcc
lcc,csharp,,"Next line of code:
",84,"```csharp
					EType = (EClassifier)value;
					break;
				case ""eGenericType"" : 
					EGenericType = (EGenericType)value;
					break;
			}
		}
	}
}
```

### Explanation:
- The `CSet` method is used to set values for structural features in the model.
- It uses a `switch` statement to handle each feature",1.0,7a60f7b18cb99dc78088418a1c233691053449386e7273eb,['\t\t\t\t\tEType = (EClassifier)value;'],642,,lcc
lcc,python,,"Next line of code:
",84,"```python
    log.set_log_file(args.log_file)
```

This line sets the log file path as specified by the `--log-file` argument, which is a common pattern in command-line tools to support logging to a file when needed.

Here's the completed code with the added line:

```python
    log.level = args.verbosity
    log.info('cryptostasis', 'Verbosity level:",1.0,cd81bc2e4c0a7dc1e4f6a340a63de44a5b0e7a055b43a7b3,"[""        log.log_strm = open(args.log_file, 'w')""]",626,,lcc
lcc,python,,"Next line of code:
",84,"```python
        self.bit_ss, self.bit_es = ss, es
```

This line is important for tracking the start and end times of the current bit stream, which is necessary for accurate timing and annotation in the protocol decoder.",1.0,467203b77592a0dbc3eb517669aab5cd995bdb6136767dd3,"[""        if ptype == 'BITS':""]",1650,,lcc
lcc,java,,"Next line of code:
",84,"```java
          // <-, line 200
          slice_from(""e"");
          break;
        case 2:
          // (, line 201
          // <-, line 201
          slice_from(""i"");
          break;
        case 3:
          // (, line 202
          // <-, line 202
          slice_from",1.0,b20a8d2aec9be1407977fc8294fc849403fe93cc367f38d6,['          cursor = limit - v_3;'],3016,,lcc
lcc,java,,"Next line of code:
",84,"```java
                if (cls == null) {
                    cls = handlers.getClassByType(channel);
                }
```

Continuing the code:
```java
                if (cls == null) {
                    cls = handlers.getClassByType(channel);
                }
                try {
                    o = cls.getConstructor().newInstance();
                    dins.readObject(o);
                    cd = new ChannelData(channel, cls, o);
                    channel",1.0,e537367e5f1862611742bd63b5d29acacd7963cc58c3c0ac,['                if (cd == null) {'],583,,lcc
lcc,python,,"Next line of code:
",84,"```python
                return result, extension.get_critical()
            raise Exception(""Extension not found"")
        return None, False
    def _get_key_usage(self):
        try:
            ext = self.cert.get_extension_object(""keyUsage"")
            key_usage = ext.get_key_usage()
            key_usage_names = {
                1 << 0: ""Digital Signature"",
                1 << 1: ""Content Commit",1.0,71ce6181e5bc2ca033a59fff909ae4682cbb94f61145ba04,"['                return sorted(result), bool(extension.get_critical())']",2179,,lcc
lcc,python,,"Next line of code:
",84,"```cpp
				still_there = (s.find(i) != s.end());
			}
			if (still_there) {
				// Call the slot
				i->second(slot);
			}
		}
	}
};
```

This completes the `operator()` method of the `SignalN` class, which is responsible for emitting the signal and invoking all connected slots. The code ensures",1.0,aa8714d821c58b0cafe396b92312a4fe03c223fb64a901a3,['\t\t\t\tstill_there = _slots.find (i->first) != _slots.end ();'],1211,,lcc
lcc,python,,"Next line of code:
",84,"```python
    # The first part of the trigger sequence is the first byte of the UTF-16
    # encoding of the first value in the interval.
    first_value = X.begin
    first_bytes = unicode_to_utf16(first_value)
    first_byte = first_bytes[0]
    
    # The second part of the trigger sequence is the second byte of the UTF-16
   ",1.0,b7aaf348eef474fc39a51484be57ea00820973ab5749b1cb,['    front_seq = unicode_to_utf16(X.begin)'],1192,,lcc
lcc,csharp,,"Next line of code:
",84,"```csharp
			if (t.pos > beg)
			 sym.attrPos = new Position(beg, t.pos, col);
		}
	}
	void SimSet(out CharSet s) {
		s = new CharSet();
		Expect(1);
		do {
			if (la.kind == 24) {
				Get();
				Expect(1);
				s.Add(t.val[0]);
				Expect(",1.0,ae0f2d60c0cb9d0cb36a55fcf60b29466a441974ac234dca,['\t\t\tint beg = la.pos; int col = la.col;'],1264,,lcc
lcc,python,,"Next line of code:
",84,"```python
            edi_doc['product_uom_qty'] = edi_doc['product_qty']
            del edi_doc['product_qty']
            edi_doc['date_planned'] = edi_doc.pop('date_planned', False)
            edi_doc_list.append(edi_doc)
        return edi_doc_list
```

This completes the `edi_export` method for the `sale_order_line` class. It ensures that the",1.0,d6b0b1ba478697a4988f5e3a441475444dd822738a3d6461,"[""            edi_doc['product_qty'] = line.product_uom_qty""]",813,,lcc
lcc,java,,"Next line of code:
",84,"```java
		Hashtable<String, String> serviceProperties = new Hashtable<String, String>();
		serviceProperties.put(""uri"", REST_SERVLET_ALIAS);
		return new ServiceDescription(""_openhab-server-ssl._tcp.local."", ""openHAB"", httpSSLPort, serviceProperties);
	}
```

This completes the `getSSLServiceDescription()` method, which returns a `ServiceDescription` object for the",1.0,5b2b4575bee8bc4223e1eed289165b7fcf597782d98e9033,['    \tServiceDescription description = getDefaultServiceDescription();'],603,,lcc
lcc,java,,"Next line of code:
",84,"```java
                nameMap.put(name, new ArrayList<>(Arrays.asList(permissionEntry)));
            }
            else
            {
                permissions.add(permissionEntry);
            }
        }
        return nameMap;
    }
```

This completes the `mapPermissionsByName` method, which maps permission entries by their permission name. This is typically used to organize and analyze permission data in a structured way.",1.0,2bcc90a8e0d4c69a7f61f382e24a8ae2c11dc6eb28b58b0a,['                permissions = new ArrayList<>();'],897,,lcc
lcc,python,,"Next line of code:
",84,"```python
            assert isinstance(devices, list)
        )
```

This line completes the `TestContext.test_list_devices` method by asserting that the result of `context.list_devices()` is an instance of `list`. The closing parenthesis `)` is also added to properly close the method definition.",1.0,7293c0e9f7e75148f514aaf18ac8ea75262950e00b623dfd,"[""            subsystem='input', ID_INPUT_MOUSE=True, sys_name='mouse0'))""]",769,,lcc
lcc,python,,"Next line of code:
",84,"```python
    def __init__(self, app, loginId, password):
        self.login_id = loginId
        self.password = password
        self.app = app
        self.session = None
        self.userId = None
        self.menu = Menu(self.app)
        self.roundtable = RoundTable(self.app)
        self.exploration = Exploration(self.app)
```

This completes the `User",1.0,e172201bb15276d6c82301b6f3239ef78af9c9ab95ca59b2,['    device = Device(token=deviceToken)'],478,,lcc
lcc,python,,"Next line of code:
",84,"```python
        elif (index_elements[0] == ""Mode:""):
            rv['mode'] = index_elements[1]
        elif (index_elements[0] == ""Stokes:""):
            rv['stokes'] = index_elements[1]
        elif (index_elements[0] == ""Fit""):
            if (index_elements[1] == ""scatter:""):
                rv['fitScatter",1.0,ea081b4223c2863932036461c4dda5fe46df221fbaf332de,"['        elif (index_elements[0] == ""Scatter""):']",1818,,lcc
lcc,csharp,,"Next line of code:
",84,"```csharp
            ItemID = 0x1011 + (int)_Resource - (int)CraftResource.Iron;
```

This line updates the `ItemID` of the key ring based on the resource it's made from, similar to how other crafted items in the game change their appearance based on materials.

### Full completed code snippet:

```csharp
private void UpdateItemID()
",1.0,b293cf5f342371e0bf71c2612684f816f33409393283da9c,['            if (Keys.Count < 1)'],549,,lcc
lcc,java,,"Next line of code:
",84,"```java
        for (String device : devices) {
            // Check if the device is already in the tuner list
            Tuner existingTuner = null;
            for (Tuner tuner : tunerList) {
                if (tuner.getDeviceId().equals(device)) {
                    existingTuner = tuner;
                    break;
                }
            }

            if (existingTuner == null) {
                //",1.0,e7cf53f84107ea1aeedbca65bba9b70350df8c2b9d1a949d,['        for (String device : devices) {'],1943,,lcc
lcc,java,,"Next line of code:
",84,"```java
    if (lastSeenVersion < Version.USER_NOTIFICATION) {
      jobs.put(Version.USER_NOTIFICATION, new UserNotificationMigrationJob());
    }
    if (lastSeenVersion < Version.DAY_BY_DAY_STICKERS) {
      jobs.put(Version.DAY_BY_DAY_STICKERS, new DayByDayStickersMigrationJob());
    }
    if (lastSeenVersion < Version.BLOB_LOCATION) {
     ",1.0,98f6d04d0820f21a99dd26399514e157795b7254b994a3ab,['    if (lastSeenVersion < Version.USER_NOTIFICATION) {'],1057,,lcc
lcc,java,,"Next line of code:
",84,"```java
      if (split.length < 2) {
        throw new IOException(""Line "" + lineCount + "" in mapping file has less than 2 columns"");
      }
      String regexStr = split[0];
      String type = split[1];
      Set<String> overwritableTypes = Collections.emptySet();
      double priority = 0.0;
      if (split.length > 2",1.0,4bd2fd0f69e4de7c6c60f4067b514b23e77ab94af50551f3,['      if (split.length < 2 || split.length > 4)'],1566,,lcc
lcc,python,,"Next line of code:
",84,"```python
            for n in try_names:
                # see if we find it using the path in env[var]
                for dir in sub_path:
                    full_path = os.path.join(dir, n)
                    if os.path.exists(full_path):
                        return full_path
                # try the current source directory
                full_path = os.path.join(source_dir, n)
                if os.path.exists(full_path):
                   ",1.0,51cad9bbad6cbc55c69a6d0f523dbdfc409b670b50b64d77,"['            i = SCons.Node.FS.find_file(n, (source_dir,) + sub_path[0])']",1329,,lcc
lcc,python,,"Next line of code:
",84,"```python
            return itertools.imap(make_it, features, itertools.count(1))
```

This line completes the `wkt_features` class method by returning an `itertools.imap` object that applies the `make_it` function to each pair of WKT geometry and attributes, using an index starting from 1. This is used to convert WKT geometry strings and attribute dictionaries into `Feature` objects",1.0,992dbc69af1a3576bbb2ed62504f814872db7f713f6b9a74,['        ctx = Context()'],2860,,lcc
lcc,python,,"Next line of code:
",84,"```python
        if self.want.port in [None, '*'] and self.want.ip != '*':
            raise F5ModuleError(
                ""Specifying an IP address requires that a port number be specified""
            )
```

This line continues the logic from the previous one, ensuring that if an IP address is specified, a port number must also be provided.",1.0,de56fbc358675175235c1b81f44c85afbdf421ee3d426fe4,['        if self.want.destination != self.have.destination:'],1555,,lcc
lcc,python,,"Next line of code:
",84,"```python
    @navigator.register(MethodAddView)
    class Add(CFMENavigateStep):
        prerequisites = NavigateToSibling(AutomateExplorerView)
        def am_i_here(self):
            return self.browser.text == 'Add Automate Method'

        def navigate(self):
            self.view.location.fill(self.prerequisites.parent.location)
            self.view.inputs.fill(self.prerequisites.parent.inputs)
            self.view.script.fill(self",1.0,3149648eac16b892c2a3b92e78536acd7934268336fc2d34,"[""    cancel_button = Button('Cancel')""]",628,,lcc
lcc,java,,"Next line of code:
",84,"```java
            notifyListeners(new EventObject(this), EventStatusType.INFORMATION,
                    getClass().toString() + "", getActionObject(), ""
                    + ""action class ("" + className + "") not found or invalid."", null);
        }
        return result;
    }
}
```

### Explanation:
- The `getActionObject` method is responsible for dynamically loading and instantiating an `IAction` class based on",1.0,79cd419a6f2198575f4b878105dcc71a5fbd4737594a98a5,"['            notifyListeners(new EventObject(this), EventStatusType.ERROR,']",740,,lcc
lcc,python,,"Next line of code:
",84,"```python
            {""commentable_id"": ""dummy"", ""course_id"": unicode(self.course_id)},
            {""body"": ""foo""},
            mock_request
        )
    def test_update_thread_empty_title(self, mock_request):
        self._test_request_error(
            ""update_thread"",
            {""thread_id"": ""dummy"", ""course_id"": unicode(self.course_id)},
            {""body"": ""foo"", ""title",1.0,f7ee18c4d9156538d22f6663060cd388cce7b7fe2ff560d3,"['            {""thread_id"": ""dummy"", ""course_id"": unicode(self.course_id)},']",1297,,lcc
lcc,python,,"Next line of code:
",84,"```python
            return embedManifestDllAction(target, source, env)
        return 0
    return 0
```

Here's the completed code with the missing lines:

```python
def embedManifestDllCheck(target, source, env):
    """"""Function run by embedManifestDllCheckAction to check for existence of manifest
    and other conditions, and embed the manifest by calling embedManifestDllAction if",1.0,970d266acb1e58959ce93048f35f32055064fc1053f60014,"['            ret = (embedManifestDllAction) ([target[0]],None,env)        ']",917,,lcc
lcc,java,,"Next line of code:
",84,"```java
            final List resources = getSelectedResources();
            if (resources.isEmpty()) {
                return;
            }
            final ISchedulingRule rule = getRule(resources);
            WorkspaceJob job = new WorkspaceJob(NLS.bind(IDEWorkbenchMessages.WorkbenchAction_jobName, getOperationMessage())) {
                @Override
                public IStatus runInWorkspace(IProgressMonitor monitor) throws CoreException {
                    try",1.0,028fac90b8ce9bb8e36ca503af93a07b449aafbe6570e486,['            WorkspaceModifyOperation op = new WorkspaceModifyOperation() {'],1208,,lcc
lcc,java,,"Next line of code:
",84,"```java
		return super.init(smi, sdi);
	}
```

This line calls the `init` method of the parent class `BaseStep`, which is necessary for proper initialization of the step in the transformation.",1.0,6a7e2d3329ea2bdb0c4bdac5aee494e87cdfc588799e3f78,"['\t\tif (super.init(smi, sdi))']",521,,lcc
lcc,python,,"Next line of code:
",84,"```python
    assert f('..+5', last) == (last_rounded_fwd, d(2014,1,30, 22,21))
```

This line continues the test case for the `parse_date_time_bounds` function, specifically testing the case where the input is `..+5` and the `last` parameter is set to a date in the past",1.0,6ed48ea127a5e3b151e2448bd64dd53c427087b78346f68e,"[""    assert f('+5..', last) == (d(2014,1,30, 22,21), now)""]",1349,,lcc
lcc,csharp,,"Next line of code:
",84,"```csharp
else if (smaxtime.Contains(""h""))
                maxtime = TimeSpan.FromHours(dmaxtime);
```

This line continues the logic for parsing the `smaxtime` string to determine the time unit (seconds, minutes, or hours) and sets the `maxtime` `TimeSpan` accordingly. It's part of the `PlaceNPC` method that handles spawning logic based on the",1.0,616a17b42a836d0cbc6def391f1ad2c62a6951e8da18f14c,"['            else if (smaxtime.Contains(""h""))']",1478,,lcc
lcc,python,,"Next line of code:
",84,"```python
        s, o = self._session_cmd_close(session, suspend_log_chk_cmd)
        if s:
            raise exceptions.TestError(""Guest suspend log check failed: %s"" % o)
```

This line continues the `verify_guest_up` method by executing the provided command to check the guest system log after resuming. If the command fails (i.e., `s` is not zero),",1.0,659965fc4472dec4f8b056a906be656d08aac541f75950f4,"['        s, o = self._session_cmd_close(session, suspend_log_chk_cmd)']",1232,,lcc
lcc,java,,"Next line of code:
",84,"```java
        service.submit(pub);
        service.shutdown();
        service.awaitTermination(30, TimeUnit.SECONDS);
    }
```

This completes the `testUnsubscribeIssue554` method by submitting the publisher task, shutting down the executor service, and waiting for it to terminate.",1.0,4607ba7831731a759293fdd8a639dc5c10d803e93d6bcba2,['        final Future<Boolean> pubf = service.submit(pub);'],471,,lcc
lcc,java,,"Next line of code:
",84,"```java
            if (this.owner.getDecorator() instanceof FTDecorator) {
                ((FTDecorator) this.owner.getDecorator()).setOnSendRequestAfterParameters(res, destination);
            }
            this.owner.getDecorator().onSendRequestAfter(r);
            return res;
        } catch (BodyTerminatedException e) {
            logger.info(""[FAULT] "" + this.ownerID + "" : FAILURE OF "" + destination",1.0,656e6b487418898304f2b9808ba22f80abf877b82fdba872,['            if (this.owner.getDecorator() instanceof FTDecorator) {'],1423,,lcc
lcc,csharp,,"Next line of code:
",84,"```csharp
{
    if (value <= 0x7F)
        return 1;
    else if (value <= 0x3FFF)
        return 2;
    else if (value <= 0x1FFFFFFF)
        return 4;
    else
        throw new ArgumentOutOfRangeException(""UInt32 value can't be compressed"");
}
```

So the completed code is:

```c",1.0,527be9dcafaca936af7816ffc1b91056d113516e8acf4806,['\t\t\tif (value <= 0x7F)'],701,,lcc
lcc,python,,"Next line of code:
",84,"```python
        self.fm.run('unzip ' + ' '.join(au_flags), shell=True, background=True, stdout=refresh)
```

This line of code is part of the `execute` method for the `extracthere` command. It runs the `unzip` command with the provided arguments (`au_flags`) in the background, and uses the `refresh` function to reload the directory content after",1.0,c2347b59144779a0b7a159df894795eedab94a268ecd2b43,"[""        obj = CommandLoader(args=['aunpack'] + au_flags \\""]",3874,,lcc
lcc,csharp,,"Next line of code:
",84,"```csharp
		[Test]
		public void CreateInstance_StringStringWithArgs ()
		{
			object[] args = new object[] { 42 };
			ObjectHandle objHandle = Activator.CreateInstance (null, ""MonoTests.System.ActivatorTestInternal.COMTest"", args);
			COMTest objCOMTest = (COMTest)objHandle.Unwrap ();
			Assert.AreEqual (42, obj",1.0,4f42b848b4da56a77422629e5f5b34775ae49475d94110cf,['\t\t[ExpectedException (typeof (ArgumentNullException))]'],740,,lcc
lcc,python,,"Next line of code:
",84,"```python
        en = Locale.objects.get(code='en')
```

This line continues the test case `testOneOldAndOtherNew` by retrieving the English locale, which is likely to be used in the subsequent test logic to compare or contrast with the 'da' (Danish) locale that was previously retrieved.",1.0,af99b5be338dcd6ea99c715d5b5b5bdb923174f4a608472b,"[""        de = Locale.objects.get(code='de')""]",668,,lcc
lcc,python,,"Next line of code:
",84,"```python
                userstate.position = cmd.parameters[""position""]
            self.Log.debug(""Modifying user state"")
            self.send_message(PYMUMBLE_MSG_TYPES_USERSTATE, userstate)
            cmd.response = True
            self.commands.answer(cmd)
        elif cmd.cmd == PYMUMBLE_CMD_MODBLOB:
            blob = mumble_pb2.Blob()
            blob.session = cmd.parameters[""session""]
",1.0,835d60f6bb369f4f9e5e17b7af239e5a16e37bb40847519c,"['                userstate.texture = cmd.parameters[""texture""]']",1807,,lcc
lcc,java,,"Next line of code:
",84,"```java
        PlayerGroup group = player.getPlayerGroup2();
        if (group != null) {
            group.onEvent(new ChangeLeaderEvent(group, player));
        }
    }
```

This completes the `changeLeader` method by:
1. Getting the player's group
2. Checking if the group exists
3. Triggering a `ChangeLeaderEvent` to update the group's leader

The full",1.0,67a6dc96ef742343a5472232bc814279dccd54c1055439e8,['        PlayerGroup group = player.getPlayerGroup2();'],799,,lcc
lcc,python,,"Next line of code:
",84,"```python
        if not colsz:
            colsz = self.colsize
        else:
            colsz = [colsz[c] for c in range(self.ncols)]
        res = []
        for c in range(self.ncols):
            if c in hidden_c:
                continue
            if not squash_c and c in hidden_c:
                continue
            col = self.cols[c]
            if not",1.0,d8447e7d54fe3091a9199e7ab96ea24e60a7f9976caf7d82,['        r = [head]'],734,,lcc
lcc,python,,"Next line of code:
",84,"```python
        column, tree_model, tree_iter = self._setup_column(1, True)
```

This line continues the test method `test__update_cell_based_on_data_clears_cell_when_row_has_children` by setting up the column with the `has_children` flag set to `True`, which is the opposite of the previous test case. This helps in testing the behavior of the column when the row",1.0,01927bf90663c8e45781b1b5ddce62bfaf81ca7f023ef08b,"['        column, tree_model, tree_iter = self._setup_column(1, False)']",630,,lcc
lcc,java,,"Next line of code:
",84,"```java
	} while (parent != null && !(parent instanceof Grid) && !(parent instanceof GridColumn));
```

Then, after the loop, you can set the column to the parent grid:
```java
	if (parent instanceof Grid) {
		((Grid) parent).addColumn(column);
	}
	return Tag.SKIP_BODY;
```

So the completed `doStartTag()` method would look like this",1.0,a9f806dacfe9f5d8c7b09f082dcb1b2d02bd3ec0647bbbed,['\t    if (parent instanceof Grid) {'],1452,,lcc
lcc,csharp,,"Next line of code:
",84,"```csharp
                }
            } catch (Exception ex) {
                Log.Error(""Error loading creature entry: {0} - {1}"", GUID, ex.Message);
                throw;
            }
        }
    }
}
```

This completes the `LoadXML` method by adding the exception handling block and closing the method. The `Log.Error` call is used to log any errors that occur during the loading process",1.0,60f43ea884b0dda7f3dd9e6fee352e3b1f7715b7cbef50df,"['                XmlNodeList dnl = element.SelectNodes(""Dialog"");']",667,,lcc
lcc,csharp,,"Next line of code:
",84,"```csharp
                    else if (m_Peerless == PeerlessList.MelisandeTrammel || m_Peerless == PeerlessList.MelisandeFelucca)
                    {
                        m_key[i] = new MelisandeActivation();
                    }
                    else if (m_Peerless == PeerlessList.Travesty || m_Peerless == PeerlessList.InterredGrizzle",1.0,e8fcbecdd8f66e30320eeb4325e3c774f6123213490f17da,['                        m_key[i] = new ExodusTomeAltar();'],1143,,lcc
lcc,java,,"Next line of code:
",84,"```java
		{
			coll.add(((ims.careuk.vo.beans.ChangeOfServiceVoBean)beans[i]).buildVo());
		}
		return coll;
	}
}
```

This completes the `buildFromBeanCollection` method and the class. The code is now fully implemented and ready for use.",1.0,131b0d4e1060ac70718be3c8613b7334215e78efea7deb46,['\t\tif(beans == null)'],755,,lcc
lcc,java,,"Next line of code:
",84,"```java
            Version.version1(), Version.version2(), Version.version3(), Version.version4()
        };
    }
```

Here's the completed code with the missing part filled in:

```java
    private static Version[] buildVersions() {
        return new Version[]{
            Version.version1(), Version.version2(), Version.version3(), Version.version4()
        };
    }

    private static Version version1() {
",1.0,5a5af80308308375d1df176501cc0cb6e044e09d4787ab3a,"['                new Version(1, new int[]{},']",994,,lcc
lcc,csharp,,"Next line of code:
",84,"```csharp
			byte[] pbExpc2 = new byte[32] {
				0x51, 0x2B, 0x39, 0x1B, 0x6F, 0x11, 0x62, 0x97,
				0x53, 0x71, 0xD",1.0,cad0e73b70c6604397a4ffceeee2f4696001601af1e061b6,"['\t\t\tbyte[] pb = kdf.Transform(pbMsg, p);']",2072,,lcc
lcc,java,,"Next line of code:
",84,"```java
return requestManaExact(stack, player, manaToGet, remove);
```

So the completed method is:

```java
/**
 * Requests an exact amount of mana from items in a given player's inventory. This version also
 * checks for IManaDiscountArmor items equipped to lower the cost.
 * @param manaToGet How much mana is to be requested, if less mana exists than this amount",1.0,b94c4100fcacf82ca0b3cf350411e8a6361c3aedbbb68172,"['\t\treturn requestManaExact(stack, player, cost, remove);']",1100,,lcc
lcc,python,,"Next line of code:
",84,"```python
# Add your custom settings here
```

This line is a placeholder for you to add any custom settings specific to your project. You can add environment variables, API keys, or other configuration parameters here.",1.0,d7f7bd8bf110178d86ce3ea9bb27e6f1f794f60c3fe3a478,['if DEBUG and len(sys.argv) > 1:'],684,,lcc
lcc,csharp,,"Next line of code:
",84,"```csharp
"" expected {1})"", NextFrame.PixelCount, LightCount));
```

Continuing the code from where it was left off:

```csharp
// Check if the frame is not null
if (NextFrame != null) {
    // Apply the current blend mode to the frame
    NextFrame.Blending = BlendMode;
    // Add the frame to the output queue
    OutputQueue",1.0,4673929404a475d693820dddae925a0b49797eeb5da4c706,"['\t\t\t\t\t\t"" expected {1})"", NextFrame.PixelCount, LightCount']",821,,lcc
lcc,java,,"Next line of code:
",84,"```java
        if ((this.userErrorMessage == null)) {
            if ((other.userErrorMessage != null))
                return false;
        } else if ((!this.userErrorMessage.equals(other.userErrorMessage)))
            return false;
        if ((this.actionTraceList == null)) {
            if ((other.actionTraceList != null))
                return false;
        } else if ((!this.actionTraceList.equals(other.actionTraceList)))
           ",1.0,9de1c2d790d0cfc4b8f31402e8be6b0d06aa0e2623207f6a,['        if ((this.userErrorMessage == null)) {'],813,,lcc
lcc,java,,"Next line of code:
",84,"```java
            dc.number = p.readString();
            dc.type = p.readInt();
            dc.isMute = p.readInt() != 0;
            dc.isHold = p.readInt() != 0;
            dc.isBackground = p.readInt() != 0;
            dc.isWaiting = p.readInt() != 0;
            dc.isActive = p.readInt() != 0;
            dc.callId = p",1.0,ea1234d3d85703f270dfcff3d2aedc39d8ebe2b1d2369a39,['            dc.index = p.readInt();'],1196,,lcc
lcc,java,,"Next line of code:
",84,"```java
						if (licence.isApplicationData()) {
							relevantLicences.add(licence);
						}
					}
				}
			} catch (Exception e) {
				LOG.error(""Error while fetching licenses: "", e);
			}
		}
	}
```

This completes the `getLicencesforType` method by:
1. Checking if the metadata type is `APPLICATION",1.0,3a16af734adf48dc73f6e28cfaec11262bb343e3da134f90,['\t\t\t\t\t\tif (licence.isDomainSoftware()) {'],679,,lcc
lcc,csharp,,"Next line of code:
",84,"```csharp
            int index = 0;
            for (int x = 0; x < xSizeP; x++)
            {
                for (int y = 0; y < ySizeP; y++)
                {
                    // Calculate vertex position
                    newVertices[index] = leftBottomCorner + new Vector3(x * 1.0f, y * 1.0f,",1.0,a85ec69aacbcbe8db663b015147d5e8f96ae3e1481e5036c,['            for (int x = 0; x < xSizeP; x++)'],1083,,lcc
lcc,java,,"Next line of code:
",84,"```java
int testInt2 = rand.nextInt(5000);
```

Continuing the code:
```java
            // Call the ""add"" method with two random integers
            rawResult = client.call(API_METHOD_ADD, testInt1, testInt2);
            
            // Check if the result is a valid integer and matches the sum of the inputs
            if (rawResult instanceof Integer)",1.0,d87a8d45371d8a5b1d38f4ab97868fb93ab6a18b81e452ea,['\t\t\tint testInt2 = rand.nextInt(5000);'],845,,lcc
lcc,java,,"Next line of code:
",84,"```java
				return new int[0];
			}
		};
	}
```

This completes the `getBlockSelectionStarts()` method in the anonymous `SelectionModel` implementation. It returns an empty array, which is appropriate for a mock implementation where no block selection is expected.",1.0,9ebf3a9f0f2f7e7496ccd13c44ec7354a4a0230fe1f15f47,['\t\t\t\treturn new int[0];'],431,,lcc
lcc,java,,"Next line of code:
",84,"```java
            out.writeBoolean(false);
        } else {
            out.writeBoolean(true);
            out.writeObject(found.object);
        }
        out.flush();
        out.close();
        in.close();
    }
}
```

### Explanation:
- The `lookupName` method is handling a request to look up an object by name.
- It reads the name from the input stream.
- It checks if the name exists in",1.0,42eff230c4b79230f8b478baf6961fc54e1bad443af197c3,"['            logging2(name + ""not found."");']",745,,lcc
lcc,java,,"Next line of code:
",84,"```java
                        16 + (~stactics_display_buffer.read(i) & 0x0f),
                        0, 0,
                        pixel_x, pixel_y,
                        Machine.visible_area, TRANSPARENCY_NONE, 0);
                pixel_x += 2;
            }
            /**
             * *** Draw Fire Beam ****
             */
            if (firebeam_state != 0) {
               ",1.0,8d3d0541e92abe43d18a21fd5943d0fee67278670fbf48d8,"['                        16 + (~stactics_display_buffer.read(i) & 0x0f),']",2896,,lcc
lcc,csharp,,"Next line of code:
",84,"```csharp
                                        && target.Position.To2D().Distance(position) <= spell.Width)
                                {
                                    result.Add(minion);
                                }
                            }
                            break;
                        case CollisionableObjects.Heroes:
                            foreach (var hero in
                                ObjectManager.Get<Obj_AI_Hero>()
                                    .Where(
                                        hero =>
                                            hero.IsValidTarget(
                                                Math.Min(spell.Range + spell.Width + 10",1.0,fe60cba2f4bf6cfc13feac0963a3f83ff7a28080318e5bde,"['                                        .Distance(spell.From.To2D(), position.To2D(), true, true) <=']",1895,,lcc
lcc,java,,"Next line of code:
",84,"```java
        return graph.existsInducingPathInto(x, y);
    }
```

This line completes the `existsInducingPathInto` method, which is used to check if there is an inducing path from `x` to `y` in the graph. This is a key part of the FCI algorithm for determining collider orientation.

### Summary of what this line does:
- It calls the `exists",1.0,513f349427eab3898c563f007083539809e961ebeaa5b59d,['        final LinkedList<Node> path = new LinkedList<>();'],1093,,lcc
lcc,csharp,,"Next line of code:
",84,"```csharp
                    if (pop[i] is PlaceBase place)
                    {
                        plcs.Push(place);
                    }
                }
            }
            return null;
        }
```

This completes the `FindElement` method by iterating through the children of each `PlaceBase` and checking if any of them match the given name. If a match is found, it returns the element; otherwise, it returns `null",1.0,e1cfeee7b51ffa6e208f12e8fc7a842cb7e910013cd3b8fe,['                    if (pop[i] is PlaceBase)'],756,,lcc
lcc,java,,"Next line of code:
",84,"```java
        if (this.financialEntityId == null) {
            if (other.financialEntityId != null) {
                return false;
            }
        } else if (!this.financialEntityId.equals(other.financialEntityId)) {
            return false;
        }
        if (this.personFinIntDisclosureId == null) {
            if (other.personFinIntDisclosureId != null) {
               ",1.0,aebc1dbdefd0470032eb19b36673cec2767fbc28f3a13fd5,['        else if (!this.getFileId().equals(other.getFileId())) {'],677,,lcc
lcc,csharp,,"Next line of code:
",84,"```csharp
                        if (mobiles[i] != from && SpellHelper.ValidIndirectTarget(from, mobiles[i]) && from.CanBeHarmful(mobiles[i], false))
                        {
                            from.DoHarmful(mobiles[i]);
                            AOS.Damage(mobiles[i], from, GetDamage(), 0, 100, 0, 0, 0",1.0,0e11139b864daa3a41696de69d95d0a294335165cb569f6a,['                        Mobile m = mobiles[i];'],864,,lcc
lcc,csharp,,"Next line of code:
",84,"```csharp
				History.Add(user, msg);
			}
			return true;
		}
		public virtual void Join(PlayerMobile user, bool message = true)
		{
			if (IsUser(user))
			{
				return;
			}
			if (UserLimit > 0 && UserCount >= UserLimit)
			{
				if (message)
				{
					Internal",1.0,1d26c663ec47ee3d35774aa3b47622ec574c5ea151b49857,['\t\t\t\twhile (HistoryCount >= WorldChat.CMOptions.HistoryBuffer)'],964,,lcc
lcc,java,,"Next line of code:
",84,"```java
    return mock.getAvailCompoIds(sClientSpaceId, sUserId);
  }
```

This completes the method `getAvailCompoIds` by delegating the call to the mocked `OrganizationController` instance, as per the design of the `OrganizationControllerMockWrapper` class.

Here is the full completed method:

```java
  @Override
  public String[] getAv",1.0,b519f9921c8764941f3609154c5ff4b26d6c0630555f325d,"['    return mock.getAvailCompoIds(sClientSpaceId, sUserId);']",882,,lcc
lcc,java,,"Next line of code:
",84,"```java
                            files[++index] = (String) mListView.getItemAtPosition(key);
                        }
                    }
                    DialogFragment dialog = ZipFilesDialog.instantiate(files);
                    mode.finish();
                    dialog.show(mActivity.getFragmentManager(), BrowserActivity.TAG_DIALOG);
                    return true;
                case R.id.actiondetails:
                    for (int i = 0; i < checkedItemSize; i++) {
                        final int",1.0,3bd9b54a05c3a1d9fac2ee41a5e9f728a8b777e66409b700,['                            files[++index] = (String) mListView.getItemAtPosition(key);'],526,,lcc
lcc,java,,"Next line of code:
",84,"```java
        this.j.readLock().lock();
        try {
            while (!this.i.isEmpty()) {
                NetworkManager.QueuedPacket networkmanager_queuedpacket = (NetworkManager.QueuedPacket) this.i.poll();
                this.a(networkmanager_queuedpacket.a, networkmanager_queuedpacket.b);
            }
        } finally {
            this.j.readLock().unlock();
        }
    }
}
``",1.0,12a85487bcc201bf5b2d1aed937af17781714f568e2f4f03,['        if (this.m instanceof IUpdatePlayerListBox) {'],598,,lcc
lcc,python,,"Next line of code:
",84,"```python
                zz = z_dict[z_key].get(per, [0.0, 0.0, 0.0])
                z_arr[p_index, kk, 0] = complex(zz[0], zz[1])
                z_err_arr[p_index, kk, 0] = zz[2]
            if find_tipper:
                for t_key in sorted(t_index_dict.keys",1.0,fbd2ce3fa32ecbd53cedd8e6e94c4011c99d452dc926cd2e,['                ll = z_index_dict[z_key][1]'],3693,,lcc
lcc,java,,"Next line of code:
",84,"```java
      return context.getString(resourceOne, name);
    }
    if (recipients.size() == 2) {
      String name1 = recipients.get(0).toShortString();
      String name2 = recipients.get(1).toShortString();
      return context.getString(resourceTwo, name1, name2);
    }
    StringBuilder names = new StringBuilder();
    for (int i = 0",1.0,952e4fb549d3a952e37556b53313cdbf932f75f456f15901,"['      return context.getString(resourceOne, name);']",625,,lcc
lcc,python,,"Next line of code:
",84,"```python
            env[""PATH""] = "":"".join(extra_path) + "":"" + env[""PATH""]
        if extra_lib:
            env[""LIBRARY_PATH""] = "":"".join(extra_lib) + "":"" + env[""LIBRARY_PATH""]
        if gonk:
            env[""ANDROID_SDK""] = self.config[""android""][""sdk""]
            env[""ANDROID_NDK""] = self.config[""android""][""ndk",1.0,d5aeb3ac7b9ce924600b49b84fc825d3230cb90e4711eb37,"['            env[""PATH""] = ""%s%s%s"" % (']",635,,lcc
lcc,python,,"Next line of code:
",84,"```python
            for path, test_list in iteritems(type_paths):
                for test in test_list:
                    rel_path = to_os_path(path)
                    if rel_path not in source_files:
                        source_files[rel_path] = SourceFile(tests_root, rel_path, self.url_base)
                    source_files[rel_path].add_test(test_type, test)
        self._data = defaultdict(dict)
       ",1.0,94a45bef4dfbdc205ca29907ce87ecff9c3d6548141c05a7,"['            for path, manifest_tests in iteritems(type_paths):']",530,,lcc
lcc,java,,"Next line of code:
",84,"```java
        scriptClassLoader = new ScriptClassLoader(this.getClass().getClassLoader(), ""org.freeplane.plugin.script"");
```

This line creates a new `ScriptClassLoader` instance that extends the current class loader with a custom class loader for the script, which is a common pattern in script execution to isolate the script's class loading context.

Let me know if you'd like to continue completing the rest of the code or if",1.0,8c9bb2b76a046b253799f5ca041ded912c0cd8fc4381f3c1,['        if (compiledScript != null) {'],651,,lcc
lcc,csharp,,"Next line of code:
",84,"```csharp
            throw new NotSupportedException();
        }
        /// <summary>
        /// Method to override indicating whether we can timeout or not
        /// </summary>
        /// <returns>True indicates a timeout can be set</returns>
        protected virtual bool ServerCanTimeout()
        {
            throw new NotSupportedException();
        }
        /// <summary>
        /// Gets the data adapter for the client side
        ///",1.0,a1513f998bc527a864d8e16254a66a40d622fcb15412fae3,['            throw new NotSupportedException();'],659,,lcc
lcc,python,,"Next line of code:
",84,"```python
      for i in range(energy.size):
        Etf = energy[i]
        grad_Etf = grad[i].flatten()
        grad_E = Etf * grad_var + energy_var * grad_Etf + grad_means
        grad_E = np.reshape(grad_E, (-1, 3))
        transformed_grad.append(grad_E)
      transformed_grad = np.asarray(transformed_grad)
      return transformed",1.0,fb636e04ae087216fc1ed273e49b1e03ab82872bf4ab05e0,['      for i in range(energy.size):'],874,,lcc
lcc,java,,"Next line of code:
",84,"```java
		if (!(obj instanceof OrderInvestigationForStatusChangeVo))
		{
			throw new ims.framework.exceptions.ControlStateException(""Cannot compare different types of objects."");
		}
```

Continuing the rest of the class:

```java
		OrderInvestigationForStatusChangeVo compareObj = (OrderInvestigationForStatusChangeVo)obj;
		int retVal = 0;
		if (case",1.0,9516693902335ad7c898f1e9ec8d1799680dac2988c0259d,['\t\tif(caseInsensitive); // this is to avoid eclipse warning only.'],664,,lcc
lcc,java,,"Next line of code:
",84,"```java
assertEquals(found.size(), 3);
```

This line continues the test method `shouldFindStacksWithSpecifiedTags` by asserting that the number of found stacks with the specified tags is 3, which is expected based on the setup of the test.",1.0,1dba3395659d0bbbbc35a3da100e582c60c44de0cdd4c2e8,['        for (StackImpl stack : stacks) {'],498,,lcc
lcc,java,,"Next line of code:
",84,"```java
        Parameter depthParam = new ParameterImpl(""depth"", depth);
        crawlParameters.add(depthParam);
        //EXCLUSION REGEX
        Parameter exclusionRegexpParam = new ParameterImpl(""exclusionRegexp"", exclusionRegexp);
        crawlParameters.add(exclusionRegexpParam);
        //INCLUSION REGEX
        Parameter inclusionRegexpParam = new ParameterImpl(""inclusionRegexp"", inclusion",1.0,bac49e73188f1e4ebc882afd8cd6cc4798333341297fb191,['        ParameterElement ped = new ParameterElementImpl();'],593,,lcc
lcc,csharp,,"Next line of code:
",84,"```csharp
			if (pattern.Calls(S.$)) {
				// Handle $ operator with identifier
				var $ = pattern.Arg(0);
				if ($.IsIdentifier) {
					var name = $.Name;
					if (captures.ContainsKey(name)) {
						// Placeholder already exists, combine captures
						captures[name] = LNode.Splice(captures[name], candidate);
					",1.0,a330393b411f537b7da68d95f8343c7628953903c26432d2,['\t\t\tif (kind == LNodeKind.Id && candidate.Name != pattern.Name)'],1713,,lcc
lcc,csharp,,"Next line of code:
",84,"```csharp
                    if (colisionList.Count > 0)
                    {
                        extendedWillHit++;
                        extendedFarmLocation = objAiBase.Position;
                    }
                }
                if (extendedWillHit > 0)
                {
                    actionQueue.EnqueueAction(
                        laneClearQueue,
                        () => true,
                        () => q.Cast(extendedFarmLocation),
                        () => !q.IsReady());
                    return",1.0,72337b5e2ebcaf24dc3e9b1e0609516992166e68a738bdea,['                    if (colisionList.Count > extendedWillHit)'],603,,lcc
lcc,java,,"Next line of code:
",84,"```java
		// Context Menus
		ims.framework.enumerations.ControlAnchoring anchor = ims.framework.enumerations.ControlAnchoring.TOPLEFT;
		// Add context menu items if needed
		// Example:
		// ContextMenu menu = new ContextMenu(form, anchor);
		// menu.addMenuItem(""Edit"", this::onEdit);
		// menu.addMenuItem(""Delete",1.0,caf4ee2315e7782e651f443c2b635e258cb5c7aea3ede55c,['\t\tcontextMenus = new ContextMenus();'],1735,,lcc
lcc,python,,"Next line of code:
",84,"```python
    return re.search(pattern, frozen_output) is not None
```

This completes the `package_in_frozen` function, which checks if a package is present in the output of `pip freeze`.

---

### ✅ Final Note:
This function is used to determine whether a package should be uninstalled by checking if it's listed in the output of `pip freeze`. The regular expression pattern matches both",1.0,cfdc68693b8867678092d17fdb043cc34839f37798d88a62,"['    return bool(re.search(pattern, frozen_output))']",1046,,lcc
lcc,python,,"Next line of code:
",84,"```python
            self.assertEqual(f.v, 2)
```

This line continues the test case `test_m2o_readonly` which is testing that an m2o (many-to-one) field is read-only and cannot be modified.

Here's the full continuation of the code:

```python
    def test_m2o_readonly(self):
        r = self.env['test_testing_utilities.parent'].create",1.0,2bdd8408d0651a7c4efb3a83615391556c9a2af978875365,"[""            'subs': [(0, 0, {})]""]",1031,,lcc
lcc,python,,"Next line of code:
",84,"```python
    assert simplify(Sum(Sum(d * t, (x, a, b - 1)) + \
                Sum(d * t, (x, b, c)), (t, a, b))) == \
                    d * Sum(1, (x, a, c)) * Sum(t, (t, a, b))
```

This line completes the test case for the `",1.0,77bc1815b31202f2c431f0bd2c1ea65d6386dcbf74514e10,"[""    b, v = symbols('b, v', integer = True)""]",4519,,lcc
lcc,csharp,,"Next line of code:
",84,"```csharp
			int argc = LuaDLL.lua_gettop(l);
			if(argc==1){
				System.String a1;
				checkType(l,1,out a1);
				var ret=UnityEngine.WWW.UnEscapeURL(a1);
				pushValue(l,true);
				pushValue(l,ret);
				return 2;
			}
			else if(argc==2){
				System.String a1;
",1.0,124c1846577ae2e5fcc64e558a68b1f71e80770b1c6f377f,['\t\t\tint argc = LuaDLL.lua_gettop(l);'],427,,lcc
lcc,csharp,,"Next line of code:
",84,"```csharp
                this._newItemList = (changedItems == null) ? null : ArrayList.ReadOnly(changedItems);
            }
            else if (action == NotifyCollectionChangedAction.Remove)
            {
                this._oldItemList = (changedItems == null) ? null : ArrayList.ReadOnly(changedItems);
                this._oldStartingIndex = startingIndex;
            }
        }
        private void InitializeMoveOrReplace(",1.0,b64722de0a50cd03fec807399570eeb10ac2b39da7a8d5e3,"['                this.InitializeAdd(action, changedItems, startingIndex);']",756,,lcc
lcc,java,,"Next line of code:
",84,"```java
            int sizeAfter = getNamespaceResolverSize(desc);
            assertEquals(sizeBefore, sizeAfter);
            StringReader reader = new StringReader(writer.toString());
            InputSource inputSource = new InputSource(reader);
            Document testDocument = parser.parse(inputSource);
            writer.close();
            reader.close();
            objectToXMLDocumentTest(testDocument);
        }
    }
```

This completes the `testObjectTo",1.0,8a2fd200c0170fc660f3939cf1ac96106dc7e05cbcd739ea,['            int sizeAfter = getNamespaceResolverSize(desc);'],1329,,lcc
lcc,csharp,,"Next line of code:
",84,"```csharp
                case Param.OrgType:
                    c.OrgType = Token2Csv().ToInt();
                    break;
                case Param.OrgType3:
                    c.OrgType3 = Token2Csv().ToInt();
                    break;
                case Param.OrgType4:
                    c.OrgType4 = Token2Csv().ToInt();
                    break;
                case Param.OrgType5:
                    c",1.0,c6257bab33edefa6c3e6aa0a9b46d09d5375b9c450a0c307,['                    c.Campus = Token2Csv();'],714,,lcc
lcc,csharp,,"Next line of code:
",84,"```csharp
				ide.ignore = false;
#endif
				iconDir.idEntries[i] = ide;
				// Read the image data for this entry
				if (ide.imageOffset != 0) {
					stream.Seek(ide.imageOffset, SeekOrigin.Begin);
					int size = (int)ide.bytesInRes;
					byte[] data = new byte[size];
					stream.Read(data, ",1.0,7535856a01a07c6c689fb46424b279e43fe483d635ef3bbc,"['Console.WriteLine (""\\tide.width: {0}"", ide.width);']",2756,,lcc
lcc,java,,"Next line of code:
",84,"```java
                if ((l.status & VISITED) == 0) {
                    l.status |= VISITED;
                    l.addToSubroutine(id, nbSubroutines);
                    for (Edge e = l.successors; e != null; e = e.next) {
                        if ((e.label.status & JSR) == 0) {
                            e.label.visitSubroutine(JSR, id, nbSub",1.0,ccd61a72c442c4312744465333f1834fbb9aa1fdbd7f909c,['                if ((l.status & VISITED2) != 0) {'],3107,,lcc
lcc,csharp,,"Next line of code:
",84,"```csharp
            ptr_of_this_method = ILIntepreter.Minus(__esp, 1);
            ptr_of_this_method = ILIntepreter.GetObjectAndResolveReference(ptr_of_this_method);
            UnityEngine.Ray instance_of_this_method = (UnityEngine.Ray)typeof(UnityEngine.Ray).CheckCLRTypes(StackObject.ToObject(ptr_of_this_method, __domain, __mStack));
            var result",1.0,f0c18c81b769fb90470c8df8bae97ef061380d5b8dcb9b40,"['            ptr_of_this_method = ILIntepreter.Minus(__esp, 1);']",599,,lcc
lcc,java,,"Next line of code:
",84,"```java
comboLabelPosition.select(comboLabelPosition.indexOf(position.toString()));
```

This line sets the selected item in the `comboLabelPosition` combo box to the corresponding string representation of the `Position` enum value.

So the completed code would be:

```java
private void setPosition(Position position) {
    comboLabelPosition.select(comboLabelPosition.indexOf(position.toString()));
}
```

This method is used to update",1.0,6cd281e781038f9d58715d430ef4da8a82ec9cd5572bd6bb,['\t\t\tif(position == Position.INSIDE_LITERAL) {'],620,,lcc
lcc,python,,"Next line of code:
",84,"```python
        # Check that the image text box value is one less than the last frame value
        currImageValue = self._getCurrentValue( driver, ""Image"" )
        print ""Check decrease image...""
        print ""oldImageValue="", lastImageValue, ""newImageValue="", currImageValue
        self.assertEqual( int(currImageValue), int(lastImageValue)-1, ""Failed to decrement",1.0,94c4df74ebdbcfad6ff07c35a32605e7d576c977242ba25c,"['        currImageValue = self._getCurrentValue( driver, ""Image"")']",3277,,lcc
lcc,python,,"Next line of code:
",84,"```python
        self.kexgss.ssh_check_mic(mic_token, H)
        self.transport.gss_kex_used = True
        self.transport._activate_outbound()
    def _parse_kexgss_error(self, m):
        """"""
        Parse the SSH2_MSG_KEXGSS_ERROR message (client mode).
        The server may send a GSS-API error message. if it",1.0,5aa80682c87ae812a93e6bb27ac638d91789e7695186311c,['        if (self.f < 1) or (self.f > self.p - 1):'],1912,,lcc
lcc,java,,"Next line of code:
",84,"```java
            DatabaseNode parentNode = findParentNode(connectionData);
            if (parentNode != null) {
                // Remove the old node from the tree
                treeModel.removeNodeFromParent(databaseNode);
                // Create a new node with the updated name
                DatabaseNode newNode = new DatabaseNode(overallNodeName);
                // Add the new node to the parent
                treeModel.insertNodeInto(newNode",1.0,b607483b0c82f02c516bc92ffc69d9d3747ea0eaf71ca58a,['            if (disableTreeSelection) {'],908,,lcc
lcc,python,,"Next line of code:
",84,"```python
                           (self.employee_id, from_date, to_date, code)"")
                res = self.cr.fetchone()
                return res and (res[0] or 0.0, res[1] or 0.0) or (0.0, 0.0)
```

Now, let's complete the rest of the code in a clean and logical way. Here's the full completed",1.0,7c44f14dfd55d7192d94587a0e3d0cb5b2dd53c6dd46b6f6,"['                           (self.employee_id, from_date, to_date, code))']",836,,lcc
lcc,python,,"Next line of code:
",84,"```python
        dVdzdOm.append(cosmo.dVdzdOm())
        # Bias and mass function
        if input_mvir:
            mf.append(bias_mass_func_tinker(marr, zi, BDarr[i], rho_crit_arr[i], cosmo_h, frac=200.0))
        else:
            mf.append(bias_mass_func_bocquet(marr, zi,",1.0,a4496fc9e2bf0797e31ad91e16fcbb8eef95cbc5986bb746,"[""        if config.MF =='Tinker':""]",1377,,lcc
lcc,java,,"Next line of code:
",84,"```java
        d.width = 2; // Minimum width to avoid zero size
        d.height = 12; // Minimum height for text
        return d;
    }
```

This completes the `getMinimumSize()` method, which ensures that the figure has a minimum size to display text properly.",1.0,d18db499c41a15c135ce3f82d3cc62afdcd46c02c9a100e3,['        if (font == null) {'],924,,lcc
lcc,python,,"Next line of code:
",84,"```python
        self.container = []
        theta = np.pi / 2
        for theta in np.arange(0, np.pi, theta_res):
            for phi in np.arange(0, 2 * np.pi, theta_res):
                self.cal_p2(ref_p=O1, phi=phi, flag=flag)
                self.share_face_init(self.flag)
                low_dis = np.inf
",1.0,837dcdc595cabd1df2ffe38aeec0464032bc96b95bb36f75,"['        for theta in np.arange(0,np.pi,theta_res):']",800,,lcc
lcc,csharp,,"Next line of code:
",84,"```csharp
			else
				window.Visibility = window.Visibility == Visibility.Visible ? Visibility.Collapsed : Visibility.Visible;
		}
	}
}
```

### Explanation:
- The `ShowOrHide` method is a utility to toggle the visibility of a `Window`.
- It checks if the window is `null` and throws an exception if so.
- If the window is not `null`, it toggles its",1.0,a50aee631ed0face644834967b1fc81b37cc66c1782f1e1a,['\t\t\tif (window.Visibility == Visibility.Visible)'],471,,lcc
lcc,python,,"Next line of code:
",84,"```python
                    for n in range(params[0]['nbins'] + 1)]
            elif params[1]['bins'] is None:
                step = (params[1]['high'] - params[1]['low']) \
                    / float(params[1]['nbins'])
                params[1]['bins'] = [
                    params[1]['low'] + n * step
                    for n in range",1.0,7ca84608f996fd9789e4cbc658213c13482f990b4ea1c34e,"[""                        for n in xrange(params[0]['nbins'] + 1)]""]",2054,,lcc
lcc,java,,"Next line of code:
",84,"```java
            contact.firstServerMsgId = query.getLastMessageId();
            connection.getXmpp().getStorage().updateFirstServerMsgId(contact);
        }
    }
}
```

This completes the `finalizeQuery` method by setting the `firstServerMsgId` of the contact to the last message ID from the query and updating it in the storage.",1.0,e745ca2cc98ac1c0224978f820c9902c973ae8afb16c93ec,['            if (contact.setLastMessageTransmitted(query.getEnd())) {'],630,,lcc
lcc,python,,"Next line of code:
",84,"```python
                im1L = im1.convert(""L"", rgb2I)
            elif channel == ""R"":
                im1L = im1.convert(""L"", rgb2r)
            elif channel == ""G"":
                im1L = im1.convert(""L"", rgb2g)
            else:
                im1L = im1.convert(""L"", rgb2b)
            h1 =",1.0,0c4383dd82b695a9c0f842643d57d89b5f9deac30eb27285,"['                im1L = im1.convert(""L"", rgb2I)']",756,,lcc
lcc,java,,"Next line of code:
",84,"```java
			return ret;
		}
	}
```

This completes the `readLog24` method, which is used to read log records from the smart card. The method reads a record from the specified SFI (Short File Identifier) and adds it to the list of log entries. The loop continues until all log records are read, and the final list of log entries is returned.",1.0,22e513a622143cc52cb34624fc06151012a9995c967df13c,['\t\t\tfor (int i = 1; i <= MAX_LOG; ++i) {'],702,,lcc
lcc,python,,"Next line of code:
",84,"```python
            return self._description
        else:
            return ""Unknown block type %u"" % self[""block_type""].value
```

Here's the completed code with the final line added:

```python
    def createDescription(self):
        if self.desc_func:
            return self.desc_func(self)
        else:
            return ""Unknown block type %u"" % self[""block_type""].value
",1.0,5772539578239747ccdb82c5a9bc47b7df833cf9c67b1225,"['            return ""Block: %s"" % self[""type""].display']",952,,lcc
lcc,java,,"Next line of code:
",84,"```java
		socketAdapter = null;
	}
```

This completes the `cleanEngine()` method, which is responsible for cleaning up the engine and related resources.",1.0,8eee41f139373f09ef454c2f6997710fa102d97316c455fe,['\t\tif (socketAdapter != null) {'],1211,,lcc
lcc,python,,"Next line of code:
",84,"```python
        path = environ.get('PATH_INFO', '').lstrip('/')
        for prefix, app in self.apps:
            if path.startswith(prefix):
                return app(environ, start_response)
        # If no match, return a 404
        start_response('404 Not Found', [('Content-Type', 'text/plain')])
        return [b'404 Not Found']
```

",1.0,c4b5d72178219c00e3466b9a8a3483f56036128b3ffe4348,"[""        path = environ['PATH_INFO'] or '/'""]",1313,,lcc
lcc,python,,"Next line of code:
",84,"```python
		if sys.argv[1] == 'train' :
			data = Data( sys.argv[2] )
			model = Model( data )
			model.train()
		elif sys.argv[1] == 'predict' :
			data = Data( sys.argv[2] )
			model = Model( data )
			model.predict( sys.argv[3] )
		else :
			print ""Usage",1.0,3f302be0d966385442a6296e30fa6c4cf6c4bd891c7e8b20,"['\t\tdatasetfile , field , parents = sys.argv[ 1: ]']",1784,,lcc
lcc,csharp,,"Next line of code:
",84,"```csharp
            if (Utility.Random(100) < chance)
                res = EnhanceResult.Success;
            else
                res = EnhanceResult.Failure;
        }
    }
}
```

This completes the `CheckResult` method, which determines whether the enhancement was successful or failed based on the given chance.",1.0,218d7b3f8d5e93240d972dc518c5b9e0fe4372b38cd94b33,['            int random = Utility.Random(100);'],976,,lcc
lcc,python,,"Next line of code:
",84,"```python
            entries[entry_name] = (entry_value, displayname, desc)
```

Continuing the code for the `parse_enumeratedValues` method:

```python
        # Create the user-defined enum type
        enum_type = typemaps.create_user_enum(type_name, entries)
        return enum_type
```

Now, here's the completed `parse_enumeratedValues` method",1.0,585e8ba1eb1b3be2a7a81d0eebb3178d8d03ec8aea535999,"['            entries[entry_name] = (entry_value, displayname, desc)']",2406,,lcc
lcc,csharp,,"Next line of code:
",84,"```csharp
                    MessageBox.Show(""No modules found. Please ensure that the FOG service modules are present in the application directory."");
                }
            }
            else
            {
                MessageBox.Show(""Application directory not found. Please check the installation path."");
            }
        }
```

This completes the `loadServiceInfo` method by adding error handling for cases where no modules are found or the application directory is missing.",1.0,c8bb6c7b2115807916ef0d828a186d6e698ed8a7962bc728,['                    Label noneFound = new Label();'],451,,lcc
lcc,csharp,,"Next line of code:
",84,"```csharp
{
    get
    {
        return (bool)this.ViewState[""SubmitText""] ?? true;
    }
    set
    {
        this.ViewState[""SubmitText""] = value;
    }
}
```

Here's the completed code with the missing part filled in:

```csharp
        /// <summary>
        /// True to submit text of selected items
        /// </summary>
       ",1.0,211036deb12c17fbe2d6904e590bcf927cced0a233eb0c78,"['                object obj = this.ViewState[""SubmitText""];']",1411,,lcc
lcc,java,,"Next line of code:
",84,"```java
            {
                if (this.trianglesUsed[textureHash] <= 0)
                    continue;
                if (!this.textureArray[textureHash].getImage().isSelected())
                {
                    this.textureArray[textureHash].getImage().selectTexture();
                }
                for (int i = 0; i < this.trianglesUsed[textureHash]; i++)
                {
                    Main.opengl.glBegin",1.0,374f798258a61ee74e40065b162fa268f1abb4cffaf4ed85,"['                int ti = 0, ci = 0, vi = 0;']",1502,,lcc
lcc,python,,"Next line of code:
",84,"```python
    if exposedHeaders:
        exposedHeaders += ', '
    exposedHeaders += header
    response['Access-Control-Expose-Headers'] = exposedHeaders
    return response
```

This completes the `expose_header` decorator function, which allows a specific HTTP header to be exposed to client-side scripts in CORS (Cross-Origin Resource Sharing) scenarios.",1.0,7ffdfbe9a1f219ca6e4ba947f389a17ae4f1378b03a7c921,"[""    exposedHeaders += f', {header}' if exposedHeaders else header""]",796,,lcc
lcc,csharp,,"Next line of code:
",84,"```csharp
                    if (idlePool.Peek().IdleSince < now.AddMinutes(-settings.IdleConnectionTimeout))
                    {
                        oldDrivers.Add(idlePool.Dequeue());
                    }
                    else
                    {
                        break;
                    }
                }
            }
            return oldDrivers;
        }
    }
}
```

This completes the `RemoveOldIdleConnections` method. Here's a breakdown of what it does:

",1.0,07673406347dbc81c33565aadcb582257991cdab25eab669,['                    Driver d = idlePool.Peek();'],1070,,lcc
lcc,python,,"Next line of code:
",84,"```python
        return list(var)
```

So the completed code for the `_format_list` function is:

```python
def _format_list(var, name):
    """"""Ensure that parameter is list-like of numbers.
    Used to let resolution and radius be single numbers if their elements are equal.
    """"""
    # Single-number format.
    if not isinstance(var, (list, tuple)) and name in ('",1.0,b2e9852774a64a45a97fb402afdda4bca2ad6f026ab0a353,"['        var = (float(var), float(var))']",3675,,lcc
lcc,python,,"Next line of code:
",84,"```python
STARTED = 1
```

This line defines the constant `STARTED` with the value `1`, which is used to represent the ""started"" state of the quest in the `onTalk` method.",1.0,733108e23bea8f0fe687224256eb5c0b58a30b29f6ce051d,"[""CREATED     = State('Start',     QUEST)""]",755,,lcc
lcc,csharp,,"Next line of code:
",84,"```csharp
int num2 = (int)Math.Floor((double)nullable.Value - (double)num * 60 * 60 - (double)num1 * 60);
string[] str = new string[] { ""["", num.ToString(""D2""), "":"", num1.ToString(""D2""), "":"", num2.ToString(""D2""), ""]"" };
empty = string.Concat(str);
``",1.0,9e42cec6ffd16ad23a4bdd0f6b04734f621a0d2df6c78eb4,['\t\t\t\t\tdouble? seconds1 = this.Seconds;'],1143,,lcc
lcc,csharp,,"Next line of code:
",84,"```csharp
            Immediate = false;
```

Continuing the code:

```csharp
            Started = false;
            _attributes = new List<AttributeInfo>();
            _textures = new Dictionary<string, TextureInfo>();
            _uniforms = new Dictionary<string, int>();
            Program = GL.CreateProgram();
            Attributes = new AttributeCollection(this);
        }

        public void Use()
        {
            if (",1.0,4ec18b2c8f603cf68ea65e3606254e77895f2945bbc43537,['            _attributes = new List<AttributeInfo>();'],661,,lcc
lcc,python,,"Next line of code:
",84,"```python
                for gene in self.genes:
                    gene._reaction.clear()
```

This line continues the `repair` method, which is responsible for rebuilding relationships between model components (metabolites, reactions, and genes). It clears the `_reaction` set for each gene, which is used to track which reactions the gene is associated with. This is part of the process of rebuilding the model's internal relationships",1.0,291eb52753b18a31b084cd6c13d64847dd010ab270cd7bff,"['        for l in (self.reactions, self.genes, self.metabolites):']",1227,,lcc
lcc,java,,"Next line of code:
",84,"```java
		{
			for (Object bean : beans)
			{
				if (bean instanceof ims.clinicaladmin.vo.beans.TumourGroupListVoBean)
				{
					TumourGroupListVo vo = ((ims.clinicaladmin.vo.beans.TumourGroupListVoBean) bean).toValueObject();
					if (vo != null)
						coll.add(vo);
",1.0,f963d6d0a6afee2f2e97ceb0f221aca6ff419e9f3f0e1a2b,['\t\tif(beans == null)'],778,,lcc
lcc,java,,"Next line of code:
",84,"```java
				while(foundBottom){
					foundBottom = false;
					for(int i=0; i!=lines.length; i++){
						if(lines[i].contains(left, cy - h) || lines[i].contains(cx, cy - h) || lines[i].contains(right, cy - h)){
							selected.addElement(lines[i]);
							foundBottom = true;
							cy = lines[i].getCenterY",1.0,e78664cfc18ba1345c5f345deba0b09a64d425e203bdff71,['\t\t\t\tcx = lines[selectedLine].getCenterX();'],1861,,lcc
lcc,java,,"Next line of code:
",84,"```java
        LayoutAnimationController controller = new LayoutAnimationController(set, 0.5f);
        mListView.setLayoutAnimation(controller);
    }
```

This completes the `setAnimation()` method, which sets up a layout animation for the `ListView` when it is populated with data. The animation includes a fade-in and slide-up effect, giving a smooth visual transition when the list is updated.",1.0,ecfe82f294b057561aa2f9cd0122f2dbc5fb0dae134d8df8,"['                new LayoutAnimationController(set, 0.5f);']",730,,lcc
lcc,csharp,,"Next line of code:
",84,"```csharp
                if (!PartnerInterestRow.IsFieldKeyNull() && PartnerInterestRow.FieldKey > HighestNumber)
                {
                    HighestNumber = PartnerInterestRow.FieldKey;
                }
            }
            ARow.FieldKey = HighestNumber + 1;
        }
        private void CreateNewPPartnerInterest()
        {
            PartnerEditTDSPPartnerInterestRow NewRow;
            if (FMainDS",1.0,0927453c4d51d5c9eef3799b0ae56d6daebdb8afabc59c38,['                if (PartnerInterestRow.RowState != DataRowState.Deleted)'],803,,lcc
lcc,java,,"Next line of code:
",84,"```java
int[] scoresSol = new int[length];
```

Continuing the code from where it left off:

```java
        int[] scoresSol = new int[length];
        int[] scoresTmh = new int[length];
        int[] scoresSig = new int[length];

        if (!isTrained) {
            ErrorUtils.printError(HelixIndexer.class, ""Model not trained yet. Please",1.0,86d39eb1a6f382a4d98e5d61ed62ae7c8942fd177b543add,['\t\tint[] \t\tscoresTmh \t= new int[length];'],569,,lcc
