answer_prefix,_id,predicted_answer,compression_ratio,language,dataset,all_classes,task,question,answers,length,max_new_tokens
Summary:,0cd7b0bfc70d78aa6805925975d9fb26b281c482ff482b7c,"  

Mikhail Kalashnikov, the inventor of the iconic AK-47 assault rifle, passed away in December 2013 at the age of 94. Throughout his life, Kalashnikov was celebrated for his engineering achievements, with over 100 million AK-47 rifles produced worldwide. His design, known for its simplicity, reliability, and affordability, became one of the most widely used weapons in history. However, in his later years, Kalashnikov expressed deep moral and spiritual conflict over the weapon’s impact.  

In May 2012, just months before his death, Kalashnikov wrote a heartfelt letter to Patriarch Kirill of the Russian Orthodox Church, expressing guilt over the lives lost due to his invention. He questioned whether he, as a Christian, was responsible for the deaths caused by his rifle. The letter, typed on his personal paper and signed with a trembling hand, revealed a man grappling with the consequences of his creation. Kalashnikov had previously denied responsibility for the weapon’s use, blaming the policies of other nations that acquired the rifle.  

Despite his initial reluctance to accept guilt, the letter marked a significant shift in his perspective. Kalashnikov, who had been a devout atheist during his Soviet era, reportedly converted to Christianity in his later years. His daughter, Elena, suggested that a priest may have helped him draft the letter, which was later published in the pro-Kremlin newspaper *Izvestia*. The Russian Orthodox Church responded to the letter, affirming that weapons used to protect the homeland are justified, and that Kalashnikov’s design was intended for defensive purposes, not for terrorism.  

Kalashnikov’s funeral, attended by Russian President Vladimir Putin, highlighted his national significance. While he was honored with numerous state awards, including the Order of Lenin, he remained largely indifferent to the financial success of his invention. His legacy remains complex—celebrated as a military innovator, yet haunted by the moral weight of his creation. The AK-47, now a symbol of both power and conflict, continues to shape global history, a testament to the enduring impact of Kalashnikov’s work.",1.0,en,multi_news,,multi_news,"Now, write a one-page summary of all the news.

","['In our own obituary of AK-47 inventor Mikhail Kalashnikov last month, we included this quote: The rifle was invented ""for the protection of the Motherland,"" he said. ""I have no regrets and bear no responsibility for how politicians have used it."" It turns out ""no regrets"" might not have exactly been true. The AFP picks up a report from Russia\'s Izvestia that Kalashnikov penned a letter to the head of the Russian Orthodox Church nine months before his December death in which he wrote of ""unbearable ... spiritual pain"" and asked about his culpability. It contains this line: ""I keep having the same unsolved question: if my rifle took away people\'s lives, then can it be that I ... am guilty for people\'s deaths, even if they were enemies?"" AFP notes that Izvestia ran a copy of the letter, which is typed on Kalashnikov\'s personal stationery and signed ""with a wavering hand."" A rep for Patriarch Kirill confirms that the letter was sent, and says the church leader wrote a reply—one that very may well have calmed his fears. Says the rep, ""The Church has a very definite position: when weapons serve to protect the Fatherland, the Church supports both its creators and the soldiers who use it."" But the BBC notes that it\'s not clear whether every word came from Kalashnikov: Izvestia reports that his daughter believes a priest helped him write the letter.']",1377,532
Summary:,82cafb9831bcafa681b45205a34677e2bf6b6c2fb992649f,"  

On November 1, 2013, a shooting incident occurred at Los Angeles International Airport (LAX), resulting in the death of Transportation Security Administration (TSA) officer Gerardo Hernandez and injuries to several others. The incident began when Paul Ciancia, 23, entered Terminal 3 with a duffel bag containing an assault rifle. He opened fire, reportedly motivated by a desire to ""kill TSA"" and express dissatisfaction with security procedures. Ciancia was shot four times by airport police and taken into custody. He remains in fair condition at a hospital, with doctors assessing his fitness for court proceedings.  

Hernandez, who was shot in the chest during the attack, was left bleeding on the ground for over 30 minutes before being transported to an ambulance. Despite the presence of paramedics nearby, the terminal was not declared safe for entry by police, delaying medical attention. Law enforcement officials are investigating whether poor coordination between agencies contributed to the delay in treating Hernandez and other victims.  

The incident has raised concerns about the response protocols during active shooter situations. While modern training emphasizes rapid intervention to stop the threat, there is also a growing recognition of the need for immediate medical care to victims. Dr. Lawrence Heiskell, an emergency physician and former police officer, highlighted the importance of basic first aid in such scenarios.  

The Los Angeles Police Department (LAPD) has been criticized for its lack of compliance with first aid and CPR training requirements. An audit revealed that only 250 officers out of over 9,900 had received the necessary refresher training. In contrast, airport police are trained to provide immediate medical assistance.  

In the aftermath of the shooting, a public memorial service was held in honor of Hernandez, the first TSA officer to be killed in the line of duty. The incident has sparked broader discussions about interagency coordination, emergency response protocols, and the balance between securing the public and providing timely medical care during crises.  

As the investigation continues, officials are working to determine the full extent of the failures that led to Hernandez's death and to implement reforms to prevent similar incidents in the future.",1.0,en,multi_news,,multi_news,"Now, write a one-page summary of all the news.

","['Unnamed officials say TSA officer Gerardo Hernandez lay bleeding for 33 minutes at LAX before being taken to an ambulance. For 28 of those minutes, alleged shooter Paul Ciancia was in police custody, though officers hadn\'t yet declared the area safe to enter. Officers checked on Hernandez, who was just 20 feet from an exit, then moved on while paramedics waited 150 yards away, the AP reports, noting it\'s not clear if immediate attention might have saved Hernandez\'s life. Now under review: the conversations took place between police and fire commanders to determine when it was safe enough to enter, and whether paramedics could have gone into the terminal earlier. While an officer who checked on Hernandez about 5 minutes after he was shot told numerous officers he was dead, the AP reports that it\'s not known whether that officer had the training needed to make that determination; no first-aid was administered. ""I basically think there\'s a lack of coordination between entities at this airport. That lack of coordination may have led to something that shouldn\'t have happened,"" an LAX employee says. ""We may be talking about Officer Hernandez as a survivor."" The results of the investigation could be months away, the AP adds. Ciancia was on Tuesday upgraded from critical to fair condition at UCLA Medical Center.']",1422,532
Summary:,2e5eae4e8ae651f706cfaee0918b5da3fede2e742d98f71c,"  

In late July 2013, European Union foreign policy chief Catherine Ashton met with deposed Egyptian President Mohamed Morsi, marking the first time he had engaged with an independent official since his military-led ouster on July 3. The meeting, which took place in an undisclosed location, was described as a ""friendly and open"" conversation, with Ashton confirming that Morsi was in good health and had access to television and newspapers. This marked a significant development, as it was the first public information about Morsi's condition from a source outside the military in over a month.  

Ashton's visit followed a period of intense political and social unrest in Egypt, including violent clashes between security forces and Morsi's supporters, which resulted in the deaths of approximately 80 demonstrators. Morsi, who was removed from power by the military, has been held incommunicado since his ouster and is currently under investigation for alleged crimes including espionage and murder. His supporters, particularly within the Muslim Brotherhood, have dismissed these charges as politically motivated.  

During her two-day visit to Cairo, Ashton met with a range of Egyptian political figures, including interim leaders, military officials, and representatives from both pro-Morsi and anti-Morsi factions. She emphasized the EU's commitment to supporting Egypt's democratic transition, while stressing that the country's future should be determined by its own people.  

Ashton also met with Egypt's interim vice president, Mohamed ElBaradei, a former Nobel laureate and key figure in the country's political landscape. ElBaradei acknowledged Morsi's shortcomings in governance but expressed a willingness to include Muslim Brotherhood members in the country's political process.  

The meeting with Morsi was seen as a potential step toward a political resolution to Egypt's ongoing crisis. However, the Muslim Brotherhood and its allies have called for Morsi's reinstatement, arguing that any political solution must include his return to power and the restoration of the constitution and parliament that were enacted under his leadership.  

U.S. Defense Secretary Chuck Hagel also engaged with Egyptian military commander Gen. Abdel Fatah al-Sissi, urging restraint in dealing with protesters and advocating for an inclusive reconciliation process.  

Overall, Ashton's visit underscored the international community's interest in facilitating a peaceful and democratic transition in Egypt, while also highlighting the deep divisions within the country's political landscape. The situation remains highly volatile, with significant implications for Egypt's future governance and stability.",1.0,en,multi_news,,multi_news,"Now, write a one-page summary of all the news.

","['Under circumstances that sound straight out of a Le Carre novel, Mohamed Morsi has met with an outsider for the first time since being dumped by Egypt\'s military, holding a midnight meeting with the European Union\'s top diplomat at an ""undisclosed location"" last night, the Wall Street Journal. Though many have feared for Morsi\'s well-being after almost a month in captivity, Catherine Ashton, the EU\'s foreign affairs and security policy chief, reports that he is well and has access to TV and newspapers, Reuters reports. The pair had a ""very long and in-depth conversation,"" Ashton says. Ashton, who has met with several other Egyptian political figures while in the country, says she wasn\'t there to help Morsi break out, but rather to facilitate discussions toward a peaceful end to the country\'s political unrest, the Washington Post reports. ""First of all, we are here to help. We are not here to impose,"" she says. ""The people of Egypt will determine their own future."" But will Morsi play ball? ""He\'s a very proud man,"" says a source close to the former leader, per the Journal. ""I think the idea of doing anything on (the) army\'s terms will not work with him.""']",1480,532
Summary:,3a7faeaefe15b8c33d9120f97591dfdad212b0778e2b830b,"  

Recent news highlights a series of developments in the Middle East, particularly concerning the ongoing conflict in Syria and the U.S. military's response. The U.S. Navy has adjusted its operational plans, postponing a scheduled port call in Naples, Italy, for a destroyer. This decision was made to keep the ship in proximity to a second destroyer, ensuring it remains within striking distance of Syria. Pentagon officials emphasized that the move was not in response to specific orders from Washington, but rather a strategic adjustment. Both destroyers are equipped with Tomahawk cruise missiles, which could be deployed quickly in the event of military action against Syria.

Meanwhile, Russia has called on Syrian President Bashar al-Assad to allow United Nations investigators access to the area near Damascus where a recent attack was reported. However, U.S. and other foreign diplomats suggest that this request does not signal a change in Russia’s support for Assad or its opposition to potential Security Council measures against Syria. Russian officials have instead accused the Syrian opposition of staging the attack as a provocation, citing online reports that criticized government troops before the incident. A Russian foreign ministry spokesperson, Aleksandr K. Lukashevich, claimed the attack was premeditated and called for the Syrian opposition to cooperate with the investigation.

There is also a potential confusion regarding the timing of the attack, as some reports suggest that the event occurred on Wednesday in Syria, but the time stamp on a related YouTube video was based on California time, which was still Tuesday. This discrepancy has raised questions about the accuracy of the information being shared.

In addition, U.S. intelligence agencies have reportedly detected activity at known chemical weapons sites in Syria prior to the attack. Administration officials suggest this activity may have been preparation for the attack, raising concerns about the use of chemical weapons in the conflict. The Syrian government has not yet commented on these reports.

Overall, the situation in Syria continues to be a focal point of international concern, with the U.S. military preparing for potential action, Russia maintaining its support for the Assad regime, and the use of chemical weapons remaining a critical issue for global security.",1.0,en,multi_news,,multi_news,"Now, write a one-page summary of all the news.

","[""A government backed by Russia is accused of killing its own civilians. That applies not only to the current situation in Syria but to the 1999 situation in Kosovo. And as the New York Times reports, top US officials are keeping Kosovo very much in mind as they weigh their options. President Obama would likely never get the approval of the UN Security Council for a military response because of Russia's veto power. When Bill Clinton was in the same boat in 1999, he turned to NATO and got its blessing for 78 days of airstrikes. “It’s a step too far to say we’re drawing up legal justifications for an action, given that the president hasn’t made a decision,” a government official tells the Times. “But Kosovo, of course, is a precedent of something that is perhaps similar.” Obama was meeting today with national security aides to determine next steps if the US concludes that Bashar al-Assad used chemical weapons. (Assad in turn accused the rebels of doing the same today.) Meanwhile, the US Navy is keeping two destroyers positioned in the Mediterranean in case the green light is given for a cruise-missile attack, reports the Wall Street Journal.""]",626,532
Summary:,3c382dfa0b8fe302ceead369a782680ad9e36897e99ee903,"  
The high-profile gender discrimination case between former Kleiner Perkins partner Ellen Pao and the venture capital firm has reached a critical legal juncture. Pao, who previously served as a partner at Kleiner Perkins, sued the firm in 2012, alleging that her career was unfairly derailed due to her gender. The case, which drew significant public and media attention, culminated in a March 2015 jury trial where the court ruled in favor of Kleiner Perkins, clearing the firm of the allegations.  

Following the verdict, Kleiner Perkins has now filed a court request seeking to recover approximately $972,814 in legal costs, including expert witness fees. The firm has also proposed a settlement deal: if Pao chooses not to appeal the decision, Kleiner Perkins will waive its claim for legal costs. This offer has been presented to Pao’s legal team, which is currently considering its options.  

Pao, who is now the interim CEO of Reddit, had previously argued that her professional standing at Kleiner Perkins declined after she ended a brief relationship with a partner, which she claimed led to retaliatory actions. However, jurors reportedly focused on Pao’s performance reviews, which were described as increasingly negative, undermining her claims of gender-based discrimination.  

Kleiner Perkins has also revealed that it had previously attempted to settle the case out of court, offering Pao $964,502 in 2014. Pao’s legal team did not respond to the settlement offer, and the case proceeded to trial.  

Legal experts have noted that Kleiner Perkins’ approach—seeking reimbursement for legal costs while offering to drop the claim if Pao forgoes an appeal—reflects a common strategy in employment litigation when the defendant prevails. However, some legal analysts have criticized the firm’s public stance as overly punitive, suggesting that a more conciliatory approach might have been more effective in maintaining the firm’s public image.  

The case has sparked broader discussions about gender inequality in the technology industry, with many viewing it as a pivotal moment in the ongoing conversation about diversity and inclusion in Silicon Valley. As Pao’s legal team weighs its next steps, the outcome of this case could have lasting implications for both the firm and the broader landscape of employment law in the tech sector.",1.0,en,multi_news,,multi_news,"Now, write a one-page summary of all the news.

","[""Even though Ellen Pao lost her gender-discrimination suit against a former employer, she's still widely hailed as a hero for bringing the boys' club atmosphere of Silicon Valley under a microscope. But now she's got a tough choice on her hands: The venture-capital firm she sued, Kleiner Perkins Caufield & Byers, says she owes almost $1 million in legal fees—but it will drop its pursuit of the money if she doesn't appeal last month's ruling, reports the Wall Street Journal. Pao's attorneys say they will have a decision in a few weeks. Kleiner Perkins says it offered Pao about $1 million as a settlement before the trial began, but received no response from her legal team. Because of that offer, the company can now go after Pao for expensive witness fees, explains the New York Times. One factor that will surely weigh on the decision: A review of previous cases suggests that Pao has only a slim chance of winning on appeal, reports Reuters.""]",1166,532
Summary:,cf88a8491dd60e29cc2556f7b7083eb1e90e7023afa242a2,"  

Recent news has highlighted the ongoing controversy surrounding Rush Limbaugh, a prominent conservative radio host, and the broader implications of his rhetoric on both public discourse and corporate advertising. The situation escalated following Limbaugh's widely criticized remarks about Georgetown University student Sandra Fluke, a topic that sparked national debate over contraception and women's rights. In response to these comments, a significant number of advertisers have distanced themselves from Limbaugh's show, signaling a growing concern over the content of his broadcasts.

According to reports, over 98 advertisers have informed Premiere Radio Networks, the syndicator of Limbaugh's show, that they wish to avoid advertising during segments that are deemed offensive or controversial. This exodus includes major brands such as Ford, General Motors, Toyota, Allstate, Geico, Prudential, State Farm, McDonald's, and Subway. These companies have reportedly requested that their advertisements be scheduled during programming that does not include content they consider inflammatory or inappropriate.

The shift in advertising strategy reflects a broader trend in corporate America, where companies are increasingly mindful of their public image and the potential backlash associated with associating with controversial figures. This move has also been influenced by the public outcry over Limbaugh's comments, which were perceived as misogynistic and inflammatory.

In a related development, Saturday Night Live (SNL) addressed the controversy in a satirical sketch that portrayed Limbaugh as a disgruntled radio host facing the fallout from his remarks. The sketch, which featured Taran Killam in the role of Limbaugh, included a number of absurd and exaggerated sponsors, such as ""Depends for Racists,"" highlighting the absurdity of the situation. While the sketch was praised for its humor, it also underscored the growing public disapproval of Limbaugh's rhetoric.

The controversy surrounding Limbaugh has not only affected his professional standing but has also raised questions about the role of media in shaping public opinion and the ethical responsibilities of public figures. As the debate continues, the impact of Limbaugh's comments on both the political landscape and the advertising industry remains a subject of significant discussion.",1.0,en,multi_news,,multi_news,"Now, write a one-page summary of all the news.

","['Rush Limbaugh may be bleeding sponsors—one count now has the number fleeing his show up to 98—because of his ""slut"" comment, but Saturday Night Live had some suggestions last night about who might fill the advertising void. A few of the highlights, as per Mediaite: Misaki Dolphin Poppers: ""Start your day off right, with bits of dolphin."" Depends for Racists: ""If you pee a little every time you see a Mexican, you need Depends for Racists."" Schoder\'s fake rape whistles: ""Help is not on the way."" Syria Tourism Board: Because, ""Ah! No! There\'s nowhere to hide!""']",495,532
Summary:,8ad91bc1637b400cca59acc79bd17b2f2946d969437362aa,"  

Recent news highlights a series of political and legal developments involving public figures and their actions. At the center of the coverage is Greg Gianforte, the newly elected Montana congressman, who was involved in a controversial incident where he body-slammed a reporter, Ben Jacobs, during a campaign event. Gianforte pleaded guilty to a misdemeanor assault charge and was sentenced to 180 days of deferred probation, 40 hours of community service, 20 hours of anger management, a $300 fine, and a $85 court fee. He has since apologized to the journalist and pledged to donate $50,000 to the Committee to Protect Journalists, in an effort to make amends.  

The incident occurred the night before Gianforte’s congressional election, which he ultimately won. His actions sparked significant public and media backlash, with many condemning the assault and calling for accountability. However, the situation took a more complex turn when former President Donald Trump publicly defended Gianforte’s actions, calling the incident a “tremendous success” and praising Gianforte as a “great person” and “tough cookie.” Trump’s comments drew sharp criticism from the White House Correspondents’ Association, which condemned his support for the violent act against a journalist.  

The controversy surrounding Gianforte’s behavior is further intertwined with Trump’s broader political agenda. Trump, who is actively campaigning to unseat Democratic Senator Jon Tester in a closely contested race, has used the incident to bolster his narrative. Tester, a moderate Democrat, has been a target of Trump’s ire due to his role in the controversy involving White House physician Ronny Jackson, who was implicated in a failed nomination to the Department of Veterans Affairs. Trump has framed the election as a battle over “law and order,” “the caravan,” and “common sense,” while also making off-script remarks about the First Lady’s hat and other unrelated topics.  

Despite the high-profile nature of the race, many voters in Montana remain focused on local issues rather than the national political drama. The election has become one of the most expensive in the state’s history, with millions of dollars spent on advertising and campaigning. While Tester maintains a slight lead in the polls, the race remains highly competitive, with both sides vying for the support of a diverse electorate.  

In addition to the political and legal developments, the news also includes several tweets with location information, which are standard features of social media platforms. These tweets, while not directly related to the other stories, reflect the broader digital landscape in which public figures and political events are often discussed and shared.",1.0,en,multi_news,,multi_news,"Now, write a one-page summary of all the news.

","['""Any guy that can do a body-slam, he\'s my guy,"" President Trump shouted to a cheering Montana audience Thursday night as he simulated slamming someone to the ground, then noting, ""I shouldn\'t say that."" Trump was discussing Rep. Greg Gianforte, who assaulted Guardian reporter Ben Jacobs last year during the special election for the House seat vacated by Ryan Zinke, a misdemeanor assault to which he pleaded guilty and completed community service and an anger management class. Trump said after the incident, he feared Gianforte had blown his chance at the congressional seat. ""I said, \'Oh, this is terrible, he\'s gonna lose the election,\'"" Trump recounted. ""Then I said, \'Well, wait a minute—I know Montana pretty well. I think it might help him.\' And it did."" Trump was in Big Sky Country stumping for Matt Rosendale in his race for Democrat Jon Tester\'s Senate seat. Reaction came quickly: John Mulholland, US editor of the Guardian, put out a statement after the rally blasting Trump\'s words as ""an attack on the First Amendment,"" asking for an apology and adding, ""In the aftermath of the murder of Jamal Khashoggi, it runs the risk of inviting other assaults on journalists both here and across the world."" ABC News reports on what the Toronto Star\'s Daniel Dale calls the ""most significant"" and ""truly horrible"" moment in the rally: ""The president is gleefully applauding violence against a journalist."" Trump also praised Gianforte as ""smart"" and then advised the crowd to ""never wrestle him."" (Trump seems to acknowledge Khashoggi is dead.)']",1550,532
Summary:,d85214d7a1d4e7baee46ea5ab26fbf01211116e0d19b9ee3,"  
Recent studies have revealed that cigarette smoke not only harms human health but also enhances the virulence of antibiotic-resistant bacteria, particularly MRSA (Methicillin-resistant Staphylococcus aureus). Researchers at the University of California, San Diego School of Medicine, led by Dr. Laura E. Crotty Alexander, have found that exposure to cigarette smoke extract significantly increases MRSA's resistance to the body's immune defenses, making it more dangerous to humans.

In laboratory experiments, MRSA bacteria exposed to cigarette smoke showed increased resistance to reactive oxygen species, which are used by immune cells like macrophages to kill pathogens. Additionally, these bacteria became more resistant to antimicrobial peptides, which normally help break down bacterial cell walls. The study also found that MRSA exposed to cigarette smoke adhered more effectively to human cells, facilitating deeper infection and greater survival.

Importantly, the research indicates that the effects of cigarette smoke on MRSA are dose-dependent, with higher exposure leading to stronger resistance. This is a critical finding, as it suggests that smoking may not only harm the smoker but also contribute to the spread and severity of bacterial infections in others.

The study also compared the effects of cigarette smoke and e-cigarette vapor on MRSA. While both forms of vapor altered the bacteria's cell structure, cigarette smoke had a far greater impact, increasing resistance by up to 10 times more than e-cigarette vapor. This highlights the potential risks associated with traditional cigarette use compared to vaping.

Furthermore, the research team observed that the resistance effects persisted for up to 24 hours after exposure, suggesting that the changes in bacterial structure may be heritable or long-lasting. In mouse models, MRSA exposed to cigarette smoke was significantly more lethal, leading to higher mortality rates compared to unexposed bacteria.

These findings add to the growing body of evidence that cigarette smoke can act as a ""stressor"" for bacteria, triggering adaptive responses that enhance their survival and pathogenicity. This dual effect—harming the smoker while also aiding harmful bacteria—underscores the importance of smoking cessation not only for personal health but also for public health, particularly in reducing the spread of antibiotic-resistant infections.

The study, published in the journal *Infection and Immunity*, was supported by the U.S. Department of Veterans Affairs and involved a team of researchers from UC San Diego and other institutions. It contributes to a broader understanding of how environmental factors can influence microbial behavior and disease progression.",1.0,en,multi_news,,multi_news,"Now, write a one-page summary of all the news.

","['Superbugs such as MRSA are already bad enough. But it turns out that something can make them even nastier: cigarette smoke. Researchers found that antibiotic-resistant bacteria exposed to the smoke became more aggressive and far more difficult to kill, they explain at Eureka Alert. It\'s almost as if the smoke sets off an alarm that causes the bacteria to strengthen its defenses, explains the Union-Tribune of San Diego. Scientists made the discovery by exposing immune cells to two different batches of MRSA, one normal and one treated with cigarette smoke extract. The bigger the dose of smoke, the bigger the effect, notes Medical Daily. ""We already know that smoking cigarettes harms human respiratory and immune cells, and now we\'ve shown that, on the flipside, smoke can also stress out invasive bacteria and make them more aggressive,"" says lead author Laura Crotty Alexander of UC San Diego. It\'s a double-whammy: Smokers already have weakened immune systems that make them more susceptible to infectious diseases, and the smoke they inhale seems to make invading pathogens even more dangerous. In this study, the smoke helped MRSA survive longer and kill more mice with pneumonia. (The latest antibiotic-resistant bug to make headlines is a nasty stomach virus.)']",1487,532
Summary:,3b5368b348fce578138b895df499567d7ca6eec71d0d9473,"  
On January 23, 2017, Fabio Sementilli, a renowned hairdresser and executive at Coty Inc., was found dead in his Woodland Hills, California home. The 49-year-old was discovered by his wife and daughter on the patio of their gated residence, where he had been brutally stabbed multiple times in the face, neck, and upper body. He was pronounced dead at the scene. The Los Angeles Police Department (LAPD) is investigating the incident, which is believed to have involved two suspects who may have broken into the home and fled in Sementilli’s black 2008 Porsche 911 Carrera, which was later reported missing.

Sementilli, a Canadian-born figure in the beauty and hair industry, had a long and influential career. He served as Vice President of Education for Wella, a subsidiary of Coty Inc., and was known for his mentorship of thousands of hairdressers. He was also a respected figure in the industry, known for his positive attitude, leadership, and commitment to giving back. His death has left a profound impact on the global hairdressing community, with colleagues and friends expressing deep sorrow and loss.

Neighbors and local residents have provided valuable information to the investigation, including footage from security cameras. One resident, Michael Geyer, reported that detectives reviewed video from his home, which captured activity around the time of the incident. The neighborhood, known for its upscale environment, has seen an increase in crime, prompting some residents to install security systems.

Sementilli’s death has also sparked discussions about the safety of the area and the importance of community support in investigations. His legacy as a mentor, leader, and positive influence continues to be celebrated, with many remembering him for his kindness, vision, and dedication to the beauty industry. The LAPD is still seeking any information that could help solve the case, and the community remains deeply affected by the tragic loss of a beloved figure.",1.0,en,multi_news,,multi_news,"Now, write a one-page summary of all the news.

","['One of the most renowned hairstylists in Los Angeles was murdered on Monday by intruders who made their getaway in his Porsche, police say. Fabio Sementilli was stabbed several times and was found on his home\'s patio by his wife and daughter, CBS Los Angeles reports. Paramedics were called but the 49-year-old was bleeding profusely and died at the scene. Police say the Canadian-born hairstylist\'s 2008 Porsche 911 Carrera was missing from the scene and they believe it was stolen by two men who broke into the upscale Woodland Hills home and attacked Sementilli. Police aren\'t sure whether the murder was random or a targeted attack, the AP reports. Sementilli gained international recognition during his 30 years as a hairstylist and also served as an exec at companies including Wella, the Los Angeles Daily News reports. He was ""recognized as an exceptional stylist, educator, and visionary,"" Wella said in a statement that describes him as ""an icon in the hairdressing industry."" A post at Modern Salon says he was a VP of education for cosmetics company Coty, adding that he ""mentored tens of thousands of hairdressers with a hands-on approach either on a one-to-one basis or on a grander scale."" (This man was murdered just two months after President Obama commuted his sentence.)']",2237,532
Summary:,6ad28d1ca4f136c6c60610ed1ccdacaf3a6708d9c74d68bb,"  

A recent study led by University of Toulouse researcher Young-Ho Eom has analyzed the influence of historical figures across 24 language editions of Wikipedia, using a method inspired by Google’s PageRank algorithm. The study aimed to assess how Wikipedia’s structure reflects the global attention and importance given to different individuals, as well as to explore whether the platform favors certain regions, genders, or time periods.  

The initial analysis, which used a version of the PageRank algorithm, suggested that Frank Sinatra was the most important person in the English-language Wikipedia, followed by Michael Jackson and Pope Pius XII. However, when the study expanded to include all 24 language editions, the results shifted significantly. Adolf Hitler emerged as the most influential figure, with Michael Jackson in second place and Madonna in third.  

The researchers also noted a pattern in the data: the most important historical figures across all language editions were predominantly male, born in Western countries after the 17th century. This suggests a bias in Wikipedia’s content toward certain demographics and regions.  

To refine their analysis, the team introduced a second metric, called CheiRank, which measures the number of outgoing links from a page. By combining PageRank and CheiRank into a single measure called 2DRank, the researchers were able to produce a more balanced assessment of influence. Using this method, Carl Linnaeus, the 18th-century Swedish naturalist who developed the system of biological classification, emerged as the most influential thinker in the study. Linnaeus outperformed figures such as Newton, Hitler, and even Jesus, due to the vast number of scientific names that link back to him in Wikipedia.  

The study also highlights the limitations of using Wikipedia as a source of historical influence. While the platform is a valuable resource, it is not immune to biases and structural quirks. For example, the inclusion of a large number of scientific names linked to Linnaeus skewed the results in his favor.  

In a separate development, the Internet Archive has been working to preserve web content by archiving pages as they are created and by maintaining links to versions of pages that have since been removed or altered. This effort, known as ""No More 404,"" aims to ensure that broken links are replaced with archived versions, helping to maintain the integrity of online information.  

Overall, the study underscores the complex relationship between historical influence, digital representation, and the biases that shape how we remember and record the past.",1.0,en,multi_news,,multi_news,"Now, write a one-page summary of all the news.

","['Using methods borrowed from Google, a group of researchers has analyzed all Wikipedia pages and determined that, at least on the English language version of the site, Frank Sinatra is the world\'s most important person. Second place goes to Michael Jackson, and third to Pope Pius XII. When factoring in all 24 language editions of the online encyclopedia, the team found that Adolf Hitler ranked the most important person, while Michael Jackson was again second and Madonna third, reports the Guardian. ""Our analysis shows that most important historical figures across Wikipedia language editions are born in western countries after the 17th century, and are male,"" the authors write. The researchers combined two algorithms to reach these conclusions. First, Google\'s PageRank algorithm, which determines a page\'s importance based on how many other pages link to it. In using PageRank on Wikipedia, the most important person in the world was 18th-century Swedish naturalist Carl Linnaeus, likely because the pages of organism after organism link back to the ""father of taxonomy."" So the researchers added an algorithm called CheiRank, which determines importance based on the number of outgoing links, the thought being that an important person would himself be connected to other important people, things, and events. Using the two together—an approach they dubbed 2DRank—no one beat out Frank Sinatra on English pages or Adolf Hitler across all language versions. Last year, in a separate study analyzing academic references, one team deemed Karl Marx to be the world\'s most important scholar, according to the Smithsonian. (Click to read about one of Sinatra\'s quirks.)']",1414,532
Summary:,30546aafe4821ca55d852a55484d41f5e4bf82f1247e91f3,"  

The recent news highlights a mix of political commentary, media coverage, and entertainment industry developments. A political figure expressed hope that a new leader would work for ""all of the American people"" as aggressively as they had for their own ratings, suggesting a critique of media influence or political performance. Another piece referenced a quote from Abraham Lincoln’s inaugural address, which was shared by a prominent political figure, indicating a connection to leadership values or historical inspiration.  

In the entertainment sector, the return of *Celebrity Apprentice* on NBC was met with mixed results. The show, which had previously been hosted by Donald Trump for over a decade, launched with Arnold Schwarzenegger as its new host. Despite heavy promotion and anticipation, the premiere failed to match the ratings of its predecessor. The episode averaged around 4.9 million total viewers, a significant drop from the 7.6 million viewers that Trump’s season averaged. The show also underperformed compared to competitors like ABC’s *The Bachelor*, which drew nearly 6.6 million viewers, and CBS, which saw strong ratings across multiple sitcoms.  

The underperformance of *Celebrity Apprentice* was attributed to several factors, including the shift in hosting and the continued involvement of Trump as an executive producer. While NBC defended the ratings by pointing to the show’s lead-in to *The Wall*, a new game show, the overall reception suggested that the show struggled to maintain its former popularity.  

In addition to the ratings drop, the news also touched on the broader implications of media and politics, with some observers noting the impact of a former president’s continued presence in the entertainment industry. The combination of political and media commentary, along with the entertainment industry’s response to a new host, underscores the complex interplay between public figures, media platforms, and audience engagement.",1.0,en,multi_news,,multi_news,"Now, write a one-page summary of all the news.

","['Arnold Schwarzenegger seems to think Donald Trump needs a lesson in making friends after the president-elect chose to criticize his Celebrity Apprentice successor. ""Wow, the ratings are in and [new host] Arnold Schwarzenegger got \'swamped\' (or destroyed) by comparison to the ratings machine, DJT,"" Trump tweeted Friday after the Trump-less show premiered Monday to 4.9 million viewers, according to Nielsen. The last season hosted by Trump averaged 7.6 million viewers, per Fortune. ""So much for … being a movie star,"" Trump continued. ""But who cares, he supported [John] Kasich & Hillary [Clinton]."" Schwarzenegger offered up a reply on Twitter, tweeting, ""I wish you the best of luck and I hope you\'ll work for ALL of the American people as aggressively as you worked for your ratings."" He next shared a video he made after the election in which he quotes Abraham Lincoln\'s inaugural speech, beginning, ""We are not enemies, but friends. We must not be enemies."" ""Please study this quote ... @realDonaldTrump,"" he tweeted with the video. ""It inspired me every day I was Governor, and I hope it inspires you."" (The New York Times is unimpressed with the new season.)']",740,532
Summary:,311b6c43c5ac950a65751dba5eaf7245c6b5d8eb10b784f1,"  
In recent news, several major technology companies have faced scrutiny over their data collection practices, particularly regarding voice and video data. Samsung, Microsoft, and others have introduced features that allow for voice recognition and other interactive capabilities, which have raised concerns about user privacy and data security.

Samsung has updated its privacy policy for its Smart TVs, which now includes the ability for the device to capture and transmit voice data to third-party services. This feature, known as Voice Recognition, allows users to control their TVs with voice commands, but it also means that spoken words may be sent to external servers for processing. The policy has drawn comparisons to George Orwell’s *1984*, with critics likening the system to a form of surveillance. While users can disable the feature, doing so also disables voice control, and Samsung continues to collect non-voice data about how users interact with the TV. The company has stated that data is encrypted and that users can disconnect from Wi-Fi to enhance privacy.

Microsoft, in its Xbox One announcement, introduced a feature that allows the console to be always listening for voice commands, even when it is turned off. The new Kinect sensor, which is included with the console, is designed to detect voice input and respond to commands such as “Xbox On.” This has raised concerns about constant listening and potential data misuse. While Microsoft claims the system is only listening for specific cues and not recording continuously, critics have compared the feature to surveillance and raised questions about data security. Microsoft has emphasized its commitment to privacy and has stated that it does not intend to spy on users.

Both companies have faced backlash from users and privacy advocates who are concerned about the increasing use of voice and video data in smart home and entertainment devices. These features, while convenient, highlight the growing tension between technological advancement and user privacy. As more devices become connected, the issue of data collection and surveillance is becoming more pressing, with users demanding greater transparency and control over their personal information.",1.0,en,multi_news,,multi_news,"Now, write a one-page summary of all the news.

","['Own a Samsung smart TV? Then take note: Your television is not only listening, it\'s sending your data to a third party, the Independent reports. The TV\'s voice-recognition software lets you give it orders, but the product\'s privacy policy warns that ""personal or other sensitive information ... will be among the data captured and transmitted to a third party through your use of Voice Recognition."" Samsung tells the BBC that the third party is Nuance, the company that does Samsung\'s speech-to-text conversion. But intellectual property lawyer Corynne McSherry says it would be nice to see that clarified in Samsung\'s policy, the Daily Beast reports. ""And I’d definitely like to know whether my words were being transmitted in a secure form,"" she says. An activist tweets that Samsung\'s policy sounds a lot like the description of ""telescreens"" in George Orwell\'s dystopian novel, 1984—which reads in part, ""Any sound that Winston made, above the level of a very low whisper, would be picked up by [the screen]."" Unnervingly, it wasn\'t clear how often ""the Thought Police plugged in on any individual wire was guesswork."" Samsung, however, says it doesn\'t keep voice data, and customers can opt to turn off voice-recognition or even unplug the TV from Wi-Fi. And Samsung isn\'t alone: the Verge reports that XBoxes already use voice recognition while being connected to the Internet. ""Samsung\'s privacy policy is not unique; its rhetoric just happens to be similar to that of a well-known sci-fi novel,"" the Verge says.']",2580,532
Summary:,85d436ff69fd321053a637abf7b161208e70bb7d59a57775,"  
Recent news highlights a series of legal victories for NFL cheerleaders, who have successfully challenged their teams over fair pay and working conditions. The New York Jets' cheerleaders, known as the Flight Crew, have reached a $325,000 settlement with the team, resolving a class-action lawsuit that had been ongoing since 2014. The settlement, approved by a New Jersey court, provides each of the 52 cheerleaders with $2,500 per season they worked during the 2012-13 and 2013-14 NFL seasons. Additional payments of up to $400 per photo shoot are also included.  

The lawsuit, led by former cheerleader Krystal C., alleged that the cheerleaders were underpaid, receiving only $150 per game and $100 for special events, with no compensation for weekly practices or rehearsals. The Jets’ legal team denied the claims, stating that the settlement was reached to avoid the costs and disruptions of litigation.  

Cheerleaders’ attorneys, including Patricia Pierce, argued that the low pay, when factored in with expenses like hair, makeup, and transportation, effectively dropped the hourly wage below the federal minimum. This case is part of a broader trend in which NFL cheerleaders across multiple teams have filed similar lawsuits.  

The Buffalo Bills’ cheerleaders, known as the Jills, have also been granted class-action status in a similar wage dispute. The lawsuit alleges that the Bills imposed strict rules on appearance, diet, and personal hygiene, effectively treating the cheerleaders as employees rather than independent contractors.  

Other NFL teams have also faced legal challenges over cheerleader pay. The Tampa Bay Buccaneers settled for $825,000, the Cincinnati Bengals have reached a tentative agreement, and the Oakland Raiders settled for $1.25 million in 2014. These cases have prompted calls for uniform standards across the NFL to ensure fair compensation and treatment for all cheerleaders.  

State Senator Diane Savino (D-SI) has praised the Jets’ settlement and urged the Buffalo Bills and the NFL as a whole to follow suit, advocating for consistent pay and protections for cheerleaders in all states. The ongoing legal battles reflect a growing recognition of the value of cheerleaders and the need for fair labor practices in the sports industry.",1.0,en,multi_news,,multi_news,"Now, write a one-page summary of all the news.

","['A New Jersey court on Wednesday gave the Flight Crew—aka the New York Jets cheerleaders—something to cheer about: a $325,000 settlement of the class-action lawsuit filed in 2014 by a cheerleader identified as Krystal C., CNNMoney reports. That amounts to each of the 52 cheerleaders getting $2,500 per season worked and $400 per photo shoot. The settlement covers the 2012-13 and 2013-14 seasons. New York State Sen. Diane Savino, per the New York Post, cheered the settlement, calling on the NFL to ""develop uniform rules … to ensure that all cheerleaders in every state received the employee pay and protections they deserve."" NFL teams have sought to justify low pay for cheerleaders by saying they\'re independent contractors, CNN notes. In the case of the Flight Crew, Krystal C.\'s suit claimed that cheerleaders were compensated $150 per game and $100 for special appearances. But, when you factor in practices and rehearsals, that pans out to $3.77 per hour. Throw in hair, makeup, and transportation expenses and ""the hourly rate goes below $1.50 an hour,"" says the cheerleaders\' attorney. The Flight Crew isn\'t alone: Cheerleaders have taken to the courts to seek higher pay from the Cincinnati Bengals (tentative agreement reached), Tampa Bay Buccaneers (settled for $825,000), Oakland Raiders (settled for $1.25 million), and the Buffalo Bills (class-action suit on the horizon).']",859,532
Summary:,69b0462ff955b459b70c0eefe0dd4d8ea39db80b77d92351," Acute Flaccid Myelitis (AFM) is a rare but serious neurological condition that has been on the rise in the United States, drawing concern from health officials and families affected by the illness. AFM is characterized by sudden weakness in the arms or legs, often accompanied by loss of reflexes and, in severe cases, respiratory failure requiring ventilator support. While the exact cause of AFM remains unknown, it is believed to be linked to viral infections, including enteroviruses, poliovirus, and, in some cases, the mosquito-borne West Nile virus. The condition is most commonly seen in children, though it can also affect adults.

In 2014, a significant outbreak of AFM occurred, with 120 cases reported across the U.S., primarily among children under the age of 21. This outbreak coincided with a widespread enterovirus D68 (EV-D68) infection, which caused severe respiratory illness in many children. Although EV-D68 was initially suspected as a possible cause of AFM, subsequent testing did not confirm a direct link. However, the timing of the two outbreaks raised concerns about the potential for viral infections to trigger AFM.

In 2016, the number of AFM cases increased again, with 50 confirmed cases reported across 24 states, more than double the number from the previous year. This surge has led to renewed calls for research into the causes, treatments, and long-term outcomes of AFM. While there is no specific cure, some treatments, such as intravenous immunoglobulin (IVIG) and physical therapy, have shown promise in improving symptoms and quality of life for affected individuals.

The Centers for Disease Control and Prevention (CDC) has been actively monitoring AFM cases and has issued health alerts to encourage timely reporting and diagnosis. Public health officials are also emphasizing the importance of good hygiene, vaccination, and avoiding close contact with sick individuals to help prevent the spread of viruses that may contribute to AFM.

Families affected by AFM, such as the Roberts and Andersen families, have shared their personal experiences, highlighting the emotional and physical toll of the illness. Despite the challenges, many children have shown signs of recovery, though the long-term effects of AFM can be significant. Ongoing research and increased awareness are essential to better understand and combat this mysterious and potentially debilitating condition.",1.0,en,multi_news,,multi_news,"Now, write a one-page summary of all the news.

","['At first, it seemed like 4-year-old Laura Carson was suffering from a simple headache. Then came rapid shallow breathing, a tremor, double vision. Within days in August 2014, she was ""a limp rag doll,"" reports Today—but it took doctors some time to diagnose her with acute flaccid myelitis, a rare disease the CDC warns is becoming increasingly more common. Not much is known about the polio-like disease that plagues mostly children, including what causes it. What is known is that AFM affects the spinal cord and causes weak limbs or paralysis, drooping in the face, and slurred speech or difficulty breathing. About 200 kids have been diagnosed since 2014, and this year\'s figures are especially troubling. The CDC reports 121 cases of AFM were confirmed in 2014, but that was followed by just 21 cases in 2015, reports Fox News. From January to August of this year, however, there were 50 confirmed cases in 24 states. Among that first spike of cases in 2014, the Washington Post reports that 85% of kids recovered partially, but only three recovered fully. A CDC study found 68% of patients had a fever and 81% had a respiratory illness before AFM symptoms appeared. Some had been diagnosed with the West Nile virus, and others with an enterovirus. ""August to October is typically when enteroviruses circulate"" and ""we see more acute flaccid myelitis during that season,"" a doctor tells NBC News. Washing your hands and covering your mouth when coughing or sneezing are among the ways suggested to help. (Four siblings suffer from a mysterious disease.)']",4776,532
Summary:,732a283b839f4cf989dff0eadbf6b0b1ad9500799a3dfcee," The Shroud of Turin, a 14-foot-long linen cloth bearing the faint image of a man, has long been the subject of religious and scientific debate. Believed by some to be the burial cloth of Jesus of Nazareth, the shroud has been the focus of numerous investigations into its origins, authenticity, and the nature of the image it bears. Recent forensic research has added new layers to this ongoing discussion.

A team of researchers, including forensic scientist Matteo Borrini of Liverpool John Moores University and organic chemist Luigi Garlaschelli of the University of Pavia, conducted a detailed analysis of the bloodstain patterns on the shroud. Using real and synthetic blood, they tested various positions and movements that might have left such stains, comparing them to the patterns observed on the cloth. Their findings suggest that the bloodstains are inconsistent with the body positions typically associated with crucifixion or burial.

The researchers found that the blood patterns on the shroud do not align with a single body position. For example, the bloodstains on the forearm and hand suggest different angles of movement, which are not compatible with a person hanging on a cross or lying flat on the cloth. The patterns from the spear wound and the lower back also do not match the expected flow of blood from a crucified or deceased body. These inconsistencies led the researchers to conclude that the bloodstains may have been created using a standing model, rather than from a crucified or deceased individual.

This analysis, published in the *Journal of Forensic Sciences*, is the first of its kind to apply forensic techniques to the shroud. The study raises questions about the authenticity of the cloth and its historical origins. While the shroud has been dated to between 1260 and 1390 CE using radiocarbon dating, the bloodstain patterns suggest a more recent origin, possibly from the medieval period. This has led some to argue that the shroud may be a medieval artistic or didactic representation rather than an ancient relic.

Despite these findings, the shroud remains a subject of fascination for both religious and scientific communities. The Vatican has never officially rejected its authenticity, and it continues to draw large crowds, including Pope Francis, who viewed it in 2015. While the latest research does not definitively prove the shroud to be a forgery, it does highlight the need for further investigation into its origins and the nature of the image it bears.

In conclusion, the recent forensic analysis of the Shroud of Turin has added new evidence to the long-standing debate over its authenticity. The inconsistencies in",1.0,en,multi_news,,multi_news,"Now, write a one-page summary of all the news.

","['The Shroud of Turin is supposedly the burial cloth that was wrapped around Jesus after his crucifixion; bloodstains on the linen shroud, which are said to have been transferred to it during the three days Jesus was in the tomb, form the image of a crucified man. But a new study reported in the Journal of Forensic Sciences finds the bloodstain image was likely faked. Researchers looking at the blood spatter found that the stains appeared to come from someone standing up, rather than someone who was flat on the fabric, Science Alert reports. As the researchers put it, the stains are ""totally unrealistic"" when compared to what they should look like. The shroud, which is held in the Cathedral of St. John the Baptist in Italy, is considered an icon, as opposed to a genuine religious relic, by the Vatican; Fox News notes ""the church has never weighed in on its authenticity."" ""This is the kind of forensic work done all the time in police investigations,"" the forensic scientist who conducted the analysis tells BuzzFeed News. ""Even a crucified or hanging person should leave a distinct blood pattern on the cloth, which would be fascinating information to have."" The study found inconsistent staining, with researchers concluding multiple poses were used to create the bloodstains—a standing model was likely used to imprint patterns on the cloth at various angles for various body parts. Another bloodstain pattern expert notes that more research could be done to see whether cleaning a body or preparing it for burial might account for the inconsistent staining, though he notes that the stains do appear to have come from flowing blood, meaning a heart that was beating at the time the stains were made. (See previous stories in the real-or-fake debate here.)']",2394,532
Summary:,3a255c25765000d506cf43538a553334a0bf0744d14530c2,"  

On Tuesday, President Donald Trump made headlines with a series of remarks and actions during and after his historic summit with North Korean leader Kim Jong Un in Singapore. Trump highlighted the potential economic benefits of opening up North Korea, particularly its untapped real estate market. He suggested that the country could develop world-class hotels along its coastline, using the natural beauty of its beaches as a selling point. Trump also referenced the idea of South Korea and China owning the land in the middle, which he described as an unfair situation.  

During the summit, Trump and Kim engaged in a variety of activities, including a brief tour of Trump’s presidential limousine, known as ""The Beast."" The moment, which was captured on camera, saw Trump gesturing toward the vehicle and allowing Kim to peer inside. The gesture was interpreted as a display of Trump’s typical ""alpha male"" behavior, showcasing his power and influence.  

In addition to the summit activities, Trump held a marathon press conference after Kim had left Singapore. In this session, Trump announced that North Korea had agreed to dismantle its nuclear weapons program and was prepared to work toward a lasting peace on the Korean Peninsula. He expressed optimism about the progress made during the summit, emphasizing that the agreement could rewrite history.  

Separately, the Internet Archive announced efforts to improve the web by archiving pages as they are created and preserving links to ensure that broken links are replaced with archived versions. This initiative, known as ""No More 404,"" aims to maintain the integrity of online content and provide users with access to historical web pages.  

Overall, the news highlights a mix of political developments, technological initiatives, and cultural moments, all of which reflect the dynamic nature of global affairs and digital preservation.",1.0,en,multi_news,,multi_news,"Now, write a one-page summary of all the news.

","['You can temporarily take Donald Trump out of real estate, but you can\'t take the real estate out of Donald Trump. That much was clear at a Singapore press conference Tuesday, which took place after the president\'s meeting with Kim Jong Un and in which he touched upon the potential of North Korea\'s coastline. ""They have great beaches,"" Trump noted, per the Washington Examiner. ""You see that whenever they\'re exploding their cannons into the ocean."" And that spectacular view got him to thinking: ""Wouldn\'t that make a great condo? Instead of doing that you could have the best hotels in the world right there. Think of it from a real estate perspective, you have South Korea, you have China, and they own the land in the middle, how bad is that, right? It\'s great."" The AP also reports on another post-summit activity, which it deems a ""classic alpha male move"": Trump showing off ""The Beast,"" the presidential limousine, to the North Korean leader. CNN shows a video clip of the two men approaching the limo, a Secret Service agent opening the door, and Kim peering in to take a look. ""We know that these men were trying to find ways to bond, in just like a personal, human way, and what\'s more natural for guys [than] to want to check out one another\'s car,"" Chris Cuomo notes. (Here are seven complimentary things Trump said about Kim after the summit.)']",848,532
Summary:,77669a00afc203753f5ed451ba5886ee429b2f984c7c4a41,"  

On Tuesday, President Barack Obama signed a bill authorizing the Congressional Gold Medal for Nisei veterans—Japanese Americans born to immigrant parents—who served in World War II. The award honors the bravery and sacrifice of these veterans, particularly those who fought in the 442nd Regimental Combat Team and the 100th Infantry Battalion. These units, composed largely of Japanese Americans, were formed despite the fact that their families were detained in internment camps due to racial prejudice and fear of espionage during the war.  

The Nisei, or second-generation Japanese Americans, were often treated as ""enemy aliens"" and faced discrimination. However, many chose to serve their country, despite the hardships they endured. The 442nd Regimental Combat Team became one of the most decorated units in U.S. military history, known for their valor in battles in Italy and France, including the rescue of the ""Lost Battalion"" of Texas National Guardsmen.  

The Congressional Gold Medal is one of the highest civilian honors in the United States, recognizing individuals or groups who have made significant contributions to the nation’s security and interests. This award is a long-overdue recognition of the Nisei veterans’ service and sacrifice, as well as a step toward acknowledging the injustices they and their families faced during the war.  

The legislation also honors the contributions of the Military Intelligence Service, which provided critical language and cultural expertise that aided the U.S. war effort in the Pacific. This recognition is seen as a significant moment in American history, symbolizing the nation’s commitment to justice, equality, and remembrance of those who have served.  

The award ceremony marks a historic moment, not only for the veterans and their families but also for the broader American public, as it brings attention to the complex and often painful legacy of Japanese American internment and the courage of those who fought to defend their country.",1.0,en,multi_news,,multi_news,"Now, write a one-page summary of all the news.

","['President Obama today signed legislation to honor Japanese-American soldiers who fought on behalf of the Allies during World War II—even as some of their families were kept in confinement in the US. This long-awaited bill will open the door for more than 6,000 soldiers known as Nisei veterans to collectively receive the prestigious Congressional Gold Medal. For more on the vets, see the Digital Journal or Oregon Public Broadcasting.']",1182,532
Summary:,b93cdb70f28fb1e103681a4b3bd5fdf26d3434411df67bbe,"  

Wilbur Ross, the U.S. Secretary of Commerce, has been at the center of controversy over his financial disclosures and alleged misrepresentations of his wealth. Forbes initially listed Ross with a net worth of $2.9 billion, but he disputed the figure, claiming it was too low and that much of his wealth was held in trusts that were not required to be disclosed. After a detailed investigation, Forbes concluded that Ross had fabricated the $2 billion figure, suggesting that the money never existed. Ross claimed the assets were transferred to trusts between the 2016 election and his nomination to the Cabinet, but this claim was later refuted by the Department of Commerce, which stated that no such transfer occurred.  

Ross has a long history of financial misrepresentation, including exaggerating his net worth and misleading investors and colleagues. His private equity firm, WL Ross & Co., faced legal issues, including a $2.3 million fine from the SEC for alleged transparency violations. Ross also had a contentious relationship with former employees, some of whom filed lawsuits against him for alleged financial misconduct.  

Despite these controversies, Ross was appointed to the Cabinet by President Donald Trump, who defended the decision, stating that he wanted ""rich people"" in key economic roles. Trump argued that Ross, with a net worth of around $2.5 billion, was well-suited for the position. However, critics have questioned the ethics of appointing a wealthy individual to a government role, especially given Ross' history of financial deception.  

The controversy surrounding Ross has raised broader questions about the intersection of wealth, power, and public service. His case highlights the potential for conflicts of interest and the need for greater transparency in government appointments. As the debate continues, Ross' actions and statements remain a focal point of scrutiny, both within the administration and among the public.",1.0,en,multi_news,,multi_news,"Now, write a one-page summary of all the news.

","['Earlier this year, President Trump noted ""I just don\'t want a poor person"" in charge of economic posts in his administration, then touted Commerce Secretary Wilbur Ross as ""a very rich person"" who was up to the task. But just how rich Ross really is is now up in the air, Forbes reports, noting it\'s yanked Ross off its billionaires list after a one-month probe revealed that $2 billion or so or Ross\' alleged fortune ""never existed,"" and that Ross had engaged in an ""apparent sequence of fibs, exaggerations, omissions, fabrications, and whoppers"" with the magazine going back 13 years. The discovery came when Ross, 79, contacted Forbes in October to refute his ranking: Last year he was listed with a net worth of $2.9 billion on the Forbes 400; he claimed he was worth closer to $3.7 billion. Then Forbes talked with 10 of Ross\' ex-employees at his private equity firm, who noted a ""penchant for misleading"" that affected fellow workers and investors and spurred big fines, suits, and refunds to backers. ""Wilbur doesn\'t have an issue with bending the truth,"" one longtime colleague says, while another is more blunt: ""He\'s lied to a lot of people."" The magazine delves into Ross\' back story, including how, when he first made the Forbes billionaires list in 2004 with a net worth of $1 billion, ""everyone that I knew that worked with Wilbur knew it wasn\'t true,"" per a former colleague. When Forbes told Ross he was being removed from its billionaires club, Ross retorted the magazine wasn\'t counting family trusts that he wasn\'t obligated to inform the feds about—in the amount of ""more than $2 billion,"" assets Ross said he put into the trusts sometime ""between the election and [my] nomination."" When Forbes asked to see a paper trail proving that, Ross cited ""privacy issues""—and the magazine lays out other problems with Ross\' story on the supposed $2 billion transfer. Read the in-depth findings here.']",4687,532
Summary:,6602db3a57e65ab95169ca598234a737599fcfa102af4a3d,"  
The ongoing legal battle over the iconic guitar once played by Nirvana’s Kurt Cobain has escalated into a high-stakes dispute involving his daughter, Frances Bean Cobain, and her estranged husband, Isaiah Silva. The Martin D-18E guitar, famously used in Nirvana’s 1993 “MTV Unplugged” performance, is believed to be worth millions, and its ownership has become a central point of contention.  

Frances Bean, who was just two years old when Cobain died in 1994, claims the guitar was never hers to give to Silva. She asserts that it is a treasured family heirloom and that Silva has no legal claim to it. However, Silva, a musician in the band the Eries, argues that the guitar was a wedding gift from Frances, given during their secret 2014 marriage. He has been holding onto the instrument since their split in 2016 and has refused to return it, despite ongoing negotiations.  

The dispute has also become entangled in a broader financial conflict. Silva is seeking spousal support, requesting $25,000 per month, citing his financial sacrifices during the marriage. He claims that Frances, who has access to a significant portion of her father’s estate, has failed to meet her financial obligations. In contrast, Frances has stated that the Cobain estate is hers alone and that she is open to limited spousal support.  

The situation has grown increasingly contentious, with reports that Silva’s ex-girlfriend has received threatening messages from Frances’ representatives. A recent court order has mandated that Frances pay $15,000 per month in spousal support to Silva while the dispute is resolved. However, the matter remains deadlocked, and Frances is reportedly prepared to take the case to court.  

As the legal battle continues, the guitar—symbolizing not only Cobain’s legacy but also the emotional and financial complexities of the Cobain family—remains at the heart of a high-profile and emotionally charged dispute. The outcome could have significant implications for both parties and for the broader cultural significance of the instrument.",1.0,en,multi_news,,multi_news,"Now, write a one-page summary of all the news.

","['A guitar that once belonged to Kurt Cobain, which is likely worth millions, is now in the hands of Eeries frontman Isaiah Silva, and Cobain\'s daughter is fighting to get it back in the family. Frances Bean Cobain was married to Silva for 21 months, and she\'s been trying to get the Martin D-18E (which had the bridge flipped so Cobain, a leftie, could play it comfortably) back ever since they split in March. Silva claims she gave it to him as a wedding gift and it\'s rightfully his. Now, the battle is headed to court, Page Six reports. ""It’s not [Silva’s]. It’s a treasured heirloom of the family. It’s not his to take,"" Frances Cobain has said. But sources tell Page Six that Silva isn\'t giving in, and ""is forcing the matter to litigation."" The guitar, the one Cobain played during Nirvana\'s 1993 MTV Unplugged show and also thought to be the last one he played before taking his life, was once insured for $1 million but, per experts, is probably worth several times that now. Back in August, Silva requested $25,000 a month in spousal support and half of any money Frances made during the marriage, and said the couple had no prenup, TMZ reported. A judge has since ordered Frances Cobain to pay Silva $15,000 a month as part of an interim settlement.']",810,532
Summary:,088f63f5603e5d81dbee5cbc194b1942cc6e16aec56b24c8,"  

In late 2017, a wave of public outrage swept through Hollywood following the revelations of widespread sexual misconduct and abuse, particularly linked to the Harvey Weinstein scandal. This movement, often referred to as the #MeToo movement, empowered women to speak out against years of silence and systemic injustice. However, the discussion around the nature of sexual misconduct and the appropriate responses to it sparked significant debate, especially among high-profile figures like actors Matt Damon and Minnie Driver.  

Damon, who had previously worked with Weinstein on the film *Good Will Hunting*, made controversial remarks during an interview with ABC News, suggesting that there is a ""spectrum"" of sexual misconduct, with some behaviors—like ""patting someone on the butt""—being less severe than others, such as rape or child molestation. He argued that society should distinguish between these behaviors, with the more serious ones requiring legal consequences, while others might be addressed through shame or education.  

These comments drew sharp criticism from fellow actress Alyssa Milano, who took to Twitter to condemn Damon’s remarks as dismissive of the systemic nature of sexual abuse. Milano emphasized that the outrage surrounding these issues is not about individual acts, but about a culture that has long normalized and tolerated misogyny, harassment, and abuse. She called for unity and understanding, noting that all forms of sexual misconduct are harmful and should not be minimized.  

Minnie Driver, Damon’s former co-star and ex-partner, also criticized his comments, calling them ""tone deaf"" and ""Orwellian."" She argued that men, due to their lack of lived experience with sexual abuse, are ill-equipped to judge or define what constitutes abuse. Driver stressed that the responsibility lies with men to listen, support, and not attempt to categorize or downplay women’s experiences. She warned that allowing men to dictate the terms of abuse could perpetuate the very system of injustice that the #MeToo movement seeks to dismantle.  

Damon’s comments were not isolated. He also defended comedian Louis C.K., who had faced allegations of inappropriate behavior, including masturbating in front of women. Damon suggested that C.K. had paid a sufficient price for his actions and that his behavior, while problematic, did not rise to the level of criminality. This stance further fueled criticism, as it was seen as a failure to recognize the broader pattern of abuse and the need for accountability across the board.  

The debate over the ""spectrum"" of sexual misconduct highlights the ongoing struggle to define and address sexual violence in a way that is both just and inclusive. While some argue for a nuanced understanding of different forms of abuse, others",1.0,en,multi_news,,multi_news,"Now, write a one-page summary of all the news.

","['Matt Damon opined this week that the wave of sex harassment and assault claims sweeping Hollywood and society at large include ""a spectrum of behavior"" and that ""none of us came here perfect,"" and the woman he once dumped on Oprah wasted no time in shutting him down. ""Gosh it’s so interesting (profoundly unsurprising) how men with all these opinions about women’s differentiation between sexual misconduct, assault and rape reveal themselves to be utterly tone deaf and as a result, systemically part of the problem,"" Minnie Driver tweeted. She further unloaded to the Guardian: ""I’ve realized that most men, good men, the men that I love, there is a cut-off. They simply cannot understand what abuse is like on a daily level. I honestly think that until we get on the same page, you can’t tell a woman about their abuse. ... It is so individual and so personal, it’s galling when a powerful man steps up and starts dictating the terms, whether he intends it or not.” Damon was also getting zero sympathy from Alyssa Milano, reports USA Today, who tweeted that, ""as a victim of each component of the sexual assault spectrum of which you speak,"" ""they all hurt."" ""We are not outraged because someone grabbed our a---s in a picture. We are outraged because we were made to feel this was normal. We are outraged because we have been gaslighted. We are outraged because we were silenced for so long."" (Damon has said he had no idea that Harvey Weinstein routinely sexually harassed and assaulted women; his full interview this week with ABC News is here.)']",4436,532
Summary:,be803cfd04c14b94a7dfdbf267e4d8530333774edb9c8975," Microsoft Unveils Kinect, a New Motion-Control System for Xbox 360

Microsoft has officially launched its new motion-control system, now known as **Kinect**, previously referred to as **Project Natal**. The system was unveiled during a special event at the University of Southern California's Galen Center in Los Angeles, featuring a performance by **Cirque du Soleil**. The event, which also served as a preview for the **E3 2010** gaming expo, was designed to showcase the potential of Kinect as a revolutionary way to interact with the Xbox 360 console.

Kinect allows users to control games and applications using **body movement, voice commands, and gestures**, eliminating the need for traditional game controllers. The system was demonstrated through a variety of interactive experiences, including **whitewater rafting**, **racing**, **yoga and Tai Chi**, **Star Wars**-themed combat, and **dance games**. The event also included a **multi-sport competition** that mirrored the popular **Wii Sports** experience, with games such as **hurdles**, **bowling**, **volleyball**, and **soccer**.

The presentation was highly theatrical, with audience members dressed in **white ponchos** and participating in a **reverent, almost religious** atmosphere. The show began with a dramatic **voiceover** that framed the introduction of Kinect as a **historic shift** in how people interact with technology. Performers demonstrated the system's capabilities in a **mock living room** setting, where a family of characters interacted with the technology in a natural, immersive way.

Microsoft emphasized that Kinect is a **direct competitor** to Nintendo's **Wii** and Sony's **Move** motion-control systems. The company is positioning Kinect as a **key component** of its **""digital living room""** vision, integrating it into a broader ecosystem of entertainment and interaction. While the event provided a **preview** of the system's capabilities, **specific pricing, availability, and game details** were expected to be announced at a **Monday press conference**.

The event also highlighted the **potential for Kinect to be used beyond gaming**, including **interactive media**, **fitness applications**, and **social networking** features. Microsoft is working with **developers** to create a wide range of **software and games** that will support the system, with the goal of making it a **central part of the home entertainment experience**.

Overall, the unveiling of Kinect represents a **significant step forward** in the evolution of **motion-controlled gaming** and **interactive technology**",1.0,en,multi_news,,multi_news,"Now, write a one-page summary of all the news.

","['Microsoft unveiled its much-hyped Project Natal motion control system—now renamed “Kinect”—at E3 last night, in a performance long on grandiosity and short on actual revelations. After walking through a set of fake living rooms, the white-poncho-wearing audience was treated to a performance by Cirque du Soleil acrobats dressed as cavemen, as a narrator declared that “history is about to rewritten” and a boy, raising his arms, used his movements usher in the new motion-based way to play games, according to the Wall Street Journal. And what was this grand historical event all about? Well, mostly mimicking the Wii, according to CNET. Microsoft’s camera-based motion controller may have potential, but the games demoed last night mostly looked like analogues for successful Wii efforts, including a yoga game, a racing game, and a Wii Sports-esque game titled—wait for it—Kinect Sports. IGN has a full list of launch titles. Microsoft is expected to reveal more details, including pricing, at its press conference today.']",2768,532
Summary:,e07c67df44c00106f6f042496897a8ad07ffc881bb51e615,"  

This week’s news highlights a range of stories, from the bizarre to the benevolent, showcasing the diverse interests and activities of individuals and groups across the country.  

One of the more unusual stories involves the auction of personal effects belonging to Ted Kaczynski, the infamous Unabomber. After being arrested in 1996 and serving a life sentence in Colorado, Kaczynski’s belongings are now up for sale through an online auction. Among the items are his handwritten 35,000-word manifesto, which has received bids of up to $17,525, and his iconic hoodie, which has reached $20,025. Other items, such as his Smith-Corona typewriter, have also drawn interest. However, the auction is expected to fall short of the $15 million restitution order due to Kaczynski’s cabin, now on display in Washington, D.C., being his most valuable asset. Despite the lack of financial return, the auction has sparked debate about the value of crime memorabilia and the fascination with historical figures, both good and bad.  

In contrast, a more positive story involves Kellan Lutz, the actor known for his role in *Twilight*, who is participating in a charity auction with JetBlue and DoSomething.org. Lutz is donating his luggage and other travel items to raise funds for youth organizations. The auction has already raised over $15,000 in its first round, and Lutz’s contribution is expected to add to the total. His participation highlights the growing trend of celebrities using their influence for charitable causes.  

Another story focuses on the rare and valuable film reel of *Charlie Chaplin in Zepped*, a 1917 short film that is believed to be the only surviving copy. The reel, which depicts Chaplin bringing down a German Zeppelin during World War I, is thought to contain some of the earliest known animation. The film, which was created as a morale booster for British troops, is now being auctioned and is expected to fetch a six-figure sum. This story underscores the enduring interest in historical artifacts and the cultural significance of early cinema.  

Together, these stories reflect a wide spectrum of human interest, from the dark legacy of a notorious criminal to the charitable efforts of a celebrity and the preservation of cinematic history. They also highlight the complex relationship between public fascination, historical value, and the commercialization of the past.",1.0,en,multi_news,,multi_news,"Now, write a one-page summary of all the news.

","['Get out your checkbooks, kids: There is a slew of famous and infamous items up for auction. The US Marshal\'s office\'s online auction of the Unabomber\'s personal effects ends tomorrow, and Aol\'s Weird News astutely observes that Ted Kaczynski\'s 35,000-word handwritten manifesto ($17,525) is currently going for less than the gray hoodie ($20,025) that figured so prominently into his FBI Wanted poster. Bonus: sunglasses included. Looking for more of a bargain? A bow and arrows in a Sears box is currently a steal at $743. And in other bizarre auction news: Balloon boy\'s dad is trying to auction off the infamous ""flying saucer"" balloon for $1 million. But don\'t worry, reports KTLA: Richard Heene has vowed to give all the money to charity (specifically, Japan). A bunch of celebrities are hoping JetBlue loses their luggage ... right into the hands of eager bidders. The Celebrity Baggage Auction will benefit DoSomething.org. Buy a signed Jessica Simpson-brand bag or a leather Coach bag personally used by Rosario Dawson, and get two roundtrip JetBlue tickets, too. Click for more. Maybe eBay is the place to buy stuff: Morace Park bought a film reel for $5.25 that turned out to be the only known copy of the Charlie Chaplin film Zepped. The Telegraph reports that it\'s expected to fetch six figures in a June 29 auction.']",1551,532
Summary:,348357789b1ce50b1ac8e572e21e6e5b421d11ac696bd0e1,"  

Kevin Spacey, the acclaimed actor and former star of *House of Cards*, has found himself at the center of a major scandal following a wave of allegations of sexual misconduct spanning decades. The accusations, which have come from over a dozen men, include claims of harassment, assault, and attempted rape, with some incidents dating back to the 1980s.  

The controversy began on October 29, 2017, when actor Anthony Rapp came forward with allegations that Spacey made inappropriate sexual advances toward him when he was just 14 years old. In response, Spacey issued a public apology and came out as gay, a move that many critics viewed as an attempt to shift focus away from the allegations.  

Since then, additional accusers have emerged, including:

- **Roberto Cavazos**, a Mexican actor who claimed Spacey fondled him while he was working at the Old Vic in London.
- **Daniel Beal**, a bartender who alleged that Spacey exposed himself to him in 2010 and gave him a watch in exchange for silence.
- **Justin Dawes**, a theater usher who said Spacey played pornography for him and a friend in 1988.
- **Mark Ebenhoch**, a military advisor who claimed Spacey attempted to solicit him for sex in 1995.
- **Harry Dreyfuss**, the son of actor Richard Dreyfuss, who alleged that Spacey groped him in 2008.
- **Tony Montana**, a filmmaker who said Spacey groped him in 2003.
- **Kris Nixon**, a bartender who claimed Spacey grabbed his crotch in 2007.
- **An anonymous bartender**, who alleged that Spacey sexually assaulted him in 2008.
- **An anonymous New York artist**, who claimed he had a sexual relationship with Spacey in 1983 and was later assaulted.
- **An anonymous production assistant**, who alleged that Spacey touched him inappropriately while working on *House of Cards*.
- **""John""**, a man who claimed Spacey tried to seduce him in 1984.
- **Heather Unruh**, a former Boston news anchor, who accused Spacey of sexually assaulting her 18-year-old son in 2016. She stated that her son had filed a police report, and a criminal investigation was opened, though the police department could not confirm the details due to state law.

In response to the allegations, Spacey’s",1.0,en,multi_news,,multi_news,"Now, write a one-page summary of all the news.

","['A former Boston TV news anchor says that last year, when her son was 18, he was at a bar in Natucket, Mass., when he met Kevin Spacey. The actor ""bought him drink after drink after drink and when my son was drunk, Spacey made his move and sexually assaulted him,"" said Heather Unruh at a press conference Wednesday. She says Spacey stuck his hand down her son\'s pants and onto his genitals, and tried to convince him to go to a party where they could continue to drink, USA Today reports. A bystander asked the teen if he was OK and the teen said no, at which point the woman urged the teen to flee and he took her advice, Unruh said. Unruh, who appeared with an attorney, says her son filed a police report last week and handed over evidence; she says a criminal investigation has been opened but the Nantucket Police Department has not confirmed that. The attorney with Unruh noted that her son\'s accusations are ""well within"" both the civil and criminal statutes of limitations. USA Today has a list of the 14 people so far accusing Spacey of sexual assault or harassment. Meanwhile Jon Bernthal, who worked with Spacey on Baby Driver, told a SiriusXM radio show Tuesday that he lost respect for Spacey while working on the film. ""I thought he was a bit of a bully,"" Bernthal said, per People. ""I didn’t really care for the way he was behaving toward some of the other people on set.""']",3331,532
Summary:,e4b27be5d2d4a2f9518155efce2d9b5b799990bd146def3b,"  

The news passages highlight two distinct but interconnected topics: the long-term preservation of internet data and the global effort to end the institutionalization of children.  

Starting in 1996, Alexa Internet has been contributing its web crawl data to the Internet Archive’s Wayback Machine, allowing for the long-term preservation of the web. This initiative ensures that digital content remains accessible for future generations, even after websites are taken down.  

The second passage is a powerful personal narrative by J.K. Rowling, detailing the founding of the charity Lumos. Inspired by a haunting black-and-white photograph of a child in a caged bed, Rowling was deeply moved and began advocating for the rights of children in institutional care. This led to the creation of Lumos, an organization dedicated to ending the separation of children from their families and promoting family-based care.  

Rowling explains that millions of children worldwide are living in institutions due to poverty, disability, or lack of family support. These children often suffer from severe physical, emotional, and developmental harm. Scientific research supports the damaging effects of institutionalization, particularly on young children, who may experience stunted growth, psychological trauma, and long-term social and economic disadvantages.  

Lumos has made significant progress in several countries, including Moldova, the Czech Republic, and Bulgaria, where the number of children in institutions has decreased dramatically. The organization emphasizes the importance of inclusive education, family support, and alternative care systems such as foster care and adoption.  

Rowling also underscores the economic and moral benefits of ending institutionalization, noting that supporting children in family environments is more cost-effective and leads to better long-term outcomes. She calls on international donors, governments, and the public to support this cause, highlighting the role of awareness campaigns like #Letstalklumos in keeping the issue in the global spotlight.  

Ultimately, Rowling envisions a world where institutionalization is a relic of the past, and where every child has the right to grow up in a safe, loving family environment. Her work with Lumos reflects a deep commitment to social justice and the belief that every child deserves a chance to thrive.",1.0,en,multi_news,,multi_news,"Now, write a one-page summary of all the news.

","['JK Rowling makes the case today that millions of kids around the world are living in appalling conditions—the stuff of Grimms\' fairytales—in institutions that are supposed to be caring for them. Rowling wants to change that, not by improving these orphanages with ""pretty murals"" or teddy bears, but by eliminating them altogether, she writes in the Guardian. The big challenge is providing support for often-poor families who think they have no choice but to place their child in such an institution. If a child\'s biological family isn\'t up to the task, then foster families can step in. But Rowling argues that institutions are absolutely the wrong answer. Rowling has started a charity called Lumos (yes, after one of her Harry Potter spells), and writes that it has made genuine progress in reducing new placements in countries such as Bulgaria, Moldova, and the Czech Republic. She wants to raise awareness and donations with campaigns like this one. ""I recently committed to becoming president of Lumos for life,"" writes Rowling. ""It is my dream that, within my lifetime, the very concept of taking a child away from its family and locking it away will seem to belong to a cruel, fictional world."" Click for her full column.']",1530,532
Summary:,2eeba772e4954887281b316f04ac32ac8de8065274f352f4,"  

The U.S. and Pakistan have taken steps to mend their strained relationship following the controversial 2011 U.S. military raid in Abbottabad, Pakistan, which killed Osama bin Laden. The operation, conducted without prior notification to Pakistani authorities, sparked significant outrage in Islamabad, with many viewing it as a violation of national sovereignty. In response, U.S. Senator John Kerry, who recently visited Pakistan, emphasized the importance of rebuilding trust and cooperation between the two nations.  

Kerry, the highest-ranking U.S. official to visit Pakistan since the bin Laden raid, stated that the U.S. remains committed to working with Pakistan on counterterrorism efforts, including joint operations against ""high-value targets."" He also announced that Pakistan has agreed to return the tail section of a U.S. military helicopter that was damaged during the raid. The helicopter’s tail, which had become a symbol of the diplomatic rift, will be handed over to the U.S. on Tuesday.  

Kerry acknowledged the sensitivity of the situation, noting that the U.S. had to maintain strict secrecy around the operation to ensure its success. He also addressed concerns about Pakistan’s alleged support for militant groups, including Lashkar-i-Taiba and Afghan insurgents, and urged Islamabad to demonstrate a stronger commitment to combating terrorism.  

Despite the tensions, both nations have expressed a desire to move forward. The U.S. has signaled its intention to increase intelligence sharing and joint operations with Pakistan, while Pakistan has agreed to a series of measures aimed at improving bilateral relations. However, the path to reconciliation remains complex, with ongoing disputes over drone strikes, U.S. military presence, and the broader strategic interests of both countries.  

The U.S. continues to rely on Pakistan as a critical ally in the war on terror, particularly in facilitating the movement of troops and supplies in Afghanistan. In turn, Pakistan depends on U.S. aid to bolster its military and economy. The recent diplomatic overtures suggest a willingness to navigate these challenges, though the long-term success of the relationship will depend on sustained cooperation and mutual trust.  

As both nations work to address the fallout from the bin Laden raid, the broader implications for regional security and U.S. foreign policy remain significant. The situation underscores the delicate balance of power and shared interests that define the U.S.-Pakistan relationship, even in the face of deep-seated mistrust.",1.0,en,multi_news,,multi_news,"Now, write a one-page summary of all the news.

","['The US and Pakistan have agreed to work together in the future against ""high value targets"" in Pakistan, the countries announced in a joint statement today. The news comes after Sen. John Kerry arrived in Pakistan last night, intending to send a strong message following the death of Osama bin Laden: Cooperate more when it comes to rooting out terrorists, or face ""profound"" changes in the US-Pakistan relationship—which could include kissing billions in aid goodbye. Kerry is the most senior US official to go to Pakistan since bin Laden\'s death, but since issuing the joint pledge, he said Secretary of State Hillary Clinton will soon announce her own plans to visit, the AP reports. Kerry\'s meetings with Pakistani leaders began last night, the Washington Post reports. Many in Washington think Pakistan is harboring Islamist militants, and some members of Congress are calling for the US to sever the billions of dollars in aid it provides to Pakistan. Kerry is in Pakistan to lay out the new stakes following bin Laden\'s death, and question officials about how bin Laden was able to hide in Pakistan for years. In Kabul, Kerry said there is ""some evidence"" that the Pakistan government has knowledge of insurgent activities, calling it ""very disturbing.""']",1688,532
Summary:,cef9105b35619a56715bd8971c08f04183c9884ea5315029,"  

In early 2017, Kim Jong-nam, the half-brother of North Korea's leader Kim Jong-un, was assassinated at Kuala Lumpur International Airport. Malaysian authorities confirmed that he was poisoned with the deadly nerve agent VX, a substance classified as a weapon of mass destruction under the United Nations. The attack, which occurred on February 13, involved two women who reportedly applied the toxin to his face. Despite the use of VX, which is highly toxic and can be lethal in minute quantities, both women reportedly survived without apparent harm, raising questions about their exposure and the nature of the attack.  

Malaysia's police chief, Khalid Abu Bakar, stated that VX was detected on Kim Jong-nam's face and eyes, and that one of the women involved in the attack later fell ill with vomiting. The Malaysian government has accused North Korea of orchestrating the attack, citing the country's history of chemical weapons development and its alleged possession of VX. However, North Korea has denied any involvement, accusing Malaysia of fabricating evidence and suggesting that the country is acting under the influence of South Korea.  

North Korea is widely believed to possess a significant chemical weapons arsenal, including VX, mustard gas, and sarin. According to reports, the country has the capacity to produce up to 4,500 metric tons of chemical weapons annually, with the potential to increase production during times of crisis. The nation has not signed the Chemical Weapons Convention, which bans the development, production, and use of such weapons.  

The assassination has sparked a diplomatic crisis, with Malaysia demanding that North Korea cooperate in the investigation. North Korea, in turn, has accused Malaysia of engaging in a political vendetta and has threatened to take retaliatory measures. The case has also raised concerns about the safety of the airport and the potential for contamination, as VX is known to persist for days or even weeks on surfaces.  

Kim Jong-nam, who had lived abroad for years, was once considered a potential successor to his father, Kim Jong-il. However, he fell out of favor and became a vocal critic of the North Korean regime. His death has intensified international scrutiny of North Korea's capabilities and intentions, particularly regarding its use of chemical weapons.  

The incident has also highlighted the complex relationship between Malaysia and North Korea, with the latter being one of the few countries where North Koreans can travel without a visa. The attack has strained diplomatic ties and has led to calls for greater international oversight of North Korea's military and chemical programs.  

Overall, the assassination of Kim Jong-nam has underscored the dangers of chemical weapons,",1.0,en,multi_news,,multi_news,"Now, write a one-page summary of all the news.

","['Kim Jong Nam\'s assassins killed him with a banned chemical weapon, Malaysian police revealed Friday. The country\'s police chief said toxicology reports on swabs from the face and eyes of the exiled North Korean found VX nerve agent, which the BBC notes is classed as a weapon of mass destruction by the United Nations. He said that one of two women believed to have rubbed the extremely toxic substance on Kim\'s face with their hands suffered from vomiting after the attack. The New York Times reports that VX agent can be created by mixing two compounds—and police suspect the two women put the substances on Kim\'s face, one after the other, to create a deadly dose. The police chief said the airport where Kim was attacked is now being decontaminated. North Korea—which is widely suspected to have been behind the killing of leader Kim Jong Un\'s half brother—never signed the Chemical Weapons Convention that banned VX, the AP notes. Pyongyang denies involvement and says Malaysia\'s investigation is full of ""holes and contradictions."" The father of one of the two women being held, Vietnamese citizen Doan Thi Huong, tells the Times his daughter trained as a pharmacist and he has seen little of her in recent years. (Police say that after Malaysia refused to give Kim\'s body to North Korean diplomats, somebody tried to break into the morgue.)']",2917,532
Summary:,b8ad3a4d5f7ed3008f93632c7880e2ddd7dc5e37f6a2088f,"  

In October 2009, a 15-year-old girl was brutally raped and beaten at Richmond High School in California during a homecoming dance. The attack, which occurred on Saturday, October 24, 2009, took place in a dimly lit picnic area and lasted for over two hours. According to police, as many as two dozen people witnessed the assault but did not intervene or report it. The victim, a sophomore, had left the dance and was drinking with a group when she was approached by a group of young men. She was later found semiconscious and partially clothed near a picnic table, having suffered non-life-threatening injuries.  

Two suspects were initially arrested. Manuel Ortega, a 19-year-old former student, was apprehended as he attempted to flee the scene. He was charged with rape, kidnapping, and robbery. A 15-year-old student, who is also a minor, was arrested and booked on suspicion of sexual assault. Police believe the number of attackers could be as high as 10, with ages ranging from 15 to their early 20s. Some of the assailants reportedly laughed and took photos during the attack.  

The incident has sparked outrage and raised serious concerns about campus safety and witness responsibility. Richmond, a city known for its high crime rate, has seen a rise in violent crimes, including a shooting at the school in the past. The school had recently installed surveillance cameras, but they were not operational at the time of the attack.  

Authorities are offering a $20,000 reward for information leading to the arrest and conviction of any of the perpetrators. Police have also launched a broader investigation to determine the full extent of the involvement of those present.  

The attack has left the community deeply shaken, with some students transferring schools in response to the incident. Local officials have condemned the crime as one of the most heinous they have encountered. The case highlights the urgent need for improved security measures, witness protection, and a stronger legal response to such violent acts.",1.0,en,multi_news,,multi_news,"Now, write a one-page summary of all the news.

","['San Francisco-area cops have arrested three more young men in the savage gang rape, beating, and robbery of a 15-year-old girl outside her homecoming dance while dozens more watched. Five youths are being held, ranging from a 15-year-old boy who knew the victim to a 21-year-old. The girl was drinking outside the dance Saturday night, reports the San Francisco Chronicle, and the group turned on her when she became drunk. Charges are expected today. ""This was a barbaric act. I still cannot get my head around the fact that numerous people either watched, walked away or participated in her assault,"" a Richmond cop tells the AP. ""It\'s one of the most disturbing crimes in my 15 years as a police officer."" Some students began transferring out of the school. ""It\'s not safe there at all,"" said a 16-year-old girl. ""I\'m not going back.""']",1576,532
Summary:,04ee10332dea447fd20ba0b36c23c61fc1e4bbf4009eb6b6,"  

The news covers a significant political and legal development involving the release of a classified memo by the House Permanent Select Committee on Intelligence (HPSCI), chaired by Devin Nunes. The memo, titled ""Foreign Intelligence Surveillance Act (FISA) Abuses at the Department of Justice and the Federal Bureau of Investigation,"" was declassified and released on February 2, 2018, following a request by the HPSCI. The memo details concerns about the use of FISA by the FBI and DOJ during the 2016 presidential election, particularly in the surveillance of Carter Page, a former Trump campaign advisor.  

The memo outlines several key findings. First, it criticizes the FBI and DOJ for failing to disclose the political origins of the ""Steele Dossier,"" a report compiled by former FBI informant Christopher Steele that formed the basis of the FISA application for Carter Page. The memo notes that the dossier was funded by the Democratic National Committee (DNC) and Hillary Clinton’s campaign, and that this information was known to senior officials within the FBI and DOJ. However, the FISA applications did not include this information, raising questions about the legitimacy and transparency of the surveillance process.  

Additionally, the memo highlights the involvement of former FBI Deputy Director Andrew McCabe and former Acting Deputy Attorney General Sally Yates in the FISA applications. It also points out that the FBI had previously suspended Steele for unauthorized media disclosures, yet the FISA applications did not reflect this. The memo further criticizes the FBI for not fully disclosing the biases and potential conflicts of interest of individuals involved in the surveillance process, including former Deputy Attorney General Bruce Ohr, whose wife was employed by Fusion GPS, the firm that funded the Steele Dossier.  

The memo also raises concerns about the FISA process itself, noting that the 90-day renewal requirement was not effectively enforced, and that the government failed to provide the court with all relevant information. The memo argues that this lack of transparency and accountability undermined public confidence in the FISA process and the integrity of the intelligence community.  

The release of the memo was controversial, as it was seen by some as an attempt to politicize the FISA process and undermine the credibility of the FBI and DOJ. The White House, under President Donald Trump, approved the declassification of the memo, which was then released to the public. The memo sparked significant debate and led to further investigations into the conduct of the FBI and DOJ during the 2016 election.  

In summary, the memo represents a critical examination of the FISA process during the 2016 election, highlighting concerns about transparency, accountability",1.0,en,multi_news,,multi_news,"Now, write a one-page summary of all the news.

","['The White House on Friday declassified a partisan and bitterly disputed memo on the Russia investigation, and a House committee immediately made it public. Media outlets were just beginning to assess it. You can read the document here, via the Washington Post. The White House move came over the fierce objections of the FBI and Justice Department, which have said the document prepared by Republicans on the House intelligence committee is inaccurate and missing critical context, per the AP. The memo alleges that the FBI abused US government surveillance powers in its investigation into Russian election interference. Trump, who has called the investigation a ""witch hunt,"" has supported the release of the memo in the apparent hopes that it could help undermine the probe being led by special counsel Robert Mueller. The president, dogged by the unrelenting investigation into his campaign\'s ties to Russia, lashed out anew Friday at the FBI and Justice Department as politically biased against Republicans. ""The top Leadership and Investigators of the FBI and the Justice Department have politicized the sacred investigative process in favor of Democrats and against Republicans - something which would have been unthinkable just a short time ago. Rank & File are great people!"" Trump tweeted.']",2676,532
Summary:,c41f1472a8b70be78713deaa0e3248b28a9931fd049c6fd7,"  

*The Wolfman* (2010), a remake of the 1941 Universal horror classic, attempts to bridge the gothic storytelling of the original with the graphic violence and special effects of modern horror. Directed by Joe Johnston, the film stars Benicio Del Toro as Lawrence Talbot, a Victorian actor who returns to his family’s estate in 1891 England after his brother is found dead. The story follows Talbot’s transformation into a werewolf after being bitten by a mysterious creature, leading to a bloody rampage.  

Despite its ambitious attempt to honor the legacy of the original, *The Wolfman* is criticized for its uneven execution. The film is described as a hybrid of old and new horror, but its fusion feels forced. The special effects, while visually impressive, are seen as dated, and the makeup, though crafted by veteran Rick Baker, is deemed campy and unconvincing. Del Toro’s performance is praised for its homage to Lon Chaney Jr., but his portrayal is criticized for being emotionally distant and lacking the depth of the original.  

Supporting actors, including Anthony Hopkins as Sir John Talbot and Emily Blunt as Gwen Conliffe, are noted for their strong performances, though Blunt’s role is seen as underdeveloped. The film’s attempt to evoke the eerie atmosphere of the original is undermined by its reliance on modern CGI and a lack of narrative cohesion.  

While some critics find the film enjoyable as a campy, nostalgic horror experience, others argue that it fails to live up to the standards of its predecessor. The film is also compared unfavorably to other remakes of Universal horror classics, such as *Dracula* and *Frankenstein*, and is seen as a missed opportunity to honor the genre’s rich history.  

In addition to *The Wolfman*, the news highlights other recent films, including *Valentine’s Day*, a romantic comedy criticized for its clichéd plot and lack of originality, and *Ajami*, an Oscar-nominated drama that explores the tensions between Arab and Israeli communities in Jaffa. The *Red Riding Trilogy*, based on true crime stories, is praised for its intense storytelling and powerful performances.  

Overall, the news underscores the mixed reception of *The Wolfman* and its place in the broader landscape of modern horror cinema, while also touching on other notable films that have captured public and critical attention.",1.0,en,multi_news,,multi_news,"Now, write a one-page summary of all the news.

","[""Critics aren’t exactly howling over the new remake of The Wolfman starring Benicio del Toro, giving it mostly mediocre or failing marks. Here’s what they’re saying: “The movie is pungent with atmosphere, laying down a thick fog of creepy Victorian murk,” writes Kyle Smith of the New York Post, but the story is toothless, centering on a mystery “so simple that even Marmaduke could have sniffed it out.” “The movie is scary only as regards all its wasted potential,” laments John Anderson of the Wall Street Journal. There are good elements here, but they’re “reduced to a gruesome fondue, accessorized by actorly ham and studio cheese.” The filmmakers obviously loved the original Wolfman, but “nostalgia isn't always the best barometer,” writes James Berardinelli of ReelViews. The makeup is “inexcusably campy,” and scenes from the original are “recreated in a fashion that seems more Monty Python than unsettling.” But Ty Burr of the Boston Globe had fun. “The movie is by no means good,” he writes, “but it’s surprisingly enjoyable: a misty, moody Saturday-matinee monster-chiller-horror special.”""]",3747,532
Summary:,3a36e0fd6f9a7f242575108e48446297bb639cf08ccfc9f4,"  

In May 2014, Northern Ireland was in the midst of a political and legal storm centered on the arrest of Gerry Adams, the leader of Sinn Féin. Adams, a former MP and current member of the Irish parliament, was taken into police custody at Antrim Police Station for questioning regarding his alleged involvement in the 1972 murder of Jean McConville, a mother of ten who was abducted, shot, and secretly buried by the IRA. The case has long been a symbol of the unresolved legacy of the Troubles, a period of intense political and sectarian conflict in Northern Ireland.

Adams, who had previously contacted police about the McConville case and had agreed to be interviewed, was arrested under the Terrorism Act. He criticized the timing of the arrest, which occurred during an election campaign, and claimed that the police had used ""pernicious, coercive legislation"" to address a ""legacy issue."" He also expressed frustration that the investigation had been conducted with what he described as ""biased"" materials, including photographs and interviews with individuals he considered enemies of the peace process.

The McConville family, who have been seeking justice for over 40 years, expressed their continued determination. Michael McConville, Jean’s son, stated that the family would not stop fighting for the truth, emphasizing that they had endured a long and painful struggle. The case has drawn significant public and political attention, with some critics suggesting that the timing of the arrest was politically motivated.

The police investigation, which included 33 taped interviews, was sent to the Public Prosecution Service (PPS) for review. The PPS will determine whether there is sufficient evidence to bring charges against Adams. The decision will be made by the director of public prosecutions, Barra McGrory QC, who has a prior connection to Adams, leading to the delegation of the decision to his deputy.

The case also intersects with the broader context of the Boston College tapes, a series of interviews with former IRA and loyalist members that have provided critical insights into the Troubles. Recent arrests, including that of Ivor Bell, a former IRA leader, have raised hopes of further progress in uncovering the truth behind the Disappeared—those who were abducted, murdered, and hidden during the conflict.

Political leaders from across the spectrum have weighed in on the situation. Some, like the Democratic Unionist Party’s Jeffrey Donaldson, have dismissed claims of political bias, while others, including Sinn Féin and its allies, have expressed concern over the handling of the case. The arrest of Adams has also sparked tensions in the community, with loyalist groups",1.0,en,multi_news,,multi_news,"Now, write a one-page summary of all the news.

","[""Sinn Fein leader Gerry Adams, lately the very high-profile suspect in a 1972 murder, will go free without charge, Northern Ireland police officials tell the BBC. Adams has been questioned since Wednesday in County Antrim over allegations that he, as an IRA commander ordered the murder of a 37-year-old widow and mom of 10, Jean McConville. The AP confirms the report, saying that Adams will likely be freed today, but notes that police say they'll send an evidence file to their British counterparts.""]",1816,532
Summary:,994c4e5487e91bef73af6ea24878a117dc1a335f34d0ebbb,"  

Two daycare workers, Lizandra Cosme, 32, and Susana Gonzalez, 27, have been charged following an incident at the Children’s Learning Place daycare in Chicago, where five toddlers were allegedly injured by a hot glue gun. The incident, which occurred on December 1, has sparked widespread concern and legal action.  

According to surveillance footage, Cosme applied hot glue to the hands and arms of five 2-year-old children, causing them to wince and cry in pain. Gonzalez, who was present in the room, is alleged to have laughed as the incident unfolded. Prosecutors have described the actions as severe, with Cosme facing five felony counts of aggravated battery to a child, while Gonzalez is charged with five misdemeanor counts of child endangerment.  

Cosme, who had been working with children for over a decade, is accused of bringing the hot glue gun to the daycare for a Christmas project. During the incident, she was responsible for supervising 16 children. A defense attorney for Cosme stated that her actions were not intentional, calling them a “screw-up,” but emphasized that there was no malicious intent.  

The daycare center, which serves children from 6 weeks to 6 years old, has since terminated both Cosme and Gonzalez. In a statement, the daycare’s spokesperson, Lissa Druss Christman, expressed commitment to the well-being of the children and noted that the facility had immediately reported the incident to the Department of Children and Family Services (DCFS).  

DCFS is currently investigating the allegations of abuse and neglect. The extent of the children’s injuries remains unclear, though some reports indicate that burns were visible and that Cosme attempted to apply Neosporin to one of the affected children.  

Cosme was denied bail following her arrest and is scheduled to appear in court on December 26. Gonzalez’s court date has not been specified. The case has drawn public outrage and raised serious questions about child safety and supervision in daycare settings.  

This incident highlights the critical need for strict oversight and training in early childhood care, as well as the legal and ethical responsibilities of those entrusted with the welfare of vulnerable children.",1.0,en,multi_news,,multi_news,"Now, write a one-page summary of all the news.

","['Two workers at a Chicago day care were fired and arrested after a disturbing incident that left five toddlers injured. Police say surveillance video captured one of the workers burning the 2-year-olds with a hot glue gun while the other woman watched and laughed, People reports. Lizandra Cosme, 32, has been charged with five counts of aggravated battery of a child causing great bodily harm, the Chicago Sun-Times reports. Susana Gonzalez, 27, faces five misdemeanor charges of causing the circumstances of child endangerment over the Dec. 1 incident at the Children\'s Place day care. It\'s not clear how seriously the children were injured. Prosecutors say Cosme, who brought the glue gun for a Christmas project, was captured on video applying the hot glue directly to the hands and arms of the three girls and two boys. ""Each of the child victims winced and some whined at the hot glue gun application,"" a prosecutor said during a Monday court appearance. Prosecutors said Cosme tried to cover up the incident, asking a father whether his child had been burned at home, ABC7 reports. They said her actions were discovered when one child\'s mother, an ER physician, saw the burns and demanded to see surveillance footage. Cosme\'s lawyer said his client ""screwed up"" but did not mean to hurt the children.']",1272,532
Summary:,7a9199c5521da5c99e3de3cb0d86abbcff0f1489e6b3f731,"  

Texas Democratic gubernatorial candidate Wendy Davis has revealed in her upcoming memoir, *Forgetting to Be Afraid*, that she had an abortion in the 1990s after discovering her unborn child had a severe brain abnormality. The memoir, set to be released on Tuesday, details her personal and political journey, including the difficult decision to terminate a pregnancy she and her then-husband had hoped to carry to term. Davis describes the experience as one of profound grief and transformation, writing that the loss left her “forever changed.”  

The memoir also recounts her earlier experience with an ectopic pregnancy, which she says was medically necessary to protect her life. She notes that while this pregnancy was not considered a “choice,” it was technically classified as an abortion under Texas law. Davis has previously spoken about the emotional toll of these experiences, and the memoir provides a deeply personal account of her life, including her difficult childhood, her struggles as a young mother, and her rise in politics.  

Davis gained national attention in 2013 for her 11-hour filibuster in the Texas Senate, which temporarily blocked a restrictive abortion law. The law, which required abortion providers to have admitting privileges at nearby hospitals and mandated clinic upgrades, was later upheld by the Supreme Court. Davis’ filibuster became a symbol of the pro-choice movement and helped elevate her political profile.  

Her memoir, which includes reflections on her faith, family, and personal resilience, is being published as she runs for governor against Republican Attorney General Greg Abbott, a staunch opponent of abortion rights. While some political analysts suggest the revelation may not significantly impact her campaign, others argue it humanizes Davis and complicates efforts by opponents to attack her on the abortion issue.  

The memoir also includes a poignant story about her late father, who left the family in financial hardship but inspired her with his passion for theater. Davis credits her husband, Jeff, as a key supporter in her career, though she has faced criticism for not emphasizing his role more in her public narrative.  

In the book, Davis reflects on the emotional weight of her decisions, including the loss of her unborn daughter, Tate, whom she describes as a “light” in her life. She writes of a moment on a golf course where she felt Tate’s presence, saying goodbye to her.  

The memoir has drawn mixed reactions, with some praising its honesty and others questioning its political implications. Nonetheless, it stands as a powerful testament to Davis’ personal journey and her commitment to women’s rights and healthcare access.",1.0,en,multi_news,,multi_news,"Now, write a one-page summary of all the news.

","['Texas gubernatorial candidate Wendy Davis\' new memoir is dedicated in part to daughters Amber, Dru, and Tate, and those familiar with Davis\' life story might be puzzled by the last name on that list. That\'s because Davis is revealing for the first time that Tate is the unborn child that she and her husband aborted in the second trimester, after doctors discovered a severe brain abnormality. The San Antonio Express-News and the AP obtained advanced copies, and the news is generating headlines given that Davis shot to national fame while filibustering against an abortion bill in Texas. Davis writes that she decided to abort in 1996 after doctors said the baby would be blind, deaf, and in a vegetative state if she survived the pregnancy. Davis also felt the fetus “tremble violently"" in the womb, ""as if someone were applying an electric shock to her, and I knew then what I needed to do. She was suffering."" Her doctor ""quieted"" the unborn child\'s heart and delivered her by C-section. Davis and her husband had Tate baptized. After the abortion, ""an indescribable blackness followed,"" writes Davis in Forgetting to Be Afraid, ""and when I finally did come through it, I emerged a different person."" Davis also writes of a previously disclosed procedure to terminate an earlier ectopic pregnancy in which the embryo was implanted outside the uterus. She says she opted not to talk about either case during her famous filibuster because she feared it would ""overshadow the events of the day.""']",2373,532
Summary:,eaa81a89e0cd98188339f02482df2c273f0bc1257f1c4a66,"  

In November 2017, two men were arrested in Pittsfield, Massachusetts, for allegedly running a citywide prostitution ring that involved multiple women, some of whom were as young as 15. The investigation, which began in the spring of 2017, was prompted by reports of increased prostitution activity in the area, particularly around First, Adam, North, Linden, and Wahconah streets.  

Joseph E. Van Wert, 65, of Becket, and Randy W. Lambach, 45, of Pittsfield, were both charged with human trafficking and other related offenses. Lambach, who was identified as the ring’s organizer, allegedly targeted women with severe drug addictions, recruited them through online advertisements, and facilitated their prostitution activities. He would drive the women to appointments, collect a portion of the payment, and sometimes pay them in drugs instead of cash.  

Lambach was said to have operated the ring for several years, including recruiting some of the women as his former foster children. He allegedly threatened the women with legal consequences if they tried to leave the operation and warned them that police would not believe their stories.  

Van Wert, who lived in a senior living facility, allegedly allowed the prostitution activities to take place in his apartment in exchange for drugs and cash. The two men were arrested in late November 2017 and are awaiting a hearing to determine bail.  

Lambach has pleaded not guilty to four counts of human trafficking, while Van Wert has entered not guilty pleas to charges including conspiracy to commit human trafficking, deriving support from prostitution, and maintaining a house of prostitution. The investigation is ongoing, and additional charges may be filed.  

The case involved multiple law enforcement agencies, including the Pittsfield Police Department, the anti-crime unit, the drug unit, and state police assigned to the District Attorney’s Office. The case highlights the serious nature of human trafficking and the exploitation of vulnerable individuals, particularly those struggling with addiction.",1.0,en,multi_news,,multi_news,"Now, write a one-page summary of all the news.

","['Two men have been charged with human trafficking after police arrested them for running a prostitution ring out of a senior living facility in Pittsfield, Mass. Police say Joseph Van Wert, 65, and Randy Lambach, 45, will face a hearing later this month, the New York Daily News reports. Lambach would allegedly seek out women with drug addictions and post their pictures online, then arrange meetings with clients. Some of these meetings took place in Van Wert\'s apartment in a senior facility. Van Wert offered his apartment in return for cash or drugs. The Berkshire Eagle reports that the police investigation began last spring in response to citizen complaints about increased prostitution across the city. Lambach would allegedly keep up to 90% of the money the women made, sometimes refusing them cash altogether and paying them in heroin or crack cocaine instead. At least one woman said Lambach drove her to an ""appointment"" across state lines. Police estimated one of the victims was 15 years old. They were also told that some of the women were Lambach\'s former foster children. Both men have pleaded not guilty, Lambach to four counts of human trafficking and Van Wert to conspiracy to commit human trafficking, deriving support from prostitution, maintaining a house of prostitution, and sexual conduct for a fee.']",1457,532
Summary:,11612bf9150914c57c3107b73b864d6311c010bcfdc458f0,"  

Recent archaeological discoveries in Wiltshire, England, have shed new light on the Neolithic and Bronze Age cultures that once thrived in the region. Excavations at Marden Henge, a massive prehistoric enclosure, have uncovered a well-preserved house dating back over 4,300 years. This structure, one of the best-preserved from the period found in the UK, was built with white chalk imported from distant locations, suggesting a level of sophistication and resourcefulness. The house, which was likely used for feasting and gatherings, was eventually abandoned and covered with earth, preserving its remains. The site, which is part of a larger complex, includes a vast enclosure that was once three meters high, making it one of the largest prehistoric monuments in Britain.  

The excavation has also revealed a wealth of artifacts, including flint tools, decorated pottery, shale and copper bracelets, and even a Roman brooch. These findings provide insight into the daily lives, diets, and social structures of the people who lived in the area. Analysis of seeds and charred grains will further reveal what these ancient communities were growing and eating.  

In addition to the house, a 4,000-year-old Bronze Age skeleton, believed to be that of a child, was discovered at Wilsford Henge. The child was found in a fetal position and was wearing an amber necklace, indicating possible ritual significance. Scientific analysis of the remains will help determine the child’s gender, diet, and place of origin, offering further understanding of the people who lived in the region during the Bronze Age.  

These discoveries, part of a broader archaeological project led by the University of Reading in collaboration with Historic England and local institutions, are helping to reshape our understanding of prehistoric life in Wiltshire. The site is open to the public, with special events and open days planned to engage the community and promote awareness of the region’s rich history. As research continues, these findings are expected to contribute significantly to the broader narrative of Neolithic and Bronze Age societies in Britain.",1.0,en,multi_news,,multi_news,"Now, write a one-page summary of all the news.

","['You think Stonehenge is impressive? Archaeologists in Britain are excavating a monument ten times larger than the iconic structure, though it appears to the naked eye to be little more than farmland. A henge is a circular earthwork, and the one in question is Marden Henge, which sits a few miles north of Stonehenge in Wiltshire. National Geographic reports that roughly 4,500 years ago it featured 10-foot-tall earthen berms that encompassed some 40 acres. The Guardian writes that the henge was ""far larger than the Avebury or Stonehenge circles, and too large for any imaginable practical use."" But over the ages Marden Henge\'s berms have ""slumped"" and farmers have worked the land, and archaeologists have gravitated to the more breathtaking Stonehenge. Until now. Jim Leary of the University of Reading has just kicked off a three-year study of the site; his excavations (he worked at the site in 2010, too) are the only ones to have occurred there in nearly 50 years. He hopes the berms will help explain the ""insane, utterly unsustainable"" construction boom that led to Marden Henge and four other nearby Neolithic monuments, including Stonehenge. ""Not nearly enough attention has been paid to the archaeology of the fertile valley in between these places,"" says Leary. So far he\'s found the remains of a 4,000-year-old teen wearing an amber necklace just outside Marden Henge, per the BBC; fancy arrowheads; and a stone building within the henge containing the bones of at least 13 pigs, suggesting a huge feast was held there. ""For all the attention that has been lavished on Stonehenge over the years, we may well find out that Marden was where it was really at during the Neolithic,"" he says. (There\'s a giant ""super henge"" under Stonehenge.)']",1428,532
Summary:,d74bcb4b88344c46da1ff0c29dec67d014083c13f3848a87,"  

The provided news passages cover a range of topics, primarily focusing on financial assistance options, particularly payday loans and emergency cash advances. The first passage emphasizes the challenges individuals face when seeking quick financial help, such as the need to submit loan forms and the potential for high-interest charges. It highlights the importance of planning ahead and using savings as a more cost-effective alternative to borrowing. The passage also discusses the availability of no-credit-check loans, which can be applied for online and are designed to help with unexpected expenses like utility bills, medical costs, and debt repayment. These loans typically come with short repayment terms and can be approved quickly, though they often carry significant interest rates. The passage also mentions the requirements for obtaining such loans, including being a UK resident, having a stable income, and meeting certain age and employment criteria.  

In contrast, the second passage shifts focus to a personal interest in automobiles, mentioning a love for cars and inviting readers to share their favorite vehicles. This section appears to be more of a casual or promotional piece, unrelated to the financial content of the first passage.  

Overall, the news highlights the growing reliance on short-term financial solutions for individuals in need of immediate cash, while also touching on broader interests and hobbies. The financial information serves as a cautionary note about the risks associated with high-interest loans and the importance of financial planning.",1.0,en,multi_news,,multi_news,"Now, write a one-page summary of all the news.

","['As everyone wonders whether Conan O’Brien will stay at NBC or move to Fox, the Tonight Show host offered up a few more novel ideas yesterday: Perhaps he’ll “pretend to put my son in a giant foil balloon, then sit back and watch the offers come pouring in!” Watch him deliver the rest of his options on the video above—then check out Jay Leno, who also addressed the drama last night on his show. “NBC says the show performed exactly as they expected it would, and then they canceled it,” Leno said. “Now don’t confuse that with when we were on at late night and we performed better than expected and then they canceled us. That was totally different!” Meanwhile, the Los Angeles Times takes a closer look at Fox’s early talks with Conan—who “would be a very compatible fit for our brand,” says the president of Fox Entertainment.']",791,532
Summary:,b52067a71a631691a2448c313aef0dcb0870b66526c87e77,"  

BP PLC has faced significant shareholder backlash over its executive pay policy, particularly the 20% increase in the total compensation package for Chief Executive Officer Bob Dudley in 2015. Despite the company recording a historic $5.2 billion loss that year and implementing widespread job cuts, Dudley’s pay rose to $19.6 million, drawing sharp criticism from investors and corporate governance experts.  

The controversy intensified during BP’s annual general meeting, where 59% of shareholders voted against the pay package, marking one of the most significant rejections of executive compensation in the UK. Shareholders argued that Dudley’s pay was out of line with the company’s poor financial performance and the broader industry trend of pay cuts among energy executives. This sentiment was echoed by advisory firms like Glass Lewis, which had previously recommended against Dudley’s pay package, citing concerns over the disparity between executive rewards and company performance.  

Dudley’s compensation, which included a substantial increase in pension and deferred bonuses, was defended by BP as reflective of his leadership in cleaning up the aftermath of the 2010 Deepwater Horizon oil spill and improving the company’s safety and operational performance. The company also pointed to its strong shareholder approval of the pay policy in 2014, with 96% of investors backing the formula. However, the recent vote signaled a growing shift in investor sentiment, with many calling for more transparency and alignment between executive pay and company performance.  

The shareholder rebellion has put pressure on BP’s board, including Chairman Carl-Henric Svanberg, who acknowledged the concerns and pledged to review the pay structure in consultation with major shareholders. While the pay increase itself is not subject to reversal, the vote has raised questions about the long-term viability of BP’s current compensation model and the need for greater accountability in executive pay decisions.  

This episode reflects a broader trend of increased scrutiny over executive compensation, particularly in the energy sector, where falling oil prices and financial volatility have led to calls for more balanced and performance-driven pay structures. As BP moves forward, the company will need to address these concerns to maintain investor confidence and ensure alignment with evolving corporate governance standards.",1.0,en,multi_news,,multi_news,"Now, write a one-page summary of all the news.

","['Oil giant BP lost $5.2 billion last year, but the company somehow saw fit to propose maximum bonuses for 2015 for its top executives, including a 20% pay increase for CEO Bob Dudley—a proposal that 59% of shareholders roundly rejected by proxy vote at Thursday\'s annual meeting, MarketWatch reports. The company had indicated earlier in the day that it may also have to reduce its dividend, the Wall Street Journal reports. Dudley is set to receive the full bonus he was eligible for, which comes to $4.2 million (including $1.4 million in cash and a portion in deferred BP shares), per an earlier MarketWatch report. This amount was bumped up from the $3 million ($1 million in cash) he received in 2014. BP\'s CFO was also on the list to rake in his full bonus. ""We think it sends the wrong message,"" a rep for shareholder Royal London Asset Management tells the BBC. ""It shows that the board is out of touch."" Not only did BP suffer straight-up monetary losses as the price of oil fell, it also announced it will be getting rid of about 7,000 jobs and taking other belt-tightening measures. And the Financial Times notes that other energy company execs saw their pay slashed in 2015. But a BP spokesman says ""executives performed strongly in a difficult environment in 2015, managing the things they could control and for which they were accountable."" Andy Critchlow, writing for the Reuters Breakingviews blog, agrees. ""Dudley has to work harder than his predecessors,"" he writes, noting the CEO has helped the company recover from the 2010 Deepwater Horizon disaster and improved safety protocol. ""The mild-mannered American has had possibly the toughest job in the oil industry. His rewards look in line with that task."" Carl-Henric Svanberg, chairman of BP\'s board, says the nonbinding shareholder vote won\'t alter the payouts they\'ve already decided on, but that the board will take investors\' concerns into account when coming up with next year\'s compensation packages.']",3225,532
Summary:,3b272a3cb912cb9130ace7be7a17757c1206b90893edf887,"  

In a recent development, Peru's top organized crime investigator, Eusebio Felix, has been placed on leave following allegations of misleading the public with a sensationalized story about a gang of serial killers known as the ""Pishtacos."" According to Felix, the group was allegedly murdering up to 60 people and extracting their fat, which was then sold to Italian cosmetics companies for thousands of dollars per liter. The story, which included dramatic evidence such as bottles of what was claimed to be human fat and a video of body parts found in a grave, was initially met with public fascination and media attention.  

However, subsequent investigations have cast serious doubt on the authenticity of the claims. Police in the region of Huanuco, where the alleged crimes took place, have denied any involvement in the case and stated that there was only one confirmed murder victim, who was linked to the cocaine trade. The four suspects, who were arrested and are still in custody, may have been using the story as a tactic to intimidate rivals in a violent and drug-infested area.  

The case has sparked widespread criticism of the police force, with officials expressing embarrassment over the botched investigation. Anthropologists and medical experts have also weighed in, suggesting that the story was an over-the-top fabrication that exploited a long-standing Peruvian myth about the Pishtacos. They argue that the police's reliance on the legend not only undermined the credibility of the investigation but also played into public fears unnecessarily.  

Additionally, the story has been criticized for its potential impact on tourism and for diverting attention from more pressing issues facing Peru, such as drug trafficking and organized crime. Some have even suggested that the entire narrative was a publicity stunt or a poorly constructed attempt to generate media coverage.  

As the investigation continues, the incident has raised important questions about the integrity of law enforcement, the use of folklore in criminal investigations, and the ethical responsibilities of journalists and officials in reporting on such matters. The case serves as a cautionary tale about the dangers of sensationalism and the need for rigorous, evidence-based policing.",1.0,en,multi_news,,multi_news,"Now, write a one-page summary of all the news.

","['The Peruvian cop who claimed to have busted a crime ring that killed dozens of people to harvest their fat has been suspended for lying. Felix Murga, the country\'s top organized crime investigator, said that a gang had killed 60 people to sell their fat at $15,000 a liter. Investigators now believe there was just one victim and his murder was linked to drug trafficking, the BBC reports. Murga appears to have revived an ancient Andean legend of killers who roam the mountains extracting fat from travelers, say authorities, who blame him for damaging the police force\'s reputation and scaring tourists away. ""This has been a ruse of bad taste,"" a local politician tells Reuters.']",1088,532
Summary:,f8ac8ff14795766c86a489e1a4175f54fdb45baab5b808e3,"  

Cheryl Strayed’s memoir *Wild* has inspired a surge in interest in the Pacific Crest Trail (PCT), with the book and its subsequent film significantly increasing the number of hikers attempting the 2,650-mile trail. The story of Strayed’s transformative journey through the wilderness, marked by personal struggle and eventual healing, has resonated with many, leading to a notable rise in trail usage. However, this growing popularity has raised concerns about overcrowding, environmental impact, and the potential for inexperienced hikers to disrupt the trail’s delicate ecosystem and community.

The PCT, which stretches from the Mexican border in California to the Canadian border in Washington, has seen a dramatic increase in hikers since the release of *Wild*. In 2016 alone, over 4,000 long-distance hiking permits were issued, with many hikers attempting the full trail. While the trail is open to all, the recent influx has led to challenges, including strain on natural resources, increased human waste, and the need for more infrastructure and management. The PCT Association has implemented a permit system limiting hikers to 50 per day, aiming to spread out the impact and protect the trail’s environment.

Despite these challenges, the trail remains a powerful symbol of personal growth and resilience. Many hikers, like Strayed, view the journey as a means of self-discovery and healing. However, there is a growing call for responsible hiking practices, including following the ""leave no trace"" principle, respecting the trail’s natural and human communities, and preparing adequately before embarking on such a demanding journey.

As more people are inspired to hike the PCT, there is a need for balance between accessibility and preservation. The trail’s legacy as a place of transformation and connection must be maintained, ensuring that future hikers can continue to find meaning and solace in the wild.",1.0,en,multi_news,,multi_news,"Now, write a one-page summary of all the news.

","['Hikers on the Pacific Crest Trail can expect to encounter harsh-but-beautiful landscapes, extreme fatigue, and—these days, at least—traffic. ""You can’t talk about the Pacific Crest Trail without mentioning the crowds,"" Pete Brook writes for Outside. He should know: Brook currently is trekking the 2,650-mile PCT, which runs from the Mexican border through California, Oregon, and Washington to the border with Canada. But don\'t take his word for it: The Pacific Crest Trail Association so far this year has issued more than 4,000 permits to people planning on tackling at least 500 miles of the trail. To put things in perspective: 300 people attempted to complete the entire PCT in 2006, according to the AP, with about 120 of those making it. In 2014, 1,000 people set off and about half completed the trail. More traffic means more stress on the land, more improperly disposed of poop, and more inexperienced hikers requiring rescue. So what\'s with the increase in traffic over the past few years? You can thank Cheryl Strayed and her enormously popular memoir-turned-major-motion-picture Wild. After the book came out in 2012, there was a small increase in interest in the trail, the PCTA\'s Jack Haskel told the AP in 2015. But after the movie, starring Reese Witherspoon, was released in 2014, interest in the PCT exploded. ""Millions are hearing about it now and are being inspired,"" Haskel said. Strayed, more or less unprepared for the journey, hiked 1,100 miles of the trail as a form of therapy as she grappled with personal demons. ""However for others that follow her strategy of deliberate ineptitude, things might not turn out so well,"" writes DontHikeLikeWild.org. ""Our advice to would-be hikers: Grow a spine first. Then get out there and hike the PCT."" (This female hiker is the ""biggest badass you\'ve never heard of."")']",2416,532
Summary:,676c95b1b4d773fc7ada84cef6392d0ce2fe2e29c50f4880,"  

Pete Davidson, a cast member of *Saturday Night Live* (SNL), has been in the spotlight for both his comedic talent and his personal journey. Recently, he opened up about his use of medical marijuana to manage his Crohn’s disease, a chronic condition he was diagnosed with at a young age. Davidson has long been an advocate for the medicinal use of cannabis, criticizing the New York State medical marijuana program for being overly restrictive and difficult to access. He has stated that without the ability to use medical marijuana, he would not be able to perform on SNL, emphasizing its critical role in his ability to function and create.  

Despite his public support for cannabis, Davidson has also made a significant personal announcement. He revealed that he has been sober for the first time in eight years, a milestone he credits to the support of friends, family, and his partner. He shared this update on social media, expressing gratitude for the love and support he has received and encouraging others not to give up hope. This marks a turning point in his life, as he transitions from a public figure known for his humor and cannabis use to someone who is actively working on his sobriety and well-being.  

Davidson has also spoken about the importance of mental health and the role of music in his recovery. He has credited rapper Kid Cudi for saving his life, particularly during a difficult period in his early twenties. Cudi, who has also struggled with mental health issues, recently checked himself into rehab, which Davidson found comforting and validating.  

In addition to his personal updates, Davidson has been active in the entertainment industry. He is set to debut his first hour-long stand-up special, *SMD*, on Comedy Central, and the new season of *SNL* is set to premiere on October 1st. His presence on the show continues to be a significant part of its comedic landscape, and his recent revelations about his health and sobriety have added a new layer of depth to his public persona.  

Overall, Pete Davidson’s story is one of resilience, advocacy, and personal growth. From his advocacy for medical marijuana to his journey toward sobriety, he continues to be a prominent figure in both the entertainment world and the broader conversation around health, wellness, and recovery.",1.0,en,multi_news,,multi_news,"Now, write a one-page summary of all the news.

","['Noticed Pete Davidson\'s absence from SNL as of late? Well, there\'s a good reason behind it: The 23-year-old has been focusing on his sobriety. After telling High Times last fall that he couldn\'t function without the medical marijuana he\'s prescribed for Crohn\'s disease, Davidson now says, ""I quit drugs and am happy and sober for the first time in eight years"" in an Instagram post. Rapper Kid Cudi might have inspired that sobriety, per the New York Daily News. Last fall, Davidson told a radio station, ""I would have killed myself if I didn\'t have Kid Cudi,"" who\'d checked himself into rehab a few weeks earlier.']",805,532
Summary:,309b673245e2ff9762cede34389c26378423ba8e6aded612,"  

Jeff Herman, a high-profile Florida lawyer known for his aggressive pursuit of sex abuse cases, has filed multiple lawsuits against Hollywood figures, including ""X-Men"" director Bryan Singer and producer Gary Goddard. Herman claims that Singer and Goddard sexually assaulted underage boys, with allegations involving drug use, coercion, and explicit sexual acts. These claims are part of a broader pattern of abuse that Herman alleges is systemic within Hollywood, involving a network of predators and enablers.  

Herman’s latest suit involves an anonymous British man, referred to as John Doe No. 117, who alleges that Singer and Goddard groomed him for abuse. According to the lawsuit, Singer offered the boy Quaaludes, alcohol, and sexual advances, while Goddard allegedly sent explicit emails and gifts, including a photo of the boy in a towel. The case is part of a series of lawsuits Herman has filed in recent months, including one against Michael Egan, who claims he was sexually assaulted by Singer and others in the 1990s.  

The defendants, Singer and Goddard, have denied the allegations, calling them fabricated and part of a public relations campaign. They argue that Herman is using the lawsuits to gain notoriety and financial gain, rather than seeking justice. Herman, however, maintains that his work is driven by a desire to give victims a voice and hold abusers accountable. He has also accused Hollywood of a culture of silence and complicity, where abuse is often covered up or ignored.  

Herman’s approach to handling abuse cases is both empathetic and methodical. He has created a “kid interview room” to help young victims feel safe and empowered to share their stories. He also emphasizes the importance of early intervention and support for victims, believing that healing begins with disclosure.  

Despite facing legal and ethical scrutiny, including a past suspension from the Florida Bar, Herman remains undeterred. He continues to file lawsuits and publicize the cases, arguing that the current wave of abuse allegations is a necessary reckoning with a long history of cover-ups. He also claims that the pushback from defendants is reminiscent of the early days of the clergy sex abuse scandal, where victims were dismissed and abusers were protected.  

Herman’s work has drawn both support and criticism. While some see him as a courageous advocate for victims, others accuse him of sensationalism and a lack of due process. Nonetheless, his lawsuits have sparked a broader conversation about abuse in Hollywood and the need for accountability. As he continues to pursue new cases, including one involving an alleged “sex ring” in the entertainment",1.0,en,multi_news,,multi_news,"Now, write a one-page summary of all the news.

","['Bryan Singer has already been hit with two lawsuits alleging sexual abuse of minors—and the lawyer who filed both of them, plus other suits against Hollywood bigwigs, says more are coming. ""I’ve heard from victims about very recent claims of being sexually exploited in Hollywood,"" Jeff Herman said at a news conference yesterday, according to Variety. He said one coming lawsuit involves another Hollywood ""sex ring."" Herman also shared photos showing the second alleged victim (with his face redacted) and Singer at the London premiere of Singer\'s Superman Returns in 2006; John Doe, then 17, says Singer abused him after the premiere, the New York Daily News reports. As for the strenuous denials from all the Hollywood VIPs named in the various suits, Herman said, ""The pushback I’m getting reminds me of the early days of the clergy sex abuse scandal."" Meanwhile, in an interview with the Daily Beast, Herman says he himself has vague memories of being sexually abused as a child. He says he\'s worked on some 800 sex abuse cases in his career, notably involving the Catholic Church and the Boy Scouts.']",5805,532
Summary:,9e0865c920d77e5a813ed7f10720ed9fa759768e28493f1f,"  

On a Saturday in Portland, Texas, two young women, 18-year-old Mary Kristene Chapa and 19-year-old Mollie Judith Olgin, were shot in the head at Violet Andrews Park. The incident left Olgin critically injured and later pronounced dead, while Chapa, who was in a same-sex relationship with Olgin, survived. Chapa’s brother, Hilario Chapa, has been providing updates on her condition, describing her recovery as “amazing” despite the severity of her injuries. He noted that Chapa is making progress, though she remains in intensive care and has not yet regained full use of her left side. Doctors have not used the term “paralyzed,” but they are closely monitoring her condition.  

The police investigation, led by Portland Police Chief Randy Wright, has not yet confirmed the motive behind the shooting. While family and friends have confirmed that the victims were in a same-sex relationship, there is currently no evidence to suggest the attack was a hate crime. The Texas Rangers have joined the investigation, and authorities are still searching for the suspect. Chapa has not identified the perpetrator, and it remains unclear whether the shooting was targeted or random.  

The Chapa family, who are Mexican-American and reside in Sinton, Texas, a predominantly Latino community, has been receiving widespread support from across the country. Hilario has expressed gratitude for the outpouring of compassion, particularly from the LGBTQ+ community, and has shared that his sister’s survival is a source of strength for the family. His father, an Iraq War veteran, and his mother have been deeply affected by the tragedy and have not left the hospital.  

The Olgin family, who are from Ingleside, Texas, have also been impacted by the loss of their daughter, Mollie, who had recently begun her first semester of college and aspired to become a psychiatrist. Her father, Mario Olgin, has expressed confidence that justice will be served and that the perpetrator will be brought to court. He has not yet spoken with Chapa’s family, but he plans to do so once they are ready.  

In the wake of the tragedy, a candlelight vigil and memorial service for Mollie Olgin are planned for Friday, with a service at Limbaugh Funeral Home in Portland followed by a gathering at the crime scene. A Facebook event has been created to encourage community support, with over 700 people expected to participate.  

The Chapa family has also set up a donation page through WePay to help cover the medical expenses associated with Chapa’s recovery. The case has sparked discussions",1.0,en,multi_news,,multi_news,"Now, write a one-page summary of all the news.

","['The dad of the teenage lesbian shot dead in a Texas park called for justice yesterday. He immediately had a ""bad feeling"" when his 19-year-old daughter, Mollie, failed to show up for work, said Mario Olgin. “It was not like Mollie,"" he told KIII-TV. ""If she had some place to be she was going to be there.” Mollie and her 18-year-old girlfriend, Mary Kristene Chapa, had been shot in the head by an unknown assailant. Mollie died at the scene, but Chapa is making an ""amazing"" recovery, her brother told NBC Latino. Mollie has just finished her first semester of college and dreamed of becoming a psychiatrist. ""She was happy,"" Olgin recalled. Now, ""she\'s my guardian angel. I know she\'s looking down on us, in a better place."" He\'s confident police will find her killer. ""Justice will be served,"" he declared. Texas Rangers have joined Portland police in continuing to investigate the crime, but haven\'t yet discussed any progress. They haven\'t labeled the shootings a hate crime, but aren\'t ruling it out.']",1296,532
Summary:,4b5569781c8b5ee5eb269a2146d94d32c9546088c727a6dd," 

A remarkable new dinosaur species, *Caihong juji*, has been discovered in northeastern China, offering a fascinating glimpse into the colorful world of the Jurassic Period. This small, bird-like theropod, which lived approximately 161 million years ago, is notable for its iridescent feathers, a feature previously thought to be exclusive to modern birds. The nearly complete fossil, unearthed in Hebei Province, was preserved in exceptional detail, allowing scientists to study its intricate plumage and skeletal structure.

The dinosaur, named ""rainbow with a big crest"" in Mandarin, is believed to have had a body covered in a mix of dark and iridescent feathers. The iridescent feathers, similar in structure to those of hummingbirds, likely shimmered in the light, displaying a range of colors. These feathers were primarily found on the head, neck, and chest, suggesting they may have played a role in sexual display or communication, much like the elaborate plumage of modern birds such as peacocks.

*Caihong* possessed a number of bird-like traits, including a beak-like mouth, a long tail with asymmetrical feathers, and a body structure that suggests it may have been capable of some form of flight or gliding. However, its exact locomotive abilities remain uncertain. The dinosaur also had distinctive bony crests above its eyes, which may have served as visual signals during social interactions.

The discovery of *Caihong* has significant implications for our understanding of avian evolution. It is one of the earliest known dinosaurs to possess asymmetrical feathers, a trait associated with flight in modern birds. The presence of melanosomes—microscopic structures responsible for pigmentation—in the feathers provides further evidence of the dinosaur's colorful appearance. Scientists used advanced imaging techniques to analyze the nanostructures within the feathers, comparing them to those found in modern birds to infer the original coloration.

*Caihong* is part of a growing body of evidence that suggests feathers evolved for display purposes before being co-opted for flight. This aligns with the broader theory that many early bird-like dinosaurs used their feathers for social signaling, rather than for aerial locomotion. The study of *Caihong* and similar species continues to refine our understanding of the evolutionary path that led to modern birds, highlighting the complex and colorful history of life on Earth.",1.0,en,multi_news,,multi_news,"Now, write a one-page summary of all the news.

","['Scientists are now saying there may have been ""a more colorful Jurassic World than we previously imagined,"" thanks to the recent discovery of a fossil in China\'s Hebei province. Reuters reports that a closer look at the ""exquisitely preserved,"" almost completely intact fossil of a crow-like dinosaur that lived about 161 million years ago revealed that Caihong juji had luminous, brilliantly hued feathers that closely resembled those of hummingbirds. The study in the journal Nature Communications documenting the find explains that ""Caihong"" means ""rainbow"" in Mandarin. Scientists think the colorful plumage, which appeared to have covered the bony-crested creature\'s head, neck, and chest areas, may have kept the dinosaur warm, as well as attracted potential mates; National Geographic compares it to peacock feathers. So how were researchers able to tell what color feathers the creature had from preserved bones? They used high-tech microscopes able to home in on 66 sites on the fossil, detecting tiny cell structures called melanosomes, which underlie pigmentation. Which colors they led to can be found by their shapes, and the melanosomes in Caihong were long and flat like pancakes—similar to those found in hummingbirds, which boast iridescent plumage. Although they can\'t pick out from the Pantone wheel Caihong\'s exact colors, researchers say the creature likely sported feathers with a ""rainbow glimmer."" Study co-author Xing Zu tells National Geographic that Caihong was a predator that spent its days gliding from tree to tree. And ""glide"" is the operative word, as this dinosaur likely didn\'t fly: Its feathers were located on its tail, not on its wings like birds, Discover notes. (A study postulated that nearly all dinosaurs had feathers.)']",7411,532
Summary:,9ad3bb9f5aea6c704ffdf6d959a67966b0e67bdcde9ee4af,"  

Recent news has highlighted the discovery of rare photographs from Nirvana's very first concert, which took place in March 1987 in Raymond, Washington. These images, shared by Maggie Poukkula, the 19-year-old daughter of Tony Poukkula—a member of the Seattle band Laytem and a close friend of Kurt Cobain—offer a rare glimpse into the early days of the band. Poukkula, who had no prior knowledge of the historical significance of the photos, found them tucked away in her father’s biographies of Cobain and Nirvana. The photos depict her father and Cobain performing together, with Poukkula reportedly playing guitar on two Led Zeppelin covers during the show.  

The concert, which marked the debut of Nirvana, featured a lineup of Cobain, bassist Krist Novoselic, and drummer Aaron Burckhard. The set list included covers of ""Heartbreaker"" and ""How Many More Times,"" as well as early versions of songs like ""Aero Zeppelin,"" ""Mexican Seafood,"" ""Pen Cap Chew,"" ""Hairspray Queen,"" ""Spank Thru,"" and ""If You Must."" A recording of ""Heartbreaker"" was later included in the 2004 box set *With the Lights Out*, and a bootleg version of ""If You Must"" is available on YouTube.  

This discovery comes as part of a broader trend of uncovering rare artifacts related to Cobain and Nirvana, including those featured in Brett Morgen’s acclaimed documentary *Montage of Heck*, which provided unprecedented access to Cobain’s personal archives. The film, which premiered in theaters and on HBO, has since returned to movie theaters, continuing to draw interest from fans and music historians.  

In a separate development, the Internet Archive has been working to preserve the web by archiving pages as they are created and ensuring that links to those pages remain functional even if the original content is later removed or altered. This initiative, known as ""No More 404,"" aims to prevent broken links and maintain the integrity of online content over time.  

Together, these stories reflect a growing interest in preserving both the cultural legacy of iconic artists and the digital history of the internet.",1.0,en,multi_news,,multi_news,"Now, write a one-page summary of all the news.

","['Most teens don\'t find music history in their dad\'s stuff, but Maggie Poukkula\'s dad is Seattle musician Tony Poukkula, who was a friend of Kurt Cobain. Her find? Photos of Nirvana\'s first concert, performed by then 20-year-old Cobain and his new band in March 1987 in Tony Poukkula\'s basement. ""My dad showed me them awhile back, but he never mentioned that\'s what was going on in the photos,"" Maggie Poukkula, 19, tells Rolling Stone. ""I found out because of all the articles. I didn\'t realize it was such a historical thing. I thought they were just cool pictures of my dad and Kurt jamming together."" She tweeted the photos last week, and the post quickly went viral. That first concert featured the early Nirvana lineup of Cobain, bassist Krist Novoselic, and drummer Aaron Burckhard playing original songs and Led Zeppelin covers. Similar early-days footage of Cobain and Co. featured in the recent documentary Montage of Heck has renewed interest in the grunge band. The Emmy-nominated project includes home movies, never-before-heard music, and intimate interviews with Cobain\'s family and friends, notes SPIN. After being critically acclaimed at festivals across the country, the film will return to theaters on Aug. 7, adds Rolling Stone. (Want a little more Cobain history? Here\'s the mix tape he made at 21.)']",751,532
Summary:,fe6c148424a7b65c8e0600ac87fe46d72b7befcada96bb7e,"  

A tragic incident occurred in Snowdonia, Wales, when Jane Wilson, a 53-year-old experienced mountain walker and academic engagement librarian at the University of Manchester, fell to her death while attempting to find a safe descent route from Tryfan peak. The incident took place on March 25, during a walk with her husband, Gary Wilson, who is also an experienced climber.  

The couple had decided not to ascend to the summit of Tryfan as dusk approached, and instead opted to descend via the mountain’s west face, a route known for its loose rocks and steep inclines. Using Gary Wilson’s smartphone, which had an Ordnance Survey app, they attempted to navigate the terrain. However, Jane Wilson, who had gone ahead to scout a route, fell approximately 20–30 feet down a vertical cliff and tumbled about 150 meters into a rocky area known as Notch arrete.  

Gary Wilson, realizing the severity of the fall and lacking the necessary first-aid skills, climbed to a safer ledge and raised the alarm. Members of the Ogwen Valley Mountain Rescue Team were eventually able to locate Jane Wilson’s body, over 150 meters below where she had fallen. The rescue team leader, Detective Constable Tim Bird, noted that the route the couple had taken was not a straightforward path and that the use of a smartphone app, while helpful, did not provide the same level of detail as a traditional map.  

Bird also highlighted that the couple had attempted to avoid the summit by following what they believed to be a footpath, which led them to take a more hazardous route. He emphasized that the west face of Tryfan is not the most suitable path for descent and that a safer alternative would have been to retreat the way they had come or to take the North Ridge route.  

Despite being an active and fit individual, Jane Wilson was wearing light boots unsuitable for the rough terrain, which may have contributed to the accident. The coroner, John Gittins, concluded the death as accidental.  

The incident has sparked a broader discussion about the risks of relying solely on electronic navigation tools in mountainous environments. Rescue team members and officials have urged hikers and climbers to use traditional navigation methods, such as paper maps and compasses, in addition to electronic devices. They have also emphasized the importance of experience, proper footwear, and route planning when venturing into challenging terrain.  

This tragic event serves as a reminder of the dangers of mountain hiking and the need for careful preparation, awareness, and the use of multiple navigation tools to ensure safety in remote and potentially",1.0,en,multi_news,,multi_news,"Now, write a one-page summary of all the news.

","['A hiker\'s fatal fall in March has been blamed on using a smartphone app map instead of an actual map. The BBC reports Jane Wilson and her husband Gary were hiking on Tryfan in Wales when it started to get dark and they decided to skip the summit. While attempting to descend the mountain, Gary was looking at an Ordnance Survey app while Jane went a short way ahead to make sure the path was safe, according to the Telegraph. The Manchester Evening News reports Gary heard his wife fall, got to safety, and called for help. Rescuers found the 53-year-old librarian\'s body at the bottom of a 30-foot cliff with a fractured skull. At a hearing Friday, Jane\'s was ruled an accidental death due, in part, to using an app instead of a map. ""Apart from potential difficulties caused by poor detail on an electronic map, batteries on mobile phones have a nasty habit of running out just when you need them most,"" the Telegraph quotes a spokesperson for Mountain Rescue England and Wales as saying. A detective says the app map ""would have been small and not as detailed"" and took the couple on a route that was not the safest. A director with Ordnance Survey says hikers should always use the app in conjunction with an actual map ""due to the nature of mobile devices when navigating the real world."" Authorities also say Jane wasn\'t wearing appropriate footwear for the hike. (Go inside the futile search for ""Inchworm"" on the trail.)']",1566,532
Summary:,317596c2204663c37b6785e78ac7f631dfd73eee49358fbe,"  

In the lead-up to the 2012 U.S. presidential election, political figures from both major parties weighed in on the race, the Republican primary contest, and key policy issues. New York Mayor Michael Bloomberg, an independent who has previously aligned with both major parties, praised President Barack Obama as a ""credible, formidable candidate"" for reelection, emphasizing that the race would be competitive regardless of the Republican nominee. Bloomberg criticized the Republican field for anti-science positions but commended Mitt Romney’s health care plan for Massachusetts and Rick Perry’s 2007 executive order requiring sixth-grade girls to receive the HPV vaccine. He also endorsed New Jersey Governor Chris Christie, calling him a ""good governor,"" and mocked Obama for using Warren Buffett as an example of high taxation on the wealthy, arguing that Buffett’s tax rate would be higher if he were taxed like ordinary income.  

Meanwhile, Indiana Governor Mitch Daniels, who had considered a presidential run, urged Republicans to be patient with Perry’s debate performances, suggesting that the GOP should give him more time to improve. Daniels also praised Virginia Senator Mark Warner for his bipartisan efforts in budget negotiations, though he expressed frustration with the Democratic National Committee’s messaging.  

Republican National Committee Chairman Reince Priebus mocked Obama’s 2008 campaign slogan, ""Yes, we can,"" suggesting it would not resonate with voters in 2012. He also criticized Democratic National Committee Chair Debbie Wasserman Schultz for her party’s messaging, which he claimed had failed in recent elections.  

Senators Mark Warner and Lamar Alexander both criticized the government shutdown threat, with Warner blaming tea party Republicans for the stalemate and Alexander accusing Senate Majority Leader Harry Reid of creating a crisis over disaster aid.  

Senator Lindsey Graham called for the U.S. to consider all options in dealing with Pakistan, which he accused of aiding terrorist groups like the Haqqani network. Graham emphasized the need to ""put Pakistan on notice"" and take a firm stance against the country’s alleged support for terrorism.  

Finally, President Obama’s senior adviser, David Plouffe, signaled that there would be no major changes to the White House staff or Cabinet ahead of the 2012 campaign. Plouffe expressed confidence in the administration’s plan and called for Congress to pass the American Jobs Act. He also hinted that the U.S. might reduce aid to Pakistan if the country failed to take action against the Haqqani network.  

Overall, the political landscape in 2012 was marked by internal GOP debates, criticism of the Obama administration, and a focus on key issues such as healthcare, foreign policy",1.0,en,multi_news,,multi_news,"Now, write a one-page summary of all the news.

","['Mitch Daniels has some advice for those who are writing Rick Perry\'s political eulogy: Hold your horses. ""It\'s way too early to know, or to issue, to pronounce last rites over one performance,"" Daniels said today. ""There\'s still many of these (debates), too many maybe. ... I\'d cut him some slack and give him a little time."" Politico notes that Daniels also had kind words for Democrat Sen. Mark Warner\'s work on the Gang of Six, saying, ""It\'s very encouraging, by the way, to hear a guy like Sen. Warner speak to it as clearly as he just did. I wish he were president."" More fun on your Sunday dial, as per Politico: Michael Bloomberg on President Obama\'s 2012 chances: ""He would be a credible, formidable candidate. You\'re going to have a real horse race no matter who the Republican nominee is."" Reince Priebus to Debbie Wasserman Schultz on 2012: ""It sounds like the new slogan is no longer \'hope and change.\' It\'s, \'Hey, it could\'ve been worse.\' Great bumper sticker Debbie, I hope it works for you."" David Plouffe on a White House shakeup: ""I don\'t expect that."" Obama is ""confident in his team, in the direction we\'ve laid out here."" Warner on Congress\' standoff over a short-term spending bill: ""It is embarrassing. The Senate is saying, \'Why should we build schools in Iraq on the credit card but expect that rebuilding schools in Joplin, Mo.,\'"" will be paid for. Warner blames ""a group, more centered in the House, in terms of some of these Tea Party Republicans, who say on every issue, \'We\'re going to make this a make-or-break.\'"" Lindsey Graham on Pakistan: ""We need to put Pakistan on notice. We\'re going to have to put all options on the table. including defending our troops. It\'s now a time of choosing, so I hope they choose wisely.""']",1454,532
Summary:,1f0ed1dcfa414cfcf54092ede4021392d314cf4617efb3ca,"  

On the night of his 34th birthday, Jonathan Carlyle Merkley, a man from Garden Grove, California, was celebrating at the Staybridge Suites hotel in the 6600 block of Mira Mesa Boulevard. Around 12:30 a.m., Merkley and his friends were at the hotel, where they had been drinking. According to witnesses, Merkley and a female friend had been consuming alcohol before the incident.  

At some point, the woman, who was driving a BMW, attempted to leave the party. Merkley, trying to prevent her from leaving, reportedly walked into the path of her vehicle and laid down in front of it. The woman did not stop, ran over Merkley, and continued driving away. Merkley suffered severe chest trauma and later died at a local hospital.  

The police identified the woman as the driver of the BMW, but as of the time of the report, she had not been arrested. The incident occurred just after midnight on Sunday, and the woman was still at large.  

In the days following the incident, police continued their investigation. They located the woman at a friend’s house and impounded a vehicle that may have been involved in the crash. The police stated that the investigation was ongoing, and they were still determining the full circumstances of the event.  

A hotel guest, Gloria Williams, expressed her outrage over the incident, calling it a tragic mistake and emphasizing the value of human life. She urged anyone with information to come forward.  

The police also issued a public appeal for anyone who may have witnessed the incident or has information about the woman’s whereabouts to contact them.  

The case remains under investigation, with no arrests made as of the latest update. The incident has sparked discussions about responsible drinking, road safety, and the consequences of reckless behavior.",1.0,en,multi_news,,multi_news,"Now, write a one-page summary of all the news.

","['A birthday party in California turned tragic after the guest of honor was run over and killed by his friend. Police say Jonathan Carlyle Merkley was celebrating his 34th birthday early Sunday at a hotel near San Diego when a woman decided to leave the party. Merkley wanted her to stay and reportedly walked toward her BMW and laid down in front of what the Orange County Register describes as a moving car. The woman didn’t stop, ran him over, and kept going. Police cite witnesses as saying both had been drinking, Fox 5 reports. Merkley, who suffered major chest trauma, died about 45 minutes later at a hospital. Police tracked the woman down and a car that ""may have been involved"" was impounded, cops tell the San Diego Union-Tribune. The woman was not arrested but police said on Tuesday that the investigation is continuing. ""There\'s a lot we still need to find out,"" says San Diego Police Sgt. Tim Underwood.']",885,532
Summary:,6c46adce88e2967d7f47b60afd409758f2fd778d1fdd6453,"  

The news covers a range of topics, primarily focusing on missing persons in Humboldt County, California, and the broader implications of such reports. A key story involves Rebekah (Bekah) Martinez, a 22-year-old woman from Fresno, who was reported missing in November 2017. Her mother filed a missing persons report with the Humboldt County Sheriff’s Office, believing Bekah had gone to work on a marijuana farm. However, Bekah was later identified as a contestant on the reality show *The Bachelor*, which led to her removal from the missing persons list. Her case highlights the potential for media attention and public recognition to resolve such reports, as well as the challenges of distinguishing between genuine disappearances and individuals who may have chosen to go missing or are simply out of touch.

The article also delves into the broader issue of missing persons in Humboldt County, which has the highest per-capita rate of missing persons reports in California. The county’s high number of missing individuals is attributed to several factors, including the presence of a large cannabis industry, a significant homeless population, and a culture of reporting even minor disappearances. The California Department of Justice maintains a database of missing persons, which includes both current and historical cases. Some individuals on the list are found to be alive and simply out of contact, while others remain missing under unclear circumstances.

The piece also explores the complexities of missing persons investigations, including the difficulty of tracking individuals who move frequently, the lack of standardized reporting, and the emotional toll on families. Cases like that of Jeff Joseph, a dispensary owner who disappeared in 2014, illustrate the challenges faced by families and law enforcement in locating missing persons, especially when the disappearance is linked to the cannabis industry. The article emphasizes the need for better communication between law enforcement and families, as well as the importance of maintaining accurate and up-to-date records.

Additionally, the article touches on the historical context of missing persons in Humboldt County, including the long-standing case of the Stuart family, who disappeared in 1977, and the ongoing search for other missing individuals. It also highlights the role of organizations like the National Center for Missing & Exploited Children and the National Missing and Unidentified Persons System (NamUs) in tracking and resolving missing persons cases.

In conclusion, the news highlights the multifaceted nature of missing persons in Humboldt County, the challenges faced by law enforcement and families, and the broader implications of such cases for public safety, media attention, and community well-being.",1.0,en,multi_news,,multi_news,"Now, write a one-page summary of all the news.

","['It turns out missing people are pretty easy to find when they appear every week in your living room. The San Francisco Chronicle reports a 22-year-old woman reported missing in November in California was found this week—because she\'s a current contestant on The Bachelor. The strange story started when Bekah Martinez\'s mom reported her missing to the Humboldt County Sheriff\'s Office on Nov. 18. According to BuzzFeed, Martinez\'s mom said her daughter had gone to the area to work on a marijuana farm and she hadn\'t heard from her in a week. The Sheriff\'s Office was unable to find Martinez or contact anyone who might know her, so Martinez was added to the California Department of Justice\'s list of missing people. That list was the basis for a story in the North Coast Journal about the high number of missing people in Humboldt County. The newspaper shared the story Thursday on Facebook and asked readers if they recognized any of the missing people. Amy O\'Brien did. ""I was like wait a minute, she looks so familiar,"" O\'Brien tells the Chronicle. ""I instantly thought of The Bachelor."" The Journal informed the sheriff\'s office, which contacted Martinez and removed her from the list. ""MOM. how many times do I have to tell you I don’t get cell service on The Bachelor??,"" Martinez tweeted after learning she was a missing person. The Bachelor started filming in September, and it\'s unclear if Martinez was still filming when she was reported missing. She tweets ""the scariest thing"" about being a missing person ""is that my efforts to conceal The Worst Drivers License Photo Of All Time have been thwarted""']",4630,532
Summary:,88292edcdf81828250e22165aa865b7311de51849e7827d5,"  

A Central California woman, Myrna Arias, has filed a lawsuit against her former employer, Intermex Wire Transfer LLC, alleging that she was wrongfully terminated for uninstalling a company-mandated app that tracked her location 24/7, both on and off the clock. According to the lawsuit, Arias worked as a sales executive for Intermex from February to May 2014, during which time she was required to install the Xora app on her company-issued iPhone. The app, which the company described as a tool for managing employee performance, included GPS tracking and a ""clock in/out"" feature that continued to monitor her location even when she was not working.  

Arias claims that her supervisor, John Stubits, informed her that the company would monitor her movements at all times, including during personal time, and that he boasted about being able to track her driving speed and whereabouts. She objected to the constant surveillance, comparing it to being electronically shackled like a prisoner. Despite her concerns, she continued to use the app, but eventually decided to uninstall it to protect her privacy. Shortly after, she was fired.  

Arias’ attorney, Gail Glick, argues that the company’s actions violated both California and federal privacy laws, as well as labor regulations. She claims that the app was not only intrusive but also unnecessary, as it continued to track her even when she was not working. The lawsuit seeks damages exceeding $500,000, citing claims of invasion of privacy, retaliation, and unfair business practices.  

The case also alleges that Intermex’s CEO, Robert Lisy, interfered with Arias’ employment with a rival company, NetSpend, by calling NetSpend’s vice president and falsely accusing her of disloyalty. This, according to the lawsuit, led to her termination by NetSpend as well.  

Interfax, the company that now owns Xora, is not a party to the lawsuit. The app, which is marketed as a tool for managing field workers, is available on multiple devices and is used by companies to track employee locations, optimize routes, and manage work hours. It is offered on a monthly basis at a cost of approximately $1 per day per user.  

The case highlights growing concerns about workplace surveillance and the legal boundaries of employer monitoring. While some argue that companies have a legitimate interest in tracking employee performance, others contend that such practices can cross into illegal territory when they infringe on personal privacy. As the lawsuit proceeds, it may set a precedent for how employers balance operational needs with employee rights",1.0,en,multi_news,,multi_news,"Now, write a one-page summary of all the news.

","['Myrna Arias didn\'t like the GPS app on her phone that constantly tracked her, so she uninstalled it. The problem: Arias\' iPhone was issued by her employer, which required her to run the app constantly, and after she removed it, the California woman was fired. Now she\'s suing her former employer, money transfer service Intermex, for invasion of privacy, unfair business practices, and retaliation, among other things, Ars Technica reports. Arias started researching the app, then called Xora—its website touts the app\'s ability to let employers ""instantly see where their employees are and where they have been""—and eventually she and some of her colleagues asked a trainer from the app company to clarify. Boss John Stubits then, per the suit, ""admitted that employees would be monitored while off duty and bragged that he knew how fast she was driving at specific moments."" Arias says she has no problem being monitored while at work, but she complained to Stubits about being tracked in her free time; he was unsympathetic and said she should have no problem because of how much she was being paid by Intermex. ""Her manager made it clear that he was using the program to continuously monitor her, during company as well as personal time,"" the complaint states, noting that he told Arias she needed to keep her phone on at all times in case a customer called. Arias\' attorney tells Courthouse News that there was no way to turn the app off, as it would constantly run in the background. ""She found it very offensive that they were treating her like a felon,"" the attorney says. Arias says her boss ""scolded"" her for uninstalling the program last year, and fired her soon after. (Elsewhere, a woman got fired over a text mistakenly sent to the boss.)']",1970,532
Summary:,405458acd6900ae99c9ab88f590a016896dc550abf4b6622,"  

Two recent news stories highlight incidents involving shootings and legal developments in Arizona and Alabama.  

In Phoenix, Arizona, a man named Leslie Allen Merritt Jr. has been released from jail after a judge reduced his bond to zero. Merritt was charged in a series of freeway shootings that occurred in August and September 2015, which caused widespread panic and led to heightened security measures. The Arizona Department of Public Safety had previously labeled the shootings as the work of a domestic terrorist. However, Merritt’s defense team has raised serious questions about the evidence linking him to the crimes, citing ballistic tests and phone records that suggest he may not be the perpetrator.  

Merritt, who was arrested in September 2015, has pleaded not guilty to charges including drive-by shooting and aggravated assault. His attorneys argue that he was unfairly branded a public enemy and subjected to solitary confinement for seven months. A judge has imposed a gag order on the case, preventing lawyers from discussing the evidence in detail. Despite the legal challenges, Merritt was released under electronic monitoring and celebrated the decision, expressing relief and gratitude. The case is set for a court hearing on May 18.  

In a separate incident in Brooksville, Alabama, a driver suspected of firing a gun at motorists on a highway was killed during a high-speed pursuit with law enforcement. Alabama State Troopers reported that the suspect, whose identity has not been released, was involved in a chase that ended in a crash. The suspect then engaged in a shootout with officers before being pronounced dead at the scene. No further details about the suspect’s identity, race, or the officer involved were immediately available.  

These two stories reflect the ongoing challenges of law enforcement in dealing with violent crimes and the legal battles that often follow such incidents. While one case saw a defendant’s release due to questions about the evidence, the other ended in a tragic confrontation between a suspect and officers. Both events underscore the complexities of criminal investigations and the impact such incidents can have on communities.",1.0,en,multi_news,,multi_news,"Now, write a one-page summary of all the news.

","['A judge on Tuesday allowed a man charged in freeway shootings that rattled Phoenix last year to be released from jail amid questions about evidence authorities say links him to the crimes. The judge overseeing the case of Leslie Merritt Jr. reduced his bond to zero and said he can return to his home under electronic monitoring, the AP reports. He was expected to be released later in the day. The reduction of the bond—once $1 million—was a major victory as defense lawyers contend that ballistic tests cast doubt on the claim by authorities that Merritt was behind four of the freeway shootings. ""With all due respect your honor, there\'s no evidence against him to show he\'s responsible for this,"" defense lawyer Jason Lamm said. ""He is no more the I-10 shooter than, respectfully, you are."" Merritt lifted up his shackled arms in celebration as he walked from the courtroom. After the hearing, family members hugged and shook the hands of defense lawyers. Merritt has pleaded not guilty to drive-by shooting, aggravated assault, and other charges. The shootings caused panic on Phoenix-area freeways, where 11 vehicles were hit in August and September. Detectives took Merritt into custody on Sept. 18; in court the next day, Merritt adamantly denied shooting any cars, telling the judge, ""I\'m the wrong guy."" His lawyers immediately began raising questions about the evidence, citing ballistics information and phone records they say provided an alibi for their client. (Also Tuesday, a motorist suspected of shooting at other vehicles on an Alabama highway died after a shootout with officers.)']",955,532
Summary:,fccf27d8f48e0ad99942550cea832e514ab98d4b18732e01,"  
Bill Cosby, the once-beloved comedian and actor, was sentenced to three to ten years in prison on September 25, 2018, for drugging and sexually assaulting Andrea Constand at his home in 2004. The conviction, which included a determination that Cosby is a ""sexually violent predator"" under Pennsylvania law, marked the culmination of a highly publicized trial that drew national attention.  

In the aftermath of the sentencing, Cosby’s defense team, led by publicist Andrew Wyatt, issued strong public statements that framed the trial and conviction as unjust and racially and sexually motivated. Wyatt accused the court of participating in a ""sex war"" in Washington, drawing parallels between Cosby’s case and the controversy surrounding Supreme Court nominee Brett Kavanaugh, who faced allegations of sexual misconduct from multiple women.  

Wyatt claimed that Cosby’s trial was the ""most racist and sexist"" in U.S. history and that the evidence against him, including audio recordings, was fabricated. He also invoked historical parallels, such as the persecution of Jesus and the lynching of black men, to argue that Cosby was a victim of systemic bias. These remarks sparked significant backlash and were widely criticized as inappropriate and misleading.  

Despite the defense’s claims, Cosby’s conviction was upheld, and he was sent to SCI Phoenix, a new state prison in suburban Philadelphia, where he will serve his sentence. The prison, which opened two months prior, is designed to accommodate a range of inmates, including those with special needs. Cosby, who is legally blind, will be housed in a single cell near the infirmary and will have access to phone calls, visitation, and exercise.  

The case has reignited broader discussions about sexual misconduct, accountability, and the justice system’s handling of high-profile cases. While Cosby’s defense has sought to cast doubt on the trial’s fairness, the conviction has been widely seen as a reflection of the #MeToo movement’s impact on holding powerful individuals accountable for past behavior.  

As Cosby begins his prison term, the case continues to serve as a focal point for debates about justice, public perception, and the long-term consequences of sexual misconduct allegations.",1.0,en,multi_news,,multi_news,"Now, write a one-page summary of all the news.

","['Bill Cosby was labeled a ""violent sexual predator"" by the judge who sentenced him to three to 10 years in prison on Tuesday, but his publicist had a different description: one of the ""greatest civil rights leaders"" in history and one of the ""greatest educators of men and boys."" Outside the courtroom in Norristown, Pa., publicist Andrew Wyatt claimed the 81-year-old Cosby had faced the ""most racist and sexist trial"" in American history, the New York Times reports. Wyatt claimed that three psychologists who testified against Cosby in the sexual assault trial were trying to ""make money off of accusing black men of being sexual predators."" He also read a statement from Camille Cosby, the disgraced entertainer\'s wife, alleging that an audio recording played in the trial had been doctored. Wyatt, who previously called Cosby\'s trial a ""public lynching,"" accused Judge Steven O\'Neill of being part of a ""sex war"" and linked the sentencing to the treatment of Supreme Court nominee Brett Kavanaugh. Vox reports that the strangest moment came when Wyatt likened his client to Jesus. ""They persecuted Jesus, and look what happened,"" he said. ""Not saying Mr. Cosby is Jesus, but we know what this country has done to black men for centuries."" Cosby, who left the Montgomery County Courthouse in handcuffs, spent his first night behind bars at SCI Phoenix, a state prison that opened two months ago in suburban Philadelphia, reports WPVI. (Cosby\'s mug shot was released Tuesday afternoon.)']",1313,532
Summary:,6387bd7048692c0d8352a7064b552c5406e6a386a2d2cbd2,"  
On a recent visit to New Zealand as part of a broader Asia-Pacific tour, U.S. Secretary of State Hillary Clinton addressed speculation about her potential presidential ambitions. In interviews with New Zealand media, Clinton explicitly ruled out running for president in 2012 or 2016, emphasizing her satisfaction in her current role. She stated, “I’m very pleased to be doing what I’m doing as secretary of state,” and expressed hope that the United States would be ready for a female president, though she personally ruled herself out.  

Clinton’s comments came amid a challenging political climate for the Democratic Party, following significant losses in the U.S. midterm elections. The party lost control of the House of Representatives, while maintaining a narrow Senate majority. These results have raised questions about the future direction of the party and its 2012 presidential nominee. Despite the setbacks, Clinton defended President Barack Obama’s leadership, noting that his economic policies, though controversial, were necessary to prevent greater harm.  

The visit also included a notable moment when New Zealand Prime Minister John Key mistakenly referred to Clinton as “President Clinton” during a joint press event. Key quickly corrected himself, calling her “Secretary Clinton” and expressing appreciation for her presence in New Zealand. The incident highlighted the high profile of Clinton’s diplomatic role and the public’s familiarity with her political career.  

Clinton’s tour concluded in Australia, where she continued to engage with regional leaders and reinforce U.S. commitments to trans-Pacific partnerships. Her visit underscored her ongoing influence in global affairs, even as she distanced herself from the political spotlight of a presidential campaign. The trip also provided an opportunity to reflect on the evolving role of women in leadership, with New Zealand serving as a model for electing female heads of government.  

Overall, Clinton’s visit to New Zealand was a blend of diplomatic engagement, political commentary, and personal reflection, reinforcing her status as a key figure in U.S. foreign policy while addressing the broader implications of her career trajectory.",1.0,en,multi_news,,multi_news,"Now, write a one-page summary of all the news.

","['A day after being accidentally introduced as ""President Clinton,"" Hillary seems to be taking pains to kill talk of a future run in New Zealand\'s media, reports Reuters. Asked whether she\'d ""ruled out"" running through 2016, she replied, ""Oh yes, yes. I\'m very pleased to be doing what I\'m doing as secretary of state."" Asked in another interview whether she could be the first female president, she answered, ""Well, not me. But it will be someone ..."" The significance? Probably not much, writes Laura Rozen in Politico, noting how one of Clinton\'s answers is tied to her being secretary of state—a post she likely won\'t hold in 2016. On another front, Clinton said the midterm losses were ""big—but not out of the pattern of historical political elections."" She added, ""I think the president made very clear was he made decisions which were essential for the well-being of the American people.""']",1038,532
Summary:,e8f1a46473d0ac4e79d38b9dc21352d31b8e6b104a4794a4,"  

Amy Schumer, the acclaimed comedian and actress, has been making headlines for both her personal and political news. Recently, she announced her pregnancy, using the opportunity to also encourage voter participation in the upcoming midterm elections. On Instagram, Schumer teased her big announcement, directing followers to Jessica Yellin’s page, where the news was revealed: Schumer is expecting her first child. Alongside the pregnancy announcement, Yellin shared Schumer’s political endorsements and highlighted the importance of voting. The post also included a playful image of Schumer’s face superimposed on Meghan Markle and Prince Harry’s bodies, adding a lighthearted touch to the political message.

In a separate development, Schumer has chosen to step away from Super Bowl LIII commercials, aligning herself with Colin Kaepernick’s protest against racism and police brutality. She expressed her stance on Instagram, challenging white NFL players to kneel as well, stating, “Otherwise how are you not complicit?” Schumer emphasized her decision to avoid the ads, calling it a personal sacrifice, and noted that she had not been approached for a commercial spot. Her decision reflects her ongoing commitment to social justice causes, including her support for gun control, advocacy for the transgender community, and her vocal opposition to the Trump administration’s policies.

Schumer’s activism extends beyond the Super Bowl. Earlier this month, she was reportedly detained and arrested while protesting Brett Kavanaugh’s Supreme Court nomination. Her political engagement is consistent with her public persona, which has long included a strong voice on social and political issues. From supporting Colin Kaepernick’s peaceful protest to urging Maroon 5 to withdraw from the Super Bowl Halftime Show in response to Rihanna’s performance, Schumer has used her platform to speak out on matters she cares about.

In addition to her activism, Schumer has also been a vocal supporter of the #NewsNotNoise campaign, which aims to educate the public on political terminology and help voters make informed decisions. Her recent pregnancy announcement, paired with a call to vote, exemplifies her ability to blend personal milestones with political messaging. Whether through her comedy, activism, or public advocacy, Schumer continues to be a prominent figure in both entertainment and social justice.",1.0,en,multi_news,,multi_news,"Now, write a one-page summary of all the news.

","['Amy Schumer took the long way around to announce she\'s pregnant with husband Chris Fischer. The comedian and actress broke her baby news Monday on the Instagram stories of friend and journalist Jessica Yellin, the AP reports. Yellin, of the site NewsNotNoise.org, showed at the end of a list of Schumer\'s recommended congressional and gubernatorial candidates the line: ""I\'m pregnant-Amy Schumer."" Schumer had teased the announcement on her own Instagram page, captioning a photo of hers and Fischer\'s heads atop Prince Harry\'s and Meghan Markle\'s bodies, ""About to announce some exciting news on @jessicayellin insta page. Please follow her for up to the minute #newsnotnoise she breaks down what’s really going on. She agreed to post a lil noise today for me! Follow her and VOTE!!"" ""We are 15 days out from the midterms and there is a lot going on,"" Yellin explained before going into Schumer\'s ""lengthy"" list of recommendations, per Bustle. ""I wanted to share some news from our community. Maybe it\'s noise, but it\'s happy noise,"" Yellin continued. ""These are the recommendations of Amy Schumer, one of the most consistent and early supporters of #NewsNotNoise. Now, read all the way to the bottom. You\'ll see there\'s some news down there. Congratulations, Amy."" Schumer is known for her liberal politics: She was recently arrested protesting the confirmation of Judge Brett Kavanaugh to the US Supreme Court. The 37-year-old married Fischer, a chef, in February. (Here\'s why Schumer won\'t appear in any Super Bowl ads.)']",1133,532
Summary:,06b3fb0b25173880e23af5143d315de2600756441e18d3e8,"  

In late 2016, animal rights group Compassion Over Killing released undercover footage from Tyson Foods chicken processing facilities in Virginia, revealing widespread animal abuse. The video, taken by an investigator posing as a worker, shows employees mistreating chickens through violent acts such as stomping, punching, kicking, and suffocating them by standing on their heads. Some workers are seen using plastic rods to poke chickens’ beaks, a practice known as “boning,” and leaving injured birds to die in “dead piles.”  

The footage sparked public outrage and led to at least two animal control investigations. Tyson Foods responded by firing 10 workers depicted in the video and discontinuing the use of “boning” at two of the affected facilities. The company also announced plans to retrain all live poultry workers on animal welfare policies and emphasized its commitment to humane treatment of animals.  

Tyson’s vice president of sustainable food production, Christine Daugherty, condemned the workers’ actions as “disgusting” and stated that the company would take further steps to ensure compliance with its animal welfare standards. However, the group Compassion Over Killing argued that the abuse was not an isolated incident, but rather a systemic issue within the industry.  

The video also highlighted the broader ethical concerns surrounding factory farming, with the narrator questioning whether it is ever possible to humanely kill and eat animals. The incident occurred weeks after Perdue, a major chicken producer, announced plans to use more humane methods, such as carbon dioxide or argon gas, for slaughtering chickens.  

Despite Tyson’s efforts to address the allegations, Compassion Over Killing called for greater accountability and urged consumers to consider the ethical implications of their food choices. The group has a history of conducting undercover investigations into animal cruelty, and this incident marked one of several such reports against Tyson in the past year.  

Overall, the controversy has reignited public debate about the treatment of animals in industrial farming and the responsibility of large food corporations to uphold ethical standards.",1.0,en,multi_news,,multi_news,"Now, write a one-page summary of all the news.

","['Chicken giant Tyson Foods says it will retrain all of its workers who deal with live birds after an animal rights group released hidden footage from within its facilities on Wednesday, USA Today reports. According to the Washington Post, the video from Compassion Over Killing shows workers choking, punching, and kicking chickens, plus running them over with forklifts and leaving them in piles to die. One worker in the video says it\'s ""inhumane"" to kill a chicken by stepping on its head while he kills a chicken by stepping on its head. Tyson calls the behavior ""inexcusable"" and says it fired 10 employees at the Virginia facilities shown in the video. Animal rights activists have infiltrated Tyson Foods to film such videos at least five times in a little over a year.']",1671,532
Summary:,0be98f81f4be6b430895a33274ee163bda21ed649554d9ce,"  

In late 2016, as the U.S. presidential election approached, Donald Trump’s campaign faced mounting pressure due to poor poll numbers and a need to reinvigorate his image. Amid this backdrop, Michael Cohen, Trump’s lawyer and special counsel, found himself in a contentious exchange with CNN anchor Brianna Keilar during an interview. The discussion centered on whether Trump’s recent hires—Kellyanne Conway as campaign manager and Steve Bannon as chief strategist—constituted a “shake-up” in the campaign.  

Cohen, known for his combative style, challenged Keilar’s characterization, famously asking, “Says who?” in response to the claim that Trump was trailing in the polls. The exchange highlighted a broader tension between the media and Trump’s team, with Cohen seemingly dismissing the idea that the campaign was in trouble. Despite his defensive tone, Cohen acknowledged that the hires were a positive move, calling Conway a “brilliant individual” who understood the data.  

The interview sparked a viral moment on social media, with users across platforms like Twitter and Facebook echoing Cohen’s question, “Says who?” as a humorous and critical response to the media’s portrayal of Trump’s campaign. The phrase became a cultural reference, symbolizing the growing divide between Trump’s supporters and the mainstream media.  

Meanwhile, Trump’s campaign underwent a significant restructuring, with the addition of high-profile figures like Bannon and Conway. These changes were part of a broader effort to improve Trump’s standing in key swing states, particularly in the wake of his controversial remarks on race and law and order. The campaign also faced internal challenges, including the departure of former campaign manager Corey Lewandowski and the ongoing scrutiny of Trump’s rhetoric.  

Despite the campaign’s efforts, Trump continued to trail Hillary Clinton in most national polls, with the exception of a few states where he held a lead. The controversy surrounding his comments on race, particularly in the wake of the killing of Sylville Smith, further complicated his campaign.  

In the end, the interview and the subsequent media reaction underscored the intense political climate of the 2016 election, marked by high stakes, media scrutiny, and a deepening divide between Trump’s supporters and the broader public. The “Says who?” moment became a lasting symbol of the era, reflecting both the challenges and the resilience of Trump’s campaign.",1.0,en,multi_news,,multi_news,"Now, write a one-page summary of all the news.

","['Donald Trump\'s lawyer has apparently decided that it\'s his turn to make the gaffes. In an interview with CNN Wednesday, notoriously combative Trump Organization attorney Michael Cohen interrupted host Brianna Keilar when she said that the campaign was ""down,"" Politico reports. ""Says who?"" he asked. ""Polls. Most of them. All of them?"" she replied. ""Says who?"" Cohen asked again. When she repeated it was polls, he responded, ""OK, which polls?” and Keilar said: “All of them."" USA Today reports that Twitter users were quick to mock Cohen and are now replying ""Says who?"" to all his tweets. Cohen, in what Law Newz calls ""typical lawyer fashion,"" also took issue with Trump\'s overhaul of campaign staff being called a ""shake-up,"" insisting it was actually a ""change-up."" Cohen also raised eyebrows when he told Kielar that Trump knows about ""the African-American problem in this country,"" the Independent reports. ""What I meant to say is the problem that exists in the African-American community,"" he later said. (Michael Moore says he ""knows for a fact"" that Trump never really wanted to be president.)']",1533,532
Summary:,44916c0c85c6e879c4857c68d32509354e7fcfffe6447efa,"  
On November 16, 2017, the U.S. Department of Defense (Pentagon) faced public scrutiny after its official Twitter account, @DeptofDefense, erroneously retweeted a message from the account ""@proudresister."" The original tweet called for the resignation of several public figures, including then-Senate candidate Roy Moore, Senator Al Franken, and President Donald Trump, in response to allegations of sexual misconduct. The message also criticized the GOP for politicizing the issue of sexual assault.  

The Pentagon quickly disavowed the retweet, with a spokesperson, Col. Rob Manning, stating that an ""authorized operator"" of the account had made the mistake and immediately deleted the content. A similar clarification was posted by Pentagon press secretary Dana White on Twitter, emphasizing that the Department of Defense does not endorse the content of the retweeted message.  

The incident raised questions about the oversight of the Pentagon’s social media presence, particularly since the @DeptofDefense account does not include a standard disclaimer that retweets do not constitute an endorsement. The @proudresister account, which was linked to a website selling anti-Trump merchandise, had previously posted similar messages.  

The retweet occurred amid a broader national conversation about sexual misconduct, with 16 women accusing then-candidate Trump of inappropriate behavior. The controversy also reignited discussions about the White House’s response to these allegations, as press secretary Sarah Huckabee Sanders had previously defended Trump’s actions, calling the accusations ""fake news.""  

While the Pentagon swiftly corrected the error, the incident highlighted the potential for missteps in the use of social media by government agencies and the importance of clear guidelines to prevent the unintentional promotion of controversial content.",1.0,en,multi_news,,multi_news,"Now, write a one-page summary of all the news.

","['See, this is why all those Twitter profiles are sure to note that retweets do not equal endorsements. CBS News reports the Pentagon\'s official Twitter account on Thursday retweeted a tweet calling for President Trump\'s resignation. ""GOP: Stop making sexual assault a partisan issue,"" tweeted ""Proud Resister"" while calling for Roy Moore, Sen. Al Franken, and Trump to all resign or step aside due to allegations of sexual misconduct. The tweet was retweeted—and then soon deleted—by the Department of Defense Twitter account. According to Politico, Pentagon spokesperson Col. Rob Manning confirmed the retweet was made by the ""authorized operator"" of the department\'s Twitter account. In her own tweet, Pentagon spokesperson Dana White said the call for Trump\'s resignation was ""erroneously retweeted"" and contained ""content that would not be endorsed by the Department of Defense.""']",707,532
Summary:,6ed6a5b5c77beb9660bff83ef79b79ff803e3382c7d5e2a3,"  

A tragic incident occurred at the 52-story Four Seasons Hotel in Manhattan on Wednesday when 20-year-old Connor Cummings of Rockaway, New Jersey, fell to his death while attempting to take photographs from the hotel’s rooftop. Cummings and his 18-year-old friend, Dimitri Olivares, had climbed scaffolding in the hotel’s interior shaft on 57th Street. According to multiple reports, the pair had accessed the rooftop area, which is typically restricted, and were using the space to capture panoramic views of the city skyline.  

Cummings reportedly slipped while descending a ladder or stepping off the scaffolding, falling approximately nine stories to a lower rooftop or catwalk. The fall occurred in the pouring rain, and Cummings was pronounced dead at the scene. Olivares, who was with Cummings, climbed down to seek help and later provided information to police. He was released without charges.  

Authorities have not yet determined the exact cause of the fall, though some reports suggest that the scaffolding may have been wet from the rain, potentially contributing to the accident. Cummings, a sophomore psychology major at the University of Massachusetts Amherst, was also an active member of the Alpha Sigma Phi fraternity and had a passion for photography. His family and friends described him as a kind, dedicated, and talented individual who was deeply committed to his studies and hobbies.  

The hotel has stated that it is cooperating with the investigation and has emphasized the importance of guest and employee safety. While no charges have been filed against Olivares, the incident has raised questions about the accessibility of restricted areas in high-rise buildings and the risks associated with unauthorized rooftop access.  

The tragedy has left a profound impact on Cummings’ family, friends, and the broader community. His fraternity brothers paid tribute to his artistic talent and character, while friends and acquaintances expressed their grief and shared memories of a young man who was passionate, generous, and deeply loved.  

As the investigation continues, the incident serves as a sobering reminder of the dangers of risky behavior and the importance of safety protocols in both public and private spaces. The loss of Connor Cummings has left a lasting mark on those who knew him, and his story will be remembered for its emotional depth and the life he lived.",1.0,en,multi_news,,multi_news,"Now, write a one-page summary of all the news.

","['Connor Cummins\' family describes him to WABC-TV as a photography devotee—and that enthusiasm may have cost him his life. The New Jersey man, said to be either 20 or 24 years old, and an 18-year-old pal ascended the scaffolding outside NYC\'s Four Seasons hotel Wednesday night in search of the perfect panoramic picture—but Cummins may have slipped on railings made slippery by the rain and fell nine stories to his death, cops tell NJ.com. An NYPD spokesman tells the New York Daily News that the initial investigation suggests the men weren\'t guests of the hotel. Cummins, who originally hails from Rockaway and whose Facebook page indicates he\'s now a student at the University of Massachusetts Amherst, per ABC, landed on one of the hotel\'s lower-level rooftops around 11:15pm and was pronounced dead at the scene, reports the New York Post. His friend wasn\'t injured and was questioned by authorities to fill in the blanks; he was released Thursday morning without being charged. ""He was a loving boy, that\'s all I can say,"" one of Cummins\' relatives tells the Post. ""I don\'t know what happened."" (There\'s more suspicion surrounding a Muslim teen\'s fatal fall off a Seattle building.)']",1299,532
Summary:,46101830d9c9f6601eb5059912d3f5ef280380fe5fa8b7ed,"  

A group of truck drivers, organized under the name ""Truckers for the Constitution,"" is planning a protest in Washington, D.C., aimed at drawing attention to their grievances with federal regulations, political leadership, and the perceived erosion of constitutional rights. The protest, scheduled to begin on October 11, involves truckers intentionally backing up the Capital Beltway, a major highway surrounding the nation's capital, in an effort to pressure lawmakers into compliance with the U.S. Constitution.  

The group, which includes members from across the country, claims to be motivated by a range of issues, including low wages, high fuel costs, and burdensome regulations from the Obama administration. They also express frustration with government surveillance, national debt, and what they describe as the undue influence of ""Global Banking Cartels"" on political decisions. The protest is framed as a patriotic effort to restore the nation's constitutional values and hold elected officials accountable.  

Organizers, including Earl Conlon, a Georgia-based trucker, have outlined plans for a three-day event that includes a convoy of trucks circling the beltway, with participants displaying support stickers. Conlon has stated that the protest is not about seeking impeachment of President Obama, but rather about calling for the arrest of lawmakers who they believe have violated their oaths of office. He has also mentioned the possibility of using a citizens' grand jury to pursue legal action against officials accused of undermining the Constitution.  

The protest has drawn both support and criticism. While some view the truckers as patriots fighting for their rights, others have raised concerns about the legality and safety of the event. There are also reports that the original plan to arrest members of Congress has been modified, with organizers now focusing on broader demands for political reform.  

Despite the controversy, the protest has gained significant attention, with over 3,000 truckers reportedly signing up for the event. The organizers have emphasized the importance of public participation, encouraging individuals to take ownership of the movement and demand change from their government.  

As the protest approaches, the situation remains closely watched by media and political observers, with the potential for significant impact on both local traffic and national political discourse. The event underscores the growing tensions between grassroots movements and government institutions, highlighting the deepening divide over the role of the federal government in American life.",1.0,en,multi_news,,multi_news,"Now, write a one-page summary of all the news.

","['Protesting truckers are planning a shutdown of their own—on Washington\'s beltway. Starting on Friday morning, they intend to fill the road ""three lanes deep"" with tractor-trailers, an organizer of ""Truckers Ride for the Constitution"" tells US News and World Report. In a demonstration against what they view as violations of the Constitution, planners like Earl Conlon are calling for ""the arrest of everyone in government who has violated their oath of office."" Their grievances include truckers\' wages, industry regulations, and NSA spying, the Hill reports. They\'re also accusing President Obama of treason for allegedly putting weapons in the hands of rebels with ties to al-Qaeda. Organizers have received some 3,000 RSVPs, says one. Moving at the 55mph speed limit, they\'ll leave a lane open for emergency vehicles; vehicles with ""T2SDA,"" or ""Truckers to Shut Down America,"" displayed will also be allowed to pass. ""Everybody that doesn\'t have a supporter sticker on their window, good luck: Nobody in, nobody out,"" says Conlon. A Facebook page for the event has more than 55,000 ""likes.""']",1638,532
Summary:,29048d7f5f49ba0be1e0f6793ad344e06baacaf39e84575f,"  

The news highlights the transient nature of power and fame in public life, as illustrated by the stories of 50 individuals who have recently fallen from grace. These figures span various fields, including politics, business, and entertainment, and their downfall underscores the fragility of influence in the public eye.  

Anthony Scaramucci, the former White House Communications Director, was one of the shortest-serving officials in the position’s history. His brief tenure was marked by controversy, including allegations of protocol violations, conflicting statements, and a profanity-laced interview. His personal life also suffered, as his wife filed for divorce during his time in the administration.  

Chris Christie, the former Governor of New Jersey, faced a significant decline in reputation following the Bridgegate scandal, in which his allies orchestrated a traffic disruption to target a political rival. His public image was further damaged by his perceived indifference to public sentiment, as seen when he and his family enjoyed a state beach during a government shutdown.  

James Comey, the former FBI Director, became a political lightning rod during the 2016 presidential election. His public criticism of Hillary Clinton and the subsequent FBI investigation into her email practices were seen by some as pivotal in Trump’s victory. Comey was abruptly fired by Trump in 2017, with conflicting justifications provided by the administration.  

Mark Fields, the former CEO of Ford Motor Company, was ousted after a period of poor stock performance, despite the company’s growing revenue. His strategy to compete with Tesla through investment in electric and autonomous vehicles did not resonate with shareholders, leading to his replacement.  

Tiger Woods, the legendary golfer, has also experienced a dramatic fall from grace. His personal life has been marred by allegations of infidelity, and he has not won a major tournament since 2008. A recent DUI arrest, attributed to a dangerous mix of prescription medications, further damaged his public image, with his current ranking in golf being his lowest ever.  

These stories collectively reflect the volatility of public life, where even the most prominent figures can experience rapid and significant declines in status, often due to a combination of personal, professional, and political missteps.",1.0,en,multi_news,,multi_news,"Now, write a one-page summary of all the news.

","['Power: One day you have it, the next you don\'t. No one likely knows that better than the world\'s 50 ""least powerful"" people, described by 24/7 Wall St. as ""well-known individuals around the world who have recently experienced a precipitous loss in stature."" The top 10: Anthony Scaramucci: Where to begin? Try here, here, and here. Chris Christie: The former head of Donald Trump\'s transition team has the lowest approval rating of any governor in New Jersey\'s history. James Comey: The former FBI director lasted not even five months under Trump. Mark Fields: The Ford CEO was canned after shares fell almost 40% during his tenure. Tiger Woods: Blame his DUI arrest and 899th ranking in men\'s pro golf. Kendall Jenner: Remember that Pepsi commercial? Montgomery Moran: After a wave of issues at Chipotle, the co-CEO stepped down last year. Tomi Lahren: The conservative media personality was suspended from the Blaze after announcing she was pro-choice. Park Geun-hye: The former president of South Korea was impeached and jailed after a corruption scandal involving Samsung. Mitch McConnell: As Senate majority leader, McConnell failed to repeal and replace the Affordable Care Act. Click for the full list, which also includes Sean Spicer, R. Kelly, and Theresa May. (See last year\'s ranking here.)']",1240,532
Summary:,fe95b01ef6da0d7227679dff2cea623ca72453fb84011590,"  
As the U.S. government approaches a potential shutdown, tensions between House Republicans and Senate Democrats over the Affordable Care Act (ACA) have escalated. The House, led by Speaker John Boehner, has passed a spending bill that would fund federal agencies through December 15, but includes provisions to delay the implementation of the ACA for one year and repeal the tax on medical devices. These measures are seen as a strategic move by Boehner to satisfy conservative members of his party, who are pushing for a confrontation over the health law. However, Senate Democrats, led by Majority Leader Harry Reid, have vowed to block any changes to the ACA, and President Barack Obama has also signaled his opposition to such amendments.  

Reid has taken a firm stance, arguing that any compromise on the ACA would set a dangerous precedent and embolden Republicans to demand more concessions in future negotiations. He has called for a hardline approach, warning that a shutdown would ultimately hurt the GOP politically, especially in key swing states. Despite this, some Republicans have accused Reid of orchestrating the shutdown to shift blame onto the GOP, with some lawmakers even suggesting that Reid is using the crisis to undermine his political opponents.  

The potential shutdown has significant economic implications, particularly for the Washington, D.C., area, which is home to a large number of federal workers and contractors. Economists warn that a shutdown could result in a loss of up to $200 million per day and negatively impact over 700,000 jobs. Federal services such as Medicare, Social Security, and child-care programs could be disrupted, and local governments are preparing for the financial fallout.  

While both chambers of Congress are working to resolve the impasse, the timeline is tight, with a midnight deadline for passing a funding bill. If no agreement is reached, a partial government shutdown could occur, with agencies and services being affected to varying degrees. The situation highlights the deepening partisan divide and the potential for significant economic and political consequences if a resolution is not found.",1.0,en,multi_news,,multi_news,"Now, write a one-page summary of all the news.

","['Washington is braced for the first government shutdown in 17 years, which will happen at midnight tonight unless lawmakers manage to break the deadlock over funding and hammer out a deal. Here\'s what to expect from a day of drama in DC: The House has passed legislation to delay ObamaCare for a year and repeal a tax on medical devices, so the measure will return to the Senate this afternoon, just hours before the shutdown is due to kick in. Harry Reid is expected to table the anti-ObamaCare amendments with a simple Democratic majority and quickly send it back to the House—but if any opportunity arises for Senate Republicans to use delaying tactics, expect Ted Cruz to lead the way, the Wall Street Journal predicts. There\'s a chance of a straight up-or-down vote in the House, but if it becomes clear that it will be impossible to break the deadlock by midnight—which appears to be the likeliest scenario—the partial shutdown could still be averted if lawmakers pass a short-term funding bill to buy another week or so of debating time. So who will blink first? Neither Reid nor John Boehner appears likely to give way. Reid is determined to play hardball and not give an inch on ObamaCare, Politico reports. Reid and his allies believe that giving any concessions now will only lead to bigger concessions to avoid a debt default next month—and they think the backlash from a government shutdown will hit the GOP hardest. Boehner, meanwhile, will face the wrath of his party\'s conservatives if he gives way too soon—but polls show the public will blame his House Republicans if there is a shutdown. If there is a shutdown, it won\'t be an abrupt halt to government, but more ""like a spending freeze that will gradually spread through the government like ice forming in water,"" Quartz explains. Federal employees, 800,000 of whom will be sent home without pay, will be the first affected, and the shutdown will also affect scientific research, trade negotiations, and the federal programs that guarantee home loans and provide capital to business. Air traffic controllers will still be at work, however, and agencies that deal with national security and law enforcement are exempt from the shutdown. A shutdown of a few days might not do too much damage, but experts warn that the national economy will take a serious hit if it is prolonged. In Washington, DC, however, even a brief shutdown will cost the district an estimated $200 million a day—and affect basic services like trash collection. ""This is serious,"" the director of George Mason University’s Center for Regional Analysis tells the Washington Post. ""The national economy may not notice a shutdown much unless it lasts three or four weeks. But for the Washington area, this is a tsunami.""']",3547,532
Summary:,9be57ba61a999b76bd50af15e31946bb634beb32d7e8d31e," NASA's Parker Solar Probe, formerly known as Solar Probe Plus, has been renamed in honor of astrophysicist Eugene Parker, who first predicted the existence of solar wind in 1958. The mission, set to launch in 2018, aims to study the sun's atmosphere, solar wind, and the mechanisms behind the sun's extreme heat. The probe will travel closer to the sun than any previous spacecraft, reaching within 3.7 million miles of its surface, and will endure temperatures up to 2,500°F (1,370°C) thanks to a specialized heat shield. The mission will perform 24 flybys of Venus to gradually reduce its orbit around the sun, allowing it to study the solar wind and the sun's corona in unprecedented detail.

The Parker Solar Probe is expected to provide critical insights into the sun's behavior, including the heating of the corona and the acceleration of solar wind, which can impact Earth's space weather. Understanding these phenomena is essential for protecting satellites, power grids, and communication systems from solar storms. The mission also includes a symbolic element, with a chip carrying images of Parker and his seminal 1958 paper being sent into space.

The probe's scientific instruments will measure the sun's electric and magnetic fields, track solar wind particles, and study the sun's magnetic structure. The mission is expected to last until 2025, with the potential to revolutionize our understanding of solar physics and its effects on Earth. The renaming of the mission marks a historic first, as it is the first time NASA has named a spacecraft after a living scientist. The Parker Solar Probe represents a significant step forward in space exploration, offering a unique opportunity to study the sun up close and address long-standing scientific mysteries.",1.0,en,multi_news,,multi_news,"Now, write a one-page summary of all the news.

","['NASA is going to the sun. More specifically, it\'s launching an unmanned probe next year that will travel closer to the star than any spacecraft has done previously. ""It\'s a spacecraft loaded with technological breakthroughs that will solve many of the largest mysteries about our star,"" says Nicola Fox of the Johns Hopkins University Applied Physics Laboratory. In less scientific terms, per the Telegraph: ""We will finally touch the sun."" The nuts and bolts: The mission: The 10-foot probe will launch in July or August of 2018 and eventually get to within 3.7 million miles of the sun, about seven times closer than any previous spacecraft. Eventually, it will be whizzing around the sun at a speed of 450,000 miles per hour, reports CNN. The mission ends in 2025. Corona: The probe will actually fly into the outermost part of the sun\'s atmosphere, called the corona, per a mission overview at NASA that touts ""humanity\'s first visit to a star."" The heat: The probe will rely on a 4.5-inch-thick carbon-composite solar shield to help it withstand temperatures up to 2,550 degrees Fahrenheit, reports Orlando\'s WKMG. Instruments will remain at room temperature. The name: The probe\'s name has been changed to the Parker Solar Probe to honor astrophysicist Eugene Parker, who\'s credited with discovering solar wind. Parker, who turns 90 in June, is a professor emeritus at the University of Chicago, and the Guardian recounts that the theory he put forward in 1958 about a stream of charged particles flowing from the sun was once thought to be ""crazy."" A first: This is the first time NASA has named a mission after a living scientist. ""I\'m certainly greatly honored,"" said the man himself, per Space.com. Two puzzles: Scientists hope to better understand two things in particular: ""How is the solar wind accelerated, and why is the ... corona so much hotter than the solar surface?"" (It\'s 3 million degrees Fahrenheit vs. 10,000 degrees Fahrenheit.) Why it matters: Generally, solar storms are relatively harmless when they reach Earth, but these particle bursts occasionally wreak havoc on satellites and here on Earth, and they have the potential to be devastating. ""The more we know about how these processes work, the better we can get at predicting when they will happen,"" writes Loren Grush at the Verge.']",10147,532
Summary:,56455fb505b8dc0c26292ce43f92b16decf2d920597ee47c,"  

In late 2013, both Neiman Marcus and Target Corp. suffered major data breaches that exposed the personal and financial information of millions of customers. The Neiman Marcus breach, which was discovered in mid-December, involved unauthorized access to customer payment data. The company initially delayed public disclosure of the breach, citing the need to confirm the extent of the incident. It was later revealed that the breach had been ongoing since July, and the company only fully contained the attack in early January. Neiman Marcus did not disclose the breach until after being probed by a cybersecurity journalist, Brian Krebs, and faced criticism for its delayed response. The company stated that it had no knowledge of a connection between its breach and Target’s, though both incidents were later linked to similar cybercriminal groups based in Eastern Europe.  

The Target breach, which occurred around the same time, was more extensive, with hackers stealing credit and debit card data from approximately 40 million customers, as well as encrypted PINs and personal information from an additional 70 million individuals. A detailed report from cybersecurity firm iSight, obtained by NBC News, revealed that the breach was carried out using sophisticated malware that infiltrated Target’s point-of-sale systems. The malware was capable of extracting unencrypted card data during the authorization process and was designed to evade detection. The report also noted that similar techniques had been used by cybercriminals in Brazil and Russia, highlighting the global nature of the threat.  

Both breaches were attributed to organized criminal groups operating in Eastern Europe, and a growing number of state attorneys general are investigating the incidents to determine if they were part of a coordinated attack. While Neiman Marcus offered one year of free credit monitoring to affected customers, Target faced significant backlash for its delayed response, which coincided with the holiday shopping season and led to a drop in sales. The incidents have raised concerns about the security of consumer data and the need for stronger protections against cyber threats.",1.0,en,multi_news,,multi_news,"Now, write a one-page summary of all the news.

","['It looks like the hackers that hit Target had lots of other, well, targets. The Department of Homeland Security recently sent retailers and financial service companies a secret memo warning that the Target hit appeared to be part of a larger international campaign, the Wall Street Journal reports, an insight gleaned with the help of Dallas cybersecurity firm iSight Partners. Yesterday, iSight released its own report, saying that a virus it\'s calling KAPTOXA ""has potentially infected a large number of retail information systems""—and noting that the ""intrusion operators displayed innovation and a high degree of skill,"" particularly in terms of the ""operational sophistication"" of the hack. The Journal shares this feature by way of example: The virus focused on stealing data during the peak hours of 10am and 5pm; the data was housed in a Target server that the hackers later accessed. The virus attacks point-of-sale systems in a way that is ""new to eCrime,"" subverting traditional efforts to protect consumer data, the report warns, according to NBC. Parts of the code, which is impervious to all known antivirus software, have been online since last spring. It\'s partly in Russian, which US officials think may indicate a link to organized crime in the former Soviet Union. The finding follows reports of similar breaches at Neiman Marcus. That breach had gone unnoticed since July, the New York Times reports today; Neiman\'s system was only fully secured Sunday.']",1464,532
Summary:,78473fa18bef2d731dde4141dffd5a7d69d71b5e2aaf66dc,"  

In early March 2016, a significant event unfolded in Kenya as a well-known lion named Mohawk was shot dead by rangers from the Kenya Wildlife Service (KWS) after it strayed from Nairobi National Park. The incident sparked widespread public outrage, with many questioning the decision to kill the lion rather than attempt to tranquilize and relocate it. Mohawk, a 13-year-old male lion, had become a local celebrity, known for his distinctive black mane and frequent sightings in the park.  

The lion had escaped from the park, likely due to a combination of factors including habitat encroachment, noise from nearby construction projects, and the lack of a fence on the southern part of the park. After being cornered by a crowd of onlookers in the town of Isinya, Mohawk attacked a man on a motorcycle, causing serious injuries. In response, KWS rangers shot the lion to prevent further harm.  

This incident was not isolated. Over the past two months, there had been multiple reports of lions escaping from Nairobi National Park, with some being recaptured and others posing threats to public safety. The KWS faced criticism for its handling of the situation, with some residents and officials arguing that the use of lethal force was unnecessary and that more humane methods should have been employed.  

The killing of Mohawk also drew attention to broader issues affecting wildlife conservation in Kenya and across Africa. Habitat loss, urban expansion, and infrastructure development have all contributed to increased human-wildlife conflict. In South Africa, a similar situation was unfolding as a lion named Sylvester escaped from Karoo National Park. Wildlife officials there were considering whether to kill the lion or attempt to relocate it, highlighting the ongoing debate about how to manage dangerous wildlife while protecting both human and animal lives.  

The incident has reignited discussions about the ethical treatment of wildlife, the effectiveness of conservation strategies, and the need for better planning to prevent future conflicts. As cities expand and natural habitats shrink, the challenge of coexistence between humans and wildlife becomes increasingly complex. The death of Mohawk serves as a poignant reminder of the delicate balance that must be maintained to ensure the survival of these majestic creatures in an ever-changing world.",1.0,en,multi_news,,multi_news,"Now, write a one-page summary of all the news.

","['An escaped lion, a taunting crowd, and an ill-prepared first-response team came together in Kenya to cause what some are saying was the unnecessary, senseless death of the lion, the country\'s Star reports. Mohawk, a 13-year-old lion who was one of Nairobi National Park\'s most well-known creatures due to his trademark mane and rep as somewhat of a ""ladies\' lion,"" had escaped from an unfenced section of the park and ended up in the town of Isinya, where he was promptly surrounded by a jeering group of men, the Washington Post reports. Mohawk became upset by the noise and the growing crowd—Kenya Wildlife Service officials tell the AP about 400 had surrounded him—and lunged at a 27-year-old man, who was sent to the hospital with bruises and severe lacerations on his back. The wildlife service already had an animal management team on the scene, but those rangers had only rifles, not tranquilizers. After Mohawk pounced on the bystander, the rangers felt they couldn\'t wait for a second team on its way with tranqs—so they unleashed what the Star says was nine bullets, leaving the animal ""roaring and writhing in pain"" as he died. ""If the rangers had the right equipment, this lion would not have died,"" a local resident tells the paper. ""You can\'t keep a lion in the midst of people for so many hours without stressing it. We blame them for this heinous act."" The shooting has prompted plenty of backlash on social media, including a #JusticeForMohawk hashtag, but the wildlife service says it had no choice once the lion started attacking humans. ""This action was taken as a last resort after an escalation of the situation and a concern for public safety,"" the Kenya Wildlife Service says, per CNN. A bunch of lions have busted out of the park lately, driven by what conservationists say is the noise from development projects, including a highway being built through the park. (Same ending, different means for Cecil the lion.)']",3189,532
Summary:,e938aa4da9ec12d68b474d25c4054b1cae4b847e686490f8," A tragic incident has occurred in Queen Elizabeth National Park, Uganda, where a two-and-a-half-year-old child was attacked and killed by a leopard at the Mweya Safari Lodge. The incident, which took place on Friday evening, involved the child being taken by the leopard while in the care of a nanny at the lodge's staff quarters. The child's mother, who is also a park ranger, was away at a neighbor's home at the time of the attack.

The nanny, who was present during the incident, heard the child's screams and attempted to intervene, but the leopard had already dragged the child into the bush. A search team later recovered the child's skull and some other remains, confirming the attack. The child's father, SSP Francis Manana Nabugyere, expressed his grief and called for greater security measures to protect staff and their children within the park. He also mentioned that the Uganda Wildlife Authority (UWA) provided a coffin for the burial of his son and that he expects some form of compensation for the loss.

UWA communications manager Bashir Hangi described the incident as unfortunate and confirmed that efforts are underway to locate and capture the leopard. He emphasized that the animal is now considered a threat due to its attack on a human, and that relocation is being considered to prevent further incidents. Hangi also noted that the UWA has an arrangement in place to support staff who lose their lives or loved ones in the line of duty.

This incident has shocked the local community, as attacks by leopards on humans are rare in the region. It also comes amid a series of unfortunate events at the park, including the deaths of a pride of lions and a French tourist in recent weeks. The case has raised concerns about wildlife management and the safety of both staff and visitors in the park. As the search for the leopard continues, the incident serves as a stark reminder of the dangers that can exist in natural habitats, even in protected areas.",1.0,en,multi_news,,multi_news,"Now, write a one-page summary of all the news.

","['A horrifying story out of Uganda, where a toddler was grabbed and eaten by a leopard Friday at the Mweya Safari Lodge in Queen Elizabeth National Park. The 2-year-old boy\'s mother is a game ranger at the park and was working, and the boy was with his nanny in the kitchen of the family\'s home in the park\'s staff quarters, near a doorway. ""He was seated with the maid when the leopard grabbed and ran with him,"" the boy\'s father tells the Kampala Post. But a spokesperson for the Uganda Wildlife Authority (UWA) says the boy followed the nanny outdoors: ""The maid was not aware the child followed her. She heard the kid scream for help, she intervened but it was too late the leopard had vanished with it in the bush."" The staff quarters are reportedly in a protected area that is popular with tourists, USA Today reports, but the family\'s home is said to be unfenced. A search team ultimately found some of the boy\'s bones, including his skull, and they were buried over the weekend. The boy\'s father says he expects compensation from the UWA and that the organization should do more to protect staff and their families. ""UWA gave us the coffin,"" he says. ""I have not talked to them about the incident but I would expect something reasonable to compensate me, although my son\'s life is gone."" Leopard attacks on humans are rare in Uganda. The UWA spokesperson says efforts are being made to locate the leopard and possibly relocate it. ""The hunt is on with the intention of capturing the leopard and removing it from the wild because once it has eaten human flesh, the temptations are high to eat another human being, it becomes dangerous,"" he says, per the Telegraph.']",1170,532
Summary:,8a254b08dcd8d491f6110fcc85d9728f2af7ef3db72b8153,"  
Netflix has recently announced a significant update to its employee benefits, introducing an **unlimited maternity and paternity leave policy** for new parents. This policy allows employees to take as much time as they need during the first year following the birth or adoption of a child, with the option to return to work part-time, full-time, or even take additional time off later in the year. The company will continue to pay employees at their normal rate, eliminating the need to switch to state or disability benefits and reducing the administrative burden on both employees and employers.

This initiative is part of Netflix’s broader commitment to fostering a **“freedom and responsibility” culture**, where employees are given the flexibility to manage their personal and professional lives without compromising their career. The policy is designed to support new parents in balancing their family responsibilities with their work, ultimately enhancing job satisfaction and productivity. It also aligns with the company’s long-standing **unlimited time-off policy**, which has been a key factor in attracting and retaining top talent.

The move reflects a growing trend in the tech industry, where companies are increasingly prioritizing **work-life balance** and **employee well-being**. While unlimited leave policies offer flexibility, they also require clear communication and collaboration between employees and managers to ensure that projects and deadlines are not negatively impacted. Despite this, Netflix’s approach is seen as a positive step toward creating a more supportive and inclusive workplace.

This new policy not only reinforces Netflix’s reputation as a forward-thinking employer but also highlights the company’s ongoing efforts to remain competitive in the talent market. By offering such comprehensive benefits, Netflix is positioning itself as an employer of choice for professionals seeking a supportive and flexible work environment.",1.0,en,multi_news,,multi_news,"Now, write a one-page summary of all the news.

","['Expecting parents wondering which company offers the best maternity and paternity leave in the US need look no further. Netflix announced yesterday that it is upping the ante, offering new parents unlimited, fully-paid maternity and paternity leave for the first year after having or adopting a child. The streaming video company based in Los Gatos, Calif., also offers unlimited paid vacation, and it\'s all toward fostering ""a \'freedom and responsibility\' culture that gives our employees context about our business and the freedom to make their own decisions along with the accompanying responsibility,"" writes Tawni Cranz, chief talent officer. The new policy ""deserves high marks for extending leave to fathers,"" reports Fortune, ""as well as understanding that the entire first year after childbirth can be challenging."" It\'s a ""landmark perk,"" reports TechCrunch, noting that Yahoo doubled its maternity and paternity leave in 2013 (to 16 paid weeks for moms and eight paid weeks for dads) to compete with packages offered by Facebook and Google because ""the talent is growing up."" A decade ago big company perks included free lunch and ping pong tables, but now the major moves are about helping employees balance work and home life because ""experience shows people perform better at work when they’re not worrying about home,"" Cranz adds. Of course, employees will have to plan their leave with managers and coworkers in advance to make sure their absence isn\'t disruptive—behaving, you know, like adults. (See who beat Netflix to the punch.)']",1112,532
Summary:,a4d1ff0e9c2cee86be614078adfd7d7d99edf5ef30a091de,"  

The Internet Archive has been receiving daily crawl data from Alexa Internet since 1996, which is then added to the Wayback Machine after a period of embargo. This data collection helps preserve the web's history for future access and research.  

Separately, the London School of Economics (LSE) is investigating allegations of antisemitism and misconduct that occurred during a skiing trip to Val d'Isère, France, organized by the university's students' union. The incident reportedly involved a Nazi-themed drinking game known as ""Ring of Fire,"" which included playing cards arranged in the shape of a swastika and the phrase ""salute the Führer."" A Jewish student reportedly objected to the game and was later subjected to physical violence, with their nose broken. The assault, while not severe enough to involve French police, has sparked significant concern and condemnation.  

The LSE has stated that it is committed to upholding standards of behavior and will take disciplinary action if the allegations are proven true. The university has also emphasized its stance against antisemitism and all forms of racism.  

Jay Stoll, president of the LSE's Jewish Society, condemned the incident, calling it a ""collective attack on a community"" and stressing that such behavior has no place in a university setting. A Jewish student who was involved in the incident described the experience as deeply upsetting, noting that the combination of antisemitic remarks and the Nazi-themed game created a hostile environment.  

Alex Peters-Day, general secretary of the students' union, called the incident ""so at odds with everything the LSE and the union stand for."" Brendan Mycock, president of the LSE athletics union, also condemned the actions of a ""small group of individuals,"" emphasizing that the union prides itself on open and tolerant behavior.  

This incident is not isolated; it follows reports from earlier in the year that members of the Oxford University Conservative Association were accused of singing an antisemitic song with Nazi references. These events highlight ongoing concerns about antisemitism and the need for vigilance in academic and social settings.  

The LSE's response underscores the importance of addressing such issues promptly and decisively, while also reaffirming the university's commitment to inclusivity and respect for all students.",1.0,en,multi_news,,multi_news,"Now, write a one-page summary of all the news.

","['A Nazi drinking game played by students from the London School of Economics sparked a brawl and ended with a broken nose, reports the Guardian. The row occurred during a ski trip taken by 150 members of the school\'s athletic union to Val D\'Isere in France. The confrontation occurred after a Jewish student objected to the drinking game, according to the school\'s Jewish Society. The game involved playing cards arranged on a table in the shape of a swastika. Players were required to ""salute the führer,"" according to the student newspaper. ""Nazi glorification and anti-semitism have no place in our universities,"" said the head of the Jewish Society. A video of the drinking game was briefly posted on Facebook. The school is investigating. ""These are disturbing allegations relating to events which took place on a foreign trip organized by the students\' union,"" said a school statement, which added that officials are ""prepared to take disciplinary action. Students must abide by clear standards of behavior. We do not tolerate anti-semitism or any other form of racism.""']",803,532
Summary:,1d2336536bfc7b2330bd0415195b17da5eef58e6d2f7107f,"  

On Wednesday night, a violent robbery and shooting occurred in southeast Kansas City, involving a couple and their 16-year-old son who were attempting to purchase a used car listed on Craigslist. The incident, which took place around 7:30 p.m. at an apartment complex on East 84th Street, was part of a series of crimes linked to online sales.  

The couple, identified as a father and mother in their late 50s, had met with a man who introduced himself as “AJ” to view a 2007 Hyundai Sonata. After test-driving the car, the family returned to the apartment complex to negotiate the purchase. At that point, two men approached the group, armed with black handguns, and demanded money. When the father stepped in front of his wife to shield her, the robbers opened fire.  

The father was shot four times in the chest, stomach, and legs, and was taken to the hospital for surgery. His wife was struck by a bullet that shattered her right upper arm. The 16-year-old son was not injured, though he witnessed the attack. The robbers then grabbed the woman’s purse, which contained $3,000, and fled in the Hyundai Sonata.  

The shooting is believed to be connected to an earlier robbery that occurred around 4:20 p.m. on the same day. In that incident, a man was approached by two individuals while he was selling an Xbox and accessories on Craigslist. The suspects robbed him and fled into the woods.  

Police have identified three suspects, all in their late 20s or early 30s, and are investigating whether a fourth person was involved. The suspects are described as black men, though no further details have been released.  

A local company, Ferrellgas, has offered a $5,000 reward for information leading to the arrest of the suspects, bringing the total reward to $7,000. The public is urged to contact the TIPS Hotline at 816-474-8477 or 816-474-TIPS for any information.  

Witnesses reported that a couple from the Stone Haven Apartments helped the injured family members by applying pressure to their wounds while waiting for police. Despite the danger, they stayed with the victims until help arrived.  

Authorities have issued a warning to the public about the risks of meeting strangers for online transactions. They advise using secure payment methods, such as money orders or cashier’s checks, and avoiding isolated locations.  

The case has sparked",1.0,en,multi_news,,multi_news,"Now, write a one-page summary of all the news.

","[""A Kansas City couple who went to check out a car they saw on Craigslist were shot and robbed Wednesday night, USA Today reports. They had wanted to purchase the vehicle for their 16-year-old son, who was with them but not injured. Police say the 53-year-old dad and his son had test-driven a 2007 Hyundai Sonata and were discussing payment when the seller said he had to call his wife and momentarily walked away, according to KCTV. That’s when two other men reportedly approached the family and demanded cash, then started shooting. As the dad tried to keep his wife and son out of the barrage of bullets, he was shot four times in the chest, stomach, and legs, while his 55-year-old wife took a bullet to her upper right arm, which was “shattered,” reports the TV station. The men took the wife's purse, which had $3,000 in cash for the car purchase, say police. Authorities believe the incident may be related to an earlier armed robbery that day in which a Kansas City man says he tried to sell his Xbox and gaming accessories to a man who saw his ad on Craigslist, reports the Kansas City Star. As the potential buyer was examining the wares, two other men reportedly arrived sporting a gun; the three men then lifted the Xbox and other items and ran into nearby woods, police say.""]",1819,532
Summary:,a1a8c2073ee3adf93ab2fdfb6c5b9021787e2cf9ff80c7a3,"  

The Senate Commerce Committee has released a report highlighting the alarming extent of data collection and sale by major data brokers, raising serious concerns about consumer privacy and the potential for misuse of personal information. The report, based on a year-long investigation, reveals that these companies are compiling vast amounts of highly sensitive data on individuals, including medical conditions, financial details, and even personal behaviors. This data is being sold to third parties, some of whom may use it for harmful purposes, such as identity theft or targeted marketing that exploits vulnerable groups.  

Among the companies examined were Acxiom, Experian, Equifax, and others, with some, like Equifax, being more transparent about their data practices. However, others, including Acxiom and Experian, have been reluctant to disclose how they collect and sell data, citing confidentiality agreements. The report also notes that Acxiom sold 400,000 dossiers of personal information for just $2,500, underscoring the low cost of such data in the market.  

The data collected includes highly personal and sensitive information, such as whether a consumer has a medical condition like cancer, depression, or HIV/AIDS, their credit scores, and even details about their travel habits, shopping behavior, and health product usage. This data is then categorized into thousands of data points, allowing for extremely targeted marketing and profiling.  

Privacy advocates, including the World Privacy Forum, have raised alarms about the sale of lists containing information on rape victims, people with dementia, and even police officers' home addresses. These lists, they argue, pose significant risks to individuals' safety and well-being. Despite these concerns, there are currently no federal laws in place to protect consumers from such data exploitation.  

The report also highlights the lack of transparency in the data industry, with many consumers unaware that they are being profiled or that their information is being sold. While some companies offer opt-out mechanisms, these are often unclear or difficult to access.  

In response, the Senate has called for greater oversight and regulation of the data industry. Committee Chairman John ""Jay"" Rockefeller expressed outrage at the findings, calling for more light to be shed on the industry's practices. The Federal Trade Commission has also urged greater transparency from data brokers.  

Overall, the report underscores a growing crisis in data privacy, with powerful corporations profiting from the sale of deeply personal information, often without the knowledge or consent of the individuals involved. As the data industry continues to expand, the need for stronger legal protections and consumer rights has never been more urgent.",1.0,en,multi_news,,multi_news,"Now, write a one-page summary of all the news.

","['Secretive data companies are tracking almost every American\'s every move online—and compiling and selling disturbingly targeted lists based on that spying, a new Senate Commerce Committee report concludes. That includes lists of rape victims, people suffering from ailments including HIV, AIDS, and dementia, and people with substance abuse problems, a privacy group said in a hearing yesterday, as per CNN. Mailing addresses for police officers and domestic violence shelters—the latter of which are usually protected by law—are also for sale, as are lists based on demographics and economics, including ""Ethnic Second-City Strugglers,"" and ""Rural and Barely Making It."" The World Privacy Forum urged Congress to act to ""remove unsafe, unfair, and overall just deplorable lists from circulation."" The Direct Marketing Association released a statement saying that while the lists are occasionally ""used to disparage certain groups,"" they represented a ""tiny minority"" of marketing products. Overall the committee looked at nine companies, some of which refused to explain how they got their data or who they sold it to, Gawker reports. One company admitted it had sold social security numbers and banking information to an alleged identity theft ring.']",1392,532
Summary:,d59d8c7d8e894fb70f061ed788ab0d0afbb6e7efab3795e7,"  

The news reports highlight the human toll of the conflict in Libya, particularly the suffering of prisoners and the ongoing search for those who have disappeared. The conflict, which began as peaceful protests against longtime leader Moammar Gaddafi, escalated into a full-scale war, resulting in the disappearance of thousands of people. Rebel fighters, including 25-year-old Faraj, were among those who went missing during the fighting, with many feared to be held in underground prisons or mass graves.  

The Transitional National Council, the rebel governing body, has been working to free prisoners, including those held in notorious facilities like Abu Salim, where political prisoners were often subjected to brutal treatment. Abdul Rauf, a former detainee, described his harrowing experience in Abu Salim, where he was subjected to daily beatings, poor living conditions, and the constant threat of death. His release, along with that of thousands of others, marked a significant moment in the conflict, though many families remain without closure.  

The reports also detail the tragic fate of Muneer Masoud Own, a 33-year-old man who was detained by pro-Gaddafi forces and held in a warehouse with over 175 others. The conditions were deplorable, with no food or water for days, and the detainees were subjected to abuse. When the guards promised release, they instead launched a deadly attack, killing dozens and leaving many others to die in the resulting chaos. The bodies of the victims were later found in the warehouse, many unrecognizable, with some still in the process of decomposition.  

These accounts underscore the immense human cost of the conflict, with families left in despair, searching for loved ones who may never be found. The situation in Libya remains a complex and deeply tragic chapter in the country's history, marked by violence, loss, and the struggle for justice.",1.0,en,multi_news,,multi_news,"Now, write a one-page summary of all the news.

","['Troops loyal to Moammar Gadhafi massacred some 150 detainees last week, according to volunteers who cleared charred bodies from the warehouse that had apparently served as the detainees’ prison. An escaped prisoner told his story to CNN: He and his brother were handcuffed and blindfolded for no apparent reason while out walking earlier this month. They were thrown into the warehouse with 60 others ages 17 to 70. The number inside quickly reached 175 as loyalists continued to imprison people. The detainees were given no food or water for days, said Muneer Own. Finally, the troops said they would set them free—but instead hurled a grenade at them and opened fire. About 25 people were able to escape, Own said; his brother apparently was not one of them. The mass of bodies was discovered when rebels eventually took over the area. Many remain unidentified, part of a growing number of prisoners whose whereabouts remain unknown, notes the Washington Post. Thousands—some of whom have been jailed for decades—could be in underground prisons or mass graves, rebels fear. Click through for one family’s story.']",1196,532
Summary:,9836ad80b96e0be4f0ac7d88ccec4f9d884e9db61ab0cd17,"  

Recent studies highlight the significant health risks associated with yo-yo dieting—repeated cycles of weight loss and gain—particularly for individuals with pre-existing coronary artery disease (CAD). A large-scale study published in *The New England Journal of Medicine* followed 9,509 men and women with stable CAD over a five-year period, tracking their weight changes and health outcomes. The research found that individuals with the highest weight variability were at significantly increased risks for several serious health events. Specifically, those with the most pronounced weight fluctuations had a 78% higher risk of developing new-onset diabetes, a 117% higher risk of heart attack, a 136% higher risk of stroke, and a 124% higher risk of death compared to those with the lowest weight variability.  

The study, led by Dr. Sripal Bangalore of NYU Langone Medical Center, emphasizes that while weight loss is beneficial for heart health, maintaining that weight is equally important. Many individuals struggle to keep weight off after initial loss, often leading to cycles of weight gain and loss. This pattern, known as ""weight cycling"" or the ""yo-yo effect,"" appears to exacerbate existing cardiovascular conditions. The findings align with previous research that has linked yo-yo dieting to increased mortality and poor heart health outcomes.  

Coronary artery disease, the most common form of heart disease in the U.S., occurs when plaque builds up in the coronary arteries, restricting blood flow to the heart. This can lead to chest pain, shortness of breath, and, in severe cases, heart attacks. The study underscores the importance of stable, sustainable weight management for individuals with CAD, as weight fluctuations may worsen existing conditions and increase the likelihood of adverse health events.  

While the study is observational and cannot establish a direct cause-and-effect relationship, it raises important concerns about the long-term health impacts of weight cycling in high-risk populations. The researchers call for further investigation into strategies that can help individuals maintain a healthy weight and reduce the risks associated with yo-yo dieting. Ultimately, the findings suggest that consistent, healthy lifestyle choices are critical for managing and preventing cardiovascular disease, especially in those already at risk.",1.0,en,multi_news,,multi_news,"Now, write a one-page summary of all the news.

","['Losing weight is one thing, keeping it off quite another. And now researchers are finding that among those with coronary heart disease (CHD)—which the Mayo Clinic reports develops from damaged or diseased blood vessels typically caused by blockage and inflammation—yo-yo dieting may dramatically increase the risk of stroke, heart attack, and death. Reporting in the New England Journal of Medicine, researchers say they followed nearly 10,000 men and women with CHD between the ages of 35 and 75 for about five years, monitoring changes in body weight and other health outcomes. The takeaway? ""It\'s important to lose weight, but this data says you have to keep it off,"" lead researcher Dr. Sripal Bangalore at the New York University School of Medicine tells the New York Times. The highest weight fluctuation was on average 8.6 pounds over five years, while the smallest body weight changes averaged closer to two pounds, reports Medical News Today. Those who were already overweight or obese at the beginning of the study and who experienced the highest level of weight fluctuation experienced 124% more deaths, 136% more strokes, and 117% more heart attacks, meaning these CHD patients were more than twice as likely to suffer these negative outcomes in just a few years than people with CHD whose weight only fluctuated two pounds. This doesn\'t pinpoint a cause, as pre-existing heart problems could be the culprit, but researchers hope to study this correlation further. (Yo-yo dieting is bad for women\'s hearts in general.)']",1368,532
Summary:,775a1ae2423f47d7647839eba2ab883edce0226be80bc3fc," 

A disturbing theft has occurred at Sunset Memorial Gardens & Funeral Home in Odessa, Texas, where a woman allegedly stole a wedding ring from the body of a deceased individual. The incident took place on April 8th, when an unknown female removed the ring from the hand of a recently deceased woman, causing partial skin damage to the finger. The suspect is described as a heavy-set white female wearing a brown long-sleeve sweater, black sweatpants, and black sandals, and is believed to have fled the scene in a red or maroon 4-door Saturn. 

The theft was discovered when family members, including Vel McKee, daughter of the deceased Lois Hicks, returned to the funeral home after a brief absence. They found the ring missing and later reviewed video footage that captured the suspect entering the building, approaching the casket, and removing the jewelry. The video also showed the suspect parking her vehicle outside the funeral home. 

The family is seeking justice and has reported the incident to local authorities. Odessa Police are investigating the case, which is currently classified as a State Jail Felony. The funeral home manager, Bill Vallie, confirmed that while thefts from the deceased are not unheard of, this particular incident was especially brazen and shocking. He noted that this is the first such occurrence at the funeral home since its operation in 1999. 

The family is urging anyone with information about the suspect or her vehicle to come forward. They have provided a photo of the suspect’s vehicle to aid in the investigation. Contact information for the Odessa Police Department and Odessa Crime Stoppers has been shared with the public, encouraging anyone with relevant details to report them. 

The emotional impact of the crime has been profound for the family, who are still grieving the loss of their loved one. Vel McKee expressed deep distress over the incident, calling it ""horrible"" and ""sickening."" The family is also considering pressing charges and is working with law enforcement to recover the stolen ring and bring the perpetrator to justice. 

This case highlights the vulnerability of the deceased and the need for heightened security measures in funeral homes. It also underscores the importance of community vigilance and cooperation in solving crimes, especially those involving the theft of personal belongings from the deceased.",1.0,en,multi_news,,multi_news,"Now, write a one-page summary of all the news.

","['A Texas woman was caught on surveillance video stealing a wedding ring off the finger of a dead woman Friday, the Odessa American reports. The body of Lois Hicks, 88, was in an open casket at Odessa\'s Sunset Funeral Home. The woman\'s family had just left the funeral home after a visitation service when a stranger parked outside, came in, and asked to use the restroom. Instead, the funeral home\'s manager says, she walked into the room with Hicks\' coffin, grabbed the ring off her finger, and left. Hicks\' daughter says some of her mother\'s skin was actually torn off during the theft. ""I can\'t believe someone would be that low,"" she says. The surveillance video captured the alleged thief\'s license plate, and the family is pressing charges. The incident is being investigated as a felony, KOSA reports. The suspect is described as a heavy-set white woman who was wearing a brown long-sleeved sweater, black sweat pants, and black sandals at the time; she drove off in a red or maroon four-door Saturn.']",989,532
Summary:,06cd46f7837045391d9579b1f09cc12e8cd8e5b14c440512,"  
A three-year-old girl, Finley Puleo Boyle, died following a dental procedure at Island Dentistry for Children in Kailua, Hawaii, in December 2013. The incident occurred during a visit for cavity fillings and root canals, where she was administered a combination of sedatives and local anesthetics. According to an autopsy report conducted by Honolulu’s Chief Medical Examiner, Dr. Christopher Happy, the drugs likely contributed to her death. The report noted that the girl had no pre-existing heart conditions or allergic reactions to the medications, and that her teeth were in good condition.  

Finley lapsed into a coma shortly after receiving an injection of lidocaine with epinephrine and subsequently went into cardiopulmonary arrest. She was not monitored closely during the procedure, with oxygen levels not checked for 26 minutes. Her parents, Ashley and Evan Boyle, filed a negligence lawsuit against the dentist, Dr. Lilly Geyer, and her office. However, Geyer’s attorney has stated that the allegations are “unproven” and has not commented further on the autopsy findings.  

The medical examiner classified the death as an accident, and no criminal charges have been filed against Geyer. The case has raised concerns about the use of sedation in pediatric dental procedures and the need for proper monitoring. In response to the incident, new state rules were implemented in January 2014 to tighten oversight of dental sedation practices in Hawaii.  

The case has drawn public attention to the importance of safety protocols in medical and dental settings, particularly when administering sedatives to young children. While the family continues to seek justice through legal means, the medical community has called for increased awareness and regulation to prevent similar incidents in the future.",1.0,en,multi_news,,multi_news,"Now, write a one-page summary of all the news.

","['Drugs are likely to blame for the death of Finley Boyle, the 3-year-old Hawaii girl who died a month after going into cardiac arrest during a root canal at a Kailua dentist\'s office on Dec. 3, according to the official autopsy report. The report says the combination of sedatives and anesthesia Finley received during the procedure probably caused her death, the AP reports. The report noted that Finley was healthy, and ruled out any signs of an underlying heart condition or an allergic reaction. The medical examiner\'s office ruled the toddler\'s death an accident, and no charges have been brought against Dr. Lilly Geyer, KHON reports; however, Finley\'s family has filed a lawsuit claiming Finley was not monitored for 26 minutes while she was under sedation. Geyer\'s office has since shut down, but Geyer\'s attorney calls the Boyle family\'s allegations ""unproven."" (Meanwhile, a young mother in Hawaii is in a coma following wisdom teeth surgery.)']",736,532
Summary:,18e338848390140808eded1006b81aaa4159051658380680,"  
On August 29, 2005, Hurricane Katrina made landfall in New Orleans, causing catastrophic damage and loss of life. Ten years later, meteorologist Robert Ricks, who served as the forecast coordinator for the National Weather Service in Slidell, Louisiana, reflected on the critical role he played in issuing one of the most alarming weather warnings in history. Ricks, who had lived in New Orleans for most of his life, was deeply aware of the city's vulnerability to hurricanes, having experienced previous storms like Betsy and Camille.

On the morning of August 28, Ricks issued a dire warning that would become legendary. Titled ""URGENT... SPECIAL MESSAGE,"" the bulletin described the unprecedented strength of the approaching storm, predicting widespread destruction, including uninhabitable conditions for weeks, severe structural damage to homes, and extensive loss of life. The warning also highlighted the potential for severe water shortages and human suffering. Ricks emphasized the gravity of the situation, stating that he would rather be wrong than fail to warn people of the impending disaster.

The warning was both accurate and effective, as Hurricane Katrina indeed caused one of the most devastating natural disasters in U.S. history. Ricks' message, which included a personal plea for people to evacuate, was later recognized as a pivotal moment in the response to the storm. His words, along with a rosary from his grandmother that he carried during the storm, are now preserved in the Smithsonian Museum of American History as a symbol of both the tragedy and the courage of those who warned of the danger.

Despite the accuracy of his forecast, Ricks expressed deep emotional pain over the devastation that followed. He noted that while the National Weather Service had long prepared for such events, the speed and intensity of Katrina caught many off guard. Ricks, who had returned to New Orleans after the storm, now works alongside colleagues who had lost their homes, a testament to the resilience of the community and the enduring impact of the storm.

Ricks' warning serves as a powerful reminder of the importance of clear, urgent communication in times of crisis. His actions not only saved lives but also set a precedent for how the National Weather Service would approach future disasters, emphasizing the need for bold, empathetic, and accurate messaging in the face of extreme weather events.",1.0,en,multi_news,,multi_news,"Now, write a one-page summary of all the news.

","['It\'s one of the most famous weather forecasts of the modern era, and it came out exactly 13 years ago to the day. That would be Aug. 28, 2005, one day before Hurricane Katrina devastated New Orleans. National Weather Service meteorologist Robert Ricks issued a forecast so dire that some news agencies thought it was a hoax, writes meteorologist James Spann in a tweet commemorating the Ricks forecast. As it turns out, Ricks was spot on. ""Most of the area will be uninhabitable for weeks…perhaps longer,"" he wrote. ""At least one half of well constructed homes will have roof and wall failure. All gabled roofs will fail…leaving those homes severely damaged or destroyed."" And this: ""Water shortages will make human suffering incredible by modern standards."" (Spann\'s tweet includes the full text.) The forecast has been credited with saving lives, and it is now in the Smithsonian Museum of American History, as noted by Slate on the 10-year anniversary. Ricks told Brian Williams of NBC News on Sept. 15, 2005, that he went through the warning line by line to verify each doomsday-sounding statement before making it public. He ended up removing nothing. ""I would much rather have been wrong in this one,"" he told Williams. ""I would much rather be talking to you and taking the heat and crying wolf. But our local expertise said otherwise. You know, \'Hey, let\'s gear up for the big one, this is going to be the big one.\'"" (Read about what JJ Watt\'s crowdsourced fundraiser accomplished in the wake of Hurricane Harvey.)']",1046,532
Summary:,fac3398343e3cb6e8f80ca413eb16ade6f02441d3a7e9fdd,"  

This week’s news highlights a range of developments across social media, technology, and online safety. Twitter has introduced a new feature that allows users to add a location to their tweets, with the option to toggle location sharing on or off and to delete their location history. This update aims to give users more control over their privacy settings when using the platform.

Separately, Twitter has faced significant criticism following an incident in which the daughter of late comedian Robin Williams, Zelda Williams, was subjected to online harassment. Trolls on Twitter and Instagram blamed her for her father’s suicide and shared altered images of him. The abuse was so severe that Zelda temporarily left the platforms. In response, Twitter announced it would review and potentially update its policies to better protect users, particularly in cases involving self-harm and the privacy of deceased users.

The incident has sparked broader discussions about the effectiveness of current online safety measures. Imani Gandy, a reproductive health advocate, has spoken out about her own experiences with persistent online harassment, including threats of rape and attacks based on her race, gender, and medical condition. Despite Twitter’s reporting tools and recent features like the “Report Abuse” button, Gandy and others argue that these measures are insufficient to stop determined abusers.

Gandy also pointed out that Twitter has failed to act on certain threats, such as one that explicitly threatened to rape a woman. She has called for stronger protections, including the adoption of third-party tools like “Block Together,” which automatically blocks users who engage in harassment. This tool, developed by the Electronic Frontier Foundation, allows users to share their blocked accounts with friends for added support.

Twitter’s vice president of trust and safety, Del Harvey, acknowledged the need for improved policies and stated that the company is evaluating how to better handle tragic situations. However, critics like Soraya Chemaly, a media critic and feminist activist, argue that Twitter’s commitment to free speech may be hindering its ability to address harassment effectively. Chemaly emphasized that the current system often leaves victims, like Zelda Williams, to leave the platform, while the abusers remain untouched.

The broader issue of online harassment continues to be a pressing concern, with many users calling for more robust protections and better enforcement of community guidelines. As Twitter and other social media platforms grapple with these challenges, the need for comprehensive solutions that prioritize user safety and well-being has never been more urgent.",1.0,en,multi_news,,multi_news,"Now, write a one-page summary of all the news.

","['Twitter has promised to take a look at its policies after some sickening abuse over her father\'s death forced Zelda Williams off the site. After she tweeted a touching tribute to her father, the grieving daughter received messages on Twitter and Instagram blaming her for her father\'s death, as well as images of her father Photoshopped to show bruises around his neck, Forbes reports. ""We will not tolerate abuse of this nature on Twitter,"" a Twitter exec said in a statement. ""We have suspended a number of accounts related to this issue for violating our rules and we are in the process of evaluating how we can further improve our policies to better handle tragic situations like this one."" Twitter says the changes will include ""expanding our policies regarding self-harm and private information, and improving support for family members of deceased users."" An activist who has worked with Facebook to help protect people facing online abuse says the site needs to do more to tackle persistent abusers. ""While I am truly sorry for what the Williams family is experiencing during this time, I am concerned that it takes an event like this to bring heightened attention to a problem that so many face every day,"" she tells the Washington Post. ""As is often the case, it is Williams, the target of abuse, and not her abusers, who\'s left Twitter,"" she adds.']",1200,532
Summary:,93e8810d0a734c54479486a4b3e62b5037a567e1798bb611," 

In a tragic incident that sparked global outrage, Australian radio hosts Mel Greig and Michael Christian, known for their show on 2Day FM, made a prank call to a London hospital where the Duchess of Cambridge, Kate Middleton, was receiving treatment. The call, which was impersonating Queen Elizabeth II and Prince Charles, was recorded and later broadcast, leading to the death of nurse Jacintha Saldanha, 46, who was found dead in her home in London. The call was made in the early hours of the morning when the hospital was not fully staffed, and Saldanha, who was a mother of two, was the one who answered the phone and inadvertently provided information about the Duchess's condition. 

Following the incident, Greig and Christian expressed deep remorse and apologized for their actions. They stated that they had not intended any harm and were shocked by the tragic outcome. Both hosts have since gone into hiding and are undergoing counseling. The hospital where Saldanha worked, King Edward VII’s Hospital, condemned the prank as ""appalling"" and called for greater responsibility in media practices. 

In response to the incident, 2Day FM, owned by Southern Cross Austereo, took several measures, including suspending the show hosted by Greig and Christian, halting all prank calls by its broadcasters, and temporarily suspending all advertising. The company also initiated a comprehensive review of its policies and procedures. CEO Rhys Holleran stated that the station had attempted to contact the hospital multiple times before the call was broadcast, but no response was received. 

The incident has raised significant concerns about the ethical responsibilities of media outlets and the potential consequences of pranks and jokes that can have real-world impacts. While the Australian Communications and Media Authority (ACMA) has not yet commented on whether the station violated any regulations, the case has prompted calls for stricter oversight of media content. 

Saldanha’s family has expressed their grief, with her husband, Ben Barboza, stating that she would be laid to rest in India. Her daughter also shared a heartfelt message on social media. The British Prime Minister, David Cameron, expressed his condolences to Saldanha’s family, acknowledging the tragedy. 

The incident has also sparked a broader conversation about the role of media in society, the line between humor and harm, and the need for greater accountability in the entertainment industry. While some have defended the prank as a harmless joke, others have condemned it as irresponsible and inconsiderate, highlighting the potential for media to cause real emotional and psychological damage. 

As the investigation into Saldanha",1.0,en,multi_news,,multi_news,"Now, write a one-page summary of all the news.

","['Australian DJs Michael Christian and Mel Greig have broken their silence on their royal prank call gone horribly wrong, reports the Guardian, tearfully telling an interviewer that they\'re ""shattered, gutted, heartbroken"" over the death of nurse Jacintha Saldanha. ""No one could\'ve imagined this to happen,"" Christian said. ""Naturally, we\'re shattered. We\'re people, too."" ""There\'s not a minute that goes by that I don\'t think about what (Saldanha\'s) family is going through, and the thought that we may have contributed to it is gut-wrenching,"" says Greig. The DJs meant no harm, adds Christian: ""At every single point it was innocent on our behalf."" Innocent or not, Greig and Christian ""will not return to the airwaves until further notice,"" says parent company Southern Cross Austereo, which has also axed their show, halted all prank calls, and nixed ads amid an internal review, CNN reports. But the station is doubling down on its decision to air the prank, saying that it had tried to contact King Edward VII\'s Hospital no fewer than five times to talk about the recording before airing it. ""It is absolutely true to say that we actually did attempt to contact those people on multiple occasions,"" says Southern Cross\' CEO. It\'s not clear if the hospital responded, notes the AFP, but it has mounted a withering assault against the station in the aftermath of Saldanha\'s death.']",3531,532
Summary:,d80c94e46a531d82db264ffd18fd03828a7069b78b87c00a,"  

Recent news reports highlight a criminal incident in which a woman impersonated a Target employee to commit theft. The event took place at a Target store located on Richmond Highway in Alexandria, Virginia. On March 15, an unidentified woman gained access to the store's stockroom by posing as an employee. She was able to locate and remove a significant number of iPhones, which were then placed in a box and removed from the premises.  

The suspect was captured on surveillance footage, which shows her exiting the store and entering a Volvo station wagon. The footage has been released by Fairfax County police as part of their ongoing investigation. The woman is believed to have been familiar with the store's layout, procedures, and employee hours, indicating some level of prior knowledge or preparation.  

Fairfax County police are actively seeking information from the public regarding the suspect. Anyone with relevant details is encouraged to contact the police department at 703-691-2131.  

The case has drawn attention due to the scale of the theft, which is estimated to be worth over $40,000. Law enforcement officials are working to identify the individual and bring her to justice.  

This incident underscores the importance of security measures in retail environments and the need for vigilance in identifying potential threats. The public is urged to remain alert and report any suspicious activity.  

As the investigation continues, further updates are expected. The case serves as a reminder of the risks associated with identity fraud and the potential for individuals to exploit vulnerabilities in business operations.",1.0,en,multi_news,,multi_news,"Now, write a one-page summary of all the news.

","['She wasn\'t a Target employee, but a woman who sure seemed like one allegedly made off with around $40,000 worth of iPhones from a Virginia store. NBC Washington reports Fairfax County cops are looking for the retail impostor, who they say donned attire resembling a worker\'s getup, waltzed into the stockroom of the Alexandria location with a box, and loaded the box with dozens of iPhones before taking off. WTOP reports the woman, whose image was caught on tape, seemed to be familiar with how things worked at the store, including employee hours and where the iPhones were stored. Police say the theft occurred March 15, but posted about it on Facebook Monday with a call to ""help us nab an iPhone thief."" (Target recently had a Boston problem.)']",438,532
Summary:,0c21154627a66c4d1637d693dd17d1faabac04bc69badcd0,"  

The provided news passages cover two distinct topics, each offering a unique perspective on current events and cultural narratives.  

The first passage discusses the long-standing collaboration between Alexa Internet and the Internet Archive, which began in 1996. Alexa Internet has been providing its crawl data to the Internet Archive, a non-profit digital library that aims to preserve the web's history. This data is stored in the Wayback Machine, a tool that allows users to access archived versions of web pages. However, the data is not immediately available to the public; it undergoes an embargo period before being added to the Wayback Machine. This practice ensures that the data is preserved in a structured and accessible manner, contributing to the broader effort of web archiving and digital preservation.

The second passage presents a fictional narrative from the *South Park* series, specifically ""Cartoon Wars Part I."" In this episode, the characters Cartman and Kyle become embroiled in a conflict over the animated series *Family Guy*. The storyline centers on the creators of *Family Guy* planning to include an image of the prophet Muhammad in an episode, which leads to a potential ban of the show. Cartman, who is known for his provocative and often controversial behavior, sees this as an opportunity to permanently remove *Family Guy* from television. In response, he and Kyle engage in a nationwide race to Hollywood, where the fate of the show is ultimately decided. This episode reflects the broader cultural and religious sensitivities that can arise in media, as well as the comedic and satirical nature of *South Park* in addressing such issues.

Together, these two passages illustrate the contrast between real-world digital preservation efforts and the fictional, often exaggerated scenarios that appear in popular media. While the first passage highlights the importance of maintaining an accurate historical record of the internet, the second passage offers a humorous and satirical take on the tensions that can arise in the entertainment industry. Both, in their own ways, contribute to the ongoing conversation about the role of technology, media, and culture in shaping public discourse.",1.0,en,multi_news,,multi_news,"Now, write a one-page summary of all the news.

","[""Apparently there are places even South Park fears to tread. After getting a death threat from the jihadist website RevolutionMuslim.com, the show pulled the prophet Mohammed out of this week's episode, bleeping out all mention of his name, putting “censored” banners over parts of the episode and, where necessary, replacing him with Santa Claus in a bear suit, the Huffington Post reports. Here's the deal: last week's episode (which you can see a clip of here) mocked the taboo against showing the prophet Mohammed, having him show up first hidden inside a U-Haul, and then inside a bear costume. This week's episode was to continue that story. It's unclear whether the extra censorship is intended to appease the irony-challenged folks at RevolutionMuslim or mock them. South Park, incidentally, has tackled the issue before, and even depicted Mohammed on screen once with impunity.""]",258,532
Summary:,aaedc4c55373ce5ed84ada218f9aac1eadb5256699622f19,"  

Recent news highlights escalating tensions on the Korean Peninsula, with North Korea reportedly moving an intercontinental ballistic missile (ICBM) and conducting a significant nuclear test. South Korean lawmakers, briefed by the National Intelligence Service (NIS), indicated that North Korea may test-fire an ICBM toward the North Pacific, following a powerful sixth nuclear test on Sunday. Seismological data suggested the test was the most powerful ever conducted by North Korea, with state media claiming it involved a hydrogen bomb, which could be mounted on a long-range missile capable of reaching the United States. However, experts note that verifying the compatibility of the warhead and missile remains challenging without a live test.  

North Korea has been actively testing missiles this summer, including two long-range ICBMs in July and an intermediate-range missile in August that overflew Japan’s Hokkaido. In response, South Korea has conducted military drills, including live-fire exercises by the Navy off the east coast of the Korean Peninsula. The South Korean Navy warned that it would “destroy and bury” North Korea if provoked.  

At the United Nations, U.S. Ambassador Nikki Haley called for strong sanctions against North Korea, criticizing the country’s nuclear program and its defiance of international norms. Meanwhile, South Korean President Moon Jae-in and U.S. President Donald Trump agreed to lift restrictions on the payload weight of South Korea’s ballistic missiles, though signs of a growing rift between the two leaders have emerged. Trump criticized South Korea for “appeasement” in dealing with North Korea, while Moon advocates for diplomacy.  

Diplomatic efforts continue, with Moon and Japanese Prime Minister Shinzo Abe set to attend an economic summit in Russia’s Vladivostok. Russian President Vladimir Putin reiterated calls for North Korea to halt nuclear tests, emphasizing the need for dialogue over sanctions. He warned that sanctions are ineffective and that North Korea remains focused on its security goals.  

Analysts suggest that North Korea may test an ICBM on its founding day, September 9, following a pattern of significant tests on national holidays. This timing is seen as a strategic move to maximize international attention and assert its military capabilities. As tensions rise, the international community faces the challenge of balancing firm responses to North Korea’s nuclear ambitions with the pursuit of diplomatic solutions.",1.0,en,multi_news,,multi_news,"Now, write a one-page summary of all the news.

","['Following North Korea\'s most powerful weapons test yet on Sunday, a South Korean lawmaker tells CNN his country\'s intelligence service believes the North has an intercontinental ballistic missile (ICBM) on the move. Things get pretty vague beyond that: He didn\'t know the method of transport or when the movement was noticed. But Reuters does pick up some alleged details on those fronts, via an unnamed source quoted by South Korea’s Asia Business Daily. Its source says the ICBM started moving Monday, is only being moved at night, and is headed toward the nation\'s west coast. Reuters notes there\'s some likelihood that another test could come on or around Saturday: Sept. 9 is the country\'s founding day holiday. CNBC notes North Korea conducted a nuke test on Sept. 9, 2016. Two more details that allegedly came from the South\'s National Intelligence Service briefing: word that additional tunnels have been dug out at the North\'s nuclear test site that would facilitate future detonations, and suspicions that the next ICBM test firing might be directed toward the North Pacific but aimed at a lower angle, which would in theory allow it to fly further than previous tests, which had more of an upward trajectory. Meanwhile, the White House tells Reuters it has given ""in-principle approval"" to a request by South Korean President Moon Jae-in to abolish a limit regarding warhead weights, a move that would strengthen the power with which it could attack the North, if necessary. Meanwhile, Vladimir Putin on Tuesday gave his take on the situation: North Korea ""will eat grass but will not give up the (nuclear) program if they don\'t feel safe.""']",1277,532
Summary:,b291e27b2c82d5b18bd19a93bfa5571ab5284fc5f3c6d107,"  

On December 14, 2017, a tragic incident occurred in Schertz, Texas, when a 6-year-old boy, Kameron Prescott, was fatally shot during a deputy-involved shooting. The incident unfolded during a two-hour manhunt for a suspect, Amanda Lene Jones, a 30-year-old woman with a history of criminal activity, including multiple arrests for drug possession, burglary, and car theft.  

Jones was initially reported to have stolen a vehicle, prompting law enforcement to pursue her. During the chase, she allegedly threatened a deputy with a weapon, leading to a confrontation. Jones evaded capture for several hours before reappearing at a mobile home park where Kameron and his family resided. She forced her way into the home, where she reportedly threatened the family and expressed intent to take their car.  

Deputies arrived at the scene and confronted Jones, who was believed to be armed. In the ensuing exchange, four deputies fired their weapons. One of the bullets struck Kameron in the abdomen, resulting in his death. The other three bullets struck Jones, who was killed by the gunfire. A dark ""tubular"" object with Jones' blood on it was later found near her body, though no gun was recovered.  

Bexar County Sheriff Javier Salazar described the incident as a ""tragic accident,"" stating that the deputies acted in self-defense, believing Jones to be a threat. He held a news conference to provide a detailed account of the events, including a timeline and a map of the incident. Salazar also shared video footage from a body camera worn by one of the deputies, though the camera's limited angle obscured the exact moment of the shooting.  

The community was deeply affected by the incident. Kameron was remembered as a kind, energetic, and humorous child who was beloved by his teachers and classmates. His first-grade teacher, Shanda Ince, expressed sorrow over the loss, noting that Kameron had a ""biggest heart of any boy"" she had ever taught.  

Following the incident, the four deputies involved were placed on administrative leave, and the local district attorney is conducting an investigation into the shooting. The school district where Kameron attended, Wiederstein Elementary, issued a statement of condolence and established a memorial fund to support Kameron's family.  

The case has sparked widespread discussion about law enforcement procedures, the use of force, and the tragic consequences of mistaken judgment. As the community mourns the loss of a young life, the incident serves as a sobering reminder of the complexities and risks inherent in law enforcement encounters.",1.0,en,multi_news,,multi_news,"Now, write a one-page summary of all the news.

","['Sheriff\'s deputies shot and killed a 6-year-old boy Thursday in Texas, WOAI reports. Bexar County Sheriff Javier Salazar says four deputies opened fire on 30-year-old Amanda Jones, a suspected car thief, after they ""cornered"" her outside a mobile home occupied by Kameron Prescott and his family in the town of Schertz. One of the bullets went through the mobile home and hit Kameron in the abdomen. According to CNN, Salazar says deputies performed first aid on the boy, but he was pronounced dead at the hospital. Jones was also killed. ""The deputies are, of course, understandably shaken up,"" Salazar says. He says the shooting is under investigation, but in his opinion the boy\'s death is ""a tragic accident."" Salazar says one deputy is ""adamant"" he saw Jones with a gun and that she threatened to shoot him. He says Jones threatened both police and Kameron\'s family, who didn\'t know her, just before deputies opened fire. But investigators haven\'t been able to locate a gun despite the use of a helicopter and dive team. Salazar says they have found a pipe with Jones\' blood on it near the scene of the shooting. One deputy at the scene was wearing a body camera, but he blocked it with his rifle during the shooting. Meanwhile, Kameron is being remembered by those who knew him. ""Kameron was a ball of energy, happy, smart, and could strike up a conversation with anyone,” school counselor Maria Morales tells KSAT. “He also had a great sense of humor and caring heart.""']",2048,532
Summary:,56b04e68a1831f7022c05c0813687ac156f795123ecf1b84,"  

A Seminole County, Florida, mother, Sarah Markham, has been at the center of a controversial case involving her newborn son, Caleb. The situation began when Markham, a vegan, refused to take her dehydrated infant to the hospital as instructed by a doctor. The doctor had diagnosed the baby with dehydration and weight loss, urging immediate medical attention. Instead, Markham opted to use a soy-based formula from Whole Foods, believing it to be a suitable alternative to animal-derived products.  

The case initially came to the attention of authorities through a tip to the Florida State Hotline for child abuse. When police arrived at Markham’s home, they found her uncooperative and unwilling to take the baby to the hospital. Officers and Child Protective Services attempted to gain entry, but Markham refused to answer the door. Eventually, they used a locksmith to enter the apartment and found the baby in need of urgent care. The infant was taken to the hospital, where he was placed into state custody.  

Markham was arrested on charges of child neglect and faced a court hearing. However, the case has since taken a different turn. In a recent court ruling, a Seminole County judge granted Markham custody of her son, Caleb, with the condition that she provide a nutritionist’s report within 10 days. The judge ruled that there was no evidence of neglect or abuse, only a disagreement between a mother and a doctor over the best course of treatment for the child.  

Markham’s grandfather, Bo Markham, stated that the case was a challenge between a doctor and a mother, with the doctor not liking the mother’s approach. Markham’s attorney, Mark O’Mara, expressed hope that the criminal case against her would be dismissed.  

Currently, Caleb is under the care of his grandparents, who report that he is growing well on a soy-based formula. Markham has since bonded out of jail and is working to regain full custody of her son. The case has sparked a broader discussion about the rights of parents to make medical decisions for their children, particularly in the context of dietary choices and alternative medicine.",1.0,en,multi_news,,multi_news,"Now, write a one-page summary of all the news.

","['A judge in Florida has allowed a vegan mom who defied a doctor\'s orders to regain custody of her infant son, reports WFTV. The strange case began in June when police in Casselberry charged Sarah Markham with neglect and took away 2-week-old Caleb. The charges came after a pediatrician diagnosed Caleb as dehydrated and underweight, and told Markham to take him to the hospital immediately, recounts WKMG. Instead, Markham bought soy formula to supplement her breast milk. When she didn\'t show up at the hospital, police came to her house, and she told them she wanted a second doctor\'s opinion and stressed that she did not want her son getting formula from animal products. Today, a Seminole County judge granted her custody again with the provision that she provide a nutritionist\'s report in 10 days. ""There\'s no case, there\'s no abuse, there\'s no neglect—there\'s simply a doctor who has been challenged by a mother, and he didn\'t like it,"" says Caleb\'s grandfather, Bo Markham. The child has been with his grandparents since he was taken out of his mother\'s care, and now weighs about 17 pounds. ""He\'s still on a soy formula,"" says Bo Markham. The criminal neglect charges are still pending, though Sarah Markham\'s attorney—Mark O\'Mara, who defended George Zimmerman—says he expects they will be dismissed now. (PETA wants an Indiana sheriff to feed an alleged cannibal a vegan diet.)']",1292,532
Summary:,33e27e6e0cb58aa828cba57977ac39767855f3dfe1addfb2,"  

This week’s news highlights a range of celebrity updates, legal matters, and cultural happenings. At the center of the coverage is pop icon Britney Spears, whose recent activities and legal situation continue to dominate headlines. Spears, who is under the legal guardianship of her father, Jamie Spears, has been actively promoting her Las Vegas residency, which begins in December. However, her handlers have been strict in controlling the content of her interviews, instructing radio stations to focus only on her music, her new album, and her Vegas show. Despite these guidelines, some interviews have been criticized for being one-sided and unengaging, with one Houston radio segment even being pulled due to its lack of appeal.  

Spears has also faced scrutiny over her public appearances, with some reports suggesting she may be lip-syncing during her performances, a claim she has denied. Additionally, a video of her for the song “Work Bitch” has sparked debate, with some claiming that the final version was digitally altered to slim her appearance.  

Beyond Spears, other celebrity news includes Martha Stewart’s comments on cleanliness, as she expressed discomfort with dirty environments. Meanwhile, Beyoncé shared a striking photo of herself with her daughter, Blue Ivy, from a recent tour stop in New Zealand.  

In the entertainment world, Charlie Hunnam, known for his role in *Sons of Anarchy*, has been avoiding public appearances due to backlash over his decision to leave the *50 Shades of Grey* film. On the other hand, Arnold Schwarzenegger, along with actors Jim Caviezel and Sylvester Stallone, made an appearance at a New York restaurant, showcasing their camaraderie.  

The news also includes a community event as Elvis Duran and Eric Trump walk across the Brooklyn Bridge to raise awareness for St. Jude Children’s Research Hospital. Additionally, the Off-Broadway musical *Bayside! The Musical*, a parody of *Saved by the Bell*, has been extended due to its unexpected popularity.  

Legal updates reveal that Jamie Spears, Britney’s conservator, is seeking a raise in his monthly compensation, which currently stands at $16,000. He is requesting an additional $800 per month for office expenses and an increase in the amount he can spend on his office space. His petition, filed in Los Angeles, highlights his ongoing responsibilities in managing Britney’s affairs, including her business dealings and personal life.  

Overall, the news cycle reflects a mix of entertainment, legal, and social updates, with Britney Spears remaining a central figure in the public eye.",1.0,en,multi_news,,multi_news,"Now, write a one-page summary of all the news.

","['Britney Spears\' father, Jamie, has been in charge of her since she was placed under conservatorship in 2008, and he thinks it\'s about time for a raise, Radar reports. ""I continue to perform services to protect and care for Britney’s person and to administer her estate in good faith and in her best interests. I continue to have significant oversight duties relating to her visitation with her children,"" he writes in a new petition to the court. In addition to the $16,000 he gets for those duties per month, he also gets $1,200 for office rent, and he wants that amount bumped to $2,000, plus $7,200 in back pay for the increased rent he\'s paid since last year. Brit is apparently also under strict control when it comes to interviews. She\'s been promoting her upcoming Vegas residency, and her handlers told radio interviewers that during the five-minute interviews, they could only ask about Vegas or Britney\'s new album or single, sources tell the New York Daily News. ""So everyone is clear,"" the stations are being informed, ""no personal questions and no funny business."" But apparently the interviews still aren\'t going well: One was pulled entirely after DJs deemed it ""a one-sided conversation,"" and during another, the hosts needed to ask a distracted Spears one of their questions twice.']",1845,532
Summary:,1fb2491dae07f8c4874240e388bc27c7061b49911f56ba9a,"  

Snap Inc. has made a significant shift in its distribution strategy for its popular Spectacles, moving from limited in-person availability to online sales. Previously, the camera-enabled sunglasses were only available through vending machines in major cities and a temporary pop-up store in New York City. These limited releases often led to long lines, with some customers waiting up to 18 hours to purchase a pair. Due to high demand, some individuals were able to resell the glasses for as much as $5,000 on the secondary market.  

Now, Spectacles are available for purchase directly on Spectacles.com for $129.99, with a limited number of units available per household (a maximum of six pairs). The online availability is expected to reduce the frustration of previous in-person purchases, though shipping times are still estimated at two to four weeks. In addition to the glasses, Snap is also offering charging cases for $49.99 and charging cords for $9.99, which will no longer be available on Amazon.  

This move comes as Snap prepares for its upcoming initial public offering (IPO), where it aims to demonstrate its ability to generate revenue from hardware products. While Spectacles have not yet generated significant profit, the company hopes that increased sales will help support its broader business model. A spokesperson noted that the decision to expand distribution was based on positive user feedback and the desire to make the product more accessible to those who missed out on the initial limited releases.  

Despite the challenges of scaling production and managing costs, Snap remains optimistic about the future of Spectacles. The product’s unique circular video format has been a key differentiator in the social media space, offering a feature that competitors like Instagram have not yet replicated. By making Spectacles more widely available, Snap is not only enhancing its brand presence but also reinforcing its position as a company that can successfully blend technology with fashion.  

As the company continues to evolve, the success of Spectacles may serve as a blueprint for future hardware products. Whether through direct sales, partnerships, or new innovations, Snap is positioning itself as a leader in the wearable technology space, with the potential to reshape how users interact with digital content in their everyday lives.",1.0,en,multi_news,,multi_news,"Now, write a one-page summary of all the news.

","[""Snapchat found itself with a marketing sensation on its hands late last year when it began selling funky-looking sunglasses called Spectacles. The trick is they allow users to record quick videos and photos and send them directly to their Snapchat accounts, but the catch was they were available only through vending machines that would turn up in random locales or through a now-shuttered pop-up store in Manhattan, notes New York. Now, however, parent company Snap is selling them online at Spectacles.com for $129. Just how crazy did demand get? CNBC notes that the glasses were selling for up to $5,000 on secondary markets, adding that its own reporters stood in line for 18 hours to get them. (There's a limit of six per household for the new online purchases.) Snap has said the glasses haven't been big money-makers, but TechCrunch thinks the new move is designed to show prospective IPO investors that they could be. The vending machines will go on hiatus for awhile, but they're expected to resurface eventually.""]",1089,532
Summary:,b2c280c5ff87004e00fb7dcdfd0cf4d4d8fc01572fc61a7e,"  

In 2014, a tragic hazing incident at the University at Albany (UAlbany) resulted in the death of student Trevor Duffy. Seven men have since been charged in connection with the incident, which allegedly involved forcing Duffy to drink a 60-ounce bottle of vodka, leading to his death. The men are accused of engaging in illegal hazing activities, which have now led to legal consequences.

The fraternity associated with the alleged incident, Zeta Beta Tau (ZBT), has publicly distanced itself from the group of men involved. In a formal statement, ZBT denied any affiliation with the individuals and clarified that they were not members of the recognized Epsilon Gamma chapter at UAlbany. The fraternity has taken legal action against the accused, claiming that they falsely represented themselves as members of ZBT and used the fraternity’s name without authorization.

ZBT has stated that the unauthorized use of its name, symbols, and materials violates U.S. copyright and trademark laws. The fraternity is seeking legal recourse to protect its reputation and intellectual property. The lawsuit is being pursued by legal counsel, and the fraternity has emphasized that the accused group is not recognized by either the university or the national fraternity.

One of the accused, Joseph Angilletta, is represented by attorney Paul DerOhannesian. DerOhannesian noted that the fraternity’s lawsuit is a novel legal action, and he has not yet commented on the specifics of the case or the potential implications for his client. He acknowledged that the fraternity’s decision to pursue legal action is an attempt to distance itself from the tragic incident and to hold the accused accountable for their actions.

The case highlights the serious consequences of hazing and the legal and reputational risks associated with misrepresenting one’s affiliation with a fraternity. It also underscores the importance of clear legal boundaries and the protection of intellectual property in collegiate and fraternal organizations. As the legal proceedings continue, the incident serves as a cautionary tale about the dangers of hazing and the need for strict adherence to ethical and legal standards in campus life.",1.0,en,multi_news,,multi_news,"Now, write a one-page summary of all the news.

","['The seven men accused of the 2014 hazing of a SUNY Albany student that caused his death are already in trouble with the school and the police. Now they\'ve got a new problem on their hands: a lawsuit set to be filed by the fraternity whose name they apparently appropriated. Zeta Beta Tau\'s national office says the ""rogue"" group of SUNY Albany students charged in the death of 19-year-old Trevor Duffy used the frat\'s name without authorization and isn\'t linked to the actual recognized chapter on campus, NBC News reports. ""Zeta Beta Tau is retaining counsel for the purposes of filing suit against these individuals who falsely represented themselves, deceiving the public and damaging the otherwise exceptional reputation of our Fraternity,"" a fraternity statement reads, per News10. Duffy died after allegedly being made to consume nearly half a gallon of vodka in a case that made headlines; his BAC was seven times the legal limit, notes NBC. The national fraternity says its intellectual property—including its name, the ZBT initials, and other materials—are protected under copyright rules, WRGB reports. That means anyone who falsely claims to be affiliated with the frat is fair game for legal action, a move the attorney for one of the accused says he\'s baffled by. ""It\'s certainly novel, and I\'m not sure why they\'d take that step,"" the lawyer for Joseph Angilletta, one of two men arrested just last week in the case, tells the station. ""Clearly one aspect here is they seem to want to distance themselves from this tragic event."" (Five Baruch College frat members may face up to 20 years behind bars for allegedly taking part in the ""glass ceiling."")']",968,532
Summary:,6b8491517bafcca99ef3f76092c43d19d5d36405219ef6f4,"  

Elon Musk’s unexpected tweet proposing to take Tesla private has sparked significant debate and regulatory scrutiny. The proposal, which would value the company at over $70 billion, has led to mixed reactions from Tesla’s board of directors. A statement from six of the nine board members confirmed that discussions about a potential private takeover had taken place, with the board evaluating how such a move could benefit Tesla’s long-term interests. However, the board did not officially endorse the plan, and two members—Musk’s brother Kimbal Musk and venture capitalist Steve Jurvetson—did not sign the statement. Jurvetson had previously left Tesla following allegations of sexual harassment.  

The board’s response has raised several critical questions. First, the timing of the announcement has been questioned, as the company had not disclosed the discussions in its recent SEC filing. Second, the method of disclosure—via a social media post rather than a formal regulatory filing—has drawn criticism from legal experts. Andrew Calamari, a former SEC official, called the approach “irregular” and suggested it could indicate a lack of seriousness or a strategic move to influence stock prices.  

Musk’s rationale for the proposal includes reducing the volatility of Tesla’s stock, which he claims is the most shorted stock in history. He argues that being a public company subjects Tesla to short-term pressures and external attacks from investors. However, legal and financial analysts have raised concerns about the feasibility of the plan. Tesla has not yet turned a profit, and raising the necessary capital for a private buyout would be challenging, especially given the company’s current cash-flow-negative status.  

The potential implications of the proposal are vast. If successful, it would be the largest buyout in history, surpassing the 2007 acquisition of TXU Corp. However, the structure of the deal remains unclear. Legal experts suggest that if more than 2,000 shareholders choose to retain their shares, Tesla would still be required to comply with public company regulations, which Musk has sought to avoid.  

Regulators, including the Securities and Exchange Commission, are closely monitoring the situation. The SEC has already inquired about the funding claims made by Musk, and legal experts are awaiting further details on the proposed deal. Meanwhile, Tesla’s stock has experienced significant fluctuations, rising sharply after Musk’s initial tweet but then declining as the board’s response and legal concerns emerged.  

Overall, Musk’s proposal has ignited a complex mix of excitement, skepticism, and regulatory concern. While the board has not officially rejected the idea, the lack of transparency, the method of disclosure, and the financial challenges of the",1.0,en,multi_news,,multi_news,"Now, write a one-page summary of all the news.

","['Elon Musk wasn\'t blowing smoke. The BBC reports on a three-sentence statement issued by six of Tesla\'s nine board members saying the board had ""met several times over the last week"" to discuss Musk\'s proposal to take the company private, which he announced via an unexpected tweet Tuesday. The talks ""included discussion as to how being private could better serve Tesla\'s long-term interests"" and the statement ends by saying the board ""is taking the appropriate next steps to evaluate this."" The three board members who did not sign the statement are Musk, brother Kimbal Musk, and a board member who is on leave, reports the Wall Street Journal. At MarketWatch, Steve Goldstein flags some unresolved points: The statement didn\'t elaborate on Musk\'s claim of ""funding secured"" and raised but didn\'t answer a question of timing. ""\'Last week\' predates Tesla\'s filing on Monday of its 10-Q with the Securities and Exchange Commission, which didn\'t mention such discussions. News of a takeover would certainly be considered material,"" he writes. Shares of Tesla are currently down about 1%.']",1589,532
Summary:,cad98a082a403a4d23b00bd658ebe9da5d5492c0b7aee6a2,"  

This week in sports news, several key developments have taken place across tennis and other related events. Serena Williams, one of the sport’s most iconic players, has made a significant return to training after a prolonged absence due to a series of health issues. Williams, a 13-time Grand Slam champion, had not played since July due to a combination of injuries and a medical condition. She recently underwent an emergency procedure for a pulmonary embolism and is currently on blood thinners. Despite these challenges, she has begun light training in Palm Beach Gardens, with her agent, Jill Smoller, stating that she is progressing well but has no set return date. Williams is not expected to compete at the French Open, which begins in late May, and is likely to make a comeback at Wimbledon in June or the U.S. Open in August.  

Her return to play has been complicated by a prior injury in which she cut her foot on glass at a restaurant in Germany, leading to multiple surgeries and a long recovery period. The immobility from her injury may have contributed to the development of blood clots, which were discovered during a flight from New York to Los Angeles.  

Meanwhile, another top player, world No. 2 Kim Clijsters, has also faced a setback. She suffered a severe ankle injury at her cousin’s wedding while wearing high heels, resulting in a torn ligament and a need for a cast. Clijsters is expected to miss at least four to six weeks of play, which will likely affect her participation in the French Open.  

In a more positive development, Ryan Sweeting, a 23-year-old American tennis player, has achieved a career milestone by winning his first ATP title. Sweeting, who played college tennis at the University of Florida, defeated Kei Nishikori in the U.S. Clay Court Championship in Houston. The victory propelled him from a ranking of No. 93 to No. 71. Sweeting celebrated the win by jumping into the River Oakes Club pool, a tradition at the tournament.  

In addition to these developments, the U.S. Fed Cup team has announced that it will rely on two young, up-and-coming players for an upcoming world group playoff in Stuttgart, Germany. The team will feature 18-year-old Christina McHale and 19-year-old Melanie Oudin. McHale, who trains at the USTA facility in Boca Raton, is replacing the injured Bethanie Mattek-Sands. The German team, led by captain Barbara Rittner, has expressed confidence in the young American players",1.0,en,multi_news,,multi_news,"Now, write a one-page summary of all the news.

","['Guess who\'s back? Serena Williams. And she made sure her return to the tennis court Tuesday was a stylish one, the Miami Herald notes, tweeting a picture of herself in a hot pink body suit. ""Look who I spotted on the court. Her first day back,"" Williams wrote. She hadn\'t played since July thanks to health problems; click here to catch up on what\'s been going on. Her agent says Williams is ""progressing well"" and has the OK from doctors to do light cardio, but still has not set an exact date for her return to the WTA Tour.']",770,532
Summary:,0719f54af86b9059cf3c25c1d2a59782de2839ed82814db5,"  

The news highlights the evolving understanding of advanced alien civilizations and the potential for detecting them through their energy-harvesting technologies. Astrophysicist Nikolai Kardashev’s 1962 model, which classifies civilizations based on their energy consumption, has been revisited by modern researchers. Kardashev proposed three types of civilizations: Type I, which harnesses all planetary resources; Type II, which taps into a star’s energy; and Type III, which controls the energy of an entire galaxy.  

Recent work by physicist Dan Hooper suggests that the expansion of the universe, driven by dark energy, poses a significant challenge for civilizations seeking to access distant stars. As the universe accelerates in its expansion, stars will eventually fall beyond the cosmic horizon, making them unreachable. To counteract this, Hooper argues that advanced civilizations would need to actively harvest energy from stars before they become inaccessible. This would involve technologies such as Dyson spheres—vast networks of satellites designed to capture a star’s energy.  

Hooper’s research also explores the possibility of detecting such civilizations by observing unusual light signatures from galaxies that have had their most valuable stars removed. These galaxies would emit light primarily from massive stars, which are more efficient energy sources. The presence of such signatures could indicate the existence of advanced alien civilizations that have already begun the process of intergalactic expansion.  

The concept of Dyson spheres was first introduced in science fiction by Olaf Stapledon in his 1937 novel *Star Maker*, and later formalized by physicist Freeman Dyson in a 1960 paper. Dyson proposed that advanced civilizations could be detected by their waste heat, which would appear as infrared radiation. This idea has since inspired numerous works of science fiction, including Larry Niven’s *Ringworld* and *Star Trek* episodes featuring Dyson-like structures.  

While the idea of alien civilizations harnessing star energy remains speculative, it underscores the growing interest in understanding the potential for advanced life in the universe. As our technology improves, we may one day be able to detect the signs of such civilizations, offering profound insights into the nature of intelligence and its place in the cosmos.",1.0,en,multi_news,,multi_news,"Now, write a one-page summary of all the news.

","['Watch out for stars moving across galaxies or losing power—it could be aliens gathering energy before the lights go out. Dan Hooper, an astronomy and astrophysics professor at the University of Chicago, posted a paper in the preprint journal arXiv.org arguing that aliens in far-off galaxies may be sucking energy from stars to offset risks posed by an expanding universe, LiveScience reports. ""The presence of dark energy in our universe is causing space to expand at an accelerating rate,"" writes Hooper. ""As a result, over the next approximately 100 billion years, all stars residing beyond the Local Group [of galaxies including the Milky Way] will fall beyond the cosmic horizon and become not only unobservable, but entirely inaccessible, thus limiting how much energy could one day be extracted from them."" Therefore, he argues, an advanced civilization may use something like ""Dyson spheres""—an imagined solar-powered satellite dating back to 1930s science-fiction, notes LiveScience—to harvest a star\'s energy or use that energy to move it closer to home. Hooper hinges his case on the work of Russian astronomer Nikolai Kardashev, who argued in 1962 that technologically advanced civilizations would expand via three steps: harvesting resources of their planet, then the nearest star, then all stars in the galaxy and nearby galaxies. So how to spot energy-grabbing aliens? Massive stars emanate certain light wavelengths, which will appear in galaxies\' light signatures if stars are drained energy—that is, when humans have powerful enough instruments to detect it.']",1741,532
Summary:,45738a474abdd937b862f7bec332b4c6ebd457223b3c2ed3,"  

A 22-year-old Disneyland employee, Christian Barnes, has been arrested on suspicion of placing a ""dry ice bomb"" in a trash can at the park, leading to a small explosion that forced the evacuation of the Mickey's Toontown area. The incident occurred on Tuesday evening, and while no one was injured, it caused temporary disruption and concern among visitors. Barnes, who worked as an outdoor vendor, was held on $1 million bail and is cooperating with investigators.  

According to Anaheim police, Barnes placed dry ice in a plastic bottle, which was then discarded in a trash can. The resulting explosion was contained within the can and did not cause significant damage. Authorities have not yet identified a motive for the act, though they have ruled out any connection to similar incidents in the area in recent months.  

Disneyland has stated that it is working closely with law enforcement to address the situation and ensure the safety of its guests. The Toontown section, known for its whimsical, cartoon-like design, was briefly evacuated as a precaution. Visitors expressed surprise and concern over the incident, with some emphasizing the importance of vigilance and safety in public spaces.  

The case highlights the potential dangers of improper handling of hazardous materials, even in seemingly safe environments. As investigations continue, authorities are urging the public to remain alert and report any suspicious activity.",1.0,en,multi_news,,multi_news,"Now, write a one-page summary of all the news.

","[""Police have arrested one of Disneyland's own employees after yesterday's dry-ice explosion in the Toontown section of the park, reports the Los Angeles Times. Christian Barnes, a 22-year-old vendor who sold soda and water from a cart, is being held on $1 million bond. Police say he filled a bottle with dry ice and dropped it in a trash can. The ensuing blast caused a lot of noise and chaos, but no injuries or serious damage, reports AP. No word on motive, but police don't think it's related to previous dry-ice bombs in the Anaheim area.""]",650,532
Summary:,e5a4b2ff98489f486be435f2362f21d5f6b94f4ed1a81add,"  

Steve Vogelsang, a former prominent broadcaster and journalism instructor at Red River College in Winnipeg, has been charged with two counts of robbery in connection with bank attacks in Medicine Hat, Alberta. The 53-year-old, who previously worked as a news director and sports anchor at CKY-TV (now CTV Winnipeg) from the early 1990s to 2002, resigned from his teaching position in 2011.  

According to police, Vogelsang robbed a Royal Bank on October 19 and a Bank of Montreal on October 20, both in Medicine Hat. He entered the banks without a disguise, handed a note to a teller, and left with an undisclosed amount of cash. He was arrested at a local hotel in the area on October 21 and is expected to appear in court the following day.  

Vogelsang has faced a series of legal and personal challenges in recent years. In March 2017, a former student he had been dating since 2004 obtained a protection order against him after he allegedly continued to contact her despite police warnings. The student claimed he harassed her through text, email, and voicemail, and that he had been trying to re-enter her life. Vogelsang denied the allegations, calling the woman’s account misleading and claiming she had interfered with his life.  

Financial difficulties have also plagued Vogelsang. He and his ex-wife, with whom he had three properties in Nelson, B.C., sold them at a loss of $85,000. He was unable to make mortgage payments on their Winnipeg home, which eventually went into foreclosure. In an email exchange, he admitted to sleeping in his vehicle due to financial strain.  

In addition to the robbery charges, Vogelsang was previously charged with sexual assault in 2016, though the charge was stayed in 2017. He also faces three charges of disobeying a court order, which are set for court in the coming year.  

Despite his past contributions to journalism and broadcasting, Vogelsang’s recent legal troubles and personal issues have raised concerns among former students and colleagues. Some have expressed shock and disappointment, noting that his teaching style was once respected and engaging.  

As he faces potential criminal charges and ongoing legal battles, Vogelsang’s case highlights the intersection of personal and professional challenges, and the consequences of financial and emotional distress.",1.0,en,multi_news,,multi_news,"Now, write a one-page summary of all the news.

","['A former well-known Canadian TV sports anchor is in jail after police say he robbed two banks in as many days in the western province of Alberta last week. Police in the small city of Medicine Hat say Steve Vogelsang robbed a Royal Bank of Canada on Thursday, Oct. 19, and then turned around the next day and robbed a Bank of Montreal, CBC reports. He entered both banks without a disguise and after demanding money, left with an undisclosed sum. Police finally arrested Vogelsang at a nearby hotel at around 3am on Saturday. Per CTV Winnipeg News, Vogelsang, 53, was a longtime news director and sports broadcaster at CKY, now CTV Winnipeg. He also taught journalism at Red River College in Winnipeg from 2002 to 2011. Conor Lloyd, a spokesman for the college, says, “I can confirm he is no longer an employee here.” Vogelsang is scheduled to appear in provincial court on Tuesday.']",1543,532
Summary:,3df8184414fb6c8fd721cbc56a5772b93fbf43a6f99f585d,"  

Oakleigh Nance, a premature infant born weighing just 3 pounds, has faced numerous health challenges since birth. Despite initial struggles, including a reliance on oxygen and a nickname of ""Miss Sassy"" for her spirited nature, Oakleigh grew and remained healthy for several months. However, recent months have been marked by recurring infections, including a severe urinary tract infection (UTI) that led to a dangerous antibiotic-resistant strain of *Pseudomonas aeruginosa*. This infection, which spread to her kidneys, resulted in a diagnosis of stage 3 kidney reflux, a condition where urine flows backward from the bladder to the kidneys, increasing the risk of infection.  

Further complications arose when Oakleigh was diagnosed with a congenital heart condition, including a moderate atrial septal defect (ASD) and pulmonary stenosis. These findings, combined with the kidney infection, have led to the scheduling of a complex surgical procedure to correct the kidney reflux. The surgery, expected to last approximately 4.5 hours, will involve the removal of a portion of the kidney and the resection of the ureters to prevent future infections. Following the surgery, Oakleigh will need to undergo additional cardiac evaluations.  

Compounding these health issues, Oakleigh recently contracted a ""super strain"" of *E. coli*, a particularly dangerous form of bacteria that has shown resistance to many antibiotics due to her prior exposure to multiple antibiotic treatments. This infection has placed her in critical condition, with the potential for severe neurological and systemic complications. Her family, including her grandfather Chris Curtis, has expressed deep concern over the limited treatment options available and the urgency of her medical needs.  

In response to these challenges, Oakleigh’s family has launched a GoFundMe campaign to help cover the costs of her ongoing medical care, including the upcoming surgery and related treatments. Despite the severity of her conditions, her family remains hopeful and spiritually grounded, expressing gratitude for the support they have received and their faith in overcoming these obstacles.  

Oakleigh’s story highlights the intersection of early-life health complications, antibiotic resistance, and the need for advanced medical interventions. Her journey continues to be one of resilience, with her family and medical team working tirelessly to ensure her survival and long-term health.",1.0,en,multi_news,,multi_news,"Now, write a one-page summary of all the news.

","['An Oklahoma girl diagnosed with ""super"" E. coli is facing a life-or-death battle—and worse, she\'s only 11 months old. ""With this strain of E. coli, it can get in her brain, it can get in her spinal cord, basically cause her to go into cardiac arrest,"" her grandfather, Chris Curtis, tells KFOR. ""And we heard that it was a very, very scary situation."" Her family says it\'s not clear how Oakleigh Nance got the infection, which appears resistant to antibiotics, but the CDC is investigating. It all started when Oakleigh was born premature at only 3 pounds and ""started off on 4 liters of oxygen,"" according to a GoFundMe page to help pay her medical bills. ""In the NICU, they used to call her Miss Sassy because of her ability to express her displeasure with her circumstances,"" the page says. Then she went home and was fine for months until a 104-degree temperature and severe urinary tract infection sent her back to the hospital. Since then, she\'s been diagnosed with moderate ASD and pulmonary stenosis of the heart, stage 3 kidney reflux, and ""a dangerous, antibiotic resistant strain of Pseudomonas,"" says the GoFundMe page. Now doctors are planning a 4 1/2-hour procedure on her kidney, which is functioning at 22%, to possibly prevent other infections. ""I know that God is in control of all else, and when I think about what’s going on in her life, I think about my faith in God,"" says Curtis. ""That’s what sustains me and gets me through it."" (Read about a brain-eating bacteria that has returned to Louisiana.)']",1463,532
Summary:,01932b64e57168c97287e2ac84b4097f0f56099a0c67abb2,"  

On Tuesday night, a 41-year-old man named James Dirk Crudup was apprehended after climbing over the White House fence. The incident, which was broadcast live on CNN’s ""John King USA"" program, occurred on the North Lawn of the White House. Secret Service officers, who were on duty, tackled Crudup as he attempted to enter the secure area. According to the White House spokesman, Ed Donovan, Crudup was immediately subdued by the officers and taken into custody.  

Crudup was charged with unlawful entry and contempt of court. The contempt charge stemmed from a prior court order that required him to stay away from the White House due to previous incidents. Officials confirmed that he was not armed during the encounter, and a backpack found near the scene was being examined for any potential threats. The area was locked down as a precaution, but authorities later issued an all-clear directive, indicating that no immediate security threat was detected.  

The incident was not the first of its kind at the White House. Earlier in the week, a 6-year-old girl had slipped through the fence and was escorted out by Secret Service officers. This highlighted the ongoing challenge of maintaining security at the presidential residence, even in the face of seemingly minor or accidental breaches.  

While the exact motivation for Crudup’s actions remains unclear, the event underscored the vigilance required by the Secret Service to protect the President and the White House. The situation also raised questions about the effectiveness of current security measures and the potential for individuals, including those experiencing homelessness, to attempt unauthorized access to the site.  

Overall, the incident served as a reminder of the heightened security protocols in place at the White House and the need for continued monitoring and response to any potential threats, no matter how minor they may appear.",1.0,en,multi_news,,multi_news,"Now, write a one-page summary of all the news.

","[""A homeless man was arrested after hopping the White House fence Tuesday night in an incident captured by CNN's John King USA program, which was filming from the North Lawn. The man was quickly taken into custody by Secret Service agents who approached him with guns drawn. Security officers locked the area down after finding a backpack that had been thrown over the fence nearby. The 41-year-old intruder was charged with unlawful entry and contempt of court for breaking a judicial order requiring him to stay away from the White House. It's not uncommon for the White House fence to be breached, notes the Washington Post: A 6-year-old girl made it onto the White House lawn over the weekend by slipping through the fence instead of going over it. Secret Service agents returned her to her parents.""]",536,532
Summary:,86cc5c31dee93bddcae9bda95f926d8266b6663aafdd82cb," 

On January 14, 2017, a 29-year-old woman in Johnston County, North Carolina, found herself in a dangerous situation when her jealous boyfriend locked her in the trunk of a moving car. The woman called 911, but the call was disconnected, and she was unable to be reached by phone. However, the situation was quickly turned around thanks to the quick thinking and resourcefulness of 911 supervisor Tim Medlin.

Medlin, who was on duty at the Johnston County Emergency Communications Center, decided to use a cell phone available in the office to text the woman. This was a critical move, as the 911 system at the time could only receive text messages and not initiate them. The woman responded to the text, confirming that she was in a red Mustang heading toward Fayetteville. Using this information, Medlin and the dispatch team were able to contact Verizon Wireless, which helped track the vehicle's location.

Fayetteville police were then dispatched and successfully located the car. The woman was rescued unharmed, and her boyfriend, Nicholas Mattevi, was arrested for false imprisonment. Mattevi was released on a $10,000 bond and has since been out of custody, though it is unclear if he has retained legal counsel.

The incident highlighted the importance of modern communication tools in emergency response. While the 911 system can receive text messages, it cannot initiate them, a limitation that Medlin's use of a personal cell phone helped overcome. Jason Barbour, the director of the Johnston County 911 Communications Center, praised Medlin's actions, calling it a prime example of how technology can be used to save lives during a crisis. He also expressed support for updating the 911 system to allow for the initiation of text messages, which could improve response times and outcomes in similar situations.

The case also underscores the dangers of domestic abuse and the potential for technology to play a crucial role in both prevention and intervention. Medlin's actions not only saved a life but also demonstrated the value of adaptability and innovation in emergency services.",1.0,en,multi_news,,multi_news,"Now, write a one-page summary of all the news.

","['A North Carolina woman allegedly locked in the trunk of a moving car by her boyfriend was saved by a quick-thinking 911 dispatcher and a lowly flip phone, ABC News reports. The 29-year-old woman called 911 around 4am Jan. 14. The woman had gotten in a fight with her boyfriend, who was ""jealous,"" according to WRAL. Before dispatcher Tim Medlin could get much information from the woman, the call was dropped. He was unable to get her to answer when he called back. Then Medlin remembered a flip phone the 911 communications center keeps around in case the phone lines go down, WTVD reports. He says texting was the only way he could think to contact her without getting ""her in trouble."" The woman texted Medlin back, letting the dispatcher know she was in a red Mustang headed toward Fayetteville. Verizon provided the location of the woman\'s phone, and police stopped her and her boyfriend, Nicholas Mattevi, in Fayetteville. Mattevi, 32, was arrested and charged with false imprisonment. ""I can go to bed,"" Medlin recalls feeling upon hearing of the arrest. ""We\'ve done our job."" He says he\'s planning to buy a smartphone for the office to replace the old flip phone and make it easier to text if there\'s a next time. Medlin\'s boss tells ABC the dispatcher ""really stood by our motto: Failure is not an option."" (This 911 dispatcher was accused of hanging up on callers.)']",1325,532
Summary:,bd055a3f0452f7edde9adca712d720fc631bd09ebc59f476,"  

The first news passage discusses an ongoing initiative by the Internet Archive to preserve web content and prevent the loss of information due to broken links. The project involves regularly crawling the web to archive pages as they are created, ensuring that even if the original content is later removed or altered, a version of it remains accessible. This effort aims to maintain the integrity of online information and provide users with access to historical web content. The archive also seeks to replace broken links with references to the preserved versions, helping to maintain the usability of the web. This initiative, known as ""No More 404,"" is particularly focused on websites that are at risk of losing their content over time.

The second news passage reports on a tragic incident in Modoc County, California, where Sheriff's Deputy Jack Hopkins was fatally shot while responding to a disturbance call. The shooting occurred as Hopkins approached a property approximately eight miles south of Alturas. He was confronted by Jack Lee Breiner, 47, who then shot and killed him instantly. In the aftermath, Breiner attempted to flee but was engaged in a gunfight with another deputy, during which he was shot and wounded. Breiner has since been charged with murder and other related offenses in connection with the deputy’s death. The incident has raised concerns about public safety and the risks faced by law enforcement officers in the line of duty.",1.0,en,multi_news,,multi_news,"Now, write a one-page summary of all the news.

","['Police in Stanislaus County, Calif., say a 20-year veteran of the force was ""executed"" early Sunday after investigating a stolen van and a suspicious person outside Modesto. Sheriff\'s Deputy Dennis Wallace was shot twice in the head. Police say a suspect was arrested more than 150 miles away later in the day after allegedly carrying out a carjacking, an armed robbery at a convenience store, and an attempted purse-snatching, the Los Angeles Times reports. David Machado, a 37-year-old described by police as a ""known criminal,"" was connected to the Wallace killing after police in Tulane County recognized his tattoos. Wallace, who was married with children, ""was executed,"" Sheriff Adam Christianson told reporters. ""We believe that Dep. Wallace was killed outside of the car and we know for a fact that the gun used in this crime was in direct contact with his head when the trigger was pulled twice."" He said Wallace, 53, had been involved in programs including youth soccer and early intervention, NBC News reports. ""We need to keep the Wallace family in our thoughts and prayers. We need to keep law enforcement in our thoughts and prayers,"" he said. The Bradenton Herald reports after a knee injury in 2007, Wallace was off for two years without pay and fought a long legal battle to get his job back.']",420,532
Summary:,cd5fba73cf0b38e75ea2e39da56340e1dfa26ae1f746b866,"  

Recent news highlights key developments in the U.S. political landscape, focusing on the 2012 presidential race, religious and social policy debates, and White House administration actions.  

Rick Santorum, a prominent Republican presidential candidate, expressed disappointment with his third-place finish in the CPAC straw poll, where Mitt Romney secured 38% of the vote. Santorum criticized the poll's outcome, suggesting that Romney's campaign may have engaged in tactics such as purchasing tickets to boost turnout, a practice he claimed his own campaign did not employ. However, Romney's campaign dismissed Santorum's claims as unfounded, emphasizing Romney's broader support, including a win in the Maine caucuses. Santorum, meanwhile, defended his approach, stating that he did not seek to manipulate polls but rather to appeal to genuine conservative values.  

Ron Paul, another Republican candidate, reacted to Romney's self-description as a ""severe conservative."" Paul expressed confusion over the term, suggesting that Romney's use of the phrase was either a misstatement or an attempt to align himself with conservative principles. Paul, known for his libertarian views, questioned the sincerity of Romney's conservative credentials, highlighting the ongoing debate over what constitutes true conservatism in the Republican Party.  

In a separate development, White House Chief of Staff Jack Lew addressed the administration's stance on birth control and its implications for Catholic institutions. Lew asserted that President Obama's position on the issue had been ""consistent,"" and that the administration's proposed ""accommodation"" was the extent of its efforts to reconcile religious freedom with access to contraceptive services. When asked whether insurance companies would cover birth control costs for church-affiliated institutions, Lew maintained that health insurers would still bear some financial responsibility, citing the potential cost savings from reduced unintended pregnancies. This statement underscored the complex interplay between religious liberty, healthcare policy, and administrative decision-making within the Obama administration.  

Overall, these developments reflect the dynamic and often contentious nature of U.S. politics, where ideological debates, campaign strategies, and policy decisions continue to shape the national discourse.",1.0,en,multi_news,,multi_news,"Now, write a one-page summary of all the news.

","['Fresh off his loss to Mitt Romney at CPAC, Rick Santorum hit the talk shows this morning, and he\'s downplaying the victory, reports Politico: ""You have to talk to the Romney campaign and how many tickets they bought—we\'ve heard all sorts of things,"" Santorum told CNN. ""Ron Paul has won those (straw polls) because he trucks in a lot of people, pays for their ticket, and they come in and vote. I don\'t try to rig straw polls."" Elsewhere on the Sunday dial, as per Politico: Santorum on his chances: ""I think we can do well (in Michigan). I think we can do reasonably well in Arizona, and really make this a two-person race."" Sarah Palin on Romney: He\'s ""a great candidate,"" but ""his idea of conservatism is evolving, and I base this on a pretty moderate past that he has had, even in some cases a liberal past. Now that’s a problem. He’s still in the 30 percentile mark ... because we are not convinced."" Obama chief of staff Jack Lew on the birth control ruckus: The Friday ""accommodation"" is as far as the White House will go. ""There are others who don\'t have the same objective, they will have to speak for themselves, (but) this is our plan."" Ron Paul on \'severe conservative\' Romney: ""That was the first time I’ve heard that definition, so I guess Mitt will have to tell us exactly what it means. Obviously, he means he’s a serious conservative, and he was trying to defend himself, or portray himself as such, but I don’t know exactly what he was meaning by that.""']",788,532
Summary:,9f364b72d418b0b3e9c6dbb3de18ea7b07c749b2882f9033," 

Recent archaeological discoveries in Kenya's Olorgesailie Basin have significantly advanced our understanding of early human behavior and technological development. Researchers have uncovered evidence of Middle Stone Age tools dating back approximately 320,000 years, which challenges previous assumptions about the timeline of human innovation. These findings, published in the journal *Science*, suggest that early Homo sapiens or their close relatives were already engaging in complex behaviors such as long-distance trade, symbolic expression, and advanced tool-making techniques far earlier than previously believed.

The tools, including small, sharp blades and points made from obsidian, indicate a shift from the earlier Acheulean technology, characterized by large hand axes. This transition is linked to environmental changes, including frequent shifts between wet and dry conditions, which may have driven the need for more adaptable and specialized tools. The presence of obsidian from distant sources suggests that these early humans were involved in trade networks, exchanging materials over significant distances. This is further supported by the discovery of red ochre, which may have been used for symbolic purposes, such as body painting or marking territory.

The research also highlights the role of climate variability in shaping human evolution. Periods of environmental stress may have encouraged greater social cooperation, mobility, and the transmission of knowledge across generations. These findings challenge the earlier ""human revolution"" theory, which posited that complex behaviors like art and language emerged only around 40,000 to 50,000 years ago. Instead, the evidence points to a more gradual and continuous development of human culture and technology, with roots extending back over 300,000 years.

The Olorgesailie Basin, with its extensive sedimentary record, provides a unique window into the past, revealing a complex interplay between environmental change, technological innovation, and social behavior. These discoveries not only reshape our understanding of early human history but also emphasize the importance of long-term, multidisciplinary research in uncovering the full story of human evolution.",1.0,en,multi_news,,multi_news,"Now, write a one-page summary of all the news.

","['For decades, the human story was one told through signs of modernity—art, tools, burials—found only after Homo sapiens left Africa. Recent discoveries pushing back the date of departure are helping to change that narrative, as are three new studies in Science. Together, they describe the earliest stone tools of their kind in East Africa as well as the earliest evidence for long-distance transport of raw materials in the region, per Science News. Researchers previously believed the Early Stone Age marked by large, primitive tools (hand axes and cleavers) made way for the Middle Stone Age and its smaller tools (spearpoints and blades) around 280,000 years ago. But stone tools found in Kenya\'s Olorgesailie Basin show hominin groups—it\'s not clear which species is responsible—had developed these more advanced tools approximately 320,000 years ago. ""We see a smaller technology, a more diverse series of stone tools … designed for specific purposes,"" researcher Rick Potts tells NPR. An expert not involved in the study says the tools are so ""prepared and retouched"" they suggest the Middle Stone Age likely started even earlier. What drove it? Microscopic and chemical analyses of the region\'s soil show the landscape was rapidly shifting between wet and dry conditions, meaning hominins might have been forced to adapt. But as the technology also coincides with the emergence of Homo sapiens in Africa, it\'s possible that the human mind deserves credit. The tools themselves suggest the development of trading networks, too. Some were made of rocks carried from 55 miles away, says Potts. Others were made of obsidian from as far as 30 miles away, per the Conversation. (These stone tools are also making waves.)']",3668,532
Summary:,b4edb673ab78ecd823ee1354849fa4d58d9d3366d7e54561," 

The search for Malaysia Airlines Flight 370, which disappeared on March 8, 2014, with 239 people on board, continues to be a major international effort. Recent developments include the detection of potential signals that may be linked to the plane's black box recorders. A Chinese ship, the Haixun 01, reported picking up a 37.5 kHz signal, the same frequency used by aircraft black boxes, on Saturday. However, there is no confirmed link between the signal and Flight 370, and further investigation is needed.

The Australian-led search operation, coordinated by the Joint Agency Coordination Centre, is deploying up to 10 military planes, two civil aircraft, and 13 ships to investigate the area. The search is focused on a region approximately 2,000 kilometers northwest of Perth, covering 216,000 square kilometers. This area was identified based on satellite data and the last known position of the plane.

The signal detected by the Chinese vessel was not recorded due to its sudden interruption, and the exact nature of the sound remains unclear. While the signal is considered a ""promising lead,"" officials have urged caution, as similar signals have been found to be false in the past. The Australian naval vessel Ocean Shield, equipped with a U.S. Navy towed pinger locator, is also investigating a separate acoustic anomaly.

In addition to the signal, white objects were spotted near the search area, raising hopes that they could be related to the missing plane. However, no debris has been definitively linked to Flight 370, and previous sightings have not provided conclusive evidence.

The search is also racing against time, as the batteries in the black boxes are expected to die within the next few days. The last known contact with the plane was on March 8, and the batteries are guaranteed to last 30 days underwater. With the search entering its most intensive phase, authorities are calling for more resources, including sonobuoys, to help locate the plane.

Despite the ongoing efforts, the mystery of Flight 370 remains unsolved. While the recent signal is a significant development, it is not yet confirmed to be related to the missing aircraft. The search continues, with hopes that more clues will emerge in the coming days.",1.0,en,multi_news,,multi_news,"Now, write a one-page summary of all the news.

","['Could it be? A Chinese ship searching for Flight 370 has picked up a ping in the southern Indian Ocean, reports CNN and the BBC. Both cite a report in China\'s Xinhua news agency. The pulse is 37.5 kHz, the frequency for the Malaysian plane\'s black-box data recorders, says the president of the beacon\'s manufacturer. All the reports caution that it could turn out to be yet another false hope, however. ""This could be a variety of things,"" says one oceanographer, noting that the frequency is used by lots of instruments. For the record, the Chinese ship detected the signal at 25 degrees south latitude and 101 degrees east longitude, says the state-run Xinhua. ""It is yet to be established whether it is related to the missing jet,"" the report says. The development comes as dozens of ships and planes intensify their sweeps in the search zone, given the finite battery life of the data recorders.']",3925,532
Summary:,4fa82967bc98a888bd0399cb741555758892ec4316d2bdf1,"  

The recent news highlights a series of controversial statements and actions by President Donald Trump, particularly regarding his use of social media and his public interactions with the media.  

In one instance, a personal anecdote was shared about a woman who was seen at Mar-a-Lago on New Year’s Eve, where she was reportedly bleeding from a face-lift. The narrator refused to join her, indicating a personal boundary. While this passage appears to be a personal story, it is unclear how it connects to the broader political context.  

Another major news item involves Trump’s homeland security adviser, Tom Bossert, who defended the president’s controversial tweet that depicted him body-slamming and punching a figure representing CNN. Bossert claimed that the tweet was not a threat and that Trump had the right to respond to negative coverage on cable news. However, this defense drew criticism from CNN contributor Ana Navarro, who argued that the tweet could incite violence and that Bossert was failing to uphold his principles.  

Trump’s use of social media has been a recurring topic of discussion. He has repeatedly emphasized that his online presence is a key part of his presidency, calling it “modern day presidential.” This stance has been met with mixed reactions, with some Republicans expressing concern that his frequent and often provocative tweets undermine the dignity of the office. Notably, Nebraska Senator Ben Sasse and Alaska Senator Lisa Murkowski have criticized Trump’s approach, with Murkowski questioning whether he would be remembered for his tweets or his actual accomplishments.  

Additionally, Trump has continued to attack the media, particularly outlets like CNN and ""Morning Joe,"" which he has labeled as “fake news.” His rhetoric has sparked ongoing debates about the role of social media in politics and the responsibility of public figures to communicate effectively and responsibly.  

Overall, the news underscores the ongoing tensions between Trump’s communication style, his supporters, and his critics, as well as the broader implications of his use of social media in shaping public opinion and political discourse.",1.0,en,multi_news,,multi_news,"Now, write a one-page summary of all the news.

","['President Trump escalated his Twitter war with CNN on Sunday, and in the process sparked more concern that he is advocating the use of violence against members of the media, the Hill reports. The president tweeted a modified video of a 2007 WWE wrestling match he took part in, obscuring his opponent\'s head with the CNN logo, which he proceeds to beat with his fists. Trump tweeted the video with the hashtags ""#FraudNewsCNN"" and ""#FNN."" A CNN spokesman called it ""a sad day when the president of the United States encourages violence against reporters."" But on ABC News, Homeland Security adviser Tom Bossert suggested CNN and other critics were overreacting. ""No one would perceive that as a threat,"" he said, adding that Trump is ""beaten up in a way on cable platforms that he has a right to respond to."" The new video comes just a few days after Trump posted two tweets in which he talked about MSNBC\'s Morning Joe co-host Mika Brzezinski ""bleeding badly from a face-lift."" Those tweets sparked condemnation from all over the political spectrum, with even Trump\'s fellow Republicans calling them unpresidential. On Saturday, however, Trump took to Twitter once again to address the backlash, writing, ""My use of social media is not Presidential – it\'s MODERN DAY presidential,"" Politico reports. At a press conference Thursday, Deputy White House Press Secretary Sarah Huckabee Sanders said Trump ""no way, form or fashion has ever promoted or encouraged violence,"" the Washington Post reports. ""In fact quite the contrary.""']",1036,532
Summary:,7226efab4c9cafdc60df3b0caf454eca376069edec7aa82c," Hurricane Irene, a Category 3 storm with winds up to 115 mph, was moving north along the East Coast, threatening the U.S. from North Carolina to New York. The storm was expected to make landfall on the Outer Banks of North Carolina on Saturday, bringing with it heavy rain, strong winds, and potentially dangerous storm surges. Officials in multiple states, including North Carolina, Virginia, Maryland, New Jersey, New York, and Connecticut, declared states of emergency in preparation for the storm's impact.

Governors and local officials issued mandatory evacuation orders for coastal areas, particularly in North Carolina, where over 200,000 residents were affected. The National Weather Service upgraded warnings to include a Tropical Storm Watch and later a Tropical Storm Warning for much of the D.C. area. The storm was also expected to bring significant flooding, power outages, and damage to infrastructure, especially in low-lying areas and near waterways.

In Washington, D.C., the dedication of the Martin Luther King Jr. National Memorial, originally scheduled for August 28, was postponed indefinitely due to the storm's path. The event, which had been in the works for over 25 years, was deemed too risky to proceed as the storm approached.

New York City officials warned that mass transit systems might be shut down as early as Saturday, urging residents in low-lying areas to evacuate. Mayor Michael Bloomberg emphasized the need for preparedness, including stockpiling supplies and staying away from parks and open areas due to the risk of falling trees and debris.

The storm's path was compared to Hurricane Gloria in 1985, with forecasters warning of potential insured losses exceeding $13.9 billion and economic losses potentially reaching $20 billion. The National Hurricane Center predicted that Irene could strengthen to a Category 4 storm before making landfall, with winds exceeding 130 mph.

Evacuation efforts were underway across the region, with thousands of residents leaving coastal areas, including Ocean City, Maryland, and the Outer Banks. Traffic congestion was reported on major highways as people rushed to leave the area. Gas stations and ATMs were running low on supplies, and some residents were forced to cancel wedding plans or other events due to the storm's impact.

Emergency management teams were preparing for the storm's aftermath, with federal agencies like FEMA setting up supply depots and coordinating with local governments. Power companies were also mobilizing crews to restore electricity and address potential outages. The storm was expected to cause widespread damage, particularly in the Northeast, where saturated ground and heavy rainfall could lead to severe flooding.

",1.0,en,multi_news,,multi_news,"Now, write a one-page summary of all the news.

","['Frightened North Carolinians fleeing Irene are jamming highways as the East Coast steels for what could be the biggest hurricane in decades. At least seven states have now declared a state of emergency, and hundreds of flights are being canceled. Gas stations are running out of fuel and ATMs have been emptied of cash as Americans hit the road for a bumper-to-bumper trip out of Irene\'s angry path. The Category 3 storm is expected to hit the Southeast sometime tomorrow, and hundreds of thousands of residents have been ordered out of their homes in three North Carolina counties. Norfolk, Va., is also ordering residents to evacuate, and Washington, DC, has been forced to postpone Sunday\'s planned MLK Memorial dedication. ""This is a very, very serious situation,"" a spokeswoman for Dare County told ABC News. ""We have not seen anything like this in the lifetimes of most our residents. Once the storm hits, it will be very difficult to respond to distress calls."" Irene is some 700 miles wide now and moving at a slow 12mph, which means it can wreak extensive damage in a region over a long period of time; it could cause up to $13.9 billion in damage on the East Coast. The storm is expected to barrel into New York City on Sunday, packing winds of up to 90mph. New Jersey communities are already being evacuated, and hundreds of street fairs have been canceled and elder care facilities and hospitals in low-lying area will be evacuated in New York today. NYC Mayor Michael Bloomberg says residents in low-lying parts of the city should get out today as the transit system is planned to be shut down tomorrow.']",4070,532
Summary:,37c63596ba279ad8d0b73451686e7d31f90d690c08f998ac,"  
Miami Gardens Police Chief Stephen Johnson was arrested on February 27, 2015, for soliciting a prostitute during an undercover operation conducted by the Broward Sheriff’s Office. The sting operation, which targeted illegal prostitution, involved placing an escort ad on Backpage.com and having two detectives pose as prostitutes. Johnson called the number, negotiated a price of $100 for a “threesome,” and arrived at a Dania Beach hotel with two condoms in his pocket. Upon entering the room, he was arrested by the undercover officers.  

Johnson, 53, was immediately fired from his position as police chief by City Manager Cameron Benson. He was released from jail on a $300 bond and made public apologies, citing job-related stress as a factor in his poor judgment. The incident has drawn significant public and media attention, further complicating the already troubled reputation of the Miami Gardens Police Department.  

Johnson’s arrest follows a series of controversies involving the department, including the fatal shooting of 25-year-old Lavall Hall by a police officer in early 2015. Hall’s family has criticized the police response and called for greater accountability. The department had been working to rebuild trust with the community after previous allegations of racial profiling and harassment of minority customers at a local convenience store.  

Johnson had previously served as police chief in North Miami, where he faced criticism for administrative missteps, including the purchase of replica police badges without proper approval. Despite his efforts to improve relations in Miami Gardens, including increased community engagement and transparency, his arrest has once again placed the department in the spotlight.  

Assistant Chief Antonio Brooklen has been named interim police chief, and the city has expressed a commitment to maintaining law enforcement integrity and public safety. While the incident has caused shock and disappointment, officials have emphasized that the department will continue its mission to serve the community. Johnson’s case serves as a reminder of the challenges faced by law enforcement leaders in maintaining both professional standards and public trust.",1.0,en,multi_news,,multi_news,"Now, write a one-page summary of all the news.

","['A Florida police chief got arrested Friday for allegedly soliciting a prostitute and was promptly fired just 10 months into his tenure, NBC Miami reports. According to an arrest report, Miami Gardens Police Chief Stephen Johnson called a number in a ""two-girl special"" prostitution ad and negotiated a $100 deal for two women for 30 minutes. Only problem: The woman he allegedly paid at a motel was really a sheriff\'s detective. ""The stress overwhelmed me, and I made a very bad decision,"" Johnson tells the Miami Herald in his apology. He was hired last May to repair community relations after former top cop Matthew Boyd resigned amid allegations of harassment and illegal tactics. ""It was one of the most painful things I\'ve ever heard as a manager,"" says the city manager who fired Stephens, the Sun-Sentinel reports. ""It\'s like a punch in the stomach.""']",2365,532
Summary:,aedb655320f6a23ffbcaeb9f4c504674e467e678e30bb8e7,"  
In 2014, Sundar Pichai, then CEO of Google (now part of Alphabet Inc.), received a significant equity award valued at $199 million, making him one of the highest-paid executives in the United States. The award consisted of 273,328 Class C Google stock units, which were granted on February 3, 2014. At the time, the grant was valued at $199 million, though its current value is approximately $182 million due to a decline in Alphabet’s stock price. The award is structured to vest in quarterly increments over the next four years, provided Pichai remains employed by Alphabet.

This new award increases Pichai’s total equity stake in Alphabet to over $600 million. However, this is still significantly lower than the net worth of Google’s co-founders, Larry Page and Sergey Brin, who are estimated to be worth $34.6 billion and $33.9 billion, respectively. It is also less than the $3 billion in Alphabet shares held by former CEO Eric Schmidt.

Pichai’s $199 million award is the second-largest in U.S. corporate history, following a $376 million grant given to Apple CEO Tim Cook in 2011. The award was celebrated by Pichai, who attended the Super Bowl and met with NFL legend Ronnie Lott.

In addition to Pichai, other Alphabet executives also received substantial equity awards. Ruth Porat, the company’s Chief Financial Officer, was granted shares valued at $38 million, on top of a $30 million signing bonus. Diane Greene, head of Google’s cloud computing division, received shares worth $42.8 million, bringing her total equity value to over $148 million since 2013.

The news highlights the significant financial rewards for top executives in the tech industry, particularly within Alphabet, as the company continues to grow and innovate. It also underscores the disparity in wealth between top executives and the company’s founders, as well as the broader implications of executive compensation in the context of corporate governance and public policy.",1.0,en,multi_news,,multi_news,"Now, write a one-page summary of all the news.

","[""Google's parent company appears to be satisfied with how Sundar Pichai has performed during his four months as Google CEO, judging by the gargantuan $199 million equity award revealed in a securities filing. Alphabet stated that Pichai was awarded 273,328 Class C Google stock units on Feb. 3, bringing his holdings to around $650 million, reports the Wall Street Journal. The award makes Pichai the highest-paid CEO in America, according to the Guardian, which notes that Pichai's fortune is dwarfed by those of Google founders Larry Page and Sergey Brin, who are worth around $34 billion each, and by that of previous CEO Eric Schmidt, who's sitting on around $3 billion. (A former Google employee was awarded exactly $6,006.13.)""]",773,532
Summary:,f5cb169ccbed4f8d2dd290c668baa88540aa0d870e377a5d,"  

Josh Hardy, a 7-year-old boy from Fredericksburg, Texas, has been in critical condition after battling a rare and aggressive adenovirus infection following a bone marrow transplant. His illness has led to severe complications, including heart and kidney failure, and he has been receiving care at St. Jude Children’s Research Hospital in Memphis. His parents, along with a growing network of supporters, have been campaigning for access to an experimental antiviral drug called brincidofovir, developed by pharmaceutical company Chimerix.  

Initially, Chimerix refused to provide the drug, citing concerns about slowing down the drug’s development and regulatory approval process. However, after intense public pressure, including media coverage, social media campaigns, and direct appeals from Josh’s family, the company reversed its decision. Chimerix announced that it would allow Josh to participate in a new clinical trial, making him the first patient to receive the drug. The trial, which began on March 11, 2014, is expected to include up to 20 patients, with the goal of gathering more data on the drug’s safety and effectiveness.  

The decision by Chimerix was met with widespread relief and gratitude from Josh’s family and supporters. His mother, Aimee Hardy, expressed deep emotion on social media, thanking the company and the public for their support. The campaign to save Josh, which gained national attention, involved thousands of people across the country, including local organizations, celebrities, and everyday citizens who joined efforts to raise awareness and pressure Chimerix to act.  

Chimerix’s CEO, Kenneth Moch, acknowledged the public’s role in the decision, stating that the company had been working closely with the FDA to expedite the drug’s development. He also emphasized the importance of balancing the needs of individual patients with the broader goal of bringing the drug to market.  

While the approval of brincidofovir for Josh represents a significant victory, it also highlights the ethical and logistical challenges faced by pharmaceutical companies when balancing innovation, regulatory compliance, and patient access. The case has sparked broader discussions about compassionate use policies, the role of public advocacy in healthcare, and the responsibilities of drug developers in life-threatening situations.  

As Josh continues his treatment, his story remains a powerful example of how public engagement and media attention can influence corporate decisions and shape the future of medical research and patient care.",1.0,en,multi_news,,multi_news,"Now, write a one-page summary of all the news.

","['After a social media campaign—and an avalanche of bad publicity—a drug company has done a U-turn and agreed to give a dying 7-year-old boy an experimental drug that could save his life. The FDA allows ""compassionate use""of unapproved drugs in such cases, but the Chimerix pharmaceutical company had insisted that giving the drug to Josh Hardy, who developed a bone marrow disorder after cancer treatment, would delay efforts to get it to market, CNN reports. Chimerix president Kenneth Moch says Josh will be the first patient in a pilot trial for the drug. ""Being unable to fulfill requests for compassionate use is excruciating, and not a decision any one of us ever wants to have to make,"" says Moch, who tells the Fredericksburg Lance-Star that he and his employees have received death threats amid a flood of pleas to help the Virginia boy. Josh is expected to receive the drug within 48 hours, though his mother fears he is running out of time. ""Even though he is frail, he has a very strong will about him,"" she tells Fox News. ""But things just keep stacking against him, and we just want to do everything we can to give him the opportunity to make a full recovery.""']",1614,532
Summary:,ff3706cd43d8912cb61743c359e10bcec4a3e62b6436aeb7,"  

Actor Tom Sizemore, known for his roles in films such as *Saving Private Ryan*, *Black Hawk Down*, and *Pearl Harbor*, has been accused of sexually abusing an 11-year-old girl on the set of the 2003 film *Born Killers* (also known as *Piggy Banks*). According to a report by *The Hollywood Reporter*, the incident occurred during a photo shoot in Utah, where the young actress was seated on Sizemore’s lap. The child allegedly told her parents about the inappropriate touching, which led to Sizemore being sent off the set. However, the parents chose not to press charges, and Sizemore was later invited back for reshoots in Malibu.  

The allegations have resurfaced in the wake of the Harvey Weinstein scandal, which has prompted greater openness about sexual misconduct in Hollywood. Multiple cast and crew members, including the film’s producers and actors, confirmed the incident, describing Sizemore as a known “sleazebag” with a history of inappropriate behavior. The young actress, now 26, has reportedly hired a lawyer to pursue legal action against Sizemore and her parents, who she claims were complicit in keeping the incident secret.  

Sizemore, who has a long history of legal troubles—including convictions for battery against women and drug-related offenses—has not publicly addressed the allegations. His agent, Stephen Rice, stated that the family’s position is “no comment.” The film’s producers, while acknowledging the seriousness of the claim, noted that they had no conclusive evidence and ultimately decided to complete the film, despite the controversy.  

Sizemore, now 55, has continued to work in both film and television, including roles in *Shooter*, *Twin Peaks*, and *Felt*. However, his career has been marked by a pattern of misconduct, including a 2016 domestic abuse conviction. The incident involving the 11-year-old girl has reignited discussions about accountability and the need for greater transparency in the entertainment industry.",1.0,en,multi_news,,multi_news,"Now, write a one-page summary of all the news.

","['The latest disturbing Hollywood sexual misconduct allegation involves Tom Sizemore, an actor who has already faced drug and domestic violence charges. Multiple cast and crew members tell the Hollywood Reporter that Sizemore, best known for roles in war films including Black Hawk Down, was kicked off a Utah movie set in 2003 for allegedly touching an 11-year-old girl\'s genitals. They say the day after a Born Killers scene in which the girl sat on Sizemore\'s lap, she told her parents that he had touched her inappropriately, possibly putting his finger inside her. ""At one point her eyes got just huge, like she could\'ve vomited. I was watching her,"" co-star Robyn Adamson says. ""Later, when I was told about what happened, I knew exactly what it was."" ""There was never any doubt. He was this guy who was already known for making inappropriate comments, being drunk, being high,"" says production assistant Roi Maufas. ""Then this happens. Guys reached for hammers,"" he says. Producers say Sizemore, who was ordered to leave the set, denied the allegations. Crew members say the girl\'s parents spoke to police, but ended up not pressing charges, possibly out of fear of ruining her film career. She is now 26 and says she is considering legal action against both Sizemore and her parents. Sizemore, 55, was dropped by his management firm soon after the incident. Former manager Charles Lago tells USA Today that he is ""not surprised"" by the allegations. ""He\'s the most abhorrent person I\'ve ever met in my life,"" Lago says.']",2624,532
Summary:,44aa93b71b0589215f0d2f14d34c7827db5533d0755e898e,"  

A nine-year-old boy named Kieran Sorkin, born with microtia—a rare congenital condition that results in underdeveloped or absent ears—recently underwent a groundbreaking reconstructive surgery at Great Ormond Street Hospital in London. The procedure, which involved harvesting cartilage from Kieran’s ribs and shaping it into realistic ear structures, was performed to improve his appearance and boost his self-confidence. While the surgery was primarily cosmetic, Kieran had already been benefiting from previous medical interventions, including the implantation of a hearing aid, which allowed him to hear sounds such as wind and birdsong.  

Kieran, who was born deaf and with only small earlobes, had long expressed a desire to look more like his peers. His parents, Louise and David Sorkin, supported his decision to undergo the surgery, which they believed would help him feel more accepted in school. Kieran had previously struggled with social isolation due to his appearance, but after moving to a school with a deafness support unit, he began to feel more included. The surgery, which took six hours, was conducted by consultant plastic surgeon Neil Bulstrode, who used a family template based on his mother’s ear shape to create a balanced and natural-looking result.  

The operation marked a significant milestone in Kieran’s life, not only for its physical outcome but also for its psychological impact. Bulstrode emphasized that such procedures can dramatically improve a child’s confidence and overall quality of life. Kieran’s first reaction to his new ears was one of joy and disbelief, and he expressed excitement about being able to wear sunglasses and earphones for the first time.  

Looking to the future, researchers at the University College London Institute for Child Health are exploring innovative methods to grow new ear structures using a child’s own stem cells. This approach, which could potentially reduce the need for invasive surgeries, is still in the early stages of development. However, for now, Kieran’s case highlights the life-changing potential of current reconstructive techniques and the importance of addressing both the physical and emotional needs of children with rare conditions.  

Kieran is scheduled for a follow-up surgery in six months to further refine the shape of his ears, but he is already expressing satisfaction with the results. His story serves as a powerful example of how medical advancements can transform not only a child’s appearance but also their self-esteem and social integration.",1.0,en,multi_news,,multi_news,"Now, write a one-page summary of all the news.

","['An operation in London has given 9-year-old Kieran Sorkin a pair of ears—made from his ribs, no less. Born deaf with no ears, Kieran was able to hear because of an implanted hearing aid, but he still wanted ears. ""I want people to stop asking me questions,"" he told the BBC. ""I\'d like just to look like my friends. I\'d also like to be able to wear sunglasses and earphones."" So surgeons traced an outline of Kieran\'s mom\'s ears, removed cartilage from the boy\'s ribs, and sliced, contoured, and sewed the cartilage. Then they put it in two skin pockets and vacuumed them into the shape of ears. They don\'t perform any function, but Kieran\'s plastic surgeon says they can deliver a huge confidence boost: ""If you can change the confidence of a patient at this young age, you can change their whole trajectory in life,"" he said. The ears should last, too, because they\'re made of cartilage rather than prosthetics, the Guardian reports. Every year about 100 British newborns lack one or both ears (it\'s called microtia), and the hospital Kieran went to performs the operation about 40 times a year. Scientists hope to one day make ears from the fat tissue of patients, instead of ribs. Kieran might have liked that, since he got so excited on seeing his new ears that he cried ""Wow!"" and giggled—which made his ribs hurt from the operation. (Click to read about a man who needed surgery to remove a tooth growing in his nose.)']",1651,532
Summary:,71466da28c57d2a01ee3a47f2905b6ac5d0d62a713e2454f,"  

In late December 2016, as President-elect Donald Trump prepared to take office, tensions emerged between him and outgoing President Barack Obama, despite earlier expressions of mutual respect. Trump, who had previously praised Obama’s efforts to ensure a smooth transition, abruptly shifted tone, accusing Obama of placing “roadblocks” in his path. This marked a significant change in their relationship, as Trump began criticizing Obama’s administration for its policies, particularly regarding Israel and the Iran nuclear deal.  

Trump took to Twitter to express his frustration, stating that he was “doing my best to disregard the many inflammatory President O statements and roadblocks.” He criticized Obama’s administration for what he described as a lack of support for Israel, especially in light of the Iran nuclear deal and the U.S. stance on U.N. Security Council resolutions. Trump also expressed disappointment with Obama’s handling of the Israeli-Palestinian conflict and the U.S. role in the Middle East.  

Despite these public disagreements, Trump later claimed to have had a “very nice conversation” with Obama, during which they discussed a range of topics. Trump emphasized that the transition of power was proceeding “very, very smoothly,” though he did not elaborate on the nature of the conversation. His transition team, including press secretary Sean Spicer, maintained a neutral stance, with Spicer stating that Trump’s tweets “speak for themselves.”  

Obama, in turn, defended his administration’s actions, including its efforts to promote diplomacy and international cooperation. He had previously expressed confidence that he could have won the 2016 election had he faced off against Trump, a claim that Trump dismissed as unfounded. Obama also reaffirmed his commitment to a peaceful and orderly transfer of power, promising to attend Trump’s inauguration on January 20, 2017.  

Meanwhile, Secretary of State John Kerry, who had played a key role in shaping U.S. foreign policy during Obama’s presidency, faced criticism for his administration’s handling of several international crises. While Kerry was credited with negotiating the historic Iran nuclear deal and the Paris climate agreement, he was also criticized for his inability to resolve the ongoing conflicts in Syria and Yemen, as well as for his diplomatic approach to the Israeli-Palestinian issue.  

As the transition period progressed, both leaders maintained a public veneer of cooperation, even as private tensions and policy disagreements persisted. The political climate reflected the broader ideological divide between the two men, with Trump emphasizing a more assertive and nationalist foreign policy, while Obama continued to advocate for multilateralism and global engagement.  

Overall, the transition from the Obama to the Trump administration was marked by",1.0,en,multi_news,,multi_news,"Now, write a one-page summary of all the news.

","['It looks like the honeymoon is over between Trump and Obama. ""Doing my best to disregard the many inflammatory President O statements and roadblocks. Thought it was going to be a smooth transition—NOT!"" Trump tweeted Wednesday. The Los Angeles Times notes Trump\'s use of ""1990s-style sarcasm."" Trump had previously commended Obama on his commitment to a smooth transition of power, but a number of things have changed since then, the Washington Post reports. Many saw comments made by Obama during Tuesday\'s Pearl Harbor anniversary as directed at Trump. The president urged the US not to ""turn inward"" and to ""resist the urge to demonize those who are different."" Trump is also upset with the Obama administration for allowing the UN to pass a resolution condemning Israeli settlements, as well as with Obama personally for saying in an interview he could have beaten Trump and won a third term. In addition, the White House is defending the Department of Energy for not complying with a request from Trump\'s transition team for the names of employees involved in climate policy, ABC News reports. Transition team spokesperson Sean Spicer at first said Trump\'s tweets ""speak for themselves, very clearly,"" but later complimented members of the Obama administration for being ""helpful and generous with their time.""']",1615,532
Summary:,7bf0be1466a51afab44b9e12dcfa4a1694b6804309e6eb87,"  

A Chinese villager, Guan Quanzhi, has received compensation of 520,000 yuan (approximately $83,000) after being attacked by a wild panda in Gansu province. The incident occurred in March 2014 when the panda, which had been chased by local officials, ran onto Guan’s farmland. The animal bit him on the leg, causing severe injuries that required multiple surgeries. Guan’s son filed a lawsuit against local forestry officials and the Baishuijiang National Nature Reserve, which is home to over 100 wild pandas. Following negotiations, the officials agreed to the compensation, which Guan described as satisfactory, as it covers his medical expenses, though he may need further treatment.  

Wild pandas, despite their seemingly docile and endearing appearance, are members of the bear family and are known for their powerful bite. They are native to the mountainous regions of southwestern China and are considered a conservation success story, with their population increasing by nearly 17% over the past decade to reach 1,864 individuals. However, they can be dangerous to humans, as evidenced by past incidents, including a 2008 attack in which a panda mauling a man in a zoo.  

The World Wildlife Fund (WWF) warns that while pandas are often seen as harmless, they are capable of defending themselves with their strong jaws and weight. The case highlights the potential risks associated with human-panda interactions and the need for responsible wildlife management. The incident also underscores the role of pandas as a key attraction for tourism in China, with the country capitalizing on their global appeal by renting them to foreign zoos.  

The compensation case has drawn attention to the balance between conservation efforts and the safety of local communities. As pandas continue to be a symbol of China’s environmental achievements, incidents like this serve as a reminder of the challenges in coexisting with these powerful and unpredictable animals.",1.0,en,multi_news,,multi_news,"Now, write a one-page summary of all the news.

","['Pandas may prefer their meals in the form of bamboo, but that doesn\'t mean their bite is toothless. A man in China recently received a harsh reminder of that after a wild panda bit his leg after authorities pursued the critter onto his lawn, reports AFP via Yahoo. The creature had made its way into a northwestern village, which is near a sanctuary that\'s home to about 100 wild pandas. ""I saw a panda jump out in front of me, its body completely covered in mud,"" the man told local news. A struggle ensued, in which the bear wouldn\'t release the man\'s leg until a rescuer wrapped a coat around the animal\'s head. Finally, it fled—but not before causing injuries which, China Daily reports, led to eight surgeries over the past year and may lead to amputation. The man sued three government departments and won an $83,000 payout that will cover his medical costs, his lawyer says. (China Daily has a pretty gruesome photo of the injury.) ""As cuddly as they may look, a panda can protect itself as well as most other bears,"" the World Wildlife Fund notes, per AFP. Indeed, panda attacks have led to some nasty consequences in the past.']",794,532
Summary:,9bf2345cf303a45d45bc2e3692f6277785f850e0be2e1ecd," 

On May 4, 2016, 9-year-old Carlie Trent was allegedly abducted by her uncle by marriage, Gary Simpson, from her elementary school in Rogersville, Tennessee. Simpson, who had previously had custody of Carlie, claimed that her father had been in a car accident and that he was sent to retrieve her. However, authorities have since determined that this was a lie, and Simpson had no legal authority to take Carlie. 

Simpson was seen purchasing a variety of items at a local Walmart, including girls' clothing, toiletries, and camping gear, which has led investigators to believe he was preparing to take Carlie to a remote location. Surveillance footage from a Save-A-Lot store shows Simpson and Carlie together, but Carlie appears calm and unharmed. 

The Tennessee Bureau of Investigation (TBI) has issued an Amber Alert, warning that Carlie is in imminent danger. The TBI has also launched a nationwide search, with law enforcement in 11 states assisting in the investigation. A Missouri Amber Alert was briefly issued after reports of Simpson and Carlie being seen in the Otterville area, but it was later canceled. 

A $10,000 reward has been offered by local banking executives Matt Daniels and Tim Williams, as well as by Carlie’s pediatrician, Dr. Chris Calendine. The U.S. Marshals Service is also offering a $5,000 reward for information leading to the recovery of Carlie and the capture of Simpson. 

Carlie’s mother, Shannon Trent, has expressed deep concern and stated that she had always felt uneasy about Simpson. She believes the kidnapping was premeditated and that Simpson may be hiding in a remote area. She has vowed to continue searching for her daughter and has urged Simpson to surrender. 

Simpson was last seen driving a white 2002 Dodge Conversion Van with Tennessee license plate 173GPS. Authorities are asking the public to remain vigilant and to report any sightings of the van or Simpson. 

The case has sparked widespread concern and media attention, with many calling for the safe return of Carlie. The TBI has emphasized the urgency of the situation, stating that the child is in serious danger and that every lead is being pursued. 

As of the latest update, no credible sightings of Carlie or Simpson have been reported, and the search continues. The public is urged to contact the TBI or local law enforcement if they have any information that could help locate the missing child.",1.0,en,multi_news,,multi_news,"Now, write a one-page summary of all the news.

","['Authorities are combing through more than 1,200 leads in a desperate search for a 9-year-old girl they say was abducted by her uncle May 4, WATE reports. According to the Knoxville News Sentinel, 57-year-old Gary Simpson picked Carlie Trent up from her Tennessee school, telling staff her father had been in an accident. Shortly before, he purchased a child\'s nightgown, bikini, girls\' underwear, lipstick, and nail polish at an area Walmart. The Tennessee Bureau of Investigation has pictures of those items. Carlie\'s mother Shannon Trent tells People she felt ""sick to my stomach"" when she heard about those purchases. ""I don\'t know what he\'s done to her,"" she says. ""I don\'t think he would hurt her, but if he\'s capable of kidnapping a child he\'s capable of anything."" Authorities believe Carlie is in ""imminent danger."" Simpson also purchased camping supplies and nonperishable groceries, and authorities think he may be hiding with Carlie in an isolated area. The TBI says there have been rumors online that Simpson is trying to protect Carlie, but it says that couldn\'t be further from the truth. ""This was not an innocent camping trip, this was a crime,"" a spokesperson tells WATE. Simpson, Carlie\'s uncle by marriage, and his wife once had custody of Carlie, but her father James Trent had custody at the time of her abduction. Shannon Trent, who hasn\'t had custody of Carlie in two years, says she ""always had a bad feeling"" about Simpson. ""I should have stuck with my gut,"" she tells People. (This boy\'s summer with his dad turned into his kidnapping.)']",2314,532
Summary:,8f512ff62ab4a69b196b31f8fe334c4a31765f3ac13c5841,"  

CBS News has made significant changes to its morning news program, *The Early Show*, as part of a broader effort to revitalize the show and improve its standing in the competitive morning news market. The network has decided to overhaul the on-air team, replacing longtime co-hosts Maggie Rodriguez, Harry Smith, and weather forecaster Dave Price with new faces. The new team includes Chris Wragge and Erica Hill, who have previously co-anchored the Saturday edition of the show. Wragge, a former sports reporter, and Hill, a CNN veteran, are set to take over the weekday broadcast starting January 3.  

In addition to the co-anchors, Jeff Glor, who currently anchors the Saturday newscast, will become a regular news reader, and Marysol Castro, a former weather anchor at *Good Morning America*, will serve as the new weather forecaster. These changes mark a shift in strategy for CBS, which has long struggled to compete with *Today* and *Good Morning America* in terms of ratings.  

Harry Smith, who has been a fixture on *The Early Show* since 2002, will remain with CBS in a different capacity, serving as a substitute anchor for *CBS Evening News*, *Face the Nation*, and *Sunday Morning*. Smith expressed gratitude for his time on the show but acknowledged the need for change. Rodriguez and Price, whose futures at CBS are still under discussion, will likely be reassigned to other roles within the network.  

CBS President Sean McManus emphasized that the new team is expected to bring better chemistry and energy to the program, which has consistently ranked behind its competitors in Nielsen ratings. While some critics have questioned the abrupt nature of the changes, others have noted that the show has not seen significant improvement in years.  

The decision to restructure *The Early Show* reflects CBS's ongoing efforts to remain relevant in a rapidly evolving media landscape. With the new team in place, the network hopes to attract a broader audience and potentially improve its standing in the morning news ratings. The success of the new lineup will be closely watched, as it could determine the future of the long-running program.",1.0,en,multi_news,,multi_news,"Now, write a one-page summary of all the news.

","[""CBS is scrapping its Early Show team, replacing co-hosts Harry Smith and Maggie Rodriguez with the anchors of the show's Saturday edition, Chris Wragge and Erica Hill. Other more minor players also are leaving in the switch, which takes place early next year, the LA Times reports. The show has been consistently stuck in third place, well behind Today and Good Morning America. Smith, who survived the last major overhaul of the show in 2002, will stick with the network as Katie Couric's main backup on the CBS Evening News, notes AP. Click here for more.""]",1319,532
Summary:,34a7c94a11115d983402087b3ac74dbd269616cfa1e193e3,"  
George H.W. Bush, the 41st President of the United States, passed away at the age of 94, marking the end of a life dedicated to public service. He was the last American president to have served in World War II, an experience that profoundly shaped his worldview and career. After a distinguished military service, including flying 58 combat missions in the Pacific during the war, Bush pursued a career in business and politics. He entered national politics in the 1960s, eventually becoming a key figure in the Republican Party and serving as Vice President under Ronald Reagan from 1981 to 1989.

In 1988, Bush won the presidential election, promising a “kinder and gentler nation.” His presidency was marked by significant international achievements, including leading the U.S. to a swift victory in the Persian Gulf War in 1991 and playing a pivotal role in the peaceful dissolution of the Soviet Union and the unification of Germany. However, his tenure was also challenged by domestic issues, including a recession and a political crisis over the 1990 tax increase, which he had previously pledged not to support. This decision led to a primary challenge from the right and ultimately contributed to his loss in the 1992 election to Bill Clinton.

Despite the political setbacks, Bush maintained a strong legacy, particularly through his family. His son, George W. Bush, became the 43rd president, making him the only U.S. president to have both a father and a son in the White House. Bush was also known for his personal qualities, including his devotion to family, especially his wife Barbara, who died at 92 in 2018. He was celebrated for his diplomatic skills, his ability to work across party lines, and his commitment to public service even after leaving the presidency.

Throughout his life, Bush was a vocal advocate for freedom, free markets, and international cooperation. He was known for his eloquence, as seen in his speeches and quotes, which often reflected his deep belief in American values. In retirement, he remained active in public life, engaging in humanitarian efforts and maintaining friendships with former political rivals. His passing was widely mourned, with many recognizing his contributions to both national and global affairs.",1.0,en,multi_news,,multi_news,"Now, write a one-page summary of all the news.

","['With George HW Bush dead at 94, coverage of the life of the 41st president is plentiful. Here are some early highlights: The broad strokes: For a thorough obituary and assessment, start with the Washington Post. Its story notes that while Bush served just one term as president, it was a consequential one. ""The Berlin Wall fell; the Soviet Union ceased to exist; the communist bloc in Eastern Europe broke up; the Cold War ended."" And Bush\'s ""firm, restrained diplomatic sense helped assure the harmony and peace with which these world-shaking events played out, one after the other."" Great detail: In its obituary, the Wall Street Journal notes that Bush flew 58 missions in the Pacific as a Navy pilot in WWII, all with the name of his girlfriend—Barbara—on the side of the plane. He once got shot down, with this video capturing the rescue. Bush is also the only American besides John Adams to be both president and the father of a president. Read his lips: The Guardian recounts some of his Bush\'s famous quotes, including his ""read my lips"" pledge to not raise taxes. He also dissed broccoli.']",2660,532
Summary:,e9aca7cfa87e9c3e7c0631b6af034d1a1dd0a297983b070e," O.J. Simpson, the former NFL star and actor, is set to face a parole hearing in Nevada on Thursday, which could lead to his release from prison as early as October 1. Simpson, now 70, has been incarcerated since 2008 for his role in a 2007 armed robbery and kidnapping of sports memorabilia collectors in Las Vegas. He was found guilty of 12 charges, including conspiracy, robbery, and assault with a deadly weapon, and was sentenced to a minimum of nine years in prison.

Simpson was famously acquitted in 1995 of the murders of his ex-wife, Nicole Brown Simpson, and her friend Ronald Goldman, which became one of the most watched trials in U.S. history. However, he was later found liable in a civil case and ordered to pay $33.5 million to the families of the victims. Despite this, only a small fraction of the judgment has been collected.

Simpson's net worth has significantly declined over the years. At the time of his divorce in 1992, he was worth an estimated $10.8 million, but his current net worth is reported to be around $250,000. He has faced financial struggles, including the foreclosure of his Los Angeles home in 1997.

Simpson's parole hearing has drawn significant media attention, with over 30 news organizations expected to cover the event. The Nevada Parole Board has indicated it will make a decision on the same day as the hearing, a departure from the usual process. Simpson's legal team argues that he has been a model prisoner, has shown remorse, and has not engaged in any disciplinary issues during his time in prison.

Simpson's release could have significant public and legal implications. While he has expressed regret over the 2007 incident, he has also faced criticism for his past actions, including the infamous ""If I Did It"" book, which was later renamed ""If I Did It: Confessions of the Killer"" after the Goldman family took legal action. His potential return to public life has sparked debate about his character, his past, and the role of media in shaping public perception.

If granted parole, Simpson will be eligible to live on his NFL pension, which is estimated at $25,000 per month. However, the Brown and Goldman families may still seek to recover some of the unpaid civil judgment against him. Legal experts and media analysts are closely watching the outcome of the hearing, as it could mark a significant moment in the ongoing saga",1.0,en,multi_news,,multi_news,"Now, write a one-page summary of all the news.

","['OJ Simpson\'s parole hearing in Nevada will be broadcast live at 1pm EDT Thursday and there\'s a strong chance that his path to freedom will be clear by the end of the afternoon. Nobody has registered to testify against the 70-year-old Simpson, who has been in prison for nine years on 12 convictions related to a Las Vegas robbery and will appear before the Nevada Parole Board via videolink, NPR reports. Thursday\'s hearing will cover four concurrent sentences for use of a deadly weapon and two consecutive sentences for assault with a deadly weapon, the Las Vegas Review-Journal reports. Four board members will vote after the hearing and Simpson could be free by Oct. 1 if they are all in favor of parole. If Simpson is indeed released this fall—which appears almost certainly to be the decision—it will ""renew the rabid curiosity"" in the case and ""produce a spectacle unlike anything we’ve seen since he went behind bars,"" Nancy Armour at USA Today predicts. There has even been talk that Simpson might end up with a reality TV show, but Armour wants Simpson to avoid the spotlight unless he wants to return to the ""toxic mentality that landed him in prison in the first place."" If the former NFL star does end up with a TV show, the money is likely to go to the families of murder victims Nicole Brown Simpson and Ronald Goldman, CBS News reports. He will still receive an NFL pension estimated at $25,000 per month.']",3982,532
Summary:,60e83cb150d2208659417f01bbf493c5035d314d87cf398c," AirAsia Flight QZ8501, which crashed on December 28, 2014, killing all 162 people on board, has been the subject of extensive search and investigation efforts. The wreckage, including four large parts of the Airbus A320, was discovered on the sea bed near the Java Sea, with the largest piece measuring 18 meters in length. These findings were confirmed by Indonesia's National Search and Rescue Agency (BASARNAS), which also reported the discovery of an oil slick and other debris, suggesting the plane had indeed crashed in the area.

The crash occurred shortly after takeoff from Surabaya, Indonesia, during a period of intense tropical storms. Weather conditions, including possible icing on the engines, were cited as a potential contributing factor. However, the exact cause of the crash remains under investigation. The Indonesian government has also raised concerns about the airline's operational compliance, as AirAsia was reportedly flying on a Sunday, a day when it was not permitted to operate on that route. As a result, the airline has been suspended from flying between Surabaya and Singapore, and a full review of its flight schedules is underway.

Efforts to recover the bodies of the victims have been complicated by strong ocean currents and poor visibility, which have hindered underwater exploration. So far, 30 bodies have been recovered, with officials expressing hope that more will be found on nearby beaches. The search has involved a multinational team of ships, aircraft, and divers, including support from Russia, the U.S., and other countries.

The discovery of the wreckage has provided critical clues for investigators, particularly if the plane's black boxes—flight data and cockpit voice recorders—can be recovered. These devices are essential for understanding the final moments of the flight and determining the cause of the crash. Autopsies are also being conducted on some of the recovered bodies, including the pilot and co-pilot, whose remains have not yet been located.

The tragedy has deeply affected the families of the victims, many of whom are still waiting for closure. The incident has also sparked broader discussions about aviation safety, regulatory compliance, and the challenges of operating in extreme weather conditions. As the search continues, the hope remains that the wreckage will provide the answers needed to prevent future tragedies and ensure the safety of air travelers.",1.0,en,multi_news,,multi_news,"Now, write a one-page summary of all the news.

","['Search teams in Indonesia may have found the main fuselage of the AirAsia plane where most of the remaining victims and the plane\'s black boxes are expected to be. Authorities found ""four big parts of the plane we\'re looking for,"" says the official in charge of the search in the Java Sea, reports Reuters. The biggest of the pieces is about 59 feet long and 18 feet wide, reports AP. The pieces have only been detected, not recovered, and divers hope conditions will permit them to reach the objects tomorrow. So far, only 30 of 162 bodies have been recovered, and most of the victims are believed to be still strapped in their seats. Authorities also said today that AirAsia was in violation of its license by flying to Singapore on a Sunday, the day of the crash, reports the Telegraph. As a result, the airline might have its license revoked in Indonesia. There\'s still no conclusions yet in what caused the crash, but theories continue to center on stormy conditions. ""Flight 8501 appears to have been trapped in bad weather that would have been difficult to avoid,"" says a report by Indonesia\'s Meteorology, Climatology and Geophysics Agency.']",2887,532
Summary:,c2d65128a71757d11ddd48b466d7056e772b736e27e30a74,"  

The provided news passage outlines an initiative by the Internet Archive aimed at improving the accessibility and longevity of online content. The core objective of this effort is to systematically archive web pages as they are created, ensuring that even if the original content is later modified, removed, or becomes inaccessible, a preserved version remains available for future reference.  

This process involves identifying and storing pages that are referenced by other content, thereby creating a more resilient web environment. The Internet Archive envisions a future where broken links are automatically replaced with links to archived versions of the original content. This would allow users to access the intended information even if the original source is no longer available.  

The initiative is part of a broader effort to combat the issue of ""404"" errors—those that occur when a requested page is no longer found on a website. By maintaining a comprehensive archive of web content, the Internet Archive seeks to enhance the reliability and usability of the internet for both individuals and organizations.  

Additionally, the passage mentions that this effort is being applied to specific websites that have opted into the ""No More 404"" program, which is designed to help maintain the integrity of online links and content over time.  

In summary, the Internet Archive's initiative represents a significant step toward preserving the digital record of the web, ensuring that valuable information remains accessible even as the internet continues to evolve. This effort not only supports the long-term accessibility of online content but also contributes to a more stable and user-friendly web experience.",1.0,en,multi_news,,multi_news,"Now, write a one-page summary of all the news.

","['The Telegraph reported yesterday on a crazy court case in the UK: After a pregnant Italian woman, in town for business, had a panic attack, social service workers in Essex got a court order allowing the woman to be forcibly sedated and undergo a C-section so they could take her baby. Fifteen months later, the little girl is still with social service workers, who won\'t return her to her mother. The case is now ""an international legal row,"" the Telegraph says, and the anonymous woman\'s lawyers call it ""unprecedented."" The woman was in Britain in July 2012 for an airline training course, and called police when she suffered the panic attack. They arrived while she was on the phone with her mother, who told police the woman suffered from bipolar disorder and was off her medication, according to a Telegraph columnist. Police took her to a psychiatric facility, and restrained her under the Mental Health Act when she said she wanted to go back to her hotel. She underwent the C-section after having been there five weeks. The case is ongoing; the mother says she has made a full recovery, but a judge nonetheless ruled that her daughter should be put up for adoption. More on the case here and here.']",325,532
Summary:,87539dc9e35cf94ea5f148dc8b4bed8111d6df1edfb2c283,"  

Habeas corpus, a fundamental legal principle that prevents indefinite detention without cause, has a long and storied history in Western law, dating back to the Magna Carta of 1215. The U.S. Constitution enshrined this right as a cornerstone of liberty and justice. However, in 2006, the Military Commissions Act (MCA) significantly weakened habeas corpus by allowing the government to detain individuals—both foreign nationals and legal residents—as “enemy combatants” without the right to challenge their detention in court. This provision has been used to justify the prolonged imprisonment of detainees at Guantánamo Bay, where the majority of the nearly 800 held have not been charged with any crime. The U.S. government has also been accused of using bounty systems to capture individuals, many of whom were turned in by warlords for financial gain. Despite numerous legal challenges, including those brought by the Center for Constitutional Rights, the Bush administration has largely succeeded in blocking fair judicial review for detainees. The Supreme Court has since taken up the issue, with the hope that it will uphold the constitutional right to habeas corpus and hold the executive branch accountable.  

In a separate but related development, a New York court has granted a writ of habeas corpus to two chimpanzees, Hercules and Leo, held at Stony Brook University. This marks the first time in U.S. history that an animal has been afforded this legal right, which traditionally applies to humans. The Nonhuman Rights Project (NhRP) has been advocating for the legal personhood of great apes, arguing that they possess the cognitive and emotional complexity to warrant legal protections. While some legal experts caution that the ruling may be a procedural step rather than a final determination of personhood, the decision has significant implications for the treatment of animals in research and captivity. The NhRP plans to continue its legal efforts, with the goal of expanding the right to bodily liberty to other nonhuman animals, including elephants and whales.  

These two developments—one concerning the erosion of a foundational legal right in the U.S. and the other regarding the potential legal personhood of animals—highlight the ongoing tensions between state power, individual rights, and the ethical treatment of both humans and nonhuman beings. The preservation of habeas corpus remains critical to maintaining the rule of law, while the recognition of animal rights challenges traditional legal frameworks and raises profound questions about the nature of liberty and justice.",1.0,en,multi_news,,multi_news,"Now, write a one-page summary of all the news.

","['The writ of habeas corpus lets prisoners appear in court to make their captors justify why they\'re being held. Until now in the US, those who\'ve used this legal tactic have been human. But a New York judge yesterday ruled that the writ may be used by two lab chimpanzees at Stony Brook University, Science magazine reports. NY Supreme Court Justice Barbara Jaffe ordered a university rep to address a suit filed by the Nonhuman Rights Project by appearing in court May 6 to argue why the college is holding Hercules and Leo. The group, which says the animals are being detained for biomedical experiments, says its ultimate goal is to have the animals released to the Save the Chimps sanctuary in Fort Pierce, Fla., per the NhRP\'s website. ""This is a big step forward to getting what we are ultimately seeking: the right to bodily liberty for chimpanzees and other cognitively complex animals,"" Natalie Prosin, the project\'s executive director, tells Science. The case kicked off in December 2013 with lawsuits that also included two chimps held on private property; each case was struck down, sending the NhRP down the appeals path. Not everyone\'s convinced the upcoming hearing will mean liberation for the chimps. A Pepperdine University law professor tells Science that the judge likely just wants to hear both sides of the story: ""It would be quite surprising if the judge intended to make a momentous substantive finding that chimpanzees are legal persons"" without doing so, he notes. Prosin, meanwhile, says her group isn\'t stopping with the chimps and will also target the release of other animals. (Click to read about what chimps talk to each other about.)']",1721,532
Summary:,f5f3a7e4beff536299a26f339ef6838c1abe5cabc5b67680,"  

On the early morning of February 21, 2013, a violent incident occurred on the Las Vegas Strip, resulting in three deaths and at least six injuries. The attack began with a dispute at a hotel on the Strip, which escalated into a high-speed car chase and gunfire. A black Range Rover, described as having tinted windows, custom black rims, and paper license plates, opened fire on a silver-gray Maserati. The Maserati then collided with a taxi, causing it to burst into flames. The taxi driver and passenger were killed, as was the Maserati driver, Kenneth Wayne Cherry, 27. A passenger in the Maserati was also injured.  

The Range Rover, which had fled the scene shortly after the shooting, was later identified as the vehicle involved in the incident. Police were in contact with authorities in three neighboring states to locate the SUV. The incident occurred near the intersection of Las Vegas Boulevard and Flamingo Road, a location known for its high-profile hotels such as the Bellagio, Caesars Palace, and Bally’s.  

Witnesses described the scene as chaotic, with black smoke rising from the burning taxi and onlookers performing CPR on an injured individual. The area was closed off for much of the day as police and crime scene investigators collected evidence. The incident marked another in a series of violent events on the Strip in recent months, including a shooting at a parking garage and a stabbing in an elevator.  

Authorities have not yet identified the individuals responsible for the shooting, though they are reviewing video footage from traffic cameras and hotel surveillance. The police emphasized that while the incident was tragic, it was an isolated event, and that Las Vegas remains a safe destination for tourists.  

The shooting has sparked discussions about the safety of the Strip and the need for continued vigilance. Local organizations, such as the Professional Drivers Association, have pledged support to the families of the victims, with plans to donate funds to the family of the taxi driver, Michael Boldon.  

The incident has also drawn comparisons to scenes from action movies, with some tourists expressing shock at the level of violence in a city known for its entertainment and hospitality. Despite the tragedy, the city’s tourism industry continues to operate, with many visitors choosing to ignore the incident and focus on the attractions that Las Vegas is famous for.",1.0,en,multi_news,,multi_news,"Now, write a one-page summary of all the news.

","['Police in three states are still hunting for a Range Rover whose occupants opened fire on another car on the Vegas Strip this morning and set off a deadly chain reaction. Cops don\'t know most of the details, but they say it started with a dispute of some kind in one of the nearby hotels, then spilled into the street, reports the Las Vegas Sun. When the Range Rover caught up to a Maserati at a stop light, shots were fired from the SUV that sent the Maserati crashing into a taxi, which exploded upon impact. Three people—the Maserati driver, the taxi driver, and a taxi passenger—were killed, and three others were injured, reports the LA Times. Police are hoping to piece together more details by interviewing a passenger in the Maserati, who was injured in the melee. Earlier reports that gunfire came from both vehicles as part of a moving shootout were incorrect. The AP collects this quote from a tourist visiting from Manchester, England: ""This doesn\'t happen where we come from, not on this scale. We get stabbings, and gang violence, but this is like something out of a movie. Like Die Hard or something.""']",3450,532
Summary:,7c4df519e75e117bb448122ca241a3375f4cdf97025e22fc,"  

In late 2011, the U.S. Justice Department raided the Gibson Guitar Corporation in Tennessee, marking a significant intersection between the music industry and environmental regulation. The raid was part of an ongoing investigation into whether Gibson had trafficked in illegally sourced wood, particularly from Madagascar. The Lacey Act, a law originally designed to protect wildlife, was expanded in 2008 to include plants, and it now requires companies to certify the legality of their supply chains for endangered species.  

Gibson’s CEO, Henry Juszkiewicz, described the raid as a disruption to the company’s operations, with federal marshals seizing wood and halting production. The company has been accused of knowingly importing wood that may have been harvested illegally, despite claims that all purchases were in compliance with U.S. and Malagasy law. Gibson has not been formally charged, but court documents suggest that the government believes the company’s supply chain may have involved contraband.  

Andrea Johnson of the Environmental Investigation Agency (EIA) has been a vocal critic of the government’s approach, arguing that the Lacey Act does not require third-party certification or government stamps as proof of legality. She also clarified that a previous statement suggesting Gibson had visited Madagascar to assess illegal sourcing was a misstatement, and that the company had actually sought legal sourcing options.  

The guitar industry has been deeply affected by the Lacey Act, with some companies, like C.F. Martin, supporting the law as a necessary measure to combat illegal logging. However, others, including dealers like George Gruhn, have expressed concerns about the retroactive application of the law, which could require them to prove the legality of wood used in vintage instruments. This has led to significant uncertainty and financial risk for guitar makers and collectors.  

The case against Gibson highlights the growing tension between environmental protection and the music industry, as well as the challenges of enforcing complex regulations across global supply chains. While the government continues to investigate, Gibson has yet to face formal charges, and the outcome of the case could set a precedent for how the Lacey Act is applied in the future.  

In a separate development, Alexa Internet has been donating its web crawl data to the Internet Archive since 1996, contributing to the Wayback Machine, which preserves the history of the web. This initiative has allowed researchers and the public to access historical versions of websites, providing valuable insights into the evolution of the internet.",1.0,en,multi_news,,multi_news,"Now, write a one-page summary of all the news.

","['Allegations of illegal wood imports prompted the Justice Department to raid Gibson Guitar facilities in Tennessee last week. NPR aired the complicated story involving the 100-year old Lacey Act, which prohibits imports of endangered species, including plants, into the US. No formal charges have been pressed, but it appears the issue lies with Gibson possibly importing banned Madagascar ebony. Gibson insists the wood confiscated by marshals was legally acquired rosewood from India. Adding some gusto to the story, right-leaning sites assert that Gibson rival CF Martin uses the same wood in some of its guitars, but the company was never investigated. The Landmark Report thinks that\'s fishy, given that Martin\'s CEO is a Democratic donor and Gibson\'s CEO is a GOP backer. Raising the octave even higher, it is possible Michelle Obama ran afoul of the Lacey Act when she presented France\'s Carla Bruni with a Gibson guitar that may have contained banned wood. However the story plays out, many are frustrated with the retroactive aspect of the law. ""It\'s a nightmare,"" says a dealer. ""I can\'t help it if they used Brazilian rosewood on almost every guitar made prior to 1970.""']",1352,532
Summary:,f43f9ce2fa78f95ac1828a5344740662285ef3db08df7ba1,"  

On June 3, 2017, Rachel Borch, a 21-year-old woman from Hope, Maine, encountered a rabid raccoon while jogging on a wooded trail near her home. The raccoon, which was acting aggressively and unusually during the day, lunged at her, biting her thumb. In a moment of desperation, Borch used her bare hands to subdue the animal, pushing it into a nearby puddle of water to drown it. The raccoon, which had been infected with rabies, continued to struggle and bite before finally stopping.  

Borch immediately sought medical attention, and the dead raccoon was later confirmed to be rabid by the Maine Center for Disease Control and Prevention. The incident highlights the dangers of rabies, a deadly viral disease that affects the central nervous system and is almost always fatal if left untreated.  

Borch received a series of rabies vaccinations, immunoglobulin, and tetanus shots as part of her treatment. She emphasized that the presence of one rabid animal often indicates others in the area, as rabies is commonly found in wildlife such as raccoons, foxes, and skunks.  

This incident is not isolated. Earlier in 2017, a man in Wiscasset was bitten by a rabid fox, and as of June 7, 20 animals, including raccoons, red foxes, and skunks, had tested positive for rabies in Maine.  

Animal control officials, including Hope’s Heidi Blood, have warned that rabid animals can display erratic behavior, such as aggression, confusion, or lethargy, and that people should avoid contact with any unfamiliar or acting animals.  

Borch, who is a vegetarian, described the experience as both terrifying and life-changing. She now views raccoons and other wildlife with a newfound level of caution.  

The incident serves as a reminder of the importance of rabies prevention, including pet vaccinations and public awareness, to protect both humans and animals from this deadly disease.",1.0,en,multi_news,,multi_news,"Now, write a one-page summary of all the news.

","['Rachel Borch was out for a jog in the woods near her home in Hope, Maine, when a ""ferocious-looking"" attacker with beady eyes and tiny teeth made a beeline for her, reports the Camden Herald. Borch, 21, knew immediately that something was wrong with the raccoon that was charging toward her. ""Imagine the Tasmanian devil,"" she tells the Bangor Daily News of the ""terrifying"" June 3 incident. Yanking out her headphones, she began ""dancing"" around the animal on the narrow path, but she tells the Herald she knew that, one way or another, the animal was going to bite her. She figured her hands would be the best spot, so she offered them up. The raccoon chomped down on her thumb and stayed there, scratching at her legs and arms as she screamed. Now on her knees, she spotted her phone lying submerged in a mud puddle, and had an idea: drown it. ""With my thumb in its mouth, I just pushed its head down into the muck,"" she tells the News. When the raccoon finally stopped moving, she yanked out her finger and raced the three-quarters of a mile home. Two days later, the state confirmed the animal was infected with rabies. Borch got rabies shots, and an animal control officer adds an unpleasant footnote: The infected raccoon may not be alone. ""Not to scare people,"" Heidi Blood tells the News, but ""when there’s one, there’s typically another."" (Normally nocturnal like raccoons, a crazed beaver attacked a woman paddle-boarder.)']",1996,532
Summary:,f525eb46942a990f7fc284f7ed92f0b3330cbf0b7e92821e," Recent scientific findings have significantly advanced our understanding of Mars' ancient climate, water history, and potential for life. Using data from powerful infrared telescopes, researchers have mapped the distribution of water and its deuterated form (HDO) across the Martian surface, revealing a complex history of water loss and atmospheric evolution.

The study indicates that Mars once had a vast amount of water, with evidence pointing to the existence of a large ocean covering nearly half of the northern hemisphere. This ocean, which could have been as deep as a mile in some areas, was likely a key factor in making Mars a more Earth-like environment in its early history. The presence of such a large body of water suggests that Mars was warm and wet for a significant period, potentially supporting conditions suitable for life.

One of the key findings is the high ratio of deuterium to hydrogen in the current Martian atmosphere. This imbalance is attributed to the preferential loss of lighter hydrogen to space over time, leaving behind a higher concentration of deuterium. By analyzing this ratio, scientists estimate that Mars may have once had enough water to form a global ocean up to 137 meters deep. However, much of this water has since been lost, with only a fraction remaining in the polar ice caps.

The research also highlights the importance of understanding Mars' atmospheric and hydrological history. The discovery of a large ancient ocean challenges previous assumptions about the planet's water cycle and suggests a more dynamic and potentially habitable environment in the past. Scientists are now more confident that Mars may have had the necessary conditions for life to develop, although the question of whether life actually existed remains open.

These findings contribute to a growing body of evidence that Mars was once a much more Earth-like planet, with liquid water, a thicker atmosphere, and possibly even a climate capable of supporting biological processes. Future missions, such as the European Space Agency's Exomars rover, will continue to explore these possibilities, searching for signs of past life and further unraveling the mysteries of Mars' ancient past.",1.0,en,multi_news,,multi_news,"Now, write a one-page summary of all the news.

","['Imagine all the water in the Arctic Ocean. Now, imagine all that and more on Mars. If you visited the Red Planet roughly 4.3 billion years ago, that\'s what you likely would have found, say NASA scientists. Their new study arrived at that ""solid estimate ... by determining how much water was lost to space,"" says lead author Geronimo Villanueva. The Guardian reports the scientists used three powerful infrared telescopes to analyze two forms of water in Mars\' atmosphere: H2O and HDO, in which deuterium (aka ""heavy"" hydrogen) has taken the place of one hydrogen atom. As National Geographic explains, Mars\' gravity is weaker than our own; that allowed hydrogen to escape from the atmosphere and into space over time, boosting the amount of deuterium in its water. Scientists compared the ratio of HDO to H2O in Martian water today with that in water from a 4.5 billion-year-old Mars meteorite to arrive at their conclusions, a press release states. They ultimately calculated that Mars was once home to 20 million cubic kilometers of ocean. It could have covered every inch of the planet in water 450 feet deep, but the scientists think a different scenario is more likely: that the ocean covered roughly a fifth of the planet, was located in the northern hemisphere, and was as much as a mile deep. While National Geographic observes the findings back up ""reams of earlier evidence that water once existed on the surface"" of Mars, another study author points out the assessment of the degree of water lost indicates something new. ""The planet was very likely wet for a longer period of time than was previously thought, suggesting it might have been habitable for longer,"" a scientist says. (Mysterious plumes on Mars are stumping scientists.)']",1999,532
Summary:,4d3783115f3756945540fe966195e80fcaa62aa7c3e58b4a," 

In 2014, Swedish chemistry professor Charlotta Turner found herself in an unexpected and life-threatening situation when her doctoral student, Firas Jumaah, sent her a text message from Iraq. Jumaah, a member of the Yazidi ethnic and religious minority, had returned to his homeland to be with his family, who had traveled there for a wedding. However, the situation quickly deteriorated as ISIS launched a brutal offensive in Sinjar, killing and enslaving thousands of Yazidis. Jumaah’s wife and children were among those caught in the violence, and he feared for their safety.

Desperate to reunite with his family, Jumaah initially stayed behind in Sweden to complete his research, but soon realized the danger they were in. He sent Turner a message requesting to be removed from his PhD program if he did not return within a week. Turner, deeply moved by the message, immediately called Jumaah and learned of the dire circumstances. His family was hiding in a disused bleach factory, with ISIS forces nearby, and the situation was life-threatening.

Determined to help, Turner reached out to the university’s security chief, Per Gustafson, who had a global security network. Together, they arranged for a rescue operation. A team of armed mercenaries arrived in the region, and Jumaah, along with his wife and two children, was safely evacuated to Erbil Airport. The operation was a remarkable and unprecedented effort by a university to assist a student in a war zone.

Jumaah later completed his PhD in Sweden and now works in the pharmaceutical industry. The family has since repaid the university for the rescue operation, and Gustafson noted that no other university had ever been involved in such a mission. Turner described the experience as both a privilege and a moral obligation, highlighting the importance of standing by those in need, even in the most extreme circumstances. The story of Jumaah and Turner has become a powerful example of academic responsibility and humanitarian action in the face of global conflict.",1.0,en,multi_news,,multi_news,"Now, write a one-page summary of all the news.

","['Four years ago, a chemistry professor got a text from her grad student: If I\'m not back in a week, cut me from the doctoral program. Charlotta Turner called him right away: ""He was very sad and crying,” the 48-year-old prof at Lund University in Sweden tells NBC News. ""I could hear that the situation was hopeless and they had to flee."" The student, Firas Jumaah, was visiting his native Iraq to help family members during a brutal 2014 ISIS attack targeting Yazidis—a religious minority that includes his family. The terror group had just enslaved and massacred Yazidis by the thousand in nearby Sinjar. Now Jumaah and family were planning to flee to the mountains. ""I had no hope at all,"" says Jumaah, per the Local. ""I was desperate."" But Turner took action. She spoke to Lund University\'s then-security chief, who contacted a company that sent mercenaries into northern Iraq. Only days later, four armed mercs on two Landcruisers blazed into the place where Jumaah was hiding, and rushed him to Erbil Airport with his wife and two young kids. ""I have never felt so privileged, so VIP,"" he says. ""But at the same time I felt like a coward as I left my mother and sisters behind me."" Seeing his colleagues back in Sweden, he was speechless: ""I just cried,"" he says. Yet Jumaah finished his PhD and found work at a Malmo pharmaceuticals company, and his family survived. The bill: roughly 60,000 kroner ($6,613), which his family has nearly finished paying. “If they told me to pay 200,000 kronor, I would,” says Jumaah. (The UN is finding fresh ISIS horrors.)']",1173,532
Summary:,f29dd7b68a1d950a581a11a274ae8966472c4f273a1ee60c,"  

Pippa Middleton, the sister of the Duchess of Cambridge, found herself at the center of a media storm after a photograph surfaced showing her laughing as a male companion in her car pointed a gun at a paparazzi photographer in Paris. The incident, which occurred during a high-society event hosted by her close friend and fashion designer, Arthur de Soultrait, sparked widespread public outrage and raised questions about the authenticity of the weapon.  

According to reports, the gun was later confirmed to be a fake, and de Soultrait’s company spokesperson stated that the act was a ""stupid joke."" Despite this clarification, the incident has led to calls for legal action, with French authorities indicating that all four individuals in the car could face arrest and potential jail time, ranging from two to seven years, depending on whether the gun was real or not.  

The event in question was a lavish 18th-century-themed party hosted by de Soultrait, where Pippa was a guest of honor. The party, attended by a mix of French, American, and British elites, featured costume-clad guests, a stripper emerging from a birthday cake, and a performance involving a metal chastity belt and an electric angle grinder. Pippa, known for her social connections and media presence, was described as being in high spirits and surrounded by a group of admirers.  

The controversy has drawn attention to the challenges Pippa faces as a public figure who is not a member of the royal family but is closely associated with it. While Buckingham Palace has not commented on the incident, some media outlets have suggested that the royal family may be considering ways to better protect Pippa, given her growing fame and the potential for further scandals.  

The incident has also overshadowed the upcoming Diamond Jubilee celebrations, with some fearing that the controversy could damage the royal brand. Meanwhile, de Soultrait, a successful entrepreneur and fashion designer, has been described as a key figure in Pippa’s social circle, and his company has been criticized for not taking the situation seriously.  

In the wake of the incident, Pippa’s legal team has been reported to be considering options, including potential legal action against the photographer or the individuals involved. The situation remains under investigation, with the possibility of Pippa being called as a witness in the case.  

Overall, the incident highlights the complexities of Pippa’s public persona, the influence of her social circle, and the potential consequences of her actions in the spotlight. As the situation unfolds, it is clear that the incident has the potential to have lasting effects on her personal and professional life.",1.0,en,multi_news,,multi_news,"Now, write a one-page summary of all the news.

","['A ""gun joke"" involving palace sis-in-law Pippa Middleton is causing a royal stir. The driver of a car that Pippa, 28, was riding in smilingly pointed what looked like a gun at pestering paparazzi in Paris over the weekend. Now he says he was just goofing around, and the gun wasn\'t real. ""It was not a real gun. It was just a stupid joke,"" said a representative. The French aren\'t laughing, though, especially in the wake of the shocking shootings in Toulouse last month. Paris authorities warned that everyone in the car (including grinning Pippa) could face arrest and even two years in prison. ""Anybody involved in the illegal use of a handgun in public is liable to arrest and interrogation,"" a source told the Sun. But so far, no one has filed a complaint, and the ""targeted"" photographer didn\'t feel threatened, reports ABC. The driver hasn\'t yet been identified. Her Royal Hotness was in the front passenger\'s seat, and sitting in the back were two men, including aristocrat fashion designer Viscount Arthur de Soultrait, whose wild birthday party Pippa attended (for photos, check here). Buckingham Palace reps are keeping mum, saying Pippa is a ""private individual"" and not their concern.']",3726,532
Summary:,9a80a9ec70584025030b77bd8d6e353068e24603ace24e3d," 

A series of high-profile jewelry store robberies across the southeastern United States has led to the identification of a suspect believed to be working with an accomplice. The primary suspect is a woman described as a brunette in her 20s or 30s, approximately 5 feet 8 inches tall and weighing around 130 pounds. She is suspected of committing multiple armed robberies in Florida, Georgia, South Carolina, Tennessee, and North Carolina since April. 

The most recent incident occurred on Monday at a Jared Vault in Mebane, North Carolina, where the suspect allegedly forced two employees into a back room at gunpoint, tied them up with zip ties, and stole an undisclosed amount of jewelry. No injuries were reported in this or any of the previous incidents. 

The FBI and local law enforcement agencies have released surveillance images of the suspect and are actively seeking information from the public. The suspect is considered armed and dangerous, and authorities are urging anyone with relevant information to come forward. 

In addition to the Mebane robbery, the suspect is believed to have targeted several other jewelry stores, including locations in Panama City Beach, Florida; Dawsonville, Georgia; and Tanger Outlets in Bluffton, South Carolina. The total estimated value of stolen goods across all known incidents exceeds $450,000. 

A male accomplice, described as a black man in his 30s or 40s, weighing around 250 pounds and standing 6 feet tall, has been identified in surveillance footage from three of the robberies. He is also considered a suspect in the ongoing investigation. 

Authorities are currently examining whether the suspect and her accomplice have committed additional crimes in the region. Law enforcement agencies are coordinating efforts to track down both individuals and prevent further incidents. 

The public is being encouraged to contact local police or Crime Stoppers if they have any information that could assist in the investigation. The FBI has also provided a toll-free number for reporting tips related to the case. 

This ongoing investigation highlights the need for increased security measures in retail environments and underscores the importance of community involvement in crime prevention. As the search for the suspects continues, law enforcement remains committed to ensuring public safety and bringing those responsible to justice.",1.0,en,multi_news,,multi_news,"Now, write a one-page summary of all the news.

","['A woman believed to be in her 20s or 30s held employees of a Jared Vault jewelry store in Mebane, NC, at gunpoint on Monday before making off with jewelry piled into a shopping bag. But this wasn\'t her first rodeo: The FBI says the same brunette has robbed five other jewelry stores across the South since April, including in Florida, Georgia, South Carolina, and Tennessee, netting more than $450,000 worth of bling, per WNCN. A black man in his 30s or 40s, weighing about 250 pounds, was spotted by cameras during three of the robberies, reports NBC News. The FBI says both suspects ""are considered armed and dangerous.""']",786,532
Summary:,32350309f0cb915ff04aed26ed124c6533fe32573b42dd4b,"  

Ariel Winter, the 19-year-old star of the popular sitcom *Modern Family*, has become a subject of both admiration and controversy in recent news. Known for her bold presence on social media, Winter has built a reputation for confidently expressing herself, often sharing scantily clad photos on platforms like Instagram and Snapchat. Her unapologetic attitude has earned her a loyal fanbase, with many praising her for embracing her identity and not letting critics get to her.  

However, Winter recently found herself in the spotlight for a different reason—her use of a baby voice during an appearance on *Conan*. The moment, which was shared online, left many viewers unsettled. The sound was described as disturbingly high-pitched and unsettling, with some comparing it to the cries of a dying cat. While Winter’s fans defended her, others found the moment cringeworthy, highlighting the polarizing nature of her public persona.  

Beyond the baby voice controversy, Winter has also faced criticism for her fashion choices. At a recent *Modern Family* event, she opted for a glamorous, full-length minidress with intricate detailing, including mesh panels that revealed her cleavage and thighs. While some fans praised her confidence and style, others took issue with her outfit, with one commenter suggesting she was “trying too hard to look slutty.” In response, Winter took to Instagram to address the backlash, asserting that people should be free to express themselves in any way they choose. She emphasized that self-confidence and personal style should not be judged by others, stating, “WEAR WHATEVER YOU WANT PEOPLE!”  

Winter’s response to the criticism was both empowering and defiant. She encouraged others to embrace their individuality and not let societal expectations dictate their choices. Her message resonated with many, who saw her as a role model for self-acceptance and authenticity.  

In addition to her public appearances and social media presence, Winter has also been vocal about her experiences with online harassment. In an interview with *Elite Daily*, she spoke about the importance of self-worth and not letting negative comments affect her. She stated, “If I can’t win, I’m going to work on a relationship with myself,” highlighting her commitment to personal growth and self-love.  

Overall, Ariel Winter continues to be a prominent figure in both entertainment and social media. Her unfiltered personality, fashion choices, and willingness to speak out against criticism have made her a unique and influential voice in pop culture. Whether it’s through her bold style, her candid social media posts, or her responses to public scrutiny, Winter remains a symbol of self-expression and",1.0,en,multi_news,,multi_news,"Now, write a one-page summary of all the news.

","['Modern Family star Ariel Winter has words for those who criticized the gold minidress she wore to an event for the show Wednesday night, People reports. Photos from the screening of the season eight finale showed that Winter\'s outfit stood out among the clothes worn by the other cast members who attended (Julie Bowen, for example, wore black slacks with a simple top, while Ty Burrell showed up in jeans). USA Today describes Winter\'s outfit like so: ""Mesh panels showed off her cleavage as well as the tops of her thighs."" But some of the commentary on Winter\'s outfit went beyond simply calling the teen overdressed, with some going so far as to say she looked ""slutty."" On Thursday night, Winter responded on Instagram. ""Why TF does anyone care that I didn\'t dress casual like everyone else for the panel? Why do I have to be like everyone else? Why can’t people just let other people feel good about themselves and do what they want?"" the 19-year-old wrote. ""WEAR WHATEVER YOU WANT PEOPLE! As long as you feel good about yourself that’s what matters. I know I did. Don’t ever let anyone stifle who you are and how you express yourself. Rant over."" (Winter says her ""baby voice"" makes her boyfriend uncomfortable.)']",1415,532
Summary:,e614f7f571505896fb9a084fbb7fe96b749f84279cc1d950,"  

A record-breaking $636 million Mega Millions jackpot was won by at least two individuals, marking one of the largest lottery prizes in U.S. history. The winning numbers were 8, 20, 14, 17, and 39, with a Megaball of 7. The prize could be claimed as a lump sum of approximately $341.2 million or as an annuity over 30 years. This amount is close to the previous U.S. lottery record of $656 million, set in March 2012.  

The jackpot surged due to a last-minute ticket-buying frenzy, with sales expected to reach a record high before the December 17 drawing. Officials noted that as much as 70% of tickets are typically purchased on the day of the draw, and this time, the number of tickets sold was significantly higher than anticipated. If no one wins the jackpot, it could climb to over $950 million for the next drawing on December 21.  

Winners are advised to take immediate steps to protect their newfound wealth. These include signing the winning ticket to prevent disputes, consulting with experienced financial and legal professionals, and considering the option of remaining anonymous to avoid public scrutiny. Some winners may choose to travel or relocate temporarily to avoid media attention and potential threats.  

Despite the excitement surrounding the jackpot, there are also reminders that not all lottery winners are able to claim their prizes. In fact, millions of dollars in unclaimed prizes are left uncollected each year, with some winners reportedly discarding their tickets after a few days.  

The Mega Millions game continues to draw large crowds, with the potential for even larger jackpots in the coming weeks. As the drawing approaches, anticipation remains high, with many hoping for a life-changing win.",1.0,en,multi_news,,multi_news,"Now, write a one-page summary of all the news.

","['Tonight\'s Mega Millions prize could end up being the biggest US jackpot ever. It\'s already hit $636 million; by tonight, it could rise past the $656 million record, Reuters notes. Let\'s say, for the sake of argument, that you win it (you won\'t). When you can breathe again, you\'ll want to take quick action to ensure that you deal with your newfound millions safely and effectively. At CNN, Steve Almasy offers a checklist: First, sign the ticket. You don\'t want to risk losing it, or having a ""friend"" claim it. While you\'re at it, you might want to take a selfie with the ticket, then drop it in a safe deposit box. Then, seek out financial experts, but not too many—you want to keep the news quiet as long as possible. ""Start with one experienced attorney and look for a seasoned certified financial planner,"" Almasy writes. Big question: Is there any way you can legally remain anonymous? If you live in South Carolina or a handful of other states, the answer is yes, but generally you\'ll have a tough time hiding. You might want to hire a PR person. In fact, you might want to slip out of the country until the hubbub over the prize has died down. Didn\'t win? Don\'t forget to check if you\'ve qualified for runner-up cash. Last year saw $800 million in unclaimed lottery winnings. Click for Almasy\'s full piece.']",1747,532
Summary:,00b5ebc7a259107bbfa5817da07bde0fa0ec3fad53ef8d30,"  

The news passages provided cover a range of topics, including the long-standing contribution of Alexa Internet to the Internet Archive, and a tragic double murder in Fort Worth, Texas, involving a local teacher.  

Starting with the first passage, it highlights the ongoing collaboration between Alexa Internet and the Internet Archive since 1996. Alexa has been providing its web crawling data to the Internet Archive, which is then stored in the Wayback Machine after a period of embargo. This initiative has played a significant role in preserving the history of the internet, allowing users to access past versions of websites.  

The second and third passages focus on a disturbing incident in Fort Worth, Texas, where two individuals were found fatally shot in their home on the early morning of October 22, 2016. The victims were identified as longtime residents of the neighborhood, though their names were not released at the time.  

The suspect in the shooting was later identified as Cary Joseph Heath, a 35-year-old teacher at Permenter Middle School in Cedar Hill, Texas. Heath was arrested on a charge of capital murder the following day. According to witnesses, Heath had shot the victims with an assault rifle, leaving behind shell casings at the scene.  

Heath was placed on administrative leave by his school district and was held in the Fort Worth jail on a $1 million bond. His school had previously posted information about him on its website, describing him as an eighth-grade science teacher in his first year at the school. He had also served 13 years in the U.S. Air Force.  

The case has raised concerns among parents and community members, who are worried about the safety of students and the presence of a potentially dangerous individual in a school environment. Some parents reported not being informed of the incident, despite the school’s efforts to notify them.  

The police investigation into the shooting is ongoing, and the motive for the crime remains unknown. The victims’ identities have not been officially released, and the case continues to be a subject of public interest and concern.  

In summary, the news highlights both the preservation of digital history through the Internet Archive and a tragic event that has sparked community alarm and calls for greater safety measures in educational institutions.",1.0,en,multi_news,,multi_news,"Now, write a one-page summary of all the news.

","['Cary Heath was arrested Monday at the Texas middle school where he teaches eighth-grade science a day after police say he murdered two of his neighbors, NBC DFW reports. According to the Fort Worth Star-Telegram, shots were fired shortly before 4am Sunday at a home down the street from where Heath lives. Police arrived to find two men dead in the home\'s driveway. ""From my understanding, the guy had an assault rife,"" a neighbor who woke up to gunshots tells NBC. ""From the looks of it, due to the shell casings, he unloaded the whole clip."" Police aren\'t discussing a motive for the killings, though the first 911 call from the scene was regarding a robbery. The 35-year-old Heath is being held on $1 million bond and has been placed on administrative leave. The school notified parents of the situation via automated phone messages, WFAA reports. One mother says ""it\'s very scary"" that someone suspected of murder was teaching children. ""They should be safe over there to get their education and come home,"" she says. Heath served in the Air Force for 13 years before recently becoming a teacher.']",875,532
Summary:,e67008dd5afa06246bb5871bc99578da12bec422c6f04932," A Heartwarming Act of Kindness in the Face of Loss

In a touching story of compassion and dedication, a Florida police officer went above and beyond her duty to help an elderly woman who had lost a cherished possession. The incident took place at a hospital in Plantation, Florida, where Betty Wagner, an 80-something-year-old woman suffering from Alzheimer's, had her engagement ring stolen.

Betty and her husband, Arthur Wagner, had been married for over 67 years. The engagement ring, which Arthur had purchased in 1946 for $400, had been a symbol of their enduring love. However, during a visit to the hospital, Arthur discovered that the ring had been taken. The theft left Betty emotionally distressed, as the ring had been a constant presence on her finger for decades.

Upon learning of the incident, Plantation Police Officer Laurie Graber took it upon herself to make amends. Moved by the couple's story, she decided to replace the stolen ring. Using her own money, she purchased a new ring from J.C. Penney and delivered it to Betty, along with a heartfelt note expressing her admiration for their long-lasting love.

Officer Graber described how Betty still looked at Arthur with the same affection and devotion as the day they first met. ""After 67 years of that ring being on her finger, she still looked at him like he was her knight in shining armor,"" Graber said. The new ring, though not the same as the original, brought some comfort to Betty and her husband.

While the police continue to investigate the theft, focusing on the hospital's surveillance footage, the community has been inspired by Officer Graber's selfless act. Her gesture has reminded people of the importance of kindness, empathy, and the power of love to endure even in the face of loss.

This story has resonated with many, highlighting the impact that a single, thoughtful action can have on someone's life. It serves as a reminder that in a world that can often feel cold and indifferent, there are still those who choose to act with compassion and care.",1.0,en,multi_news,,multi_news,"Now, write a one-page summary of all the news.

","['A classy move by a Florida cop is making headlines: Laurie Graber, an officer in Plantation, got the call for a particularly low-level crime—someone had ripped the engagement ring off the finger of an 87-year-old woman bedridden with Alzheimer\'s in a hospital, reports Fox News. By the bruises on Betty Wagner\'s finger, it wasn\'t an easy job, and no wonder—the ring had been there for 67 years. ""I just couldn\'t imagine what kind of depravity you would have to have to take something off of someone so vulnerable,"" Graber tells WSVN. Upon leaving the hospital, Graber went to JCPenney and shelled out for a replacement ring with her own money. She brought it back to the nurses\' station with a note, reports AOL.com: ""It\'s not much, it\'s not the same. But 67 years of a promise kept should be recognized."" Husband Arthur, who placed the original on his soon-to-be wife\'s hand in 1946, says the gesture has helped him deal with the theft. (Another Florida officer bought groceries for a mom caught shoplifting.)']",1212,532
Summary:,d30be80c0ac46bf18e40be8f115604ca446a1e7680d6ddef,"  
Dzhokhar Tsarnaev, the Boston Marathon bomber, faces ongoing legal challenges as his defense team argues for a new trial outside of Boston due to the intense public and media scrutiny surrounding the 2013 attack. Tsarnaev’s attorneys claim that the trial environment was prejudiced, with jurors potentially exposed to widespread outrage, survivor stories, and social media coverage of the bombing. They also cite a recent Supreme Court ruling that casts doubt on the legal definition of a “crime of violence,” which was used to justify Tsarnaev’s death sentence.  

Tsarnaev was convicted of 30 federal charges and sentenced to death in June 2015 for his role in the bombing that killed three people and injured over 260. His defense has appealed both the conviction and the death penalty, arguing that the publicity surrounding the case made a fair trial impossible. They also claim that the defense was not given sufficient time to present mitigating evidence that could have influenced the jury’s decision.  

Despite the dramatic sentencing, Tsarnaev’s fate is far from certain. He has become the 62nd inmate on federal death row, though the U.S. government has executed only three individuals in the past 50 years. Legal experts predict that his case will take years to resolve, with appeals likely to be filed. The defense is focusing on two main arguments: the trial’s location and the constitutionality of the death penalty.  

Federal death row has become increasingly rare, with most inmates serving life sentences. The majority of those on federal death row were sentenced for crimes involving federal jurisdiction, such as cross-state crimes or offenses on federal property. Tsarnaev’s case, however, is unique in its national attention and the severity of the crime. As the legal battle continues, the outcome of his case will have significant implications for the application of the death penalty in the United States.",1.0,en,multi_news,,multi_news,"Now, write a one-page summary of all the news.

","['Not a huge surprise: Lawyers for Boston marathon bomber Dzhokhar Tsarnaev today appealed his death-penalty conviction, arguing that ""continuous and unrelenting publicity"" biased jurors and made a fair trial in Boston impossible, NBC News reports. ""Put simply, prejudicial media coverage, events, and environment saturated greater Boston, including the social networks of actual trial jurors, and made it an improper venue for the trial of this case,"" say the papers. The lawyers want another trial at a new location, the AP reports. Earlier this year, the Guardian reminded us that Tsarnaev\'s appeals will likely delay his punishment for ""at least a decade."" The April 15, 2013, bomb strike in Boston left three dead and more than 200 maimed or injured.']",1067,532
Summary:,8fcab0ef4e02147eb2cb3ac99b3023dfe9db11b3f3fe68d1," 

The New York Stock Exchange (NYSE), a historic institution central to American finance, is reportedly in advanced talks to be acquired by IntercontinentalExchange (ICE), a rapidly growing commodities and derivatives trading platform. The proposed $8 billion merger would mark a significant shift in the global financial landscape, as it underscores the growing dominance of derivatives trading over traditional stock trading. 

Under the terms of the deal, ICE is expected to offer approximately $33 per share, with two-thirds of the value in stock, representing a 37% premium over NYSE Euronext’s (the NYSE’s parent company) closing stock price. If finalized, the merger would create a powerful financial services giant, combining ICE’s expertise in commodities and derivatives with NYSE Euronext’s strong presence in stock trading and electronic markets. 

This potential merger comes after a series of failed attempts to consolidate the financial exchange industry. In 2010, ICE and Nasdaq OMX had jointly bid for NYSE Euronext in a hostile takeover, but the deal was blocked by U.S. antitrust regulators who feared it would create a monopoly in stock trading. Similarly, a proposed merger between NYSE Euronext and Deutsche Börse in Europe was also rejected by European regulators for antitrust concerns. 

Despite these setbacks, the current merger with ICE appears more viable due to the differing business models of the two companies. ICE focuses on commodities and derivatives, while NYSE Euronext is primarily a stock exchange. This distinction may help the deal avoid antitrust scrutiny. 

The NYSE, once the dominant force in U.S. stock trading, has seen its market share decline significantly. It now accounts for only about 11% of all stock trading, with electronic trading platforms like NYSE Euronext’s Arca platform capturing an additional 12%. Meanwhile, the volume of derivatives trading, which ICE specializes in, has remained relatively stable, making it an attractive partner for NYSE Euronext. 

If the merger is approved, it would create the largest financial exchange group in the world, with operations spanning 14 stock and futures exchanges and five clearing operations. The deal would also mark the end of an era for traditional floor trading, as the rise of electronic trading has transformed the financial markets. 

The potential merger has already sent NYSE Euronext’s stock soaring, with shares rising over 21% in after-hours trading following reports of the deal. However, the final approval of the merger will depend on regulatory scrutiny and shareholder support. 

Overall, the proposed acquisition reflects a broader trend in the financial industry toward consolidation",1.0,en,multi_news,,multi_news,"Now, write a one-page summary of all the news.

","[""InterContinentalExchange Inc. has agreed to buy NYSE Euronext, the company that owns the New York Stock Exchange, for $8.2 billion, the two companies announced this morning. ICE, an Atlanta-based commodity exchange, says it intends to leave the NYSE's branding alone, and would explore an IPO for Euronext, spinning it off into a continental European entity, the Wall Street Journal reports. It will pay $33.12 a share for the elder exchange, or about a 37% premium on yesterday's close. You might remember ICE from its last attempt to buy the NYSE, which failed thanks to antitrust concerns from regulators. While the 12-year-old company may lack the name recognition of the iconic NYSE, it's much larger in terms of market capitalization, at $9.3 billion to NYSE Euronext's $5.8 billion—a sign, the New York Times observes, of how completely commodity trading has outpaced stock trading in relevance.""]",1042,532
Summary:,604c0b723e4c77d2814cae6b70f452e09711db9412c90869,"  
In response to growing public criticism over its lack of diversity, the Academy of Motion Picture Arts and Sciences has taken significant steps to expand its membership. The Academy, which is responsible for awarding the Oscars, has long been criticized for its predominantly older, male, and white membership. This issue came to a head with the #OscarsSoWhite hashtag, which gained widespread attention after the 2015 and 2016 Oscar nominations were all-white in the acting categories. The movement, led by April Reign, a former attorney and editor, sparked a national conversation about representation in Hollywood and prompted the Academy to take action.

As part of a major overhaul, the Academy has sent out an unprecedented number of membership invitations, aiming to increase diversity in its ranks. The invitations include a wide range of individuals from different backgrounds, genders, and nationalities. Over 683 invitations were sent out, with nearly half of them going to women and 41% to people of color. The list includes both established industry figures and emerging talent, as well as international directors and actors who have long been excluded from the Academy.

Among the notable invitees are prominent directors such as Catherine Breillat, Park Chan-wook, Lucrecia Martel, and the Wachowskis, as well as actors like Idris Elba, Regina King, and Tom Hiddleston. The list also includes a diverse array of international filmmakers and performers, reflecting the Academy’s effort to broaden its global reach. The move is seen as a significant step toward addressing the long-standing issues of representation and inclusion in the film industry.

The Academy has committed to doubling the number of women and people of color in its membership by 2020, and this latest round of invitations marks the first major effort toward achieving that goal. While the initiative has been praised for its inclusivity, it also raises questions about the effectiveness of such measures in truly transforming the industry. Nonetheless, the Academy’s actions signal a shift in its approach to diversity and representation, which could have lasting implications for the future of Hollywood.",1.0,en,multi_news,,multi_news,"Now, write a one-page summary of all the news.

","['Apparently still smarting from some of Chris Rock\'s Oscars barbs, the Academy of Motion Picture Arts and Sciences invited 683 people—many of them women and minorities—to join in an unprecedented move Wednesday, Reuters reports. The voting group behind the Oscars is largely old, white, and male and was lambasted this year with the hashtag #OscarsSoWhite after two years in a row of all-white acting nominees. In response, the academy is attempting to—as the AV Club puts it—"" add seemingly goddamn everyone it had, for one reason or another, forgotten to invite into its membership.” The actors, directors, and others invited Wednesday include Idris Elba, Eva Mendes, Oscar Isaac, John Boyega, Ice Cube, Greta Gerqig, Michael B. Jordan, Vivica A. Fox, the Wachowskis, James Wan, Luis Guzmán, Kate Beckinsale, Park Chan-wook, James Hong, Michelle Rodriguez, and not one, not two, but three Wayans brothers. Of the new invitees, 46% are women and 41% are people of color. If all 683 accept their invite, women would account for 27% of the more than 7,000 academy members (up from 25%) and minorities would total 11% (up from 8%). “I\'m especially happy to be part of such a diverse group. I actually want to hang out and watch movies with most of the people on this list,"" Arab-German director Lexi Alexander tells the Los Angeles Times. “To be honest, I cried a few tears when I started to get congratulation tweets in Arabic.” Other invitees took to Twitter to share similar sentiments. “Excited to use my vote to nominate talent that reflects the real world we live in—DIVERSITY,"" tweets Brie Larson, who won best actress at this year\'s Oscars.']",682,532
Summary:,32ad84c5a1c78671e7a47697f0efb8dbb89950488e273e13,"  

In May 2010, the trial of three American hikers—Shane Bauer, Josh Fattal, and Sarah Shourd—was delayed by Iranian authorities, who cited the absence of Shourd, who had been released on bail in September 2009 and returned to the United States. The three had been arrested in July 2009 near the border of Iraq and Iran, where they claimed they were hiking without knowledge of the border. Their lawyer, Masoud Shafiee, expressed frustration over the lack of official communication regarding the trial postponement.  

Shourd had been held in Iran for over a year, during which time she denied the spying charges against her. Iranian President Mahmoud Ahmadinejad had previously suggested that the Americans might be released as part of a prisoner swap, though no such agreement had been reached. Meanwhile, Iran had been seeking to restart nuclear talks with Western powers, which had stalled in 2009.  

The U.S. military had previously reported that the hikers’ lack of coordination near the border suggested an intent to agitate international policies on Iran. However, Shourd disputed this claim, stating that the group had no such intent and were simply enjoying a peaceful camping trip in the Kurdish region. She described the incident as a tragic accident, noting that they had no idea they were near the border and had been warmly received by local Kurds.  

The case had become a symbol of the broader tensions between the United States and Iran, with both sides using the situation to advance their political narratives. While the U.S. government maintained that it had no knowledge of how the hikers were captured, Iran used the case to highlight its legal system and human rights concerns. The delay in the trial underscored the complex diplomatic and legal challenges surrounding the case, as well as the ongoing struggle for the hikers’ release.",1.0,en,multi_news,,multi_news,"Now, write a one-page summary of all the news.

","['The three American hikers detained by Iran weren’t captured in Iraq, says Sarah Shourd: They were beckoned over the border by an armed soldier, she tells the New York Times in an effort to set the WikiLeaks version of the story straight. “We did not actually enter Iran until he gestured to us. We were confused and worried and wanted to go back."" In Shourd\'s fullest account of her ordeal to date, she goes into detail about their fateful overnight camping trip, describing ""scores of campfires"" near the waterfall they were hiking to—which abutted Iran. “I think we were extremely unlucky,” says Shourd. “I guess I never believed there would be so many hundreds of people close to a border.” Her interview with the Times comes ahead of a court date for her fellow hikers, which was set for Saturday but has been delayed by Iran until Shourd “can return to Iran or,” if she refuses, her case can “be dealt with differently,” said an Iranian official. But her lawyer says the trial should go forward; neither he nor Shourd, he tells Reuters, were notified of the change.']",1346,532
Summary:,b098061a149726a9be0bb34d5f72548ba9df5aab9608c344,"  

In March 2012, a military coup took place in Mali, a country that had been considered one of the few stable democracies in the region. The coup was led by soldiers who had staged a mutiny, seizing control of the presidential palace and ousting President Amadou Toumani Toure just one month before his term was set to end. The mutineers, who called themselves the National Committee for the Reestablishment of Democracy and the Restoration of the State (CNRDR), announced the suspension of the constitution and the dissolution of government institutions. They claimed the government had failed to address the ongoing Tuareg rebellion in the northern part of the country, which had intensified since January when Tuareg fighters, many of whom had previously fought with the late Libyan leader Muammar Gaddafi, returned to Mali with weapons.  

The coup was met with strong condemnation from regional and international bodies, including the West African regional bloc ECOWAS, which called the actions of the mutineers ""misguided"" and ""reprehensible."" The mutiny began on Wednesday, March 21, when soldiers in the capital, Bamako, turned against the government. The mutineers took control of key state media outlets, including the national television and radio stations, and imposed a nationwide curfew. Gunfire and chaos were reported throughout the city, with some soldiers reportedly celebrating in the streets.  

President Toure was reportedly taken by surprise, as his bodyguards failed to prevent the mutineers from entering the presidential palace. His whereabouts remained unknown, though some sources suggested he was in a safe location. Several ministers were arrested, and the military leadership was in disarray. The mutiny leader, Captain Amadou Sanogo, emerged as the de facto leader of the new regime, though it was unclear whether he had the full support of the military.  

The Tuareg rebellion, which had been a long-standing issue in Mali, had grown more dangerous in recent months. The rebels, who sought greater autonomy or independence for the northern regions, had been emboldened by the return of armed Tuareg fighters from Libya. The government had been criticized for its inability to provide adequate military support or resources to the troops fighting the rebellion.  

The coup marked a significant setback for Mali's democratic institutions, which had been in place for over two decades. The international community, including the United States and France, called for a peaceful resolution to the crisis. Meanwhile, the situation in the country remained volatile, with the potential for further instability and conflict. The upcoming presidential election, originally scheduled for April",1.0,en,multi_news,,multi_news,"Now, write a one-page summary of all the news.

","[""A military coup is under way in Mali, as renegade soldiers stormed the presidential palace in the capital of Bamako today, and soon afterward appeared on state TV to announce that they had booted the president and taken over the country, the BBC reports. The soldiers said they were suspending the constitution, dissolving its institutions and instituting a nationwide curfew. They said they were taking power because of President Amadou Toumani Toure's failure to defeat a rebellion by the Taureg tribes in the north, the AP reports. The military “has decided to assume its responsibilities and end the incompetent and disavowed regime of Amadou Toumani Toure,” the troops said, adding that it “does not in any way aim to confiscate power, and we solemnly swear to return power to a democratically elected president as soon as national unity and territorial integrity are established.” The mutiny comes just a month before Toure was set to leave office legally.""]",2184,532
Summary:,16a2f856042ce42ee1ecefe6b73868e858ef0f93c7164a93,"  

This news compilation highlights two distinct topics: the long-standing data donation by Alexa Internet to the Internet Archive, and a surprising revelation about actor Dean-Charles Chapman’s dual role in *Game of Thrones*.  

Starting with the first news passage, it notes that since 1996, Alexa Internet has been providing its web crawling data to the Internet Archive, which is then stored in the Wayback Machine after a period of embargo. This initiative has allowed for the preservation of vast amounts of online content over the years, offering a digital archive of the internet’s evolution.  

The second and third passages focus on an interesting behind-the-scenes detail from *Game of Thrones*. Actor Dean-Charles Chapman is best known for his role as King Tommen Baratheon, who ascended to the throne in Season 4 following the death of his brother, Joffrey. However, Chapman had previously played a different character in the series: Martyn Lannister, a young squire who was part of the Lannister army. Martyn appeared in Season 3, specifically in episodes “Walk of Punishment” and “Kissed by Fire,” before being killed off by Lord Rickard Karstark as revenge for the death of his own son.  

This revelation has sparked discussion among fans, as it highlights the actor’s ability to portray multiple characters from the same family lineage. The Lannister family, known for its complex and often incestuous relationships, is portrayed in the show with a number of characters who share striking physical similarities. This has led to speculation about the show’s narrative structure and the potential for further character connections.  

Interestingly, the fact that Chapman played both Tommen and Martyn has gone largely unnoticed by many viewers, despite the fact that the two characters are related—Martyn being the nephew of Tywin Lannister, and Tommen being his cousin. This has led to some humor and confusion among fans, with some suggesting that the show’s writers may have intentionally blurred the lines between characters to add depth to the story.  

In conclusion, the news highlights both a technological contribution to digital preservation and a fascinating behind-the-scenes detail from a popular television series, showcasing the diverse range of topics that can be found in the news.",1.0,en,multi_news,,multi_news,"Now, write a one-page summary of all the news.

","['The internet loves obsessing over Game of Thrones, so Hello Giggles wants to know why more people aren\'t talking about the fact that ""Tommen is also his own cousin."" Dean-Charles Chapman currently plays King Tommen Baratheon on the show, a role he took over from a younger actor in 2014. But he also played Tommen\'s cousin, Martyn Lannister, in a few episodes of the show back in the third season, Mashable explains. Hello Giggles thinks the recasting makes complete sense. “Given the Lannister family’s penchant for incest, having several people in that lineage look the same (like exactly the same) would not be a surprise.” Poor Martyn was killed off after being taken hostage by Robb Stark, and Bustle thinks Chapman better hope for a third role as Tommen is ""probably doomed just like his look-alike cousin.""']",827,532
Summary:,896ac529049c799018f04d0e8498d7a88ffb6d5ebfe334b9,"  

The news highlights ongoing political tensions and partisan disputes surrounding the investigation into potential Russian interference in the 2016 U.S. presidential election and its connections to the Trump campaign. Key developments include the House Intelligence Committee’s decision to release a classified memo that alleges misconduct by senior FBI officials in the use of the Foreign Intelligence Surveillance Act (FISA) program to surveil a Trump campaign foreign policy adviser. The memo, which was written by Republicans on the committee, has sparked significant controversy and accusations of politicization of the intelligence process.  

Democrats, led by Rep. Adam Schiff, have criticized the release of the memo, arguing that it misrepresents the facts and undermines the integrity of the FBI and the Department of Justice. They also oppose the public release of the memo, citing national security concerns. The memo, which was shared with FBI Director Christopher Wray and Deputy Attorney General Rod Rosenstein, reportedly accuses the FBI of improperly using a dossier compiled by former British spy Christopher Steele, which was funded by the Clinton campaign and the Democratic National Committee.  

The White House has not yet made a final decision on whether to authorize the release of the memo, with President Trump expressing support for transparency. However, the Justice Department has raised concerns about the potential risks of releasing the document without proper review. Meanwhile, some Republican senators, including Lindsey Graham and Susan Collins, have urged Trump to remain silent on the matter and to ensure that Special Counsel Robert Mueller is not removed from his position.  

The situation has further complicated the already contentious relationship between the Trump administration and the intelligence community, with Republicans accusing the FBI and DOJ of bias and Democrats warning of the dangers of politicizing the investigation. The release of the memo has also intensified debates over the role of the House Intelligence Committee in overseeing the Russia probe and the broader implications for the rule of law and national security.  

As the political and legal landscape continues to evolve, the memo’s release and its potential impact on the ongoing investigation remain central to the public discourse on the 2016 election and the integrity of the U.S. government institutions.",1.0,en,multi_news,,multi_news,"Now, write a one-page summary of all the news.

","[""It's all up to President Trump now. The House Intelligence Committee voted along party lines Monday to release a controversial memo that alleges wrongdoing on the part of the Justice Department and the FBI in regard to the Russia investigation, reports Politico. Democrats are fuming over the decision. Trump now has five days to decide whether to allow the memo to be released; his approval is necessary because it's a classified document. The memo alleges that the FBI and the Justice Department improperly used government surveillance during the investigation into Russian election interference and contacts with Trump's campaign, per the AP. The vote to release the memo comes after committee Republicans, led by chairman Rep. Devin Nunes, pushed for its disclosure. The memo addresses a dossier of allegations against Trump compiled by a former British spy, and questions over whether it was improperly used to obtain surveillance warrants. The panel's ranking Democrat, Rep. Adam Schiff, announced the vote results Monday while criticizing the Republicans' decision. Democrats generally say the memo cherry-picks facts and presents a distorted view of things.""]",1655,532
Summary:,517d590c630dd425aca22990641cd6d3a0633596e7eb9b8e,"  

The U.S. and China remain locked in a high-stakes trade dispute, with both nations escalating tariffs and signaling a willingness to retaliate further. The Trump administration has announced plans to increase tariffs on an additional $200 billion in Chinese imports, raising the rate from 10% to 25%, according to reports from Bloomberg and CNN. This move follows the imposition of 25% tariffs on $34 billion in Chinese goods, which China has matched with its own tariffs on U.S. imports. The potential new tariffs are set to take effect soon, with the administration still finalizing the list of goods targeted for the increase.  

China has vowed to respond in kind, with officials emphasizing that any further U.S. actions will be met with a strong countermeasure. A Chinese foreign ministry spokesperson, Geng Shuang, called for dialogue based on mutual respect and equality, warning that unilateral pressure would be counterproductive. However, there has been no indication that the two sides are preparing to resume formal negotiations, despite reports that U.S. Treasury Secretary Steven Mnuchin and Chinese Vice Premier Liu He are engaging in private discussions to restart talks.  

The trade war has created uncertainty in global markets, with U.S. stocks seeing a slight rebound as investors hoped for a resolution. However, tensions remain high, with both sides accusing each other of unfair practices. The U.S. has framed its actions as necessary to protect intellectual property and technology, while China has criticized the measures as protectionist and an attempt to exert economic pressure.  

Complicating efforts to reach a deal is the ongoing dispute over the ZTE Corporation, a Chinese telecom company that was previously restricted by the U.S. government. A deal was reached that allowed ZTE to resume operations, but it came at the cost of a failed $44 billion bid by Qualcomm to acquire NXP Semiconductors. The U.S. has expressed disappointment over the deal’s collapse, which has further strained relations.  

Internally, China is also adjusting its economic strategy, with the Politburo signaling a shift toward growth-focused policies amid concerns over debt reduction and trade tensions. The administration is under pressure to find a way to reduce the U.S. trade deficit without provoking further retaliation from Beijing.  

As the situation continues to evolve, the path to a resolution remains unclear, with both nations showing little sign of backing down. The potential for a full-blown trade war looms large, with global economic implications that could affect industries and markets worldwide.",1.0,en,multi_news,,multi_news,"Now, write a one-page summary of all the news.

","['The US in early July hit $34 billion of Chinese goods with an extra 25% tariff; China responded in kind. CNN reports round two could see the US slap tariffs on another $16 billion in goods as soon as this week, but it\'s a much bigger figure that\'s attracting attention Wednesday. Bloomberg cites sources who say the White House is thinking about upping the ante and imposing not an additional 10% tariff on $200 billion worth of Chinese goods but an additional 25%. CNN echoes that news via its source. Bloomberg frames the move, which would be revealed in the next couple of weeks, as intended to ""force officials back to the negotiating table through threats of even higher tariffs""; the last high-level negotiations took place nearly two months ago. A Chinese foreign ministry rep responded to the news thusly, per the AP: ""If the United States takes further measures that escalate the situation, China will definitely fight back. We are determined to safeguard our legitimate and lawful rights and interests.""']",1393,532
Summary:,67411d502fad1746554e177dac9bda7b3fbbf22ee9040ac4,"  
Sony recently unveiled the PlayStation 4 (PS4), marking the next generation of its gaming platform. The PS4 is designed to shift the focus of gaming from the living room to wherever the player is, emphasizing flexibility and accessibility. The console is built on an x86 architecture, making it more developer-friendly than its predecessor, the PS3. This change aims to simplify the software development process, allowing game creators to build more efficiently and effectively.

The PS4 features a redesigned DualShock 4 controller, which includes a touchpad, a share button, a headphone jack, and a light bar that can track movement, similar to the PlayStation Move. This controller enhances the gaming experience with new interactive features. The console also introduces advanced capabilities such as save states, background downloading, and cloud-based storage through the PlayStation Cloud service, which allows users to stream old titles without physical media.

In terms of performance, the PS4 delivers impressive graphics and processing power, with demos showcasing high-quality visuals, realistic lighting, and detailed environments. While the console is more powerful than the PS3, it is not a revolutionary leap, offering a more refined and enhanced experience rather than a complete overhaul. The PS4 also emphasizes social gaming, with features like live streaming, spectator mode, and integration with social media platforms such as Facebook.

The PS4 is set to launch in the holiday season of 2013, with a focus on both hardware and software innovation. Despite its improvements, the console is expected to maintain a similar design aesthetic to the PS3, with no official details on its appearance or pricing. Overall, the PS4 represents a significant step forward in the evolution of gaming, combining powerful hardware, user-friendly design, and a strong emphasis on social and cloud-based features.",1.0,en,multi_news,,multi_news,"Now, write a one-page summary of all the news.

","['Sony today unveiled its next-generation gaming system, PlayStation 4, saying the console will be part of a new ecosystem focused on hardware, software, and ""the fastest, most powerful gaming network."" The new console is the Japanese electronics giant\'s first major game machine since the PlayStation 3 went on sale in 2006. Today\'s unveiling is Sony\'s attempt to steal the spotlight, at least until Microsoft unveils its next Xbox in June at the E3 video game expo in Los Angeles. Among the PS4\'s revisions is an updated controller that adds a touchpad, motion control, and a ""share"" button. The controller also features a light bar, which means a new PlayStation camera can more easily track the device. Sony has struggled lately to keep up with Microsoft and other rivals such as Apple and Samsung. The company is promising nifty mobile devices, sophisticated digital cameras, and other gadgetry as part of its comeback effort. More details at Gizmodo and TechCrunch.']",1594,532
Summary:,cde1b291ab8ec7aea147dfb03144af2cf42f0febadd89ea7,"  

Recent advancements in neuroscience and artificial intelligence have brought us closer to understanding the human mind in unprecedented ways. Researchers at the University of California, Berkeley, have developed a groundbreaking technique that allows for the reconstruction of visual experiences from brain activity. This technology, which uses functional magnetic resonance imaging (fMRI) and machine learning algorithms, has enabled scientists to create visual representations of what a person is seeing based on the patterns of neural activity in the brain.  

In a series of experiments, participants watched YouTube videos while their brain activity was recorded. Using this data, researchers trained a ""movie reconstruction algorithm"" to translate neural patterns into visual content. The resulting videos, while blurry and abstract, resemble a surreal, dream-like interpretation of the original content. This achievement marks a significant step forward in the field of neuroimaging, as it is the first time scientists have successfully reconstructed dynamic visual experiences from brain activity.  

The implications of this research are vast. While the current technology is limited to reconstructing what a person is watching, the long-term goal is to decode more complex mental states, such as dreams, memories, and even thoughts. Scientists believe that understanding how the brain processes visual information in naturalistic conditions could lead to breakthroughs in treating neurological disorders, improving communication for individuals with paralysis, and even advancing fields like virtual reality and artificial intelligence.  

However, the ethical and legal ramifications of such technology remain a subject of debate. While the potential for medical and scientific applications is promising, concerns about privacy, consent, and the misuse of brain-reading technology have also been raised. Researchers emphasize that the current system is still in its early stages and requires further development to achieve higher resolution and accuracy.  

The study, published in the journal *Current Biology*, highlights the complexity of the human brain, which is composed of numerous specialized modules that work together to process visual information. As the technology evolves, scientists hope to build more comprehensive models that can decode not just what we see, but also how we interpret and understand the world around us.  

In conclusion, this research represents a major milestone in the intersection of neuroscience and technology. It opens new avenues for understanding the human mind and has the potential to revolutionize fields ranging from medicine to law. However, as with any powerful technology, it also raises important ethical questions that must be addressed as the field continues to advance.",1.0,en,multi_news,,multi_news,"Now, write a one-page summary of all the news.

","['Scientists at UC Berkeley have made a major advancement in the field of mind reading, reconstructing YouTube videos based on brain scans from people who’d seen them. Researchers would put subjects into an MRI machine and track their brain activity as they viewed videos. Once they’d build a model of how a subject’s mind processed the video, “we could read brain activity for that subject and run it backward … to try to uncover what the viewer saw,” one study coauthor tells ABC News. Using the scans they were then able to reproduce the videos—though they’re blurry. “This is a major leap,” the co-author says. He thinks the technique could eventually be used to reconstruct dreams or memories, if it turns out the brain processes those things similarly to how it processes movies. “It’s our next line of research.” (More details on how the experiment worked, along with a video, at PC Magazine.)']",1188,532
Summary:,4a14994bceab965b7070de143a561309499b57c1a1fcd1ab," 

In early 2013, the U.S. House of Representatives engaged in a series of symbolic and procedural actions that highlighted the political gridlock and strategic inaction of the Republican majority. One of the most notable events was the passage of H.R. 667, a bill to rename the Dryden Flight Research Center in California after astronaut Neil A. Armstrong, the first person to walk on the moon. This renaming was not seen as a major legislative priority, but rather as a symbolic gesture by House Republicans, led by Majority Whip Kevin McCarthy (R-Calif.), to honor Armstrong and align with the broader narrative of American achievement. The bill passed with overwhelming support, reflecting the Republicans' tendency to prioritize symbolic actions over substantive policy.

At the same time, the House was largely inactive, with lawmakers spending much of their time on ceremonial votes and procedural motions. This inaction was part of a broader strategy by House Republicans to avoid meaningful legislative action, particularly in the face of the looming sequester—a series of automatic, across-the-board spending cuts set to take effect on March 1, 2013. The sequester was seen by many as a political tool, with Republicans arguing that it was preferable to the alternative of raising taxes or making more targeted spending cuts. President Barack Obama, on the other hand, had been advocating for a different approach, including tax increases and more strategic spending reductions.

The sequester was expected to impact a wide range of federal programs, including national defense, public health, and education. However, it did not affect the salaries of members of Congress, who continued to receive their full pay despite the cuts to other programs. This disparity underscored the political reality that the sequester was more of a symbolic threat than a real fiscal crisis for lawmakers themselves.

The inaction of the House was further illustrated by the fact that, on the day the renaming bill was considered, the chamber was largely empty, with many members absent for the weekend. The procedural nature of the day’s proceedings, including a ceremonial vote on the journal of proceedings and a brief speech by Rep. Joe Wilson (R-S.C.) on the importance of national security, highlighted the lack of substantive debate and the focus on maintaining the status quo.

Overall, the events of this period reflected a broader pattern of political stagnation, with Republicans using symbolic gestures to maintain their narrative while avoiding the difficult choices required to address the nation’s fiscal challenges. The sequester, while a real policy decision, was more of a political maneuver than a genuine solution to the budgetary crisis. The result was a government that was more",1.0,en,multi_news,,multi_news,"Now, write a one-page summary of all the news.

","['We shouldn\'t be too worried about the sequester—after all, Congress doesn\'t exactly seem to be recoiling at the thought. And Roger Simon has a theory on why: Lawmakers\' own salaries aren\'t getting cut, he explains at Politico. Sure, their staffers are facing furloughs that amount to a 20% pay decrease, but members of Congress will keep collecting six-figure salaries. Of course our lawmakers ""might have to figure out how to put those plastic coffee pods in the machines themselves, but these people are not fools,"" he writes. ""They will order out. If they can figure out how to work the telephones."" In fact, House Republicans are positively excited about the sequester, writes Dana Milbank in the Washington Post, noting their agenda yesterday consisted only of renaming a California NASA research center. They\'re ""pursuing a considered strategy of deliberate idleness,"" after finally realizing that doing nothing means they get ""a 2.5% cut in all federal spending without coughing up a single dollar in tax increases. They have learned to stop worrying and love the sequester."" Click for Milbank\'s full piece; Simon\'s humorous take is here.']",1365,532
Summary:,7d455b3437ab0d3ca49a258878db1a3bbba5d7788a9f496b,"  

Recent news highlights intense scrutiny of Wells Fargo and a significant political development regarding Jerusalem.  

Sen. Elizabeth Warren, a prominent critic of the financial industry, aggressively questioned Wells Fargo CEO John Stumpf during a congressional hearing, accusing him of leading a widespread fraud that involved creating millions of fake customer accounts to boost cross-selling. Warren called for Stumpf’s resignation, criminal investigation, and the return of profits gained from the scandal. She cited internal company documents and earnings call transcripts to support her claims, arguing that Stumpf’s leadership was “gutless” and that the bank’s culture of unethical behavior led to widespread customer harm. Stumpf defended the bank’s practices, claiming that cross-selling was about building customer relationships, but Warren dismissed this as a cover for financial misconduct. The hearing also drew attention to the fact that over 5,000 employees were fired for their role in the scandal, and that the bank has already paid $185 million in penalties.  

In addition to the Wells Fargo controversy, President Donald Trump is set to announce the U.S. will recognize Jerusalem as Israel’s capital, a move that has drawn strong international criticism. While the administration has not yet moved the U.S. embassy to Jerusalem, Trump will issue a six-month waiver, effectively delaying any immediate change. This decision has been condemned by religious and political leaders, including Pope Francis, who called for the preservation of the status quo in Jerusalem. The move is seen as a major obstacle to future peace talks between Israelis and Palestinians, as it undermines the possibility of a two-state solution.  

Meanwhile, there are broader geopolitical shifts in the Middle East, with Saudi Arabia reportedly offering a peace plan that favors Israeli interests. The plan, which has not been officially confirmed, would grant Palestinians a non-contiguous state in parts of the West Bank, but would leave most Israeli settlements intact and deny East Jerusalem as a capital. This development signals a growing alignment between the U.S., Israel, and Saudi Arabia, raising concerns about the future of the Israeli-Palestinian conflict and the prospects for a lasting peace.  

These events underscore the ongoing tensions in both the financial sector and international diplomacy, with significant implications for corporate accountability, U.S. foreign policy, and the prospects for regional stability.",1.0,en,multi_news,,multi_news,"Now, write a one-page summary of all the news.

","['Sen. Elizabeth Warren went after Wells Fargo CEO John Stumpf during a Senate hearing Tuesday with the kind of heat she usually reserves for Donald Trump tweetstorms. ""You should resign ... and you should be criminally investigated,"" NPR quotes Warren as saying. Stumpf was in front of the Senate banking committee after Wells Fargo employees created millions of fake accounts for customers without their permission in order to charge them extra fees. Stumpf said he was ""deeply sorry"" for what happened, New Republic reports. But—according to CNBC—he maintained it wasn\'t a ""scam""—Warren\'s word—but a ""way of deepening relationships"" with customers. Warren accused Stumpf of ""gutless leadership"" for passing responsibility for what happened away from himself and other senior executives while blaming ""thousands of $12-an-hour employees who were just trying to meet cross-sell quotas that made you rich."" The employees\' cross-selling scheme was at least partially responsible for Wells Fargo stock going up, making Stumpf\'s shares alone gain $200 million in value. While more than 5,000 Wells Fargo employees were fired, none of the senior executives are losing their jobs. Warren said the only way Wall Street will be reformed is if CEOs like Stumpf start seeing jail time. She\'s one of only a few members of the Senate banking committee that hasn\'t gotten money from Wells Fargo\'s PAC.']",1931,532
Summary:,1a3aae0f474e588f3121889de2dd78aee5aa2291944d2a7e,"  

A major cybersecurity incident has unfolded involving the popular Netflix series *Orange Is the New Black* (OITNB), as a hacker collective known as ""The Dark Overlord"" has allegedly stolen and leaked episodes of the upcoming fifth season. The breach, which reportedly occurred in late 2016, involved a cyberattack on Larson Studios, a post-production company that worked with multiple major networks, including ABC, Fox, National Geographic, and IFC. The stolen content, including unreleased episodes of OITNB, was allegedly shared online, with the first 10 episodes of season five reportedly uploaded to the Pirate Bay in early June.  

The hacker, who has previously made similar threats, claimed to have obtained the stolen material through a breach of Larson Studios and has since demanded an unspecified ransom from Netflix to prevent further leaks. However, the authenticity of the leaked episodes has not been independently verified, and Netflix has not officially confirmed the breach. In a statement, Netflix acknowledged the situation, noting that a production vendor used by several major studios had its security compromised and that law enforcement, including the FBI, is involved in the investigation.  

The leak has raised concerns about the potential impact on Netflix’s business, particularly as the streaming service is counting on the success of *OITNB* to help it achieve its target of adding 3.2 million new subscribers between April and June. A similar incident in February 2017 saw the hacker claim to have stolen content but later retract the threat, suggesting a possible pattern of behavior.  

The Dark Overlord has also threatened to release content from other networks unless ransoms are paid, indicating a broader campaign targeting Hollywood studios. The hacker’s message, which included a mix of arrogance and demands, has drawn attention to the growing threat of cybercrime in the entertainment industry.  

As the situation develops, the potential consequences for Netflix, its subscribers, and the broader media landscape remain uncertain. The incident highlights the vulnerabilities in digital content security and the ongoing challenges faced by streaming platforms in protecting their intellectual property.",1.0,en,multi_news,,multi_news,"Now, write a one-page summary of all the news.

","['A hacker going by The Dark Overlord claims to have stolen and released 10 episodes of the new season of Orange Is the New Black more than a month before its official release on Netflix. Variety reports the hacker was demanding an unspecified ransom from Netflix, uploading the first episode of the upcoming fifth season to a file-sharing site Friday as proof. The next nine episodes were uploaded early Saturday morning after The Dark Overlord claims Netflix refused to pay them. The hacker says they\'re ""quite ashamed to breathe the same air"" as Netflix, as they were being entirely ""reasonable and merciful"" with their ransom offer. Neither Variety nor the AP have been able to—legally—confirm the authenticity of the episodes uploaded by The Dark Overlord. The new Orange Is the New Black episodes were apparently stolen months ago. Netflix says a production vendor ""had its security compromised""; Variety identifies that vendor as Larson Studios, a post-production facility. The Dark Overlord says they weren\'t able to steal the final three episodes of the season because they weren\'t finished yet. The Dark Overlord told the AP in February they wouldn\'t release any of the stolen episodes; it\'s unclear why that changed. The hacker also claims to have stolen TV series from ABC, National Geographic, Fox, and IFC via the hack at Larson Studios. They\'re reportedly seeking a ""modest"" ransom for those as well. The leak of new Orange is the New Black episodes could hurt Neflix\'s subscriber numbers and stock price. The FBI is investigating.']",1236,532
Summary:,29e70d6cc78b4178681b654108953ce8ea90ff6f069d160f,"  

On September 25, 2012, twin bombings targeted Syria’s army command headquarters in Damascus, triggering hours of intense gunfighting and a massive fire that engulfed the heavily guarded complex. The explosions, which occurred near Omayyad Square, were attributed to a car bomb and an explosive device, according to Syrian military officials. The blasts, which were heard across the city and shattered windows of nearby buildings, marked another escalation in the ongoing civil war that has claimed thousands of lives since it began in March 2011.  

Witnesses reported that the explosions were followed by heavy gunfire, with some suggesting that rebels may have been entrenched within the military compound. The Syrian army claimed no high-ranking officials were harmed, though it acknowledged that several guards were wounded. However, the Iranian state-run news agency Press TV reported that its correspondent, Maya Naser, was killed during the violence. Naser, a 33-year-old Syrian national, was shot by a sniper while reporting on the attacks.  

The attacks were part of a broader pattern of rebel efforts to strike at regime symbols and security installations in an attempt to weaken President Bashar al-Assad’s grip on power. Earlier in the year, rebels had successfully detonated a bomb in a high-level government meeting, killing three senior officials, including the defense minister. Other attacks had targeted security headquarters in Damascus, resulting in numerous casualties.  

The violence in Damascus drew international attention, particularly as world leaders gathered at the U.N. General Assembly in New York. U.N. Secretary-General Ban Ki-moon called for urgent international action to address the escalating crisis, which he described as a “regional calamity with global ramifications.” However, progress has been stalled due to geopolitical divisions, with Russia and China vetoing Western-backed resolutions aimed at pressuring Assad to end the violence.  

Meanwhile, the U.S. under President Barack Obama expressed support for the Syrian opposition, condemning Assad as a “dictator who massacres his own people.” The conflict has left the country in a state of chaos, with civilians caught in the crossfire and the humanitarian situation deteriorating by the day.  

As the war continues to deepen, the attacks in Damascus underscore the growing intensity of the conflict and the increasing risks faced by journalists and civilians alike. The international community remains divided on how to respond, with the situation showing no signs of immediate resolution.",1.0,en,multi_news,,multi_news,"Now, write a one-page summary of all the news.

","['Damascus has been rocked by bombings for the past two days, with at least two large blasts hitting Syria\'s military headquarters there this morning. The Free Syrian Army claimed responsibility for the attack, said to be the largest since July explosions killed President Bashar al-Assad\'s brother-in-law and other key aides; the BBC reports that Assad would have been able to hear today\'s explosions from his palace. Gunfire broke out afterward, and Maya Nasser, a TV correspondent for the Iranian Press TV, was shot dead by sniper fire during a live broadcast, report the New York Times and Press TV. Other government facilities were hit by bombs yesterday, proving the opposition can still get past government security, but the regime is downplaying the scope of the attacks while the opposition says many of Assad\'s forces have been killed. In other news from Syria: UN Secretary-General Ban Ki-moon called for international action at the General Assembly yesterday, calling the conflict ""a regional calamity with global ramifications,"" the AP reports. Click for more from the General Assembly on Syria. Clashes have also been reported near Syria\'s border with Israel, leading the Israel Defense Forces to issue a statement declaring that ""fire from Syria leaking into Israel will not be accepted.""']",1465,532
Summary:,183d3bfe46647cd7ab69bd3de79e9e6edee9e4f5fbbb565d,"  

On August 11, 2018, a decomposing body was discovered inside a column of a WinCo Foods supermarket located at 700 block of West Avenue K in Lancaster, California. The body was found by a store manager who had reported a foul odor emanating from the column. A plumber and handyman were called to investigate, and during the process, they uncovered a leg and a shoe inside the brick structure. Further examination revealed the body of a man, later identified as Raymundo Rivera, 35, who had been the subject of a police chase earlier in the week.  

According to law enforcement, Rivera had been involved in a high-speed pursuit with police on Monday night. He had fled the scene after a traffic stop, crashed his vehicle, and then ran into the WinCo store before climbing onto the roof. Detectives believed he had entered the column to evade capture, but he was never seen again. The body was discovered five days later, in a state of severe decomposition.  

Authorities speculated that Rivera may have fallen or become trapped inside the column, where he was exposed to extreme heat, as temperatures in the area had reached over 100 degrees Fahrenheit. The body was found standing on both feet, but one arm was trapped behind his head, suggesting he had been in the column for some time.  

The Los Angeles County Sheriff’s Department is leading the investigation, and an autopsy is pending to determine the exact cause of death. The store was temporarily closed for the duration of the investigation, and customers were advised to avoid the premises.  

Law enforcement is urging anyone with information about the incident to come forward. Contact information for the Los Angeles County Sheriff’s Homicide Bureau and Crime Stoppers was provided for those wishing to report tips.  

The case has been described as unusual and disturbing, with investigators expressing shock at the circumstances of the discovery. The incident has also raised concerns about the safety of the area and the potential for similar occurrences in the future.",1.0,en,multi_news,,multi_news,"Now, write a one-page summary of all the news.

","['A strong smell outside a California supermarket turned out to be someone who had decomposed in one of the store\'s entrance columns, ABC 7 reports. Police were called Saturday to the WinCo Foods in Lancaster after a plumber, told it was likely a septic problem, helped knock brick from the column and saw a shoe and a leg inside. ""It\'s been over 100 degrees up here every day,"" says LA County Sheriff\'s Lt. John Corina. ""I can\'t imagine being inside that column and just baking. It\'s a strange development, and if he died that way, it\'s a horrible way to die."" Police say the victim may be a man who was stopped for a fake license plate Monday night, NBC Los Angeles reports. He crashed the vehicle, ran away from deputies, and got into the supermarket. The man ""ran up the steps where the managers [are],"" an eyewitness tells CBS Los Angeles. ""And somehow he got on the roof. Last I heard, he got away."" From up there, he could have reached the store fascia and descended into the column. Whether he died from the fall or baked inside is unclear; he was found on his feet with an arm stuck behind his head. ""I saw some gooey liquid and it smelled really foul ... it was oozing out of the pillar onto the pavement,"" says a witness. ""It smelled like death.""']",1484,532
Summary:,8d81e972c4b7b8b46086d8e4b71001781506aeb0578c8e68,"  

Robert Durst, a wealthy New York real estate heir and long-time suspect in multiple high-profile crimes, was sentenced to 85 months in federal prison on a gun charge in New Orleans. The sentence, approved by U.S. District Judge Kurt Engelhardt, was part of a plea deal that also resolved pending charges in New York, Texas, and Louisiana. Durst, 73, pleaded guilty in February to being a felon in possession of a firearm, which was discovered during a March 2015 search of his hotel room in New Orleans.  

Durst has been a central figure in the HBO documentary series *The Jinx*, which explored his alleged involvement in the 2000 murder of his close friend and confidante, Susan Berman. He has consistently denied killing Berman, claiming he is innocent and that the murder remains unsolved. The documentary’s final episode included a controversial audio clip of Durst muttering, “I killed them all,” which has fueled speculation about his role in the deaths of several people, including Berman, his estranged wife Kathleen, and a neighbor in Texas.  

As part of the plea agreement, Durst’s attorneys requested that he serve his prison term at a low-security federal facility in California, where he will face a separate murder trial for Berman’s death. The judge agreed to recommend that Durst be transferred to a California prison, and his attorneys expect him to be moved there within weeks. Durst’s legal team has emphasized that he is not guilty of Berman’s murder and that he is eager to defend himself in the upcoming trial.  

Durst’s criminal history includes previous convictions for jumping bail and carrying a weapon across state lines. He was arrested in New Orleans in 2015 after authorities tracked him there following a tip that he was planning to flee to Cuba. The gun charge led to his current incarceration, but the case has drawn significant public and media attention due to his high-profile status and the unresolved nature of the alleged crimes.  

While Durst faces a murder trial in California, his legal team remains confident in his innocence and is focused on clearing his name. The case continues to captivate the public, with ongoing speculation about his role in the mysterious deaths that have plagued his life.",1.0,en,multi_news,,multi_news,"Now, write a one-page summary of all the news.

","['A New Orleans judge officially approved Robert Durst\'s February plea deal on a gun charge and sentenced him to seven years in prison on Wednesday, Reuters reports. For more than a year, the real estate heir has languished in a New Orleans prison after being nabbed with a handgun in his hotel room. He was busted for that felony just one day before the series finale of HBO\'s The Jinx, in which he famously appeared to confess to three murders by saying, ""What the hell did I do? Killed them all, of course."" US District Judge Kurt Engelhardt also agreed that Durst can be transferred to a low-security prison with medical facilities in San Pedro, Calif., where the 73-year-old\'s attorneys say his ""advanced age and poor health"" can be better addressed, per the Advocate. In California, Durst will face a murder charge in the 2000 death of friend Susan Berman, the AP reports. (A Texas judge believes Durst once dumped a cat\'s head on her doorstep.)']",2091,532
Summary:,87bddfc509607ad666d144d18ab35ae277eac05a10771fc9,"  

The case of Hannah Graham, an 18-year-old University of Virginia student who disappeared in September 2014 and was later found dead, continues to unfold in court. Jesse Matthew Jr., 34, is charged with capital murder in her death and faces first-degree murder charges in the 2009 killing of Morgan Harrington, a Virginia Tech student. Matthew is currently serving a life sentence for a 2005 attempted murder and sexual assault.  

In a recent pretrial hearing, new details emerged about the investigation into Graham’s disappearance. Former Louisa County Sheriff’s Office Detective Buck Garner testified that a police bloodhound named Shaker helped track Graham’s scent. The dog detected Graham’s scent at an industrial site about a mile from downtown Charlottesville, suggesting she may have been attacked there. The bloodhound also found Graham’s scent on the passenger side door of Matthew’s car, at the entrance to his apartment, and near a dumpster at his building.  

Detective Garner described how the dog’s trail led investigators to the Downtown Mall area, where surveillance footage showed Graham walking alongside Matthew. Her remains were discovered six weeks after her disappearance on an abandoned property in Albemarle County.  

The defense, led by attorney Doug Ramseur, challenged the validity of the search warrants obtained for Matthew’s car and apartment, arguing that the dog’s findings were inconsistent with witness accounts and video evidence. However, Albemarle County Circuit Judge Cheryl Higgins ruled that there was no evidence of deliberate misstatements or reckless disregard for the truth in the affidavit supporting the search warrants. She noted that other elements of the affidavit, such as witness statements placing Graham and Matthew together on the night of her disappearance and Matthew’s use of his debit card to buy drinks, provided probable cause for the searches.  

The case remains ongoing, with further developments expected as the trial proceeds. Prosecutors are seeking the death penalty for Matthew in connection with Graham’s murder.",1.0,en,multi_news,,multi_news,"Now, write a one-page summary of all the news.

","['A former police bloodhound handler told a court on Monday that during the search for UVa student Hannah Graham, the animal detected her scent outside the car and apartment of suspect Jesse Matthew—and the scent of ""fear and adrenaline"" where she was allegedly attacked. The handler was testifying during a pretrial hearing where lawyers for Matthew, who is already serving three life terms in prison for a 2005 sexual assault, unsuccessfully challenged the search warrants police obtained for Matthew\'s home and vehicle, the AP reports. He said the 7-year-old dog, Shaker, traced Graham\'s scent from downtown Charlottesville to a mulch pile at an industrial site, where the smell of fear was strongest. Matthew, 33, faces a capital murder charge in the 2014 death of Graham, whose body was found on an abandoned property around six weeks after she disappeared. He has also been charged with the 2009 murder of a Virginia Tech student. At Monday\'s hearing, another police witness testified that, contrary to what the defense claimed, the scent trail was consistent with surveillance videos that showed Graham wandering around, reports WSET. The officer shared text message records indicating that she was lost the night she disappeared.The Washington Post notes that Matthew is seen walking alongside Graham in some of the surveillance videos.']",1203,532
Summary:,cb7da78da0b824d72fa0aad8d6d586da50252635c871518f,"  

Shannon Egeland, a convicted white-collar criminal, has been sentenced to an additional three years and 10 months in prison for orchestrating a staged insurance scam that involved his teenage son. The sentencing, delivered by U.S. District Judge Anna J. Brown in Portland, Oregon, followed a guilty plea to conspiracy to commit wire fraud and failure to pay child support.  

Egeland, 43, had previously been sentenced to 10 years in federal prison for his role in a mortgage fraud scheme involving the housing development company Desert Sun. The company had raised millions from local banks through falsified loan applications and deceptive business plans. In 2014, as he prepared to begin his prison term, Egeland devised a plan to delay his sentencing and collect on a fraudulent disability insurance policy.  

To do so, he directed his 17-year-old son, Rylan, to shoot him in the leg with a shotgun on July 31, 2014, in Caldwell, Idaho. The incident was staged to appear as a random attack, with Egeland claiming he had been assaulted while helping a pregnant motorist. He then called 911 and reported the shooting. The injury led to the amputation of his left leg, and he now stands on a prosthetic limb during court proceedings.  

Egeland had applied for a disability insurance policy just days before the shooting, falsely stating he had no prior arrests or indictments. The fraud was quickly uncovered, and the insurance company did not suffer a financial loss.  

Prosecutors argued that Egeland’s actions were a clear attempt to manipulate the legal system for personal gain, describing him as a ""menace to society"" and a ""self-absorbed, opportunistic narcissist"" who recklessly endangered his son. Assistant U.S. Attorney Scott Bradford emphasized the psychological harm inflicted on the teenager, noting that the emotional and mental toll on the minor was ""unimaginable.""  

Egeland’s defense attorney, Ryan O'Connor, urged the court to consider the long-term consequences of the extended sentence, particularly given the defendant’s physical disability and mental health struggles. Egeland has since acknowledged his need for mental health treatment and has been prescribed three medications to address his condition.  

In addition to the extended prison term, Egeland was ordered to pay $90,011 in unpaid child support. The judge also mandated that he receive mental health counseling while incarcerated and undergo a new psychological evaluation upon his release.  

The case highlights the intersection of personal greed, legal manipulation, and the profound impact of criminal behavior on both",1.0,en,multi_news,,multi_news,"Now, write a one-page summary of all the news.

","['A white-collar crook is facing extra prison time for having his son shoot him in the legs with a 20-gauge shotgun, the BBC reports. Shannon Egeland, 43, was already facing 10 years for taking part in a vast mortgage-fraud scheme when he had his 17-year-old son shoot him by a road in Caldwell, Idaho, in an attempt to avoid prison. ""The psychological and emotional destruction defendant caused this minor child is unimaginable,"" US attorney Scott Bradford wrote in a sentencing memo. Back in 2009, Egeland was co-owner of an Oregon development company that defrauded banks out of $20 million in loans that he and a partner used to fund a lavish lifestyle. Facing prison, Egeland took out disability insurance and had his son aim for his legs. Egeland told police he\'d been attacked after stopping to assist a pregnant driver, but investigators got suspicious when his pricey BMW, his wallet, and his cellphone weren\'t taken, the Idaho Statesman reports. Then they learned about his recent insurance, and the whole thing unravelled. Now Egeland is facing an extra 3 years and 10 months for his roadside scheme and had his leg amputated from the shotgun blast. Bradford called him a ""self-absorbed, opportunistic narcissist,"" the Oregonian reports, but Egeland—who is now on three medications for mental health—has cast his own judgment. ""What bothers me the most is my son—the pain is on him,\'\' he says. ""If I could take it all back, I would, but I can\'t. That will haunt me the rest of my life.\'\'']",1541,532
Summary:,a888a9938ab8858b8f2c1c1c46da57a1bb2932d4bb2cd9b3,"  

A fatal crash involving a Tesla Model X occurred on March 23, 2018, on California Highway 101 near Mountain View. The driver, 38-year-old Walter Huang, an Apple engineer, died in the collision. The National Transportation Safety Board (NTSB) and California Highway Patrol (CHP) are investigating the incident.  

According to Tesla, the vehicle was operating on Autopilot at the time of the crash. The system was set to the minimum follow-distance, and the driver had received several visual and one audible warning before the collision. The driver’s hands were not detected on the wheel for six seconds prior to the crash. The vehicle’s logs indicated no action was taken to avoid the impact.  

The severity of the crash was attributed to a damaged crash attenuator, a safety barrier designed to reduce the force of a collision. The barrier had been crushed in a prior accident and was not repaired. This level of damage to a Tesla Model X had not been seen before.  

Walter Huang’s family reported that he had previously complained to a dealership about the vehicle’s Autopilot system veering toward the same barrier multiple times. Despite these concerns, the issue could not be replicated at the dealership. The family provided this information to investigators, emphasizing the potential significance of these repeated complaints.  

Tesla has maintained that Autopilot improves safety, citing statistics that show vehicles equipped with the system are 3.7 times less likely to be involved in a fatal accident. The company also highlighted that Autopilot does not prevent all accidents, but it significantly reduces the likelihood of them occurring.  

The California Department of Transportation (CalTrans) stated that replacement work for damaged barriers is typically completed within seven days, though weather conditions can delay repairs. In this case, the barrier had been damaged in an accident 11 days prior to the fatal crash.  

The incident has drawn renewed attention to the safety of autonomous driving systems. Following a similar crash involving an Uber autonomous vehicle in Arizona, where a woman was killed, the state suspended Uber’s license to test self-driving cars on public roads.  

Tesla has not commented directly on the specific incident, but it has reiterated its commitment to safety and the benefits of its Autopilot system. The company has also expressed deep sorrow for the loss of Walter Huang and his family, acknowledging the tragedy while emphasizing the importance of continued safety improvements.  

The case highlights the complex interplay between technology, human oversight, and infrastructure maintenance in the evolving landscape of autonomous vehicles. As these systems become more prevalent, the need for robust safety protocols, transparent communication,",1.0,en,multi_news,,multi_news,"Now, write a one-page summary of all the news.

","['The Tesla Model X that slammed into a highway barrier in California last week and killed the 38-year-old Apple engineer at the wheel had been on autopilot at the time of the crash, Tesla confirms in a blog post. But the company says driver Walter Huang ""received several visual and one audible hands-on warning earlier in the drive,"" adding that ""the driver’s hands were not detected on the wheel for six seconds prior to the collision."" Tesla also laid some blame on state highway officials, asserting that ""the reason this crash was so severe is because the crash attenuator, a highway safety barrier which is designed to reduce the impact into a concrete lane divider, had been crushed in a prior accident without being replaced."" The fact that the vehicle was on autopilot is likely to be controversial because, as ABC News notes, driver Huang had reportedly been concerned about it. His brother told KGO that Huang had brought his Model X back to the dealership complaining that when he used the feature, the car kept swerving toward the very same barrier that it eventually struck in the fatal collision. The NTSB is investigating the crash, including the fire that broke out after the collision. The accident follows another in Arizona in which a self-driving Uber struck and killed a pedestrian.']",2070,532
Summary:,062c9939593b01ca67c73f59d496ee3a329a32ad6788b96f,"  

Robin Williams, the iconic comedian and actor, passed away at the age of 63, leaving behind a legacy that touched generations. Known for his rapid-fire wit and emotional depth, Williams was a beloved figure in Hollywood and beyond. His career spanned decades, marked by a unique ability to connect with both adults and children.  

Williams began his career as a stand-up comedian, gaining fame through his work on the TV show *Mork & Mindy*. His performances were legendary, characterized by an almost supernatural ability to transform into a variety of characters, bringing humor and heart to every moment. His early work in films like *Good Morning, Vietnam* and *Dead Poets Society* showcased his range, but it was his work in children's entertainment that left a lasting impression.  

Williams became a household name for his roles in animated films such as *Aladdin* and *The Little Mermaid*, as well as live-action films like *Mrs. Doubtfire* and *Jumanji*. His performances in these films were not only entertaining but also deeply affecting, often portraying characters who were emotionally vulnerable and relatable to young audiences. His ability to embody innocence and humor made him a favorite among children and parents alike.  

Despite his success, Williams struggled with personal demons, including depression and substance abuse. His death by suicide, initially reported as an apparent case of asphyxia, shocked the world and sparked conversations about mental health.  

Throughout his career, Williams was known for his generosity and dedication to his craft. He was not only a performer but also a storyteller who brought joy and meaning to his audiences. His work in both comedy and drama demonstrated a rare talent for connecting with people on a deeply human level.  

Williams' impact on popular culture is immeasurable. He was a pioneer in blending humor with heart, and his films continue to be cherished by fans of all ages. His legacy lives on in the laughter he inspired, the stories he told, and the lives he touched.",1.0,en,multi_news,,multi_news,"Now, write a one-page summary of all the news.

","['After Robin Williams\' sudden death, the tributes are rolling in, with many recalling a comic genius grappling with private challenges. A sampling: When it comes to comedy, ""there wasn\'t a faster brain on the planet,"" writes Tony Hicks in the Contra Costa Times. We\'ll be hearing ""a litany of tributes about one of the great comedians who ever lived. Much of it will be some of the same adjectives used when any great performer dies—especially before their time. But in Williams\' case, most of it will be true."" Early in his career, ""it was clear that Mr. Williams was one of the most explosively, exhaustingly, prodigiously verbal comedians who ever lived,"" AO Scott writes in the New York Times. And beyond that, ""his essential persona as an entertainer combined neediness and generosity, intelligence and kindness, in ways that were charming and often unexpectedly moving."" Williams may have gotten his start long before Aladdin, but he gave a ""generous and humble"" gift to the millennial generation, writes Daniel D\'Addario at Salon. ""Williams will be remembered for his edgy comedy and for dramatic turns, but for people my age, Williams was our childhood,"" from Mrs. Doubtfire to Jumanji to Flubber. In the Los Angeles Times, Kenneth Turan recalls a moment when, facing an onslaught of photographers, Williams asked him—in the voice of a fly from a 1950s sci-fi flick—to ""help me, Ken. Help me."" The experience stuck with him and seems particularly resonant today, he writes.']",1921,532
Summary:,bad1e3a60dbc532a3c829bc6d719d48e7746e0096f668c38,"  

A murder investigation is ongoing in Montpelier, Vermont, following the fatal shooting of 33-year-old Markus Austin, a former player for the Vermont Frost Heaves basketball team. The incident, which occurred early Sunday morning, marks the first murder in the nation’s smallest capital city in nearly a century.  

Jayveon Caballero, 29, is the suspect in the shooting. He is wanted for second-degree murder and remains at large. According to police, Caballero and Austin were friends who had a disagreement at Gusto’s bar in Barre earlier that day. The altercation reportedly escalated when Austin allegedly assaulted Caballero’s girlfriend, Desiree Cary, 22. This led to a confrontation between Caballero and Austin outside Austin’s apartment, where Caballero shot and killed him.  

Witnesses reported that Caballero appeared to show remorse after the shooting, asking if the victim was okay before driving away. Police believe Caballero may have boarded a Greyhound bus in White River Junction heading south toward New York City. Authorities are working with other states to locate him and are urging anyone with information to come forward.  

Cary, who is also under investigation for drug offenses, was arrested on Sunday evening in connection with an ongoing drug investigation. She was released from custody after a court appearance and is scheduled to appear in court on charges related to drug distribution.  

A search of Caballero’s apartment in Barre, where he and Cary reside, did not yield his whereabouts. Neighbors have reported disturbances at the property, including drag racing and frequent vehicle traffic.  

The shooting has sparked concern in the small community of Montpelier, which has a population of about 7,500. Police Chief Anthony Facos noted that the incident is the first murder in the city since the 1920s.  

As the investigation continues, authorities are focused on locating Caballero and bringing him to justice. The case highlights the unexpected nature of violence even among individuals who were once close friends.",1.0,en,multi_news,,multi_news,"Now, write a one-page summary of all the news.

","[""Police in the country's smallest state capital are investigating something that hasn't happened there in living memory: a murder. Police in Vermont say they have issued an arrest warrant for 29-year-old Jayveon Caballero, who is accused of fatally shooting Markus Austin in Montpelier early Sunday after an altercation, the Times Argus reports. Witnesses told investigators that Austin, 33, assaulted Caballero’s girlfriend, Desiree Cary, during the altercation outside a bar in the nearby city of Barre early Sunday. Police say Caballero later confronted Austin outside his apartment and shot him dead. The body was found in the parking lot of Austin's apartment complex. A Vermont State Police spokesman says Caballero, who knew Austin before the shooting, fled the town and probably the state after the shooting, WCAX reports. The police spokesman says Caballero is believed to have boarded a Greyhound bus bound for New York City on Sunday morning, which made numerous stops in other states along the way. Later Sunday, Cary, 22, was arrested on apparently unrelated charges of selling heroin and crack cocaine. With around 7,500 residents, Montpelier has the smallest population of any state capital, the AP notes. Police Chief Anthony Facos says this is the city's first murder since a woman shot her husband in the 1920s.""]",1264,532
Summary:,650718d3c4e464de14b8558a130b934583bfd70b6df88a1f,"  

The situation in Syria remains volatile, with ongoing protests and government crackdowns intensifying in key cities like Hama. U.S. Ambassador Robert Ford recently visited Hama, a city with a long history of resistance to the Assad regime, to show solidarity with local residents. Ford’s visit, which included meetings with civilians and a visit to a hospital treating the injured, was met with a ""very warm welcome."" However, the Syrian government accused the U.S. of interfering in Syria’s internal affairs, calling Ford’s unannounced visit ""clear evidence of U.S. involvement in the ongoing events in Syria.""  

The protests in Hama, which have drawn large crowds, have been met with a harsh response from security forces. Activists reported that over 500,000 people participated in demonstrations in Hama, marking one of the largest protests yet in the country. The protests have led to numerous arrests and casualties, with reports of at least 13 protesters killed nationwide, including five in Homs and two in Damascus. The Syrian government has blamed opposition groups and foreign interference for the violence, with state media accusing ""armed gangs"" of using snipers to kill protesters.  

Hama has become a symbol of resistance, particularly following the 1982 military crackdown by the Assad regime, which killed an estimated 10,000 people. The city has once again become a focal point of unrest, with residents fearing another violent response from security forces. Reports indicate that over 1,000 people have fled Hama in recent days, seeking safety in nearby towns. Human rights groups have documented continued violence, including mass arrests and civilian casualties, as security forces attempt to suppress the protests.  

The U.S. has also taken diplomatic steps in response to the crisis. The State Department summoned the Syrian ambassador to Washington to address concerns over alleged U.S. embassy staff involvement in protests against the Assad government. This diplomatic tension highlights the broader international scrutiny of Syria’s human rights record and the growing role of foreign powers in the conflict.  

As the situation in Hama and other cities continues to escalate, the international community remains divided on how to respond. While some governments and activists call for greater support for the Syrian people, others urge caution to avoid further destabilizing the region. The protests, which have drawn both local and global attention, underscore the deepening crisis in Syria and the urgent need for a peaceful resolution.",1.0,en,multi_news,,multi_news,"Now, write a one-page summary of all the news.

","['America\'s ambassador to Syria visited one of the cities worst-hit by the crackdown against anti-government protesters yesterday, reports CNN. Robert Ford went to the city of Hama ""to make absolutely clear with his physical presence that we stand with those Syrians who are expressing their right to speak for change,"" an embassy spokeswoman says. An estimated 500,000 people joined an anti-government rally in the city last Friday. The Syrian government accused Ford of going to the city without authorization, saying the visit is ""clear evidence of the US involvement in the ongoing events in Syria and its bids to aggravate the situations which destabilize Syria.\'\' An embassy spokeswoman says the Syrian government was told a delegation would be visiting Hama, although no Syrian ""handlers"" were taken and officials weren\'t informed about the ambassador\'s presence. The city has been a symbol of opposition since 1982, when a crackdown ordered by the present Syrian leader\'s father killed around 20,000 people, al-Jazeera notes.']",1397,532
Summary:,85fb841bcfd0896e05d89ff445cc59c694832e8c3b06b60e,"  

Recent news highlights a series of cybersecurity threats targeting political organizations and election infrastructure in the United States, particularly as the country prepares for midterm elections. The Federal Bureau of Investigation (FBI) is investigating a potential cyberattack on the Democratic National Committee (DNC), which officials described as a sophisticated attempt to access its voter database. The incident, which was initially feared to be a real breach, was later revealed to be an unauthorized ""simulated phishing test."" Despite this clarification, the event has raised significant concerns about the vulnerability of election systems and the increasing role of cyber operations in political influence.

Bob Lord, the chief security officer for the DNC, emphasized that the attack is part of a broader pattern of threats, including ongoing influence operations by Russia and other foreign actors using social media to manipulate public opinion. He noted that the cyber age has fundamentally changed the nature of elections, with vulnerabilities extending from voter registration systems to the internal operations of political parties.

Rob Joyce, former White House cybersecurity coordinator, pointed out a shift in cyber warfare from stealing information to using digital tools to exert political influence. This trend has been underscored by recent reports that Microsoft detected Russian hackers targeting U.S. Senate offices and conservative think tanks, using fake websites to gather sensitive information. Similarly, Facebook has identified additional disinformation campaigns aimed at disrupting the midterm elections and influencing public sentiment globally.

Political groups and government agencies are now on high alert, with increased efforts to detect and prevent cyber intrusions. The incidents highlight the growing importance of cybersecurity in safeguarding democratic processes and the need for continued vigilance in the face of evolving threats. As the midterms approach, the focus remains on protecting election infrastructure and preventing foreign interference in the democratic process.",1.0,en,multi_news,,multi_news,"Now, write a one-page summary of all the news.

","['The FBI is reportedly investigating a sophisticated—but unsuccessful—attempt to hack into the Democratic National Committee\'s voter database. The DNC learned of the attempt on Tuesday, CNN reports. The attack, which was detected by a cloud service provider and a security research company, involved a fake login page intended to gather usernames and passwords for a service called Votebuilder, which hosts the DNC\'s voter database. It\'s a method called ""spearphishing,"" according to the New York Times. ""It was very convincing,"" Mike Murray of the cybersecurity firm Lookout tells CNN, adding that it would be tough to tell the real page from the fake one, even if they were side-by-side. The fake login page was ultimately removed by the cloud hosting company DigitalOcean. The company\'s chief security officer says the threat was identified before the attack was launched. ""We see no evidence that any sensitive data was stolen,"" he says. A DNC official tells the Times that it is not clear who the hackers were in this case. But, the paper recalls, a 2016 hack of the DNC was ultimately traced to Russia. This latest attempt, DNC Chief Security Officer Bob Lord tells the Times, ""is further proof that there are constant threats as we head into midterm elections and we must remain vigilant in order to prevent future attacks."" Earlier this week, Microsoft reported that it had uncovered new Russian hacking attempts targeting conservative organizations in the US.']",716,532
Summary:,2a72476f253ea0db253c6e12af5714c984b0ab77547be2e9,"  

On April 15, 2013, two bombs exploded near the finish line of the Boston Marathon, killing three people and injuring hundreds. The victims included an 8-year-old boy named Martin Richard from Dorchester, a 29-year-old restaurant manager named Krystle Campbell from Medford, and a third individual, a Boston University graduate student from China, whose identity was not released.  

Martin Richard was at the race to watch his father, a community leader, run. He was killed in the blast, and his mother and 7-year-old sister were seriously injured. A vigil was held in his honor at Garvey Park, and his family expressed gratitude for the outpouring of support. His father released a statement expressing grief and asking for privacy as they grieved and recovered.  

Krystle Campbell was at the finish line to cheer on a friend when she was killed. Her family was initially told she had survived, but later learned of her death. Her mother, Patty Campbell, expressed deep sorrow, calling the tragedy a ""waste"" and remembering her daughter as a caring and loving person.  

The third victim, a Chinese graduate student, was identified by the Chinese Consulate, though the student’s name was not released. The student was watching the race with two friends, one of whom was injured and in stable condition.  

In the aftermath, the FBI stated there were no known additional threats, and officials vowed to find those responsible. Mayor Thomas Menino emphasized the city’s strength and resolve to heal. The Boston Police Department increased security at public transportation hubs and airports.  

The community came together to support the victims and their families. The Salvation Army provided food and emotional support, and many runners and residents expressed solidarity. President Barack Obama and Pope Francis both offered words of encouragement, highlighting the importance of unity and compassion in the face of tragedy.  

The event brought the city to a standstill, with the area around the finish line cordoned off and many businesses closed. Despite the pain, there were signs of resilience, with some runners taking recovery runs and others returning to their daily lives.  

As the city processed the loss, the tragedy served as a reminder of the fragility of life and the power of community in times of crisis. The victims’ families, along with the broader Boston community, continued to seek healing, justice, and a return to normalcy.",1.0,en,multi_news,,multi_news,"Now, write a one-page summary of all the news.

","['Another fatality in the Boston bombings has been identified: The family of 29-year-old Krystle Campbell says she was killed as she and a friend were cheering on another friend who was racing, reports WCVB. ""This is just a waste,"" says her mother. “Everyone that knew her loved her. She was always smiling. You couldn’t ask for a better daughter. She was the best.” Campbell was a restaurant manager, reports the Boston Herald, which notes an especially wrenching detail: Her father was initially told she was alive, but when he got to the ICU, he realized it was his daughter\'s friend who had survived. Campbell is the second of the three people killed to be identified. The first was 8-year-old Martin Richard, and his father, Bill, released a statement today thanking supporters and asking for privacy, reports WBZ. ""My dear son Martin has died from injuries sustained in the attack on Boston. My wife and daughter are both recovering from serious injuries. We thank our family and friends, those we know and those we have never met, for their thoughts and prayers. I ask that you continue to pray for my family as we remember Martin. We also ask for your patience and for privacy as we work to simultaneously grieve and recover. Thank you."" The third victim was a grad student at Boston University, but the person\'s identity is being withheld until the family says it\'s OK to release, reports USA Today.']",2030,532
Summary:,df0b3cb31b4c78e6a101a0f3931023704055282bffb56c91," Global Obesity Crisis Intensifies

A recent comprehensive study published in the *Lancet* reveals a growing global obesity epidemic, with over 2.1 billion people worldwide classified as overweight or obese, representing nearly 30% of the global population. The study, which analyzed data from 188 countries between 1980 and 2013, highlights that obesity is no longer confined to high-income nations but is increasingly prevalent across all regions, including low-income countries.

The United States leads the world in the number of obese individuals, with 87 million people classified as obese, despite representing only 5% of the global population. However, the study notes that obesity rates are rising in both developed and developing countries, with some nations experiencing particularly alarming increases. For example, in the Middle East and North Africa, as well as parts of Central America and the Pacific Islands, obesity rates have surged to over 50% among certain demographics, such as women in Kuwait, Samoa, and Tonga.

The report underscores that obesity is a major public health concern, contributing to a range of chronic diseases, including heart disease, stroke, diabetes, and certain cancers. It also highlights the significant mortality burden, with over 3.4 million adults dying annually from obesity-related complications.

Key findings include:

- The global number of overweight or obese individuals has more than doubled since 1980, from 857 million to 2.1 billion.
- Obesity rates are rising among children and adolescents, with a 47% increase in overweight and obese children since 1980.
- In developed countries, the rate of increase in adult obesity has slowed, but in many developing countries, the trend continues to accelerate.
- Obesity is now a widespread issue, with no country successfully reducing its obesity rates over the past three decades.
- The rise in obesity is linked to factors such as increased consumption of calorie-dense, nutrient-poor foods, reduced physical activity, and changes in gut microbiota.

The World Health Organization has launched a commission to address the growing issue of childhood obesity, with a report expected in early 2015. Researchers emphasize the need for global efforts to combat obesity, as it poses a significant threat to public health and economic stability worldwide.",1.0,en,multi_news,,multi_news,"Now, write a one-page summary of all the news.

","['There are more obese or overweight people in the world today than there were people of any weight in 1935, the most comprehensive look at worldwide obesity in decades warns. The 188-country study found that there are 2.1 billion overweight or obese people in the world, making up around 30% of the world\'s population, up from 20% in 1980, USA Today reports. Not a single country has recorded a decline in obesity over the last 30 years. ""We hoped there would be some examples of success that you could latch onto,"" a study co-author says. ""But there\'s a complete lack of success stories in bringing down obesity."" The study published in British medical journal the Lancet found that the Middle East and north Africa had seen the biggest weight gains, though the US still has the largest number of obese people, with 87 million of the world\'s 671 million obese people, reports Reuters. Other countries, however, have even higher obesity rates, including Tonga, where more than 50% of all adults are obese. ""Two-thirds of the obese population actually resides in developing countries,"" says one of the researchers; they warn that obesity rates are rising among rich and poor countries, men and women, and adults and children alike.']",1409,532
Summary:,fcf426010aa777afc5b37ea3c7ae03b2499938e4f1355f3b,"  

This week’s edition of *LOOK* magazine brings a mix of celebrity news, fashion trends, and digital content updates. The magazine highlights a heartwarming story about Tom Cruise and Katie Holmes, who have been separated for over a year following their divorce in July 2023. According to insiders, Cruise has written an emotional letter to Holmes, expressing his feelings and hoping to rekindle their friendship. The letter, which was reportedly sent after a failed attempt at reconciliation in March, has reportedly touched Holmes, who is currently living in New York with their daughter, Suri. While the letter may not signal a return to their relationship, it reflects Cruise’s lingering affection for Holmes, whom he has long considered the love of his life.

In addition to the celebrity news, *LOOK* also features a range of other stories, including a warning from a royal bodyguard about the safety of Kate Middleton’s baby, fashion trends for the new season, and a discussion on cyber threats, such as “Ratters” who may be monitoring users through their computers. The magazine also highlights the work of the world’s top makeup artists and their secrets to achieving A-list looks.

The *LOOK* team encourages readers to pick up the latest issue in print or download the digital edition from iTunes or other platforms. With a variety of content from celebrity updates to lifestyle tips, this week’s *LOOK* promises to be a must-read for fans of fashion, entertainment, and current events. As the magazine notes, it’s a great opportunity to stay in the know and enjoy the latest trends and stories.",1.0,en,multi_news,,multi_news,"Now, write a one-page summary of all the news.

","['It\'s been a year since Katie Holmes filed for divorce from Tom Cruise, and apparently Cruise is feeling sentimental. A source tells UK magazine Look the actor sent Holmes an ""emotional letter"" looking to, at the very least, be friends again, Australia\'s News Network reports. ""It\'s like he\'s finally recognized that Katie will always be the love of his life,"" the source says. Even so, ""It won\'t have been an over the top letter—it has been a year and I\'m sure Tom will have been aware that Katie wouldn\'t be interested in running straight back into his arms."" Sources close to Holmes say she was ""touched"" by the letter, which doesn\'t sound promising for Cruise. ""Tom would no doubt take her back in a second, but I don\'t think that\'s what Katie wants,"" says one. (Just to keep things in perspective, we\'ll point out that Look is the sort of magazine that also runs headlines like, ""Royal Bodyguard Warns: \'Kate Middleton\'s Baby Is In Danger!\'"") In other news, Huffington Post notes that it\'s Cruise\'s 51st birthday.']",790,532
Summary:,1c30a0d93cd2b0aa5c6b8de620a54202192352c44ff775ce,"  

Barry Sherman, a 75-year-old billionaire and founder of the pharmaceutical company Apotex, and his wife, Honey Sherman, 70, were found dead in their Toronto home on Friday, December 15, 2023. The couple was discovered hanging from a railing surrounding their basement lap pool by a real estate agent who had been assisting with the sale of their $6.9-million North York property. The police have classified the deaths as ""suspicious,"" and the homicide unit is now leading the investigation. However, the police have not confirmed whether the deaths were the result of foul play or suicide.  

The couple had planned to take a vacation to Florida, with Honey Sherman making arrangements for their trip. She had sent an email to friends expressing excitement about the upcoming trip, which was to begin on December 25. The couple had no known enemies, and there were no signs of forced entry into the home. No note was left behind, and police have not identified any suspects.  

Despite initial reports suggesting a possible murder-suicide, the couple’s grown children and close friends have strongly denied such a scenario, calling it ""irresponsible"" and ""inconsistent with the couple’s character."" The family described Barry and Honey as deeply committed to their family, community, and philanthropy. Honey was a prominent figure in Toronto’s Jewish community, serving on numerous boards, including York University, the Baycrest Foundation, and the Holocaust Education Centre. Barry was known for his workaholic nature, often prioritizing his business over personal time, but he was also admired for his contributions to the city and his industry.  

Barry’s net worth was recently estimated at $4.77 billion, making him one of Canada’s wealthiest individuals. He was a key figure in the generic pharmaceutical sector and had been active in Toronto’s business and political circles. His death has been met with widespread mourning, with tributes from politicians, business leaders, and community members. Toronto Mayor John Tory and Prime Minister Justin Trudeau both expressed their condolences.  

As the investigation continues, the couple’s legacy as philanthropists, entrepreneurs, and community leaders remains a central focus. Their sudden and tragic deaths have left friends, colleagues, and the public in shock, with many struggling to understand how such a prominent and well-loved couple could have met such a fate.",1.0,en,multi_news,,multi_news,"Now, write a one-page summary of all the news.

","['The investigation into the mysterious deaths of a billionaire and his wife is now being led by homicide detectives, police say—suggesting the deaths of Barry and Honey Sherman were either murder-suicide or a double murder. Police, who have described the deaths as ""suspicious,"" revealed Sunday that the cause of death for both Shermans was ""ligature neck compression,"" a form of strangulation, the CBC reports. Sources have told the media that the couple were found hanging near an indoor pool in the basement of their Toronto mansion. Police say they haven\'t found any sign of forced entry, or a note that could explain what happened to 75-year-old pharmaceutical tycoon Barry Sherman and his 70-year-old wife, both renowned philanthropists. The couple\'s four children have rejected what they say are ""rumors"" that the deaths are being investigated as a murder-suicide, and many of the influential couple\'s friends agree. ""There is absolutely zero debate in my mind, this was a double homicide,"" says Canadian Sen. Linda Frum, a longtime friend of the couple, per the New York Times. The Globe and Mail reports that just days before the bodies were found, Honey Sherman was enthusiastically making plans for their annual trip to Florida, emailing friends that she would be traveling to the state on Dec. 18 and Barry Sherman would join her a week later. The couple also sent out invitations last week to a dinner party at their winter home in Palm Beach.']",2360,532
Summary:,1f080355f909b1c7ef74d2cffc643736903edcab65b66505," Egypt's Political and Legal Landscape in 2012

In early 2012, Egypt was in the midst of a critical political transition following the ousting of former President Hosni Mubarak in February 2011. The country was holding its first parliamentary elections since the revolution, with the third and final round of voting taking place in late January 2012. The elections were seen as a key test of the political landscape, with Islamist groups, particularly the Muslim Brotherhood's Freedom and Justice Party, expected to dominate the results. The party had already gained significant traction in earlier rounds, and analysts predicted it could secure a majority of the seats, though the exact outcome remained uncertain due to the complex allocation system and the influence of the military authorities.

The Muslim Brotherhood, which had been a major force in Egyptian politics, was seen as a potential governing party, though it had publicly stated its intention to form a coalition government to avoid an Islamist takeover. This approach was in contrast to the more conservative Salafi group, the Nour Party, which had also made gains in the earlier rounds. The election results were expected to shape the future of Egypt's government, with the new parliament set to convene on January 23, 2012, just days before the anniversary of the revolution.

Simultaneously, Mubarak's trial was underway, with the prosecution presenting a case that portrayed him as a ""tyrant"" responsible for the deaths of hundreds of protesters during the 18-day uprising that led to his ousting. The trial, which had been delayed for months, was expected to last several days, with the prosecution seeking the harshest possible penalty, including the death penalty. Mubarak, along with his sons Gamal and Alaa, and several high-ranking officials, faced charges of corruption and complicity in the killing of protesters. The trial was seen as a symbolic moment for the Egyptian people, representing the country's commitment to holding former leaders accountable.

The political climate was tense, with ongoing protests and calls for the military to relinquish power. The military, which had taken control of the government after Mubarak's ousting, was seen as a key player in the political process, with the potential to influence the composition of the new government. The military's role was a source of controversy, with some Egyptians demanding a civilian government and others supporting the military's continued involvement in governance.

Economically, Egypt was facing significant challenges, with growth slowing due to the political instability and the impact of the revolution on tourism and foreign investment. The country's",1.0,en,multi_news,,multi_news,"Now, write a one-page summary of all the news.

","['The final round of voting began in Egypt today, and it looks like the Muslim Brotherhood could walk off with a controlling majority of seats in Parliament\'s lower house. The Muslim Brotherhood\'s Freedom and Justice Party, the country\'s mainstream Islamist party, had already won a high percentage of the seats awarded in the first and second rounds of voting. Two of the nine provinces voting today are Brotherhood strongholds, where some of the party\'s most well-known candidates are running, the New York Times reports. A plurality, not a majority, was originally predicted for the Freedom and Justice Party. A majority would allow the party to govern alone, but the Brotherhood has repeatedly said it plans to form a coalition government, and has aligned itself with more liberal parties rather than the ultraconservative Salafis, who are in second place with up to 25% of the seats so far. Also today, prosecutors began presenting their case against former Egyptian President Hosni Mubarak, Bloomberg notes. His trial resumed last week after a two-month break; state TV today showed Mubarak being carried to and from the courtroom on a gurney. ""He deserves an end of humiliation and indignity,"" said the chief prosecutor, according to the AP.']",2661,532
Summary:,6dd06d4eee78cfbf3ce2fe6413c681ad6937079daf8a7169,"  

On Wednesday evening, a car was involved in an unusual incident in Mendon, New York, after its driver reacted too quickly to directions provided by a GPS system. The incident occurred around 8 p.m. when Nabila Altahan, who was driving a Toyota Corolla, followed a sudden instruction from her GPS to turn around. The GPS had instructed her to make the turn because she had passed her intended destination.  

As a result of this quick reaction, Altahan's car veered off the road and became suspended from a telephone pole's guy wire. The car was reportedly left hanging in the air, with the driver and her passenger remaining unharmed. According to police, the vehicle had left its lane while traveling westbound on Route 4 in Mendon.  

Eyewitnesses and onlookers, including a person who was at a nearby miniature golf course, reported seeing the driver exit the car as it was suspended. The scene was also observed by Ray Ault, who was driving by at the time and provided a firsthand account of the event.  

Local authorities, including the State Police and the Rutland City Fire Department, responded to the incident. While no injuries were reported, the situation highlights the potential for unexpected outcomes when drivers rely heavily on GPS navigation systems. The incident has since been noted as a unique and unusual occurrence, underscoring the importance of driver awareness and cautious response to navigational instructions.",1.0,en,multi_news,,multi_news,"Now, write a one-page summary of all the news.

","['Police in Vermont say a car ended up almost vertical when the driver swerved quickly in response to her GPS ordering her to ""turn around."" The car was suspended almost vertically on guide wires attached to a utility pole (see a photo here) in Mendon on Wednesday night, reports the AP. Police say 30-year-old Nabila Altahan of Dorchester, Mass., was headed west on US Route 4 when she passed her intended destination and reacted quickly to the instructions, leaving the road at a significant enough speed to propel the vehicle up the wires. She wasn\'t injured. (This driver followed her GPS into a lake.)']",310,532
