dataset,language,all_classes,answer_prefix,max_new_tokens,predicted_answer,compression_ratio,_id,answers,length,question,task
trec,en,"['Food' 'Date' 'Order, rank' 'Speed' 'Disease and medicine'
 'Word with a special property' 'Abbreviation' 'Language'
 'Letter like a-z' 'Other entity' 'Animal' 'Expression abbreviated'
 'Price' 'Techniques and method' 'Musical instrument' 'Mountain'
 'Currency name' 'Event' 'Product' 'State' 'Individual' 'Organ of body'
 'Reason' 'Manner of an action' 'City' 'Religion'
 'Invention, book and other creative piece' 'Distance, linear measure'
 'Temperature' 'Postcode or other code' 'Size, area and volume' 'Sport'
 'Country' 'Other location' 'Lasting time of somethin' 'Equivalent term'
 'Description of something' 'Weight' 'Vehicle' 'Color' 'Other number'
 'Definition of something' 'Element and substance'
 'Description of a person' 'Symbols and sign' 'Number of something'
 'Plant' 'Percent, fraction' 'Group or organization of person'
 'Title of a person']",Type:,84, **Individual**,1.0,bb86302b1936b14c09091143ce6e0d4d4013c4789ece0230,['Other location'],3806,"Question: Where was the first golf course in the United States ?
",trec
trec,en,"['Food' 'Date' 'Order, rank' 'Speed' 'Disease and medicine'
 'Word with a special property' 'Abbreviation' 'Language'
 'Letter like a-z' 'Other entity' 'Animal' 'Expression abbreviated'
 'Price' 'Techniques and method' 'Musical instrument' 'Mountain'
 'Currency name' 'Event' 'Product' 'State' 'Individual' 'Organ of body'
 'Reason' 'Manner of an action' 'City' 'Religion'
 'Invention, book and other creative piece' 'Distance, linear measure'
 'Temperature' 'Postcode or other code' 'Size, area and volume' 'Sport'
 'Country' 'Other location' 'Lasting time of somethin' 'Equivalent term'
 'Description of something' 'Weight' 'Vehicle' 'Color' 'Other number'
 'Definition of something' 'Element and substance'
 'Description of a person' 'Symbols and sign' 'Number of something'
 'Plant' 'Percent, fraction' 'Group or organization of person'
 'Title of a person']",Type:,84, Individual,1.0,be63e2d9490453d1b939ba8f850a386c7828f776df937d8c,['Individual'],7727,"Question: What was J.F.K. 's wife 's name ?
",trec
trec,en,"['Food' 'Date' 'Order, rank' 'Speed' 'Disease and medicine'
 'Word with a special property' 'Abbreviation' 'Language'
 'Letter like a-z' 'Other entity' 'Animal' 'Expression abbreviated'
 'Price' 'Techniques and method' 'Musical instrument' 'Mountain'
 'Currency name' 'Event' 'Product' 'State' 'Individual' 'Organ of body'
 'Reason' 'Manner of an action' 'City' 'Religion'
 'Invention, book and other creative piece' 'Distance, linear measure'
 'Temperature' 'Postcode or other code' 'Size, area and volume' 'Sport'
 'Country' 'Other location' 'Lasting time of somethin' 'Equivalent term'
 'Description of something' 'Weight' 'Vehicle' 'Color' 'Other number'
 'Definition of something' 'Element and substance'
 'Description of a person' 'Symbols and sign' 'Number of something'
 'Plant' 'Percent, fraction' 'Group or organization of person'
 'Title of a person']",Type:,84, Description of something,1.0,1e8eb08f71a04cd4391fcaa7d98a166627d65284c467a318,['Color'],4183,"Question: What color is indigo ?
",trec
trec,en,"['Food' 'Date' 'Order, rank' 'Speed' 'Disease and medicine'
 'Word with a special property' 'Abbreviation' 'Language'
 'Letter like a-z' 'Other entity' 'Animal' 'Expression abbreviated'
 'Price' 'Techniques and method' 'Musical instrument' 'Mountain'
 'Currency name' 'Event' 'Product' 'State' 'Individual' 'Organ of body'
 'Reason' 'Manner of an action' 'City' 'Religion'
 'Invention, book and other creative piece' 'Distance, linear measure'
 'Temperature' 'Postcode or other code' 'Size, area and volume' 'Sport'
 'Country' 'Other location' 'Lasting time of somethin' 'Equivalent term'
 'Description of something' 'Weight' 'Vehicle' 'Color' 'Other number'
 'Definition of something' 'Element and substance'
 'Description of a person' 'Symbols and sign' 'Number of something'
 'Plant' 'Percent, fraction' 'Group or organization of person'
 'Title of a person']",Type:,84, Date,1.0,e8c5eb156625bc57f11c1f0c6e9ba97abb46b8672aefb2df,['Date'],6104,"Question: When was President Kennedy shot ?
",trec
trec,en,"['Food' 'Date' 'Order, rank' 'Speed' 'Disease and medicine'
 'Word with a special property' 'Abbreviation' 'Language'
 'Letter like a-z' 'Other entity' 'Animal' 'Expression abbreviated'
 'Price' 'Techniques and method' 'Musical instrument' 'Mountain'
 'Currency name' 'Event' 'Product' 'State' 'Individual' 'Organ of body'
 'Reason' 'Manner of an action' 'City' 'Religion'
 'Invention, book and other creative piece' 'Distance, linear measure'
 'Temperature' 'Postcode or other code' 'Size, area and volume' 'Sport'
 'Country' 'Other location' 'Lasting time of somethin' 'Equivalent term'
 'Description of something' 'Weight' 'Vehicle' 'Color' 'Other number'
 'Definition of something' 'Element and substance'
 'Description of a person' 'Symbols and sign' 'Number of something'
 'Plant' 'Percent, fraction' 'Group or organization of person'
 'Title of a person']",Type:,84, **Other entity**,1.0,9587abceff7bb3b9e0f0df6a0a040945a27b7e1eb67c64e5,['Currency name'],5463,"Question: What currency does Argentina use ?
",trec
trec,en,"['Food' 'Date' 'Order, rank' 'Speed' 'Disease and medicine'
 'Word with a special property' 'Abbreviation' 'Language'
 'Letter like a-z' 'Other entity' 'Animal' 'Expression abbreviated'
 'Price' 'Techniques and method' 'Musical instrument' 'Mountain'
 'Currency name' 'Event' 'Product' 'State' 'Individual' 'Organ of body'
 'Reason' 'Manner of an action' 'City' 'Religion'
 'Invention, book and other creative piece' 'Distance, linear measure'
 'Temperature' 'Postcode or other code' 'Size, area and volume' 'Sport'
 'Country' 'Other location' 'Lasting time of somethin' 'Equivalent term'
 'Description of something' 'Weight' 'Vehicle' 'Color' 'Other number'
 'Definition of something' 'Element and substance'
 'Description of a person' 'Symbols and sign' 'Number of something'
 'Plant' 'Percent, fraction' 'Group or organization of person'
 'Title of a person']",Type:,84, Other location,1.0,3e7d6a53447488a4bf1b9e9e08ea589028f3b4197d92f5a4,['Definition of something'],8428,"Question: What is a biosphere ?
",trec
trec,en,"['Food' 'Date' 'Order, rank' 'Speed' 'Disease and medicine'
 'Word with a special property' 'Abbreviation' 'Language'
 'Letter like a-z' 'Other entity' 'Animal' 'Expression abbreviated'
 'Price' 'Techniques and method' 'Musical instrument' 'Mountain'
 'Currency name' 'Event' 'Product' 'State' 'Individual' 'Organ of body'
 'Reason' 'Manner of an action' 'City' 'Religion'
 'Invention, book and other creative piece' 'Distance, linear measure'
 'Temperature' 'Postcode or other code' 'Size, area and volume' 'Sport'
 'Country' 'Other location' 'Lasting time of somethin' 'Equivalent term'
 'Description of something' 'Weight' 'Vehicle' 'Color' 'Other number'
 'Definition of something' 'Element and substance'
 'Description of a person' 'Symbols and sign' 'Number of something'
 'Plant' 'Percent, fraction' 'Group or organization of person'
 'Title of a person']",Type:,84, **Other location**,1.0,53314ceb95fb9a488c88d21402e09c826d927f9c7402d0cf,['Other location'],2106,"Question: What river runs through Rowe , Italy ?
",trec
trec,en,"['Food' 'Date' 'Order, rank' 'Speed' 'Disease and medicine'
 'Word with a special property' 'Abbreviation' 'Language'
 'Letter like a-z' 'Other entity' 'Animal' 'Expression abbreviated'
 'Price' 'Techniques and method' 'Musical instrument' 'Mountain'
 'Currency name' 'Event' 'Product' 'State' 'Individual' 'Organ of body'
 'Reason' 'Manner of an action' 'City' 'Religion'
 'Invention, book and other creative piece' 'Distance, linear measure'
 'Temperature' 'Postcode or other code' 'Size, area and volume' 'Sport'
 'Country' 'Other location' 'Lasting time of somethin' 'Equivalent term'
 'Description of something' 'Weight' 'Vehicle' 'Color' 'Other number'
 'Definition of something' 'Element and substance'
 'Description of a person' 'Symbols and sign' 'Number of something'
 'Plant' 'Percent, fraction' 'Group or organization of person'
 'Title of a person']",Type:,84, **Definition of something**,1.0,dc7348606b7d50383c1e69a0ea2787da8a4506114fad6f2a,['Definition of something'],4479,"Question: What does `` Sitting Shiva '' mean ?
",trec
trec,en,"['Food' 'Date' 'Order, rank' 'Speed' 'Disease and medicine'
 'Word with a special property' 'Abbreviation' 'Language'
 'Letter like a-z' 'Other entity' 'Animal' 'Expression abbreviated'
 'Price' 'Techniques and method' 'Musical instrument' 'Mountain'
 'Currency name' 'Event' 'Product' 'State' 'Individual' 'Organ of body'
 'Reason' 'Manner of an action' 'City' 'Religion'
 'Invention, book and other creative piece' 'Distance, linear measure'
 'Temperature' 'Postcode or other code' 'Size, area and volume' 'Sport'
 'Country' 'Other location' 'Lasting time of somethin' 'Equivalent term'
 'Description of something' 'Weight' 'Vehicle' 'Color' 'Other number'
 'Definition of something' 'Element and substance'
 'Description of a person' 'Symbols and sign' 'Number of something'
 'Plant' 'Percent, fraction' 'Group or organization of person'
 'Title of a person']",Type:,84, **Country**,1.0,6c5121b0b6fd45c4c437d96cad36c46dffa122fabb7cf8eb,['Currency name'],4841,"Question: What currency do they use in Brazil ?
",trec
trec,en,"['Food' 'Date' 'Order, rank' 'Speed' 'Disease and medicine'
 'Word with a special property' 'Abbreviation' 'Language'
 'Letter like a-z' 'Other entity' 'Animal' 'Expression abbreviated'
 'Price' 'Techniques and method' 'Musical instrument' 'Mountain'
 'Currency name' 'Event' 'Product' 'State' 'Individual' 'Organ of body'
 'Reason' 'Manner of an action' 'City' 'Religion'
 'Invention, book and other creative piece' 'Distance, linear measure'
 'Temperature' 'Postcode or other code' 'Size, area and volume' 'Sport'
 'Country' 'Other location' 'Lasting time of somethin' 'Equivalent term'
 'Description of something' 'Weight' 'Vehicle' 'Color' 'Other number'
 'Definition of something' 'Element and substance'
 'Description of a person' 'Symbols and sign' 'Number of something'
 'Plant' 'Percent, fraction' 'Group or organization of person'
 'Title of a person']",Type:,84, **Other location**,1.0,e55a65ad534b2649ceccf41cdcba863db7774efbd1408eed,['Description of something'],2621,"Question: What is the effect of volcanoes on the climate ?
",trec
trec,en,"['Food' 'Date' 'Order, rank' 'Speed' 'Disease and medicine'
 'Word with a special property' 'Abbreviation' 'Language'
 'Letter like a-z' 'Other entity' 'Animal' 'Expression abbreviated'
 'Price' 'Techniques and method' 'Musical instrument' 'Mountain'
 'Currency name' 'Event' 'Product' 'State' 'Individual' 'Organ of body'
 'Reason' 'Manner of an action' 'City' 'Religion'
 'Invention, book and other creative piece' 'Distance, linear measure'
 'Temperature' 'Postcode or other code' 'Size, area and volume' 'Sport'
 'Country' 'Other location' 'Lasting time of somethin' 'Equivalent term'
 'Description of something' 'Weight' 'Vehicle' 'Color' 'Other number'
 'Definition of something' 'Element and substance'
 'Description of a person' 'Symbols and sign' 'Number of something'
 'Plant' 'Percent, fraction' 'Group or organization of person'
 'Title of a person']",Type:,84, **Definition of something**,1.0,c84d7df6e4889807a25b8fb80db29c8c3d419c09387ef9e1,['Definition of something'],5425,"Question: What is Valentine 's Day ?
",trec
trec,en,"['Food' 'Date' 'Order, rank' 'Speed' 'Disease and medicine'
 'Word with a special property' 'Abbreviation' 'Language'
 'Letter like a-z' 'Other entity' 'Animal' 'Expression abbreviated'
 'Price' 'Techniques and method' 'Musical instrument' 'Mountain'
 'Currency name' 'Event' 'Product' 'State' 'Individual' 'Organ of body'
 'Reason' 'Manner of an action' 'City' 'Religion'
 'Invention, book and other creative piece' 'Distance, linear measure'
 'Temperature' 'Postcode or other code' 'Size, area and volume' 'Sport'
 'Country' 'Other location' 'Lasting time of somethin' 'Equivalent term'
 'Description of something' 'Weight' 'Vehicle' 'Color' 'Other number'
 'Definition of something' 'Element and substance'
 'Description of a person' 'Symbols and sign' 'Number of something'
 'Plant' 'Percent, fraction' 'Group or organization of person'
 'Title of a person']",Type:,84, Event,1.0,f03199226a1925234dde134936aea510c2f331e636106781,['Date'],5389,"Question: When was the Boston tea party ?
",trec
trec,en,"['Food' 'Date' 'Order, rank' 'Speed' 'Disease and medicine'
 'Word with a special property' 'Abbreviation' 'Language'
 'Letter like a-z' 'Other entity' 'Animal' 'Expression abbreviated'
 'Price' 'Techniques and method' 'Musical instrument' 'Mountain'
 'Currency name' 'Event' 'Product' 'State' 'Individual' 'Organ of body'
 'Reason' 'Manner of an action' 'City' 'Religion'
 'Invention, book and other creative piece' 'Distance, linear measure'
 'Temperature' 'Postcode or other code' 'Size, area and volume' 'Sport'
 'Country' 'Other location' 'Lasting time of somethin' 'Equivalent term'
 'Description of something' 'Weight' 'Vehicle' 'Color' 'Other number'
 'Definition of something' 'Element and substance'
 'Description of a person' 'Symbols and sign' 'Number of something'
 'Plant' 'Percent, fraction' 'Group or organization of person'
 'Title of a person']",Type:,84, Other location,1.0,ed3fccd0229defe456bc01dd48d59cd62d04b49f1b1b1e0a,['Other location'],5051,"Question: What is the rainiest place on Earth ?
",trec
trec,en,"['Food' 'Date' 'Order, rank' 'Speed' 'Disease and medicine'
 'Word with a special property' 'Abbreviation' 'Language'
 'Letter like a-z' 'Other entity' 'Animal' 'Expression abbreviated'
 'Price' 'Techniques and method' 'Musical instrument' 'Mountain'
 'Currency name' 'Event' 'Product' 'State' 'Individual' 'Organ of body'
 'Reason' 'Manner of an action' 'City' 'Religion'
 'Invention, book and other creative piece' 'Distance, linear measure'
 'Temperature' 'Postcode or other code' 'Size, area and volume' 'Sport'
 'Country' 'Other location' 'Lasting time of somethin' 'Equivalent term'
 'Description of something' 'Weight' 'Vehicle' 'Color' 'Other number'
 'Definition of something' 'Element and substance'
 'Description of a person' 'Symbols and sign' 'Number of something'
 'Plant' 'Percent, fraction' 'Group or organization of person'
 'Title of a person']",Type:,84, Individual,1.0,4a198f563d6897cf45a1acd7af747ea3ac8e73698d1a94e7,['Individual'],7874,"Question: Who was the first woman killed in the Vietnam War ?
",trec
trec,en,"['Food' 'Date' 'Order, rank' 'Speed' 'Disease and medicine'
 'Word with a special property' 'Abbreviation' 'Language'
 'Letter like a-z' 'Other entity' 'Animal' 'Expression abbreviated'
 'Price' 'Techniques and method' 'Musical instrument' 'Mountain'
 'Currency name' 'Event' 'Product' 'State' 'Individual' 'Organ of body'
 'Reason' 'Manner of an action' 'City' 'Religion'
 'Invention, book and other creative piece' 'Distance, linear measure'
 'Temperature' 'Postcode or other code' 'Size, area and volume' 'Sport'
 'Country' 'Other location' 'Lasting time of somethin' 'Equivalent term'
 'Description of something' 'Weight' 'Vehicle' 'Color' 'Other number'
 'Definition of something' 'Element and substance'
 'Description of a person' 'Symbols and sign' 'Number of something'
 'Plant' 'Percent, fraction' 'Group or organization of person'
 'Title of a person']",Type:,84, **Date**,1.0,31277bc109b79395bbaed904e4696eceefe807fe63e6d375,['Date'],5457,"Question: When was Abraham Lincoln born ?
",trec
trec,en,"['Food' 'Date' 'Order, rank' 'Speed' 'Disease and medicine'
 'Word with a special property' 'Abbreviation' 'Language'
 'Letter like a-z' 'Other entity' 'Animal' 'Expression abbreviated'
 'Price' 'Techniques and method' 'Musical instrument' 'Mountain'
 'Currency name' 'Event' 'Product' 'State' 'Individual' 'Organ of body'
 'Reason' 'Manner of an action' 'City' 'Religion'
 'Invention, book and other creative piece' 'Distance, linear measure'
 'Temperature' 'Postcode or other code' 'Size, area and volume' 'Sport'
 'Country' 'Other location' 'Lasting time of somethin' 'Equivalent term'
 'Description of something' 'Weight' 'Vehicle' 'Color' 'Other number'
 'Definition of something' 'Element and substance'
 'Description of a person' 'Symbols and sign' 'Number of something'
 'Plant' 'Percent, fraction' 'Group or organization of person'
 'Title of a person']",Type:,84, Date,1.0,fe48b8be1c5cc6e474c04f8b96b1f2a37095e7245594b2ad,['Date'],4438,"Question: What date was Dwight D. Eisenhower born ?
",trec
trec,en,"['Food' 'Date' 'Order, rank' 'Speed' 'Disease and medicine'
 'Word with a special property' 'Abbreviation' 'Language'
 'Letter like a-z' 'Other entity' 'Animal' 'Expression abbreviated'
 'Price' 'Techniques and method' 'Musical instrument' 'Mountain'
 'Currency name' 'Event' 'Product' 'State' 'Individual' 'Organ of body'
 'Reason' 'Manner of an action' 'City' 'Religion'
 'Invention, book and other creative piece' 'Distance, linear measure'
 'Temperature' 'Postcode or other code' 'Size, area and volume' 'Sport'
 'Country' 'Other location' 'Lasting time of somethin' 'Equivalent term'
 'Description of something' 'Weight' 'Vehicle' 'Color' 'Other number'
 'Definition of something' 'Element and substance'
 'Description of a person' 'Symbols and sign' 'Number of something'
 'Plant' 'Percent, fraction' 'Group or organization of person'
 'Title of a person']",Type:,84, **Individual**,1.0,b19440bff3ae91b4ff667d2183b7e5b2b2b52df48ba53289,['Other entity'],4713,"Question: What monastery was raided by Vikings in the late eighth century ?
",trec
trec,en,"['Food' 'Date' 'Order, rank' 'Speed' 'Disease and medicine'
 'Word with a special property' 'Abbreviation' 'Language'
 'Letter like a-z' 'Other entity' 'Animal' 'Expression abbreviated'
 'Price' 'Techniques and method' 'Musical instrument' 'Mountain'
 'Currency name' 'Event' 'Product' 'State' 'Individual' 'Organ of body'
 'Reason' 'Manner of an action' 'City' 'Religion'
 'Invention, book and other creative piece' 'Distance, linear measure'
 'Temperature' 'Postcode or other code' 'Size, area and volume' 'Sport'
 'Country' 'Other location' 'Lasting time of somethin' 'Equivalent term'
 'Description of something' 'Weight' 'Vehicle' 'Color' 'Other number'
 'Definition of something' 'Element and substance'
 'Description of a person' 'Symbols and sign' 'Number of something'
 'Plant' 'Percent, fraction' 'Group or organization of person'
 'Title of a person']",Type:,84," Distance, linear measure",1.0,628dffa806ccbd5b0d3ea898071a5bba1fa322937a13b3d0,['Number of something'],5533,"Question: How many feet in a mile ?
",trec
trec,en,"['Food' 'Date' 'Order, rank' 'Speed' 'Disease and medicine'
 'Word with a special property' 'Abbreviation' 'Language'
 'Letter like a-z' 'Other entity' 'Animal' 'Expression abbreviated'
 'Price' 'Techniques and method' 'Musical instrument' 'Mountain'
 'Currency name' 'Event' 'Product' 'State' 'Individual' 'Organ of body'
 'Reason' 'Manner of an action' 'City' 'Religion'
 'Invention, book and other creative piece' 'Distance, linear measure'
 'Temperature' 'Postcode or other code' 'Size, area and volume' 'Sport'
 'Country' 'Other location' 'Lasting time of somethin' 'Equivalent term'
 'Description of something' 'Weight' 'Vehicle' 'Color' 'Other number'
 'Definition of something' 'Element and substance'
 'Description of a person' 'Symbols and sign' 'Number of something'
 'Plant' 'Percent, fraction' 'Group or organization of person'
 'Title of a person']",Type:,84, **Other location**,1.0,f9666d6736c07d6af8c7599e04e37f230b63e032bc2b3cc8,['Other location'],1524,"Question: Where is the Eiffel Tower ?
",trec
trec,en,"['Food' 'Date' 'Order, rank' 'Speed' 'Disease and medicine'
 'Word with a special property' 'Abbreviation' 'Language'
 'Letter like a-z' 'Other entity' 'Animal' 'Expression abbreviated'
 'Price' 'Techniques and method' 'Musical instrument' 'Mountain'
 'Currency name' 'Event' 'Product' 'State' 'Individual' 'Organ of body'
 'Reason' 'Manner of an action' 'City' 'Religion'
 'Invention, book and other creative piece' 'Distance, linear measure'
 'Temperature' 'Postcode or other code' 'Size, area and volume' 'Sport'
 'Country' 'Other location' 'Lasting time of somethin' 'Equivalent term'
 'Description of something' 'Weight' 'Vehicle' 'Color' 'Other number'
 'Definition of something' 'Element and substance'
 'Description of a person' 'Symbols and sign' 'Number of something'
 'Plant' 'Percent, fraction' 'Group or organization of person'
 'Title of a person']",Type:,84, **Definition of something**,1.0,ae345fc2a13db040fb296e9d819edf26ac19cadfcd1a1ba6,['Definition of something'],2329,"Question: What is nepotism ?
",trec
trec,en,"['Food' 'Date' 'Order, rank' 'Speed' 'Disease and medicine'
 'Word with a special property' 'Abbreviation' 'Language'
 'Letter like a-z' 'Other entity' 'Animal' 'Expression abbreviated'
 'Price' 'Techniques and method' 'Musical instrument' 'Mountain'
 'Currency name' 'Event' 'Product' 'State' 'Individual' 'Organ of body'
 'Reason' 'Manner of an action' 'City' 'Religion'
 'Invention, book and other creative piece' 'Distance, linear measure'
 'Temperature' 'Postcode or other code' 'Size, area and volume' 'Sport'
 'Country' 'Other location' 'Lasting time of somethin' 'Equivalent term'
 'Description of something' 'Weight' 'Vehicle' 'Color' 'Other number'
 'Definition of something' 'Element and substance'
 'Description of a person' 'Symbols and sign' 'Number of something'
 'Plant' 'Percent, fraction' 'Group or organization of person'
 'Title of a person']",Type:,84, **Number of something**,1.0,0b6cb30081f15859876d46020fca4dd45fb6fc0f24b33a07,['Other number'],8376,"Question: What is the sales tax rate in New York ?
",trec
trec,en,"['Food' 'Date' 'Order, rank' 'Speed' 'Disease and medicine'
 'Word with a special property' 'Abbreviation' 'Language'
 'Letter like a-z' 'Other entity' 'Animal' 'Expression abbreviated'
 'Price' 'Techniques and method' 'Musical instrument' 'Mountain'
 'Currency name' 'Event' 'Product' 'State' 'Individual' 'Organ of body'
 'Reason' 'Manner of an action' 'City' 'Religion'
 'Invention, book and other creative piece' 'Distance, linear measure'
 'Temperature' 'Postcode or other code' 'Size, area and volume' 'Sport'
 'Country' 'Other location' 'Lasting time of somethin' 'Equivalent term'
 'Description of something' 'Weight' 'Vehicle' 'Color' 'Other number'
 'Definition of something' 'Element and substance'
 'Description of a person' 'Symbols and sign' 'Number of something'
 'Plant' 'Percent, fraction' 'Group or organization of person'
 'Title of a person']",Type:,84, **Definition of something**,1.0,8b55d14186093e0012da5a7cd1b800d04704364bc6ce3686,['Definition of something'],2784,"Question: What is autism ?
",trec
trec,en,"['Food' 'Date' 'Order, rank' 'Speed' 'Disease and medicine'
 'Word with a special property' 'Abbreviation' 'Language'
 'Letter like a-z' 'Other entity' 'Animal' 'Expression abbreviated'
 'Price' 'Techniques and method' 'Musical instrument' 'Mountain'
 'Currency name' 'Event' 'Product' 'State' 'Individual' 'Organ of body'
 'Reason' 'Manner of an action' 'City' 'Religion'
 'Invention, book and other creative piece' 'Distance, linear measure'
 'Temperature' 'Postcode or other code' 'Size, area and volume' 'Sport'
 'Country' 'Other location' 'Lasting time of somethin' 'Equivalent term'
 'Description of something' 'Weight' 'Vehicle' 'Color' 'Other number'
 'Definition of something' 'Element and substance'
 'Description of a person' 'Symbols and sign' 'Number of something'
 'Plant' 'Percent, fraction' 'Group or organization of person'
 'Title of a person']",Type:,84," **Distance, linear measure**",1.0,5164362f6132cb801e1d5df1c2c6356ea8bf16e9a4402a1e,"['Distance, linear measure']",3646,"Question: How tall is the Gateway Arch in St. Louis , MO ?
",trec
trec,en,"['Food' 'Date' 'Order, rank' 'Speed' 'Disease and medicine'
 'Word with a special property' 'Abbreviation' 'Language'
 'Letter like a-z' 'Other entity' 'Animal' 'Expression abbreviated'
 'Price' 'Techniques and method' 'Musical instrument' 'Mountain'
 'Currency name' 'Event' 'Product' 'State' 'Individual' 'Organ of body'
 'Reason' 'Manner of an action' 'City' 'Religion'
 'Invention, book and other creative piece' 'Distance, linear measure'
 'Temperature' 'Postcode or other code' 'Size, area and volume' 'Sport'
 'Country' 'Other location' 'Lasting time of somethin' 'Equivalent term'
 'Description of something' 'Weight' 'Vehicle' 'Color' 'Other number'
 'Definition of something' 'Element and substance'
 'Description of a person' 'Symbols and sign' 'Number of something'
 'Plant' 'Percent, fraction' 'Group or organization of person'
 'Title of a person']",Type:,84, **Definition of something**,1.0,e7e40bf7a9ac82f5a438c6fc369d3208e12296907e42c62a,['Expression abbreviated'],3775,"Question: What does CPR stand for ?
",trec
trec,en,"['Food' 'Date' 'Order, rank' 'Speed' 'Disease and medicine'
 'Word with a special property' 'Abbreviation' 'Language'
 'Letter like a-z' 'Other entity' 'Animal' 'Expression abbreviated'
 'Price' 'Techniques and method' 'Musical instrument' 'Mountain'
 'Currency name' 'Event' 'Product' 'State' 'Individual' 'Organ of body'
 'Reason' 'Manner of an action' 'City' 'Religion'
 'Invention, book and other creative piece' 'Distance, linear measure'
 'Temperature' 'Postcode or other code' 'Size, area and volume' 'Sport'
 'Country' 'Other location' 'Lasting time of somethin' 'Equivalent term'
 'Description of something' 'Weight' 'Vehicle' 'Color' 'Other number'
 'Definition of something' 'Element and substance'
 'Description of a person' 'Symbols and sign' 'Number of something'
 'Plant' 'Percent, fraction' 'Group or organization of person'
 'Title of a person']",Type:,84," Date

---

**Explanation:**  
The question ""What is Susan B. Anthony's birthday?"" is asking for a **specific date** in history, which is the birth date of Susan B. Anthony. Therefore, the correct type for this question is **Date**.",1.0,a20b33a8a018d27269d286e9ff805f8fbf1a370f080a14cd,['Date'],1893,"Question: What is Susan B. Anthony 's birthday ?
",trec
trec,en,"['Food' 'Date' 'Order, rank' 'Speed' 'Disease and medicine'
 'Word with a special property' 'Abbreviation' 'Language'
 'Letter like a-z' 'Other entity' 'Animal' 'Expression abbreviated'
 'Price' 'Techniques and method' 'Musical instrument' 'Mountain'
 'Currency name' 'Event' 'Product' 'State' 'Individual' 'Organ of body'
 'Reason' 'Manner of an action' 'City' 'Religion'
 'Invention, book and other creative piece' 'Distance, linear measure'
 'Temperature' 'Postcode or other code' 'Size, area and volume' 'Sport'
 'Country' 'Other location' 'Lasting time of somethin' 'Equivalent term'
 'Description of something' 'Weight' 'Vehicle' 'Color' 'Other number'
 'Definition of something' 'Element and substance'
 'Description of a person' 'Symbols and sign' 'Number of something'
 'Plant' 'Percent, fraction' 'Group or organization of person'
 'Title of a person']",Type:,84, **Definition of something**,1.0,c49fd9c1e59b10bfe04e25ca13954f4cbf77c64beb67df64,['Reason'],6709,"Question: What is the esophagus used for ?
",trec
trec,en,"['Food' 'Date' 'Order, rank' 'Speed' 'Disease and medicine'
 'Word with a special property' 'Abbreviation' 'Language'
 'Letter like a-z' 'Other entity' 'Animal' 'Expression abbreviated'
 'Price' 'Techniques and method' 'Musical instrument' 'Mountain'
 'Currency name' 'Event' 'Product' 'State' 'Individual' 'Organ of body'
 'Reason' 'Manner of an action' 'City' 'Religion'
 'Invention, book and other creative piece' 'Distance, linear measure'
 'Temperature' 'Postcode or other code' 'Size, area and volume' 'Sport'
 'Country' 'Other location' 'Lasting time of somethin' 'Equivalent term'
 'Description of something' 'Weight' 'Vehicle' 'Color' 'Other number'
 'Definition of something' 'Element and substance'
 'Description of a person' 'Symbols and sign' 'Number of something'
 'Plant' 'Percent, fraction' 'Group or organization of person'
 'Title of a person']",Type:,84, Individual,1.0,389ce23ee7c00b34a1cdbd9b6ccec47778541a5b4b2a6861,['Description of something'],7580,"Question: What does a defibrillator do ?
",trec
trec,en,"['Food' 'Date' 'Order, rank' 'Speed' 'Disease and medicine'
 'Word with a special property' 'Abbreviation' 'Language'
 'Letter like a-z' 'Other entity' 'Animal' 'Expression abbreviated'
 'Price' 'Techniques and method' 'Musical instrument' 'Mountain'
 'Currency name' 'Event' 'Product' 'State' 'Individual' 'Organ of body'
 'Reason' 'Manner of an action' 'City' 'Religion'
 'Invention, book and other creative piece' 'Distance, linear measure'
 'Temperature' 'Postcode or other code' 'Size, area and volume' 'Sport'
 'Country' 'Other location' 'Lasting time of somethin' 'Equivalent term'
 'Description of something' 'Weight' 'Vehicle' 'Color' 'Other number'
 'Definition of something' 'Element and substance'
 'Description of a person' 'Symbols and sign' 'Number of something'
 'Plant' 'Percent, fraction' 'Group or organization of person'
 'Title of a person']",Type:,84, **Definition of something**,1.0,2515df579016f05f203679b9925e33d885985054564b2c62,['Other location'],4837,"Question: What planet has the strongest magnetic field of all the planets ?
",trec
trec,en,"['Food' 'Date' 'Order, rank' 'Speed' 'Disease and medicine'
 'Word with a special property' 'Abbreviation' 'Language'
 'Letter like a-z' 'Other entity' 'Animal' 'Expression abbreviated'
 'Price' 'Techniques and method' 'Musical instrument' 'Mountain'
 'Currency name' 'Event' 'Product' 'State' 'Individual' 'Organ of body'
 'Reason' 'Manner of an action' 'City' 'Religion'
 'Invention, book and other creative piece' 'Distance, linear measure'
 'Temperature' 'Postcode or other code' 'Size, area and volume' 'Sport'
 'Country' 'Other location' 'Lasting time of somethin' 'Equivalent term'
 'Description of something' 'Weight' 'Vehicle' 'Color' 'Other number'
 'Definition of something' 'Element and substance'
 'Description of a person' 'Symbols and sign' 'Number of something'
 'Plant' 'Percent, fraction' 'Group or organization of person'
 'Title of a person']",Type:,84, **Other fault line**,1.0,e0508a69f493c99a55708cb841b5db4e350dd0cd2e3dce2d,['Other entity'],4032,"Question: What is the major fault line near Kentucky ?
",trec
trec,en,"['Food' 'Date' 'Order, rank' 'Speed' 'Disease and medicine'
 'Word with a special property' 'Abbreviation' 'Language'
 'Letter like a-z' 'Other entity' 'Animal' 'Expression abbreviated'
 'Price' 'Techniques and method' 'Musical instrument' 'Mountain'
 'Currency name' 'Event' 'Product' 'State' 'Individual' 'Organ of body'
 'Reason' 'Manner of an action' 'City' 'Religion'
 'Invention, book and other creative piece' 'Distance, linear measure'
 'Temperature' 'Postcode or other code' 'Size, area and volume' 'Sport'
 'Country' 'Other location' 'Lasting time of somethin' 'Equivalent term'
 'Description of something' 'Weight' 'Vehicle' 'Color' 'Other number'
 'Definition of something' 'Element and substance'
 'Description of a person' 'Symbols and sign' 'Number of something'
 'Plant' 'Percent, fraction' 'Group or organization of person'
 'Title of a person']",Type:,84, Date,1.0,40889e3cd2e32438572f29c578c29cdecb3b112ccf9952f6,['Date'],6125,"Question: What year did the Titanic sink ?
",trec
trec,en,"['Food' 'Date' 'Order, rank' 'Speed' 'Disease and medicine'
 'Word with a special property' 'Abbreviation' 'Language'
 'Letter like a-z' 'Other entity' 'Animal' 'Expression abbreviated'
 'Price' 'Techniques and method' 'Musical instrument' 'Mountain'
 'Currency name' 'Event' 'Product' 'State' 'Individual' 'Organ of body'
 'Reason' 'Manner of an action' 'City' 'Religion'
 'Invention, book and other creative piece' 'Distance, linear measure'
 'Temperature' 'Postcode or other code' 'Size, area and volume' 'Sport'
 'Country' 'Other location' 'Lasting time of somethin' 'Equivalent term'
 'Description of something' 'Weight' 'Vehicle' 'Color' 'Other number'
 'Definition of something' 'Element and substance'
 'Description of a person' 'Symbols and sign' 'Number of something'
 'Plant' 'Percent, fraction' 'Group or organization of person'
 'Title of a person']",Type:,84, Individual,1.0,97cf3ad59a0cc47dc987e51c39efd282b16022bf1e86c30e,['Individual'],2543,"Question: Who founded American Red Cross ?
",trec
trec,en,"['Food' 'Date' 'Order, rank' 'Speed' 'Disease and medicine'
 'Word with a special property' 'Abbreviation' 'Language'
 'Letter like a-z' 'Other entity' 'Animal' 'Expression abbreviated'
 'Price' 'Techniques and method' 'Musical instrument' 'Mountain'
 'Currency name' 'Event' 'Product' 'State' 'Individual' 'Organ of body'
 'Reason' 'Manner of an action' 'City' 'Religion'
 'Invention, book and other creative piece' 'Distance, linear measure'
 'Temperature' 'Postcode or other code' 'Size, area and volume' 'Sport'
 'Country' 'Other location' 'Lasting time of somethin' 'Equivalent term'
 'Description of something' 'Weight' 'Vehicle' 'Color' 'Other number'
 'Definition of something' 'Element and substance'
 'Description of a person' 'Symbols and sign' 'Number of something'
 'Plant' 'Percent, fraction' 'Group or organization of person'
 'Title of a person']",Type:,84, **Other entity**,1.0,2f60ccd7193f99ecd68fc106b0cb6c66ae7b60e41af9b28f,['Element and substance'],6514,"Question: What precious stone is a form of pure carbon ?
",trec
trec,en,"['Food' 'Date' 'Order, rank' 'Speed' 'Disease and medicine'
 'Word with a special property' 'Abbreviation' 'Language'
 'Letter like a-z' 'Other entity' 'Animal' 'Expression abbreviated'
 'Price' 'Techniques and method' 'Musical instrument' 'Mountain'
 'Currency name' 'Event' 'Product' 'State' 'Individual' 'Organ of body'
 'Reason' 'Manner of an action' 'City' 'Religion'
 'Invention, book and other creative piece' 'Distance, linear measure'
 'Temperature' 'Postcode or other code' 'Size, area and volume' 'Sport'
 'Country' 'Other location' 'Lasting time of somethin' 'Equivalent term'
 'Description of something' 'Weight' 'Vehicle' 'Color' 'Other number'
 'Definition of something' 'Element and substance'
 'Description of a person' 'Symbols and sign' 'Number of something'
 'Plant' 'Percent, fraction' 'Group or organization of person'
 'Title of a person']",Type:,84, **Number of something**,1.0,432bc5d5343a2d90493d1502feca910fa4f04638c165bfc5,['Temperature'],2296,"Question: What is the average body temperature ?
",trec
trec,en,"['Food' 'Date' 'Order, rank' 'Speed' 'Disease and medicine'
 'Word with a special property' 'Abbreviation' 'Language'
 'Letter like a-z' 'Other entity' 'Animal' 'Expression abbreviated'
 'Price' 'Techniques and method' 'Musical instrument' 'Mountain'
 'Currency name' 'Event' 'Product' 'State' 'Individual' 'Organ of body'
 'Reason' 'Manner of an action' 'City' 'Religion'
 'Invention, book and other creative piece' 'Distance, linear measure'
 'Temperature' 'Postcode or other code' 'Size, area and volume' 'Sport'
 'Country' 'Other location' 'Lasting time of somethin' 'Equivalent term'
 'Description of something' 'Weight' 'Vehicle' 'Color' 'Other number'
 'Definition of something' 'Element and substance'
 'Description of a person' 'Symbols and sign' 'Number of something'
 'Plant' 'Percent, fraction' 'Group or organization of person'
 'Title of a person']",Type:,84, **Individual**,1.0,3d969a6b17acac98d1007630ada2d3ee04202e2543caf688,['Other location'],7327,"Question: Where are the National Archives ?
",trec
trec,en,"['Food' 'Date' 'Order, rank' 'Speed' 'Disease and medicine'
 'Word with a special property' 'Abbreviation' 'Language'
 'Letter like a-z' 'Other entity' 'Animal' 'Expression abbreviated'
 'Price' 'Techniques and method' 'Musical instrument' 'Mountain'
 'Currency name' 'Event' 'Product' 'State' 'Individual' 'Organ of body'
 'Reason' 'Manner of an action' 'City' 'Religion'
 'Invention, book and other creative piece' 'Distance, linear measure'
 'Temperature' 'Postcode or other code' 'Size, area and volume' 'Sport'
 'Country' 'Other location' 'Lasting time of somethin' 'Equivalent term'
 'Description of something' 'Weight' 'Vehicle' 'Color' 'Other number'
 'Definition of something' 'Element and substance'
 'Description of a person' 'Symbols and sign' 'Number of something'
 'Plant' 'Percent, fraction' 'Group or organization of person'
 'Title of a person']",Type:,84, **Location**,1.0,c484b36f511ec3f88c462e36a451394a0f7674ca1146e617,['City'],1893,"Question: What city has the zip code of 35824 ?
",trec
trec,en,"['Food' 'Date' 'Order, rank' 'Speed' 'Disease and medicine'
 'Word with a special property' 'Abbreviation' 'Language'
 'Letter like a-z' 'Other entity' 'Animal' 'Expression abbreviated'
 'Price' 'Techniques and method' 'Musical instrument' 'Mountain'
 'Currency name' 'Event' 'Product' 'State' 'Individual' 'Organ of body'
 'Reason' 'Manner of an action' 'City' 'Religion'
 'Invention, book and other creative piece' 'Distance, linear measure'
 'Temperature' 'Postcode or other code' 'Size, area and volume' 'Sport'
 'Country' 'Other location' 'Lasting time of somethin' 'Equivalent term'
 'Description of something' 'Weight' 'Vehicle' 'Color' 'Other number'
 'Definition of something' 'Element and substance'
 'Description of a person' 'Symbols and sign' 'Number of something'
 'Plant' 'Percent, fraction' 'Group or organization of person'
 'Title of a person']",Type:,84, **Definition of something**,1.0,c929e9466c70da2f1b667b9968b34928e0f16197ca9e9c04,['Date'],3753,"Question: When was the first liver transplant ?
",trec
trec,en,"['Food' 'Date' 'Order, rank' 'Speed' 'Disease and medicine'
 'Word with a special property' 'Abbreviation' 'Language'
 'Letter like a-z' 'Other entity' 'Animal' 'Expression abbreviated'
 'Price' 'Techniques and method' 'Musical instrument' 'Mountain'
 'Currency name' 'Event' 'Product' 'State' 'Individual' 'Organ of body'
 'Reason' 'Manner of an action' 'City' 'Religion'
 'Invention, book and other creative piece' 'Distance, linear measure'
 'Temperature' 'Postcode or other code' 'Size, area and volume' 'Sport'
 'Country' 'Other location' 'Lasting time of somethin' 'Equivalent term'
 'Description of something' 'Weight' 'Vehicle' 'Color' 'Other number'
 'Definition of something' 'Element and substance'
 'Description of a person' 'Symbols and sign' 'Number of something'
 'Plant' 'Percent, fraction' 'Group or organization of person'
 'Title of a person']",Type:,84, **Instrument**,1.0,69091626855bf63b2b103f3af3a47a624ccdb47285a921ca,['Musical instrument'],1947,"Question: What instrument did Glenn Miller play ?
",trec
trec,en,"['Food' 'Date' 'Order, rank' 'Speed' 'Disease and medicine'
 'Word with a special property' 'Abbreviation' 'Language'
 'Letter like a-z' 'Other entity' 'Animal' 'Expression abbreviated'
 'Price' 'Techniques and method' 'Musical instrument' 'Mountain'
 'Currency name' 'Event' 'Product' 'State' 'Individual' 'Organ of body'
 'Reason' 'Manner of an action' 'City' 'Religion'
 'Invention, book and other creative piece' 'Distance, linear measure'
 'Temperature' 'Postcode or other code' 'Size, area and volume' 'Sport'
 'Country' 'Other location' 'Lasting time of somethin' 'Equivalent term'
 'Description of something' 'Weight' 'Vehicle' 'Color' 'Other number'
 'Definition of something' 'Element and substance'
 'Description of a person' 'Symbols and sign' 'Number of something'
 'Plant' 'Percent, fraction' 'Group or organization of person'
 'Title of a person']",Type:,84, Individual,1.0,206b78b2a11b7e444a95e37dc0fd700df904094152b64a4a,['Individual'],4815,"Question: Who won Ms. American in 1989 ?
",trec
trec,en,"['Food' 'Date' 'Order, rank' 'Speed' 'Disease and medicine'
 'Word with a special property' 'Abbreviation' 'Language'
 'Letter like a-z' 'Other entity' 'Animal' 'Expression abbreviated'
 'Price' 'Techniques and method' 'Musical instrument' 'Mountain'
 'Currency name' 'Event' 'Product' 'State' 'Individual' 'Organ of body'
 'Reason' 'Manner of an action' 'City' 'Religion'
 'Invention, book and other creative piece' 'Distance, linear measure'
 'Temperature' 'Postcode or other code' 'Size, area and volume' 'Sport'
 'Country' 'Other location' 'Lasting time of somethin' 'Equivalent term'
 'Description of something' 'Weight' 'Vehicle' 'Color' 'Other number'
 'Definition of something' 'Element and substance'
 'Description of a person' 'Symbols and sign' 'Number of something'
 'Plant' 'Percent, fraction' 'Group or organization of person'
 'Title of a person']",Type:,84, Lasting time of something,1.0,10e30eb8abf0d20556b414e826d971873468493164027855,['Lasting time of somethin'],3259,"Question: How long did Rip Van Winkle sleep ?
",trec
trec,en,"['Food' 'Date' 'Order, rank' 'Speed' 'Disease and medicine'
 'Word with a special property' 'Abbreviation' 'Language'
 'Letter like a-z' 'Other entity' 'Animal' 'Expression abbreviated'
 'Price' 'Techniques and method' 'Musical instrument' 'Mountain'
 'Currency name' 'Event' 'Product' 'State' 'Individual' 'Organ of body'
 'Reason' 'Manner of an action' 'City' 'Religion'
 'Invention, book and other creative piece' 'Distance, linear measure'
 'Temperature' 'Postcode or other code' 'Size, area and volume' 'Sport'
 'Country' 'Other location' 'Lasting time of somethin' 'Equivalent term'
 'Description of something' 'Weight' 'Vehicle' 'Color' 'Other number'
 'Definition of something' 'Element and substance'
 'Description of a person' 'Symbols and sign' 'Number of something'
 'Plant' 'Percent, fraction' 'Group or organization of person'
 'Title of a person']",Type:,84, Definition of something,1.0,7d1f909bc981db6c50db83a5c83825bb38e2d5cec1f6ebcd,['Disease and medicine'],5615,"Question: What is foot and mouth disease ?
",trec
trec,en,"['Food' 'Date' 'Order, rank' 'Speed' 'Disease and medicine'
 'Word with a special property' 'Abbreviation' 'Language'
 'Letter like a-z' 'Other entity' 'Animal' 'Expression abbreviated'
 'Price' 'Techniques and method' 'Musical instrument' 'Mountain'
 'Currency name' 'Event' 'Product' 'State' 'Individual' 'Organ of body'
 'Reason' 'Manner of an action' 'City' 'Religion'
 'Invention, book and other creative piece' 'Distance, linear measure'
 'Temperature' 'Postcode or other code' 'Size, area and volume' 'Sport'
 'Country' 'Other location' 'Lasting time of somethin' 'Equivalent term'
 'Description of something' 'Weight' 'Vehicle' 'Color' 'Other number'
 'Definition of something' 'Element and substance'
 'Description of a person' 'Symbols and sign' 'Number of something'
 'Plant' 'Percent, fraction' 'Group or organization of person'
 'Title of a person']",Type:,84, **Definition of something**,1.0,a12c082b70af2ce8257e73f6072f8b2b9d0d30cac6a06055,['Definition of something'],7664,"Question: What is semolina ?
",trec
trec,en,"['Food' 'Date' 'Order, rank' 'Speed' 'Disease and medicine'
 'Word with a special property' 'Abbreviation' 'Language'
 'Letter like a-z' 'Other entity' 'Animal' 'Expression abbreviated'
 'Price' 'Techniques and method' 'Musical instrument' 'Mountain'
 'Currency name' 'Event' 'Product' 'State' 'Individual' 'Organ of body'
 'Reason' 'Manner of an action' 'City' 'Religion'
 'Invention, book and other creative piece' 'Distance, linear measure'
 'Temperature' 'Postcode or other code' 'Size, area and volume' 'Sport'
 'Country' 'Other location' 'Lasting time of somethin' 'Equivalent term'
 'Description of something' 'Weight' 'Vehicle' 'Color' 'Other number'
 'Definition of something' 'Element and substance'
 'Description of a person' 'Symbols and sign' 'Number of something'
 'Plant' 'Percent, fraction' 'Group or organization of person'
 'Title of a person']",Type:,84, **Other location**,1.0,dac55a9f7b6f6935b806c22e5b2a0fa53d1052fa1084aec3,"['Distance, linear measure']",7872,"Question: How tall is the Sears Building ?
",trec
trec,en,"['Food' 'Date' 'Order, rank' 'Speed' 'Disease and medicine'
 'Word with a special property' 'Abbreviation' 'Language'
 'Letter like a-z' 'Other entity' 'Animal' 'Expression abbreviated'
 'Price' 'Techniques and method' 'Musical instrument' 'Mountain'
 'Currency name' 'Event' 'Product' 'State' 'Individual' 'Organ of body'
 'Reason' 'Manner of an action' 'City' 'Religion'
 'Invention, book and other creative piece' 'Distance, linear measure'
 'Temperature' 'Postcode or other code' 'Size, area and volume' 'Sport'
 'Country' 'Other location' 'Lasting time of somethin' 'Equivalent term'
 'Description of something' 'Weight' 'Vehicle' 'Color' 'Other number'
 'Definition of something' 'Element and substance'
 'Description of a person' 'Symbols and sign' 'Number of something'
 'Plant' 'Percent, fraction' 'Group or organization of person'
 'Title of a person']",Type:,84, **Number of something**,1.0,a7df71a32324720da9ed7e8b71d99605a7aa2c8c03fce970,"['Distance, linear measure']",6796,"Question: How far is a nautical mile ?
",trec
trec,en,"['Food' 'Date' 'Order, rank' 'Speed' 'Disease and medicine'
 'Word with a special property' 'Abbreviation' 'Language'
 'Letter like a-z' 'Other entity' 'Animal' 'Expression abbreviated'
 'Price' 'Techniques and method' 'Musical instrument' 'Mountain'
 'Currency name' 'Event' 'Product' 'State' 'Individual' 'Organ of body'
 'Reason' 'Manner of an action' 'City' 'Religion'
 'Invention, book and other creative piece' 'Distance, linear measure'
 'Temperature' 'Postcode or other code' 'Size, area and volume' 'Sport'
 'Country' 'Other location' 'Lasting time of somethin' 'Equivalent term'
 'Description of something' 'Weight' 'Vehicle' 'Color' 'Other number'
 'Definition of something' 'Element and substance'
 'Description of a person' 'Symbols and sign' 'Number of something'
 'Plant' 'Percent, fraction' 'Group or organization of person'
 'Title of a person']",Type:,84, Date,1.0,a94bd8caca00b64dffecfc1381aba40f95f662be291e982c,['Date'],2807,"Question: When did John F. Kennedy get elected as President ?
",trec
trec,en,"['Food' 'Date' 'Order, rank' 'Speed' 'Disease and medicine'
 'Word with a special property' 'Abbreviation' 'Language'
 'Letter like a-z' 'Other entity' 'Animal' 'Expression abbreviated'
 'Price' 'Techniques and method' 'Musical instrument' 'Mountain'
 'Currency name' 'Event' 'Product' 'State' 'Individual' 'Organ of body'
 'Reason' 'Manner of an action' 'City' 'Religion'
 'Invention, book and other creative piece' 'Distance, linear measure'
 'Temperature' 'Postcode or other code' 'Size, area and volume' 'Sport'
 'Country' 'Other location' 'Lasting time of somethin' 'Equivalent term'
 'Description of something' 'Weight' 'Vehicle' 'Color' 'Other number'
 'Definition of something' 'Element and substance'
 'Description of a person' 'Symbols and sign' 'Number of something'
 'Plant' 'Percent, fraction' 'Group or organization of person'
 'Title of a person']",Type:,84, **Manner of an action**,1.0,943ab0f567be614c671b5ca026c222919c5bc65ca6bd27f7,['Definition of something'],6094,"Question: What is ozone depletion ?
",trec
trec,en,"['Food' 'Date' 'Order, rank' 'Speed' 'Disease and medicine'
 'Word with a special property' 'Abbreviation' 'Language'
 'Letter like a-z' 'Other entity' 'Animal' 'Expression abbreviated'
 'Price' 'Techniques and method' 'Musical instrument' 'Mountain'
 'Currency name' 'Event' 'Product' 'State' 'Individual' 'Organ of body'
 'Reason' 'Manner of an action' 'City' 'Religion'
 'Invention, book and other creative piece' 'Distance, linear measure'
 'Temperature' 'Postcode or other code' 'Size, area and volume' 'Sport'
 'Country' 'Other location' 'Lasting time of somethin' 'Equivalent term'
 'Description of something' 'Weight' 'Vehicle' 'Color' 'Other number'
 'Definition of something' 'Element and substance'
 'Description of a person' 'Symbols and sign' 'Number of something'
 'Plant' 'Percent, fraction' 'Group or organization of person'
 'Title of a person']",Type:,84, **Individual**,1.0,1d12eb0eac6d6119b8b60c3988dcfdf8f311fdbef2308937,['Individual'],3102,"Question: Who invented the calculator ?
",trec
trec,en,"['Food' 'Date' 'Order, rank' 'Speed' 'Disease and medicine'
 'Word with a special property' 'Abbreviation' 'Language'
 'Letter like a-z' 'Other entity' 'Animal' 'Expression abbreviated'
 'Price' 'Techniques and method' 'Musical instrument' 'Mountain'
 'Currency name' 'Event' 'Product' 'State' 'Individual' 'Organ of body'
 'Reason' 'Manner of an action' 'City' 'Religion'
 'Invention, book and other creative piece' 'Distance, linear measure'
 'Temperature' 'Postcode or other code' 'Size, area and volume' 'Sport'
 'Country' 'Other location' 'Lasting time of somethin' 'Equivalent term'
 'Description of something' 'Weight' 'Vehicle' 'Color' 'Other number'
 'Definition of something' 'Element and substance'
 'Description of a person' 'Symbols and sign' 'Number of something'
 'Plant' 'Percent, fraction' 'Group or organization of person'
 'Title of a person']",Type:,84, Word with a special property,1.0,cde02966d1f0851a130f3fc25319c63c6ef8e234ed90cae0,['Equivalent term'],6978,"Question: What do you call a word that is spelled the same backwards and forwards ?
",trec
trec,en,"['Food' 'Date' 'Order, rank' 'Speed' 'Disease and medicine'
 'Word with a special property' 'Abbreviation' 'Language'
 'Letter like a-z' 'Other entity' 'Animal' 'Expression abbreviated'
 'Price' 'Techniques and method' 'Musical instrument' 'Mountain'
 'Currency name' 'Event' 'Product' 'State' 'Individual' 'Organ of body'
 'Reason' 'Manner of an action' 'City' 'Religion'
 'Invention, book and other creative piece' 'Distance, linear measure'
 'Temperature' 'Postcode or other code' 'Size, area and volume' 'Sport'
 'Country' 'Other location' 'Lasting time of somethin' 'Equivalent term'
 'Description of something' 'Weight' 'Vehicle' 'Color' 'Other number'
 'Definition of something' 'Element and substance'
 'Description of a person' 'Symbols and sign' 'Number of something'
 'Plant' 'Percent, fraction' 'Group or organization of person'
 'Title of a person']",Type:,84, Date,1.0,68e634727ef0e25bc70ae29ca004adaa9b13ff53c6aa9b90,['Date'],6902,"Question: When is Father 's Day ?
",trec
trec,en,"['Food' 'Date' 'Order, rank' 'Speed' 'Disease and medicine'
 'Word with a special property' 'Abbreviation' 'Language'
 'Letter like a-z' 'Other entity' 'Animal' 'Expression abbreviated'
 'Price' 'Techniques and method' 'Musical instrument' 'Mountain'
 'Currency name' 'Event' 'Product' 'State' 'Individual' 'Organ of body'
 'Reason' 'Manner of an action' 'City' 'Religion'
 'Invention, book and other creative piece' 'Distance, linear measure'
 'Temperature' 'Postcode or other code' 'Size, area and volume' 'Sport'
 'Country' 'Other location' 'Lasting time of somethin' 'Equivalent term'
 'Description of something' 'Weight' 'Vehicle' 'Color' 'Other number'
 'Definition of something' 'Element and substance'
 'Description of a person' 'Symbols and sign' 'Number of something'
 'Plant' 'Percent, fraction' 'Group or organization of person'
 'Title of a person']",Type:,84, **Individual**,1.0,48ef3bbe793adfd2329dad96fda943f2b7278fe29ee69505,['Group or organization of person'],3176,"Question: What did Jesse Jackson organize ?
",trec
trec,en,"['Food' 'Date' 'Order, rank' 'Speed' 'Disease and medicine'
 'Word with a special property' 'Abbreviation' 'Language'
 'Letter like a-z' 'Other entity' 'Animal' 'Expression abbreviated'
 'Price' 'Techniques and method' 'Musical instrument' 'Mountain'
 'Currency name' 'Event' 'Product' 'State' 'Individual' 'Organ of body'
 'Reason' 'Manner of an action' 'City' 'Religion'
 'Invention, book and other creative piece' 'Distance, linear measure'
 'Temperature' 'Postcode or other code' 'Size, area and volume' 'Sport'
 'Country' 'Other location' 'Lasting time of somethin' 'Equivalent term'
 'Description of something' 'Weight' 'Vehicle' 'Color' 'Other number'
 'Definition of something' 'Element and substance'
 'Description of a person' 'Symbols and sign' 'Number of something'
 'Plant' 'Percent, fraction' 'Group or organization of person'
 'Title of a person']",Type:,84, **Expression abbreviated**,1.0,c3ad7a6f2da7f11e98894dc996a92d822a6b75acea83aba4,['Expression abbreviated'],2071,"Question: What does I.V. stand for ?
",trec
trec,en,"['Food' 'Date' 'Order, rank' 'Speed' 'Disease and medicine'
 'Word with a special property' 'Abbreviation' 'Language'
 'Letter like a-z' 'Other entity' 'Animal' 'Expression abbreviated'
 'Price' 'Techniques and method' 'Musical instrument' 'Mountain'
 'Currency name' 'Event' 'Product' 'State' 'Individual' 'Organ of body'
 'Reason' 'Manner of an action' 'City' 'Religion'
 'Invention, book and other creative piece' 'Distance, linear measure'
 'Temperature' 'Postcode or other code' 'Size, area and volume' 'Sport'
 'Country' 'Other location' 'Lasting time of somethin' 'Equivalent term'
 'Description of something' 'Weight' 'Vehicle' 'Color' 'Other number'
 'Definition of something' 'Element and substance'
 'Description of a person' 'Symbols and sign' 'Number of something'
 'Plant' 'Percent, fraction' 'Group or organization of person'
 'Title of a person']",Type:,84, Date,1.0,d92c1cc16f6305d942c3a2708369443c62178bad2958676a,['Date'],3276,"Question: When was the first kidney transplant ?
",trec
trec,en,"['Food' 'Date' 'Order, rank' 'Speed' 'Disease and medicine'
 'Word with a special property' 'Abbreviation' 'Language'
 'Letter like a-z' 'Other entity' 'Animal' 'Expression abbreviated'
 'Price' 'Techniques and method' 'Musical instrument' 'Mountain'
 'Currency name' 'Event' 'Product' 'State' 'Individual' 'Organ of body'
 'Reason' 'Manner of an action' 'City' 'Religion'
 'Invention, book and other creative piece' 'Distance, linear measure'
 'Temperature' 'Postcode or other code' 'Size, area and volume' 'Sport'
 'Country' 'Other location' 'Lasting time of somethin' 'Equivalent term'
 'Description of something' 'Weight' 'Vehicle' 'Color' 'Other number'
 'Definition of something' 'Element and substance'
 'Description of a person' 'Symbols and sign' 'Number of something'
 'Plant' 'Percent, fraction' 'Group or organization of person'
 'Title of a person']",Type:,84, **Date**,1.0,a08d0b2b6ab805c9d3d56655ec8cdb0a2b74722cd8ddd71d,['Date'],6512,"Question: What year did the Titanic start on its journey ?
",trec
trec,en,"['Food' 'Date' 'Order, rank' 'Speed' 'Disease and medicine'
 'Word with a special property' 'Abbreviation' 'Language'
 'Letter like a-z' 'Other entity' 'Animal' 'Expression abbreviated'
 'Price' 'Techniques and method' 'Musical instrument' 'Mountain'
 'Currency name' 'Event' 'Product' 'State' 'Individual' 'Organ of body'
 'Reason' 'Manner of an action' 'City' 'Religion'
 'Invention, book and other creative piece' 'Distance, linear measure'
 'Temperature' 'Postcode or other code' 'Size, area and volume' 'Sport'
 'Country' 'Other location' 'Lasting time of somethin' 'Equivalent term'
 'Description of something' 'Weight' 'Vehicle' 'Color' 'Other number'
 'Definition of something' 'Element and substance'
 'Description of a person' 'Symbols and sign' 'Number of something'
 'Plant' 'Percent, fraction' 'Group or organization of person'
 'Title of a person']",Type:,84, **Description of something**,1.0,6483b104728d33a66f53068a55c5340f9b0c8f2879a717a0,['Animal'],4670,"Question: What is a group of turkeys called ?
",trec
trec,en,"['Food' 'Date' 'Order, rank' 'Speed' 'Disease and medicine'
 'Word with a special property' 'Abbreviation' 'Language'
 'Letter like a-z' 'Other entity' 'Animal' 'Expression abbreviated'
 'Price' 'Techniques and method' 'Musical instrument' 'Mountain'
 'Currency name' 'Event' 'Product' 'State' 'Individual' 'Organ of body'
 'Reason' 'Manner of an action' 'City' 'Religion'
 'Invention, book and other creative piece' 'Distance, linear measure'
 'Temperature' 'Postcode or other code' 'Size, area and volume' 'Sport'
 'Country' 'Other location' 'Lasting time of somethin' 'Equivalent term'
 'Description of something' 'Weight' 'Vehicle' 'Color' 'Other number'
 'Definition of something' 'Element and substance'
 'Description of a person' 'Symbols and sign' 'Number of something'
 'Plant' 'Percent, fraction' 'Group or organization of person'
 'Title of a person']",Type:,84, **Description of something**,1.0,58103d85701e317b63815561b012e302ba0d2b49f14e84e5,['Definition of something'],6950,"Question: What are coral reefs ?
",trec
trec,en,"['Food' 'Date' 'Order, rank' 'Speed' 'Disease and medicine'
 'Word with a special property' 'Abbreviation' 'Language'
 'Letter like a-z' 'Other entity' 'Animal' 'Expression abbreviated'
 'Price' 'Techniques and method' 'Musical instrument' 'Mountain'
 'Currency name' 'Event' 'Product' 'State' 'Individual' 'Organ of body'
 'Reason' 'Manner of an action' 'City' 'Religion'
 'Invention, book and other creative piece' 'Distance, linear measure'
 'Temperature' 'Postcode or other code' 'Size, area and volume' 'Sport'
 'Country' 'Other location' 'Lasting time of somethin' 'Equivalent term'
 'Description of something' 'Weight' 'Vehicle' 'Color' 'Other number'
 'Definition of something' 'Element and substance'
 'Description of a person' 'Symbols and sign' 'Number of something'
 'Plant' 'Percent, fraction' 'Group or organization of person'
 'Title of a person']",Type:,84, **Currency**,1.0,10987bf3a71ef060f7e7dae970d32c0020c6aad1ada932ca,['Currency name'],4252,"Question: What currency is used in Algeria ?
",trec
trec,en,"['Food' 'Date' 'Order, rank' 'Speed' 'Disease and medicine'
 'Word with a special property' 'Abbreviation' 'Language'
 'Letter like a-z' 'Other entity' 'Animal' 'Expression abbreviated'
 'Price' 'Techniques and method' 'Musical instrument' 'Mountain'
 'Currency name' 'Event' 'Product' 'State' 'Individual' 'Organ of body'
 'Reason' 'Manner of an action' 'City' 'Religion'
 'Invention, book and other creative piece' 'Distance, linear measure'
 'Temperature' 'Postcode or other code' 'Size, area and volume' 'Sport'
 'Country' 'Other location' 'Lasting time of somethin' 'Equivalent term'
 'Description of something' 'Weight' 'Vehicle' 'Color' 'Other number'
 'Definition of something' 'Element and substance'
 'Description of a person' 'Symbols and sign' 'Number of something'
 'Plant' 'Percent, fraction' 'Group or organization of person'
 'Title of a person']",Type:,84, **Individual**,1.0,7e9b88f04d10b86992f69376308f6376f4d2b88e1c3b8b66,['Individual'],1467,"Question: Who was the first US President to ride in an automobile to his inauguration ?
",trec
trec,en,"['Food' 'Date' 'Order, rank' 'Speed' 'Disease and medicine'
 'Word with a special property' 'Abbreviation' 'Language'
 'Letter like a-z' 'Other entity' 'Animal' 'Expression abbreviated'
 'Price' 'Techniques and method' 'Musical instrument' 'Mountain'
 'Currency name' 'Event' 'Product' 'State' 'Individual' 'Organ of body'
 'Reason' 'Manner of an action' 'City' 'Religion'
 'Invention, book and other creative piece' 'Distance, linear measure'
 'Temperature' 'Postcode or other code' 'Size, area and volume' 'Sport'
 'Country' 'Other location' 'Lasting time of somethin' 'Equivalent term'
 'Description of something' 'Weight' 'Vehicle' 'Color' 'Other number'
 'Definition of something' 'Element and substance'
 'Description of a person' 'Symbols and sign' 'Number of something'
 'Plant' 'Percent, fraction' 'Group or organization of person'
 'Title of a person']",Type:,84, **Disease and medicine**,1.0,cd34b068e5211051011049b00cf563b9d4993997d9c7e69f,['Other location'],4936,"Question: What peninsula is Spain part of ?
",trec
trec,en,"['Food' 'Date' 'Order, rank' 'Speed' 'Disease and medicine'
 'Word with a special property' 'Abbreviation' 'Language'
 'Letter like a-z' 'Other entity' 'Animal' 'Expression abbreviated'
 'Price' 'Techniques and method' 'Musical instrument' 'Mountain'
 'Currency name' 'Event' 'Product' 'State' 'Individual' 'Organ of body'
 'Reason' 'Manner of an action' 'City' 'Religion'
 'Invention, book and other creative piece' 'Distance, linear measure'
 'Temperature' 'Postcode or other code' 'Size, area and volume' 'Sport'
 'Country' 'Other location' 'Lasting time of somethin' 'Equivalent term'
 'Description of something' 'Weight' 'Vehicle' 'Color' 'Other number'
 'Definition of something' 'Element and substance'
 'Description of a person' 'Symbols and sign' 'Number of something'
 'Plant' 'Percent, fraction' 'Group or organization of person'
 'Title of a person']",Type:,84, **Number of something**,1.0,620e8f66c4d9c17ea9e91670bce23f19f799435178540aed,"['Distance, linear measure']",2868,"Question: What is the width of a football field ?
",trec
trec,en,"['Food' 'Date' 'Order, rank' 'Speed' 'Disease and medicine'
 'Word with a special property' 'Abbreviation' 'Language'
 'Letter like a-z' 'Other entity' 'Animal' 'Expression abbreviated'
 'Price' 'Techniques and method' 'Musical instrument' 'Mountain'
 'Currency name' 'Event' 'Product' 'State' 'Individual' 'Organ of body'
 'Reason' 'Manner of an action' 'City' 'Religion'
 'Invention, book and other creative piece' 'Distance, linear measure'
 'Temperature' 'Postcode or other code' 'Size, area and volume' 'Sport'
 'Country' 'Other location' 'Lasting time of somethin' 'Equivalent term'
 'Description of something' 'Weight' 'Vehicle' 'Color' 'Other number'
 'Definition of something' 'Element and substance'
 'Description of a person' 'Symbols and sign' 'Number of something'
 'Plant' 'Percent, fraction' 'Group or organization of person'
 'Title of a person']",Type:,84, **County**,1.0,13dfcc1e607745f0f8e6043f75f5e7c3b6774e0f7dbcb9a0,['City'],1435,"Question: What county is Phoenix , AZ in ?
",trec
trec,en,"['Food' 'Date' 'Order, rank' 'Speed' 'Disease and medicine'
 'Word with a special property' 'Abbreviation' 'Language'
 'Letter like a-z' 'Other entity' 'Animal' 'Expression abbreviated'
 'Price' 'Techniques and method' 'Musical instrument' 'Mountain'
 'Currency name' 'Event' 'Product' 'State' 'Individual' 'Organ of body'
 'Reason' 'Manner of an action' 'City' 'Religion'
 'Invention, book and other creative piece' 'Distance, linear measure'
 'Temperature' 'Postcode or other code' 'Size, area and volume' 'Sport'
 'Country' 'Other location' 'Lasting time of somethin' 'Equivalent term'
 'Description of something' 'Weight' 'Vehicle' 'Color' 'Other number'
 'Definition of something' 'Element and substance'
 'Description of a person' 'Symbols and sign' 'Number of something'
 'Plant' 'Percent, fraction' 'Group or organization of person'
 'Title of a person']",Type:,84, **Individual**,1.0,1c07ce343f7fc3291945943efab1fe204e2fc86c018349b6,['Definition of something'],7555,"Question: What is foreclosure ?
",trec
trec,en,"['Food' 'Date' 'Order, rank' 'Speed' 'Disease and medicine'
 'Word with a special property' 'Abbreviation' 'Language'
 'Letter like a-z' 'Other entity' 'Animal' 'Expression abbreviated'
 'Price' 'Techniques and method' 'Musical instrument' 'Mountain'
 'Currency name' 'Event' 'Product' 'State' 'Individual' 'Organ of body'
 'Reason' 'Manner of an action' 'City' 'Religion'
 'Invention, book and other creative piece' 'Distance, linear measure'
 'Temperature' 'Postcode or other code' 'Size, area and volume' 'Sport'
 'Country' 'Other location' 'Lasting time of somethin' 'Equivalent term'
 'Description of something' 'Weight' 'Vehicle' 'Color' 'Other number'
 'Definition of something' 'Element and substance'
 'Description of a person' 'Symbols and sign' 'Number of something'
 'Plant' 'Percent, fraction' 'Group or organization of person'
 'Title of a person']",Type:,84, **Definition of something**,1.0,f13ac67f320e6a4fe60dddf077d7d1c4090fa69ffe0e1664,['Other entity'],2168,"Question: What does a barometer measure ?
",trec
trec,en,"['Food' 'Date' 'Order, rank' 'Speed' 'Disease and medicine'
 'Word with a special property' 'Abbreviation' 'Language'
 'Letter like a-z' 'Other entity' 'Animal' 'Expression abbreviated'
 'Price' 'Techniques and method' 'Musical instrument' 'Mountain'
 'Currency name' 'Event' 'Product' 'State' 'Individual' 'Organ of body'
 'Reason' 'Manner of an action' 'City' 'Religion'
 'Invention, book and other creative piece' 'Distance, linear measure'
 'Temperature' 'Postcode or other code' 'Size, area and volume' 'Sport'
 'Country' 'Other location' 'Lasting time of somethin' 'Equivalent term'
 'Description of something' 'Weight' 'Vehicle' 'Color' 'Other number'
 'Definition of something' 'Element and substance'
 'Description of a person' 'Symbols and sign' 'Number of something'
 'Plant' 'Percent, fraction' 'Group or organization of person'
 'Title of a person']",Type:,84," **Other entity**  

---

### Explanation:
The question **""What is the depth of the Nile river?""** is asking for a **specific measurement or characteristic** of a geographical feature (the Nile River). This type of question is not asking for a person, a number, a definition, a date, or a location in the traditional sense. Instead, it is asking for a **quantitative property** of a",1.0,d4791c5914a6e73526116106a7407d4627a626ef355d122f,"['Distance, linear measure']",2075,"Question: What is the depth of the Nile river ?
",trec
trec,en,"['Food' 'Date' 'Order, rank' 'Speed' 'Disease and medicine'
 'Word with a special property' 'Abbreviation' 'Language'
 'Letter like a-z' 'Other entity' 'Animal' 'Expression abbreviated'
 'Price' 'Techniques and method' 'Musical instrument' 'Mountain'
 'Currency name' 'Event' 'Product' 'State' 'Individual' 'Organ of body'
 'Reason' 'Manner of an action' 'City' 'Religion'
 'Invention, book and other creative piece' 'Distance, linear measure'
 'Temperature' 'Postcode or other code' 'Size, area and volume' 'Sport'
 'Country' 'Other location' 'Lasting time of somethin' 'Equivalent term'
 'Description of something' 'Weight' 'Vehicle' 'Color' 'Other number'
 'Definition of something' 'Element and substance'
 'Description of a person' 'Symbols and sign' 'Number of something'
 'Plant' 'Percent, fraction' 'Group or organization of person'
 'Title of a person']",Type:,84, Lasting time of somethin,1.0,354efe23a5c22ff89540575878c2400ee220720061c2df00,['Lasting time of somethin'],8414,"Question: What is the gestation period for a cat ?
",trec
trec,en,"['Food' 'Date' 'Order, rank' 'Speed' 'Disease and medicine'
 'Word with a special property' 'Abbreviation' 'Language'
 'Letter like a-z' 'Other entity' 'Animal' 'Expression abbreviated'
 'Price' 'Techniques and method' 'Musical instrument' 'Mountain'
 'Currency name' 'Event' 'Product' 'State' 'Individual' 'Organ of body'
 'Reason' 'Manner of an action' 'City' 'Religion'
 'Invention, book and other creative piece' 'Distance, linear measure'
 'Temperature' 'Postcode or other code' 'Size, area and volume' 'Sport'
 'Country' 'Other location' 'Lasting time of somethin' 'Equivalent term'
 'Description of something' 'Weight' 'Vehicle' 'Color' 'Other number'
 'Definition of something' 'Element and substance'
 'Description of a person' 'Symbols and sign' 'Number of something'
 'Plant' 'Percent, fraction' 'Group or organization of person'
 'Title of a person']",Type:,84, **Other number**,1.0,53612771a03cbf45bb4e4e38231672d293438cd552407f82,['Number of something'],2032,"Question: How many pounds in a ton ?
",trec
trec,en,"['Food' 'Date' 'Order, rank' 'Speed' 'Disease and medicine'
 'Word with a special property' 'Abbreviation' 'Language'
 'Letter like a-z' 'Other entity' 'Animal' 'Expression abbreviated'
 'Price' 'Techniques and method' 'Musical instrument' 'Mountain'
 'Currency name' 'Event' 'Product' 'State' 'Individual' 'Organ of body'
 'Reason' 'Manner of an action' 'City' 'Religion'
 'Invention, book and other creative piece' 'Distance, linear measure'
 'Temperature' 'Postcode or other code' 'Size, area and volume' 'Sport'
 'Country' 'Other location' 'Lasting time of somethin' 'Equivalent term'
 'Description of something' 'Weight' 'Vehicle' 'Color' 'Other number'
 'Definition of something' 'Element and substance'
 'Description of a person' 'Symbols and sign' 'Number of something'
 'Plant' 'Percent, fraction' 'Group or organization of person'
 'Title of a person']",Type:,84, **Definition of something**,1.0,0c1076ddfb446ce669afe60a2108eecfbb2365223e8f07d2,['Product'],8316,"Question: What was the first satellite to go into space ?
",trec
trec,en,"['Food' 'Date' 'Order, rank' 'Speed' 'Disease and medicine'
 'Word with a special property' 'Abbreviation' 'Language'
 'Letter like a-z' 'Other entity' 'Animal' 'Expression abbreviated'
 'Price' 'Techniques and method' 'Musical instrument' 'Mountain'
 'Currency name' 'Event' 'Product' 'State' 'Individual' 'Organ of body'
 'Reason' 'Manner of an action' 'City' 'Religion'
 'Invention, book and other creative piece' 'Distance, linear measure'
 'Temperature' 'Postcode or other code' 'Size, area and volume' 'Sport'
 'Country' 'Other location' 'Lasting time of somethin' 'Equivalent term'
 'Description of something' 'Weight' 'Vehicle' 'Color' 'Other number'
 'Definition of something' 'Element and substance'
 'Description of a person' 'Symbols and sign' 'Number of something'
 'Plant' 'Percent, fraction' 'Group or organization of person'
 'Title of a person']",Type:,84, **Definition of something**,1.0,8e5060883a3a65416b865d26d3ba447eb93738218403f554,['Element and substance'],1507,"Question: What metal has the highest melting point ?
",trec
trec,en,"['Food' 'Date' 'Order, rank' 'Speed' 'Disease and medicine'
 'Word with a special property' 'Abbreviation' 'Language'
 'Letter like a-z' 'Other entity' 'Animal' 'Expression abbreviated'
 'Price' 'Techniques and method' 'Musical instrument' 'Mountain'
 'Currency name' 'Event' 'Product' 'State' 'Individual' 'Organ of body'
 'Reason' 'Manner of an action' 'City' 'Religion'
 'Invention, book and other creative piece' 'Distance, linear measure'
 'Temperature' 'Postcode or other code' 'Size, area and volume' 'Sport'
 'Country' 'Other location' 'Lasting time of somethin' 'Equivalent term'
 'Description of something' 'Weight' 'Vehicle' 'Color' 'Other number'
 'Definition of something' 'Element and substance'
 'Description of a person' 'Symbols and sign' 'Number of something'
 'Plant' 'Percent, fraction' 'Group or organization of person'
 'Title of a person']",Type:,84, Definition of something,1.0,92a0d38c9117e9bf0b832ae14ee87bf169a8dbad727e0386,['Definition of something'],3744,"Question: What is caffeine ?
",trec
trec,en,"['Food' 'Date' 'Order, rank' 'Speed' 'Disease and medicine'
 'Word with a special property' 'Abbreviation' 'Language'
 'Letter like a-z' 'Other entity' 'Animal' 'Expression abbreviated'
 'Price' 'Techniques and method' 'Musical instrument' 'Mountain'
 'Currency name' 'Event' 'Product' 'State' 'Individual' 'Organ of body'
 'Reason' 'Manner of an action' 'City' 'Religion'
 'Invention, book and other creative piece' 'Distance, linear measure'
 'Temperature' 'Postcode or other code' 'Size, area and volume' 'Sport'
 'Country' 'Other location' 'Lasting time of somethin' 'Equivalent term'
 'Description of something' 'Weight' 'Vehicle' 'Color' 'Other number'
 'Definition of something' 'Element and substance'
 'Description of a person' 'Symbols and sign' 'Number of something'
 'Plant' 'Percent, fraction' 'Group or organization of person'
 'Title of a person']",Type:,84, Definition of something,1.0,0ec47c5bfef1cf9ea4d1d47116a30121de69db12519d410e,['Color'],6150,"Question: What color are crickets ?
",trec
trec,en,"['Food' 'Date' 'Order, rank' 'Speed' 'Disease and medicine'
 'Word with a special property' 'Abbreviation' 'Language'
 'Letter like a-z' 'Other entity' 'Animal' 'Expression abbreviated'
 'Price' 'Techniques and method' 'Musical instrument' 'Mountain'
 'Currency name' 'Event' 'Product' 'State' 'Individual' 'Organ of body'
 'Reason' 'Manner of an action' 'City' 'Religion'
 'Invention, book and other creative piece' 'Distance, linear measure'
 'Temperature' 'Postcode or other code' 'Size, area and volume' 'Sport'
 'Country' 'Other location' 'Lasting time of somethin' 'Equivalent term'
 'Description of something' 'Weight' 'Vehicle' 'Color' 'Other number'
 'Definition of something' 'Element and substance'
 'Description of a person' 'Symbols and sign' 'Number of something'
 'Plant' 'Percent, fraction' 'Group or organization of person'
 'Title of a person']",Type:,84, **Other location**,1.0,8eb86e597aa70c66a934687954ad3504a23ce95ec9c68efe,['Mountain'],3089,"Question: What is the fourth highest mountain in the world ?
",trec
trec,en,"['Food' 'Date' 'Order, rank' 'Speed' 'Disease and medicine'
 'Word with a special property' 'Abbreviation' 'Language'
 'Letter like a-z' 'Other entity' 'Animal' 'Expression abbreviated'
 'Price' 'Techniques and method' 'Musical instrument' 'Mountain'
 'Currency name' 'Event' 'Product' 'State' 'Individual' 'Organ of body'
 'Reason' 'Manner of an action' 'City' 'Religion'
 'Invention, book and other creative piece' 'Distance, linear measure'
 'Temperature' 'Postcode or other code' 'Size, area and volume' 'Sport'
 'Country' 'Other location' 'Lasting time of somethin' 'Equivalent term'
 'Description of something' 'Weight' 'Vehicle' 'Color' 'Other number'
 'Definition of something' 'Element and substance'
 'Description of a person' 'Symbols and sign' 'Number of something'
 'Plant' 'Percent, fraction' 'Group or organization of person'
 'Title of a person']",Type:,84, **Country**,1.0,37fc91e0069dfc5177c65cf2937227f33bffeb756d408325,['Plant'],4247,"Question: What is Australia 's national flower ?
",trec
trec,en,"['Food' 'Date' 'Order, rank' 'Speed' 'Disease and medicine'
 'Word with a special property' 'Abbreviation' 'Language'
 'Letter like a-z' 'Other entity' 'Animal' 'Expression abbreviated'
 'Price' 'Techniques and method' 'Musical instrument' 'Mountain'
 'Currency name' 'Event' 'Product' 'State' 'Individual' 'Organ of body'
 'Reason' 'Manner of an action' 'City' 'Religion'
 'Invention, book and other creative piece' 'Distance, linear measure'
 'Temperature' 'Postcode or other code' 'Size, area and volume' 'Sport'
 'Country' 'Other location' 'Lasting time of somethin' 'Equivalent term'
 'Description of something' 'Weight' 'Vehicle' 'Color' 'Other number'
 'Definition of something' 'Element and substance'
 'Description of a person' 'Symbols and sign' 'Number of something'
 'Plant' 'Percent, fraction' 'Group or organization of person'
 'Title of a person']",Type:,84, **City**,1.0,7aebb78c4dfb93851df88819813a91bdc31fcc524032d622,['City'],7033,"Question: What is the capital of Ethiopia ?
",trec
trec,en,"['Food' 'Date' 'Order, rank' 'Speed' 'Disease and medicine'
 'Word with a special property' 'Abbreviation' 'Language'
 'Letter like a-z' 'Other entity' 'Animal' 'Expression abbreviated'
 'Price' 'Techniques and method' 'Musical instrument' 'Mountain'
 'Currency name' 'Event' 'Product' 'State' 'Individual' 'Organ of body'
 'Reason' 'Manner of an action' 'City' 'Religion'
 'Invention, book and other creative piece' 'Distance, linear measure'
 'Temperature' 'Postcode or other code' 'Size, area and volume' 'Sport'
 'Country' 'Other location' 'Lasting time of somethin' 'Equivalent term'
 'Description of something' 'Weight' 'Vehicle' 'Color' 'Other number'
 'Definition of something' 'Element and substance'
 'Description of a person' 'Symbols and sign' 'Number of something'
 'Plant' 'Percent, fraction' 'Group or organization of person'
 'Title of a person']",Type:,84, **Disease and medicine**,1.0,e9b5249c001ca9eab599bc3ddfd315d790726d9c147ce018,['Definition of something'],8062,"Question: What is leukemia ?
",trec
trec,en,"['Food' 'Date' 'Order, rank' 'Speed' 'Disease and medicine'
 'Word with a special property' 'Abbreviation' 'Language'
 'Letter like a-z' 'Other entity' 'Animal' 'Expression abbreviated'
 'Price' 'Techniques and method' 'Musical instrument' 'Mountain'
 'Currency name' 'Event' 'Product' 'State' 'Individual' 'Organ of body'
 'Reason' 'Manner of an action' 'City' 'Religion'
 'Invention, book and other creative piece' 'Distance, linear measure'
 'Temperature' 'Postcode or other code' 'Size, area and volume' 'Sport'
 'Country' 'Other location' 'Lasting time of somethin' 'Equivalent term'
 'Description of something' 'Weight' 'Vehicle' 'Color' 'Other number'
 'Definition of something' 'Element and substance'
 'Description of a person' 'Symbols and sign' 'Number of something'
 'Plant' 'Percent, fraction' 'Group or organization of person'
 'Title of a person']",Type:,84, **Other location**,1.0,64185c36020ead184262b3cd1aa28a4e7b28444c0043daef,['Other location'],4825,"Question: What is the street address of the White House ?
",trec
trec,en,"['Food' 'Date' 'Order, rank' 'Speed' 'Disease and medicine'
 'Word with a special property' 'Abbreviation' 'Language'
 'Letter like a-z' 'Other entity' 'Animal' 'Expression abbreviated'
 'Price' 'Techniques and method' 'Musical instrument' 'Mountain'
 'Currency name' 'Event' 'Product' 'State' 'Individual' 'Organ of body'
 'Reason' 'Manner of an action' 'City' 'Religion'
 'Invention, book and other creative piece' 'Distance, linear measure'
 'Temperature' 'Postcode or other code' 'Size, area and volume' 'Sport'
 'Country' 'Other location' 'Lasting time of somethin' 'Equivalent term'
 'Description of something' 'Weight' 'Vehicle' 'Color' 'Other number'
 'Definition of something' 'Element and substance'
 'Description of a person' 'Symbols and sign' 'Number of something'
 'Plant' 'Percent, fraction' 'Group or organization of person'
 'Title of a person']",Type:,84, **Individual**,1.0,0b8e6cece544fd1a0037a0dd5e9117a3f47dfb7542803207,['Definition of something'],7711,"Question: What is metabolism ?
",trec
trec,en,"['Food' 'Date' 'Order, rank' 'Speed' 'Disease and medicine'
 'Word with a special property' 'Abbreviation' 'Language'
 'Letter like a-z' 'Other entity' 'Animal' 'Expression abbreviated'
 'Price' 'Techniques and method' 'Musical instrument' 'Mountain'
 'Currency name' 'Event' 'Product' 'State' 'Individual' 'Organ of body'
 'Reason' 'Manner of an action' 'City' 'Religion'
 'Invention, book and other creative piece' 'Distance, linear measure'
 'Temperature' 'Postcode or other code' 'Size, area and volume' 'Sport'
 'Country' 'Other location' 'Lasting time of somethin' 'Equivalent term'
 'Description of something' 'Weight' 'Vehicle' 'Color' 'Other number'
 'Definition of something' 'Element and substance'
 'Description of a person' 'Symbols and sign' 'Number of something'
 'Plant' 'Percent, fraction' 'Group or organization of person'
 'Title of a person']",Type:,84, **Individual**,1.0,56a70996016ed618c2c83f4fb36933dfca9f15f43d709208,['Country'],2348,"Question: Which country has the most water pollution ?
",trec
trec,en,"['Food' 'Date' 'Order, rank' 'Speed' 'Disease and medicine'
 'Word with a special property' 'Abbreviation' 'Language'
 'Letter like a-z' 'Other entity' 'Animal' 'Expression abbreviated'
 'Price' 'Techniques and method' 'Musical instrument' 'Mountain'
 'Currency name' 'Event' 'Product' 'State' 'Individual' 'Organ of body'
 'Reason' 'Manner of an action' 'City' 'Religion'
 'Invention, book and other creative piece' 'Distance, linear measure'
 'Temperature' 'Postcode or other code' 'Size, area and volume' 'Sport'
 'Country' 'Other location' 'Lasting time of somethin' 'Equivalent term'
 'Description of something' 'Weight' 'Vehicle' 'Color' 'Other number'
 'Definition of something' 'Element and substance'
 'Description of a person' 'Symbols and sign' 'Number of something'
 'Plant' 'Percent, fraction' 'Group or organization of person'
 'Title of a person']",Type:,84, **Measurement**,1.0,1264141d08caf6f2f4105ce15f3c2d69d34749b96ece38de,"['Distance, linear measure']",2891,"Question: What is the earth 's diameter ?
",trec
trec,en,"['Food' 'Date' 'Order, rank' 'Speed' 'Disease and medicine'
 'Word with a special property' 'Abbreviation' 'Language'
 'Letter like a-z' 'Other entity' 'Animal' 'Expression abbreviated'
 'Price' 'Techniques and method' 'Musical instrument' 'Mountain'
 'Currency name' 'Event' 'Product' 'State' 'Individual' 'Organ of body'
 'Reason' 'Manner of an action' 'City' 'Religion'
 'Invention, book and other creative piece' 'Distance, linear measure'
 'Temperature' 'Postcode or other code' 'Size, area and volume' 'Sport'
 'Country' 'Other location' 'Lasting time of somethin' 'Equivalent term'
 'Description of something' 'Weight' 'Vehicle' 'Color' 'Other number'
 'Definition of something' 'Element and substance'
 'Description of a person' 'Symbols and sign' 'Number of something'
 'Plant' 'Percent, fraction' 'Group or organization of person'
 'Title of a person']",Type:,84, Definition of something,1.0,e611e432a55774a5572d62c26d8aa3b90a308154bcb92bcc,['Definition of something'],8251,"Question: What is bipolar disorder ?
",trec
trec,en,"['Food' 'Date' 'Order, rank' 'Speed' 'Disease and medicine'
 'Word with a special property' 'Abbreviation' 'Language'
 'Letter like a-z' 'Other entity' 'Animal' 'Expression abbreviated'
 'Price' 'Techniques and method' 'Musical instrument' 'Mountain'
 'Currency name' 'Event' 'Product' 'State' 'Individual' 'Organ of body'
 'Reason' 'Manner of an action' 'City' 'Religion'
 'Invention, book and other creative piece' 'Distance, linear measure'
 'Temperature' 'Postcode or other code' 'Size, area and volume' 'Sport'
 'Country' 'Other location' 'Lasting time of somethin' 'Equivalent term'
 'Description of something' 'Weight' 'Vehicle' 'Color' 'Other number'
 'Definition of something' 'Element and substance'
 'Description of a person' 'Symbols and sign' 'Number of something'
 'Plant' 'Percent, fraction' 'Group or organization of person'
 'Title of a person']",Type:,84, **Individual**,1.0,4848c8025606efcf122bd8046265c1883a064b9bc90d26ff,['City'],8626,"Question: What city 's newspaper is called `` The Star '' ?
",trec
trec,en,"['Food' 'Date' 'Order, rank' 'Speed' 'Disease and medicine'
 'Word with a special property' 'Abbreviation' 'Language'
 'Letter like a-z' 'Other entity' 'Animal' 'Expression abbreviated'
 'Price' 'Techniques and method' 'Musical instrument' 'Mountain'
 'Currency name' 'Event' 'Product' 'State' 'Individual' 'Organ of body'
 'Reason' 'Manner of an action' 'City' 'Religion'
 'Invention, book and other creative piece' 'Distance, linear measure'
 'Temperature' 'Postcode or other code' 'Size, area and volume' 'Sport'
 'Country' 'Other location' 'Lasting time of somethin' 'Equivalent term'
 'Description of something' 'Weight' 'Vehicle' 'Color' 'Other number'
 'Definition of something' 'Element and substance'
 'Description of a person' 'Symbols and sign' 'Number of something'
 'Plant' 'Percent, fraction' 'Group or organization of person'
 'Title of a person']",Type:,84, **Date**,1.0,c6bdd84ce95d94c9cea3db7d14d6c2fedfc0c9d735b67415,['Date'],3311,"Question: What year did the Andy Griffith show begin ?
",trec
trec,en,"['Food' 'Date' 'Order, rank' 'Speed' 'Disease and medicine'
 'Word with a special property' 'Abbreviation' 'Language'
 'Letter like a-z' 'Other entity' 'Animal' 'Expression abbreviated'
 'Price' 'Techniques and method' 'Musical instrument' 'Mountain'
 'Currency name' 'Event' 'Product' 'State' 'Individual' 'Organ of body'
 'Reason' 'Manner of an action' 'City' 'Religion'
 'Invention, book and other creative piece' 'Distance, linear measure'
 'Temperature' 'Postcode or other code' 'Size, area and volume' 'Sport'
 'Country' 'Other location' 'Lasting time of somethin' 'Equivalent term'
 'Description of something' 'Weight' 'Vehicle' 'Color' 'Other number'
 'Definition of something' 'Element and substance'
 'Description of a person' 'Symbols and sign' 'Number of something'
 'Plant' 'Percent, fraction' 'Group or organization of person'
 'Title of a person']",Type:,84, **Other location**,1.0,88462d84aa70aeb3ccc737da4417cb41bade6a0503b79eee,['Other location'],5416,"Question: Where do apple snails live ?
",trec
trec,en,"['Food' 'Date' 'Order, rank' 'Speed' 'Disease and medicine'
 'Word with a special property' 'Abbreviation' 'Language'
 'Letter like a-z' 'Other entity' 'Animal' 'Expression abbreviated'
 'Price' 'Techniques and method' 'Musical instrument' 'Mountain'
 'Currency name' 'Event' 'Product' 'State' 'Individual' 'Organ of body'
 'Reason' 'Manner of an action' 'City' 'Religion'
 'Invention, book and other creative piece' 'Distance, linear measure'
 'Temperature' 'Postcode or other code' 'Size, area and volume' 'Sport'
 'Country' 'Other location' 'Lasting time of somethin' 'Equivalent term'
 'Description of something' 'Weight' 'Vehicle' 'Color' 'Other number'
 'Definition of something' 'Element and substance'
 'Description of a person' 'Symbols and sign' 'Number of something'
 'Plant' 'Percent, fraction' 'Group or organization of person'
 'Title of a person']",Type:,84, Date,1.0,c32eb5c8f3c8880273a439cf5d69d544e7100960c40711c8,['Date'],8029,"Question: When were William Shakespeare 's twins born ?
",trec
trec,en,"['Food' 'Date' 'Order, rank' 'Speed' 'Disease and medicine'
 'Word with a special property' 'Abbreviation' 'Language'
 'Letter like a-z' 'Other entity' 'Animal' 'Expression abbreviated'
 'Price' 'Techniques and method' 'Musical instrument' 'Mountain'
 'Currency name' 'Event' 'Product' 'State' 'Individual' 'Organ of body'
 'Reason' 'Manner of an action' 'City' 'Religion'
 'Invention, book and other creative piece' 'Distance, linear measure'
 'Temperature' 'Postcode or other code' 'Size, area and volume' 'Sport'
 'Country' 'Other location' 'Lasting time of somethin' 'Equivalent term'
 'Description of something' 'Weight' 'Vehicle' 'Color' 'Other number'
 'Definition of something' 'Element and substance'
 'Description of a person' 'Symbols and sign' 'Number of something'
 'Plant' 'Percent, fraction' 'Group or organization of person'
 'Title of a person']",Type:,84, **Location**,1.0,a67738fc3db1df1e8403e8ca5805ab387a334d886399ad11,['Other location'],4289,"Question: What continent is Egypt on ?
",trec
trec,en,"['Food' 'Date' 'Order, rank' 'Speed' 'Disease and medicine'
 'Word with a special property' 'Abbreviation' 'Language'
 'Letter like a-z' 'Other entity' 'Animal' 'Expression abbreviated'
 'Price' 'Techniques and method' 'Musical instrument' 'Mountain'
 'Currency name' 'Event' 'Product' 'State' 'Individual' 'Organ of body'
 'Reason' 'Manner of an action' 'City' 'Religion'
 'Invention, book and other creative piece' 'Distance, linear measure'
 'Temperature' 'Postcode or other code' 'Size, area and volume' 'Sport'
 'Country' 'Other location' 'Lasting time of somethin' 'Equivalent term'
 'Description of something' 'Weight' 'Vehicle' 'Color' 'Other number'
 'Definition of something' 'Element and substance'
 'Description of a person' 'Symbols and sign' 'Number of something'
 'Plant' 'Percent, fraction' 'Group or organization of person'
 'Title of a person']",Type:,84, **Definition of something**,1.0,5660f8f87173d67fee56f2787e551f4b8ed9970d5f46987c,['City'],5916,"Question: What Canadian city has the largest population ?
",trec
trec,en,"['Food' 'Date' 'Order, rank' 'Speed' 'Disease and medicine'
 'Word with a special property' 'Abbreviation' 'Language'
 'Letter like a-z' 'Other entity' 'Animal' 'Expression abbreviated'
 'Price' 'Techniques and method' 'Musical instrument' 'Mountain'
 'Currency name' 'Event' 'Product' 'State' 'Individual' 'Organ of body'
 'Reason' 'Manner of an action' 'City' 'Religion'
 'Invention, book and other creative piece' 'Distance, linear measure'
 'Temperature' 'Postcode or other code' 'Size, area and volume' 'Sport'
 'Country' 'Other location' 'Lasting time of somethin' 'Equivalent term'
 'Description of something' 'Weight' 'Vehicle' 'Color' 'Other number'
 'Definition of something' 'Element and substance'
 'Description of a person' 'Symbols and sign' 'Number of something'
 'Plant' 'Percent, fraction' 'Group or organization of person'
 'Title of a person']",Type:,84, Definition of something,1.0,c88bac0efe7689764268cc616fbc767033db59f9a36c1554,['Definition of something'],5868,"Question: What is nicotine ?
",trec
trec,en,"['Food' 'Date' 'Order, rank' 'Speed' 'Disease and medicine'
 'Word with a special property' 'Abbreviation' 'Language'
 'Letter like a-z' 'Other entity' 'Animal' 'Expression abbreviated'
 'Price' 'Techniques and method' 'Musical instrument' 'Mountain'
 'Currency name' 'Event' 'Product' 'State' 'Individual' 'Organ of body'
 'Reason' 'Manner of an action' 'City' 'Religion'
 'Invention, book and other creative piece' 'Distance, linear measure'
 'Temperature' 'Postcode or other code' 'Size, area and volume' 'Sport'
 'Country' 'Other location' 'Lasting time of somethin' 'Equivalent term'
 'Description of something' 'Weight' 'Vehicle' 'Color' 'Other number'
 'Definition of something' 'Element and substance'
 'Description of a person' 'Symbols and sign' 'Number of something'
 'Plant' 'Percent, fraction' 'Group or organization of person'
 'Title of a person']",Type:,84, Other entity,1.0,2f004723bf6ff8379370d9ce35852a6694627bb15f4a3dfe,['Other location'],8430,"Question: What is the National Park in Utah ?
",trec
trec,en,"['Food' 'Date' 'Order, rank' 'Speed' 'Disease and medicine'
 'Word with a special property' 'Abbreviation' 'Language'
 'Letter like a-z' 'Other entity' 'Animal' 'Expression abbreviated'
 'Price' 'Techniques and method' 'Musical instrument' 'Mountain'
 'Currency name' 'Event' 'Product' 'State' 'Individual' 'Organ of body'
 'Reason' 'Manner of an action' 'City' 'Religion'
 'Invention, book and other creative piece' 'Distance, linear measure'
 'Temperature' 'Postcode or other code' 'Size, area and volume' 'Sport'
 'Country' 'Other location' 'Lasting time of somethin' 'Equivalent term'
 'Description of something' 'Weight' 'Vehicle' 'Color' 'Other number'
 'Definition of something' 'Element and substance'
 'Description of a person' 'Symbols and sign' 'Number of something'
 'Plant' 'Percent, fraction' 'Group or organization of person'
 'Title of a person']",Type:,84, **Other location**,1.0,da20414068a09f773bef4f3c60623599e79a743c4f0204e3,['Other entity'],3781,"Question: What are the two houses of the Legislative branch ?
",trec
trec,en,"['Food' 'Date' 'Order, rank' 'Speed' 'Disease and medicine'
 'Word with a special property' 'Abbreviation' 'Language'
 'Letter like a-z' 'Other entity' 'Animal' 'Expression abbreviated'
 'Price' 'Techniques and method' 'Musical instrument' 'Mountain'
 'Currency name' 'Event' 'Product' 'State' 'Individual' 'Organ of body'
 'Reason' 'Manner of an action' 'City' 'Religion'
 'Invention, book and other creative piece' 'Distance, linear measure'
 'Temperature' 'Postcode or other code' 'Size, area and volume' 'Sport'
 'Country' 'Other location' 'Lasting time of somethin' 'Equivalent term'
 'Description of something' 'Weight' 'Vehicle' 'Color' 'Other number'
 'Definition of something' 'Element and substance'
 'Description of a person' 'Symbols and sign' 'Number of something'
 'Plant' 'Percent, fraction' 'Group or organization of person'
 'Title of a person']",Type:,84, Definition of something,1.0,9866e1962b7589f4b029c249ee13345898d8126136c7531f,['Individual'],8510,"Question: Who wrote `` The Divine Comedy '' ?
",trec
trec,en,"['Food' 'Date' 'Order, rank' 'Speed' 'Disease and medicine'
 'Word with a special property' 'Abbreviation' 'Language'
 'Letter like a-z' 'Other entity' 'Animal' 'Expression abbreviated'
 'Price' 'Techniques and method' 'Musical instrument' 'Mountain'
 'Currency name' 'Event' 'Product' 'State' 'Individual' 'Organ of body'
 'Reason' 'Manner of an action' 'City' 'Religion'
 'Invention, book and other creative piece' 'Distance, linear measure'
 'Temperature' 'Postcode or other code' 'Size, area and volume' 'Sport'
 'Country' 'Other location' 'Lasting time of somethin' 'Equivalent term'
 'Description of something' 'Weight' 'Vehicle' 'Color' 'Other number'
 'Definition of something' 'Element and substance'
 'Description of a person' 'Symbols and sign' 'Number of something'
 'Plant' 'Percent, fraction' 'Group or organization of person'
 'Title of a person']",Type:,84, Individual,1.0,a24136eadf45ce9c6cc8d3d0e09e70b0aacd6a907019f634,['Individual'],7933,"Question: Who was the first vice president of the U.S. ?
",trec
trec,en,"['Food' 'Date' 'Order, rank' 'Speed' 'Disease and medicine'
 'Word with a special property' 'Abbreviation' 'Language'
 'Letter like a-z' 'Other entity' 'Animal' 'Expression abbreviated'
 'Price' 'Techniques and method' 'Musical instrument' 'Mountain'
 'Currency name' 'Event' 'Product' 'State' 'Individual' 'Organ of body'
 'Reason' 'Manner of an action' 'City' 'Religion'
 'Invention, book and other creative piece' 'Distance, linear measure'
 'Temperature' 'Postcode or other code' 'Size, area and volume' 'Sport'
 'Country' 'Other location' 'Lasting time of somethin' 'Equivalent term'
 'Description of something' 'Weight' 'Vehicle' 'Color' 'Other number'
 'Definition of something' 'Element and substance'
 'Description of a person' 'Symbols and sign' 'Number of something'
 'Plant' 'Percent, fraction' 'Group or organization of person'
 'Title of a person']",Type:,84, Definition of something,1.0,35645649fc0f46aee04fae92a77c75c7823d5b970e241a89,['Definition of something'],2389,"Question: What is fibromyalgia ?
",trec
trec,en,"['Food' 'Date' 'Order, rank' 'Speed' 'Disease and medicine'
 'Word with a special property' 'Abbreviation' 'Language'
 'Letter like a-z' 'Other entity' 'Animal' 'Expression abbreviated'
 'Price' 'Techniques and method' 'Musical instrument' 'Mountain'
 'Currency name' 'Event' 'Product' 'State' 'Individual' 'Organ of body'
 'Reason' 'Manner of an action' 'City' 'Religion'
 'Invention, book and other creative piece' 'Distance, linear measure'
 'Temperature' 'Postcode or other code' 'Size, area and volume' 'Sport'
 'Country' 'Other location' 'Lasting time of somethin' 'Equivalent term'
 'Description of something' 'Weight' 'Vehicle' 'Color' 'Other number'
 'Definition of something' 'Element and substance'
 'Description of a person' 'Symbols and sign' 'Number of something'
 'Plant' 'Percent, fraction' 'Group or organization of person'
 'Title of a person']",Type:,84, Definition of something,1.0,ce76993084f62d56b92777705e3158e7205fedf4d720a8fc,['Definition of something'],3065,"Question: What is acetaminophen ?
",trec
trec,en,"['Food' 'Date' 'Order, rank' 'Speed' 'Disease and medicine'
 'Word with a special property' 'Abbreviation' 'Language'
 'Letter like a-z' 'Other entity' 'Animal' 'Expression abbreviated'
 'Price' 'Techniques and method' 'Musical instrument' 'Mountain'
 'Currency name' 'Event' 'Product' 'State' 'Individual' 'Organ of body'
 'Reason' 'Manner of an action' 'City' 'Religion'
 'Invention, book and other creative piece' 'Distance, linear measure'
 'Temperature' 'Postcode or other code' 'Size, area and volume' 'Sport'
 'Country' 'Other location' 'Lasting time of somethin' 'Equivalent term'
 'Description of something' 'Weight' 'Vehicle' 'Color' 'Other number'
 'Definition of something' 'Element and substance'
 'Description of a person' 'Symbols and sign' 'Number of something'
 'Plant' 'Percent, fraction' 'Group or organization of person'
 'Title of a person']",Type:,84, **Individual**,1.0,560d8e7494165e41e5ef1a47ba991d3a84d63e9c9c31d8c8,['Other location'],5939,"Question: Where are the British crown jewels kept ?
",trec
trec,en,"['Food' 'Date' 'Order, rank' 'Speed' 'Disease and medicine'
 'Word with a special property' 'Abbreviation' 'Language'
 'Letter like a-z' 'Other entity' 'Animal' 'Expression abbreviated'
 'Price' 'Techniques and method' 'Musical instrument' 'Mountain'
 'Currency name' 'Event' 'Product' 'State' 'Individual' 'Organ of body'
 'Reason' 'Manner of an action' 'City' 'Religion'
 'Invention, book and other creative piece' 'Distance, linear measure'
 'Temperature' 'Postcode or other code' 'Size, area and volume' 'Sport'
 'Country' 'Other location' 'Lasting time of somethin' 'Equivalent term'
 'Description of something' 'Weight' 'Vehicle' 'Color' 'Other number'
 'Definition of something' 'Element and substance'
 'Description of a person' 'Symbols and sign' 'Number of something'
 'Plant' 'Percent, fraction' 'Group or organization of person'
 'Title of a person']",Type:,84, Definition of something,1.0,c9d42d796a770c574d7673d7dff5af3c99b0a72b5084117b,['Definition of something'],4307,"Question: What are Quaaludes ?
",trec
trec,en,"['Food' 'Date' 'Order, rank' 'Speed' 'Disease and medicine'
 'Word with a special property' 'Abbreviation' 'Language'
 'Letter like a-z' 'Other entity' 'Animal' 'Expression abbreviated'
 'Price' 'Techniques and method' 'Musical instrument' 'Mountain'
 'Currency name' 'Event' 'Product' 'State' 'Individual' 'Organ of body'
 'Reason' 'Manner of an action' 'City' 'Religion'
 'Invention, book and other creative piece' 'Distance, linear measure'
 'Temperature' 'Postcode or other code' 'Size, area and volume' 'Sport'
 'Country' 'Other location' 'Lasting time of somethin' 'Equivalent term'
 'Description of something' 'Weight' 'Vehicle' 'Color' 'Other number'
 'Definition of something' 'Element and substance'
 'Description of a person' 'Symbols and sign' 'Number of something'
 'Plant' 'Percent, fraction' 'Group or organization of person'
 'Title of a person']",Type:,84, **Individual**,1.0,05d13b416defd2d3f3cff926edf1e0ce7cba62a99a34effa,['Definition of something'],8077,"Question: What are platelets ?
",trec
trec,en,"['Food' 'Date' 'Order, rank' 'Speed' 'Disease and medicine'
 'Word with a special property' 'Abbreviation' 'Language'
 'Letter like a-z' 'Other entity' 'Animal' 'Expression abbreviated'
 'Price' 'Techniques and method' 'Musical instrument' 'Mountain'
 'Currency name' 'Event' 'Product' 'State' 'Individual' 'Organ of body'
 'Reason' 'Manner of an action' 'City' 'Religion'
 'Invention, book and other creative piece' 'Distance, linear measure'
 'Temperature' 'Postcode or other code' 'Size, area and volume' 'Sport'
 'Country' 'Other location' 'Lasting time of somethin' 'Equivalent term'
 'Description of something' 'Weight' 'Vehicle' 'Color' 'Other number'
 'Definition of something' 'Element and substance'
 'Description of a person' 'Symbols and sign' 'Number of something'
 'Plant' 'Percent, fraction' 'Group or organization of person'
 'Title of a person']",Type:,84, **Other location**,1.0,a057710d15bc87687798011aa9051bdbd1664b8b1936a524,['Definition of something'],6090,"Question: What is the Moulin Rouge ?
",trec
trec,en,"['Food' 'Date' 'Order, rank' 'Speed' 'Disease and medicine'
 'Word with a special property' 'Abbreviation' 'Language'
 'Letter like a-z' 'Other entity' 'Animal' 'Expression abbreviated'
 'Price' 'Techniques and method' 'Musical instrument' 'Mountain'
 'Currency name' 'Event' 'Product' 'State' 'Individual' 'Organ of body'
 'Reason' 'Manner of an action' 'City' 'Religion'
 'Invention, book and other creative piece' 'Distance, linear measure'
 'Temperature' 'Postcode or other code' 'Size, area and volume' 'Sport'
 'Country' 'Other location' 'Lasting time of somethin' 'Equivalent term'
 'Description of something' 'Weight' 'Vehicle' 'Color' 'Other number'
 'Definition of something' 'Element and substance'
 'Description of a person' 'Symbols and sign' 'Number of something'
 'Plant' 'Percent, fraction' 'Group or organization of person'
 'Title of a person']",Type:,84, **Date**,1.0,ac63cf847f670d41f854b5561b2c41d63f6d497ae6efe15b,['Date'],7859,"Question: When was Lyndon B. Johnson born ?
",trec
trec,en,"['Food' 'Date' 'Order, rank' 'Speed' 'Disease and medicine'
 'Word with a special property' 'Abbreviation' 'Language'
 'Letter like a-z' 'Other entity' 'Animal' 'Expression abbreviated'
 'Price' 'Techniques and method' 'Musical instrument' 'Mountain'
 'Currency name' 'Event' 'Product' 'State' 'Individual' 'Organ of body'
 'Reason' 'Manner of an action' 'City' 'Religion'
 'Invention, book and other creative piece' 'Distance, linear measure'
 'Temperature' 'Postcode or other code' 'Size, area and volume' 'Sport'
 'Country' 'Other location' 'Lasting time of somethin' 'Equivalent term'
 'Description of something' 'Weight' 'Vehicle' 'Color' 'Other number'
 'Definition of something' 'Element and substance'
 'Description of a person' 'Symbols and sign' 'Number of something'
 'Plant' 'Percent, fraction' 'Group or organization of person'
 'Title of a person']",Type:,84, Individual,1.0,a57a8f12682411b108e4ebb96590a46c1acdb0f7622f8459,['Individual'],8140,"Question: Who discovered America ?
",trec
trec,en,"['Food' 'Date' 'Order, rank' 'Speed' 'Disease and medicine'
 'Word with a special property' 'Abbreviation' 'Language'
 'Letter like a-z' 'Other entity' 'Animal' 'Expression abbreviated'
 'Price' 'Techniques and method' 'Musical instrument' 'Mountain'
 'Currency name' 'Event' 'Product' 'State' 'Individual' 'Organ of body'
 'Reason' 'Manner of an action' 'City' 'Religion'
 'Invention, book and other creative piece' 'Distance, linear measure'
 'Temperature' 'Postcode or other code' 'Size, area and volume' 'Sport'
 'Country' 'Other location' 'Lasting time of somethin' 'Equivalent term'
 'Description of something' 'Weight' 'Vehicle' 'Color' 'Other number'
 'Definition of something' 'Element and substance'
 'Description of a person' 'Symbols and sign' 'Number of something'
 'Plant' 'Percent, fraction' 'Group or organization of person'
 'Title of a person']",Type:,84," Invention, book and other creative piece",1.0,a748374c01086b106ed89a37e09be54162695db65d909b31,['Individual'],7081,"Question: Who is the actress known for her role in the movie `` Gypsy '' ?
",trec
trec,en,"['Food' 'Date' 'Order, rank' 'Speed' 'Disease and medicine'
 'Word with a special property' 'Abbreviation' 'Language'
 'Letter like a-z' 'Other entity' 'Animal' 'Expression abbreviated'
 'Price' 'Techniques and method' 'Musical instrument' 'Mountain'
 'Currency name' 'Event' 'Product' 'State' 'Individual' 'Organ of body'
 'Reason' 'Manner of an action' 'City' 'Religion'
 'Invention, book and other creative piece' 'Distance, linear measure'
 'Temperature' 'Postcode or other code' 'Size, area and volume' 'Sport'
 'Country' 'Other location' 'Lasting time of somethin' 'Equivalent term'
 'Description of something' 'Weight' 'Vehicle' 'Color' 'Other number'
 'Definition of something' 'Element and substance'
 'Description of a person' 'Symbols and sign' 'Number of something'
 'Plant' 'Percent, fraction' 'Group or organization of person'
 'Title of a person']",Type:,84, **Individual**,1.0,e5d161f8e8db85864d32796535db57b99a3beaedf3716af1,['Mountain'],8431,"Question: Which mountain range in North America stretches from Maine to Georgia ?
",trec
trec,en,"['Food' 'Date' 'Order, rank' 'Speed' 'Disease and medicine'
 'Word with a special property' 'Abbreviation' 'Language'
 'Letter like a-z' 'Other entity' 'Animal' 'Expression abbreviated'
 'Price' 'Techniques and method' 'Musical instrument' 'Mountain'
 'Currency name' 'Event' 'Product' 'State' 'Individual' 'Organ of body'
 'Reason' 'Manner of an action' 'City' 'Religion'
 'Invention, book and other creative piece' 'Distance, linear measure'
 'Temperature' 'Postcode or other code' 'Size, area and volume' 'Sport'
 'Country' 'Other location' 'Lasting time of somethin' 'Equivalent term'
 'Description of something' 'Weight' 'Vehicle' 'Color' 'Other number'
 'Definition of something' 'Element and substance'
 'Description of a person' 'Symbols and sign' 'Number of something'
 'Plant' 'Percent, fraction' 'Group or organization of person'
 'Title of a person']",Type:,84, **Other entity**,1.0,7011be7047eaaf45afdf0b6bef4622c058d9aec9fe0b8d2c,['Techniques and method'],8265,"Question: What 's the easiest way to remove wallpaper ?
",trec
trec,en,"['Food' 'Date' 'Order, rank' 'Speed' 'Disease and medicine'
 'Word with a special property' 'Abbreviation' 'Language'
 'Letter like a-z' 'Other entity' 'Animal' 'Expression abbreviated'
 'Price' 'Techniques and method' 'Musical instrument' 'Mountain'
 'Currency name' 'Event' 'Product' 'State' 'Individual' 'Organ of body'
 'Reason' 'Manner of an action' 'City' 'Religion'
 'Invention, book and other creative piece' 'Distance, linear measure'
 'Temperature' 'Postcode or other code' 'Size, area and volume' 'Sport'
 'Country' 'Other location' 'Lasting time of somethin' 'Equivalent term'
 'Description of something' 'Weight' 'Vehicle' 'Color' 'Other number'
 'Definition of something' 'Element and substance'
 'Description of a person' 'Symbols and sign' 'Number of something'
 'Plant' 'Percent, fraction' 'Group or organization of person'
 'Title of a person']",Type:,84, **Other location**,1.0,c0495d43f7080033aae75ceba1655c35742bbdf36cf74186,['Other location'],4224,"Question: Where is the Lourve ?
",trec
trec,en,"['Food' 'Date' 'Order, rank' 'Speed' 'Disease and medicine'
 'Word with a special property' 'Abbreviation' 'Language'
 'Letter like a-z' 'Other entity' 'Animal' 'Expression abbreviated'
 'Price' 'Techniques and method' 'Musical instrument' 'Mountain'
 'Currency name' 'Event' 'Product' 'State' 'Individual' 'Organ of body'
 'Reason' 'Manner of an action' 'City' 'Religion'
 'Invention, book and other creative piece' 'Distance, linear measure'
 'Temperature' 'Postcode or other code' 'Size, area and volume' 'Sport'
 'Country' 'Other location' 'Lasting time of somethin' 'Equivalent term'
 'Description of something' 'Weight' 'Vehicle' 'Color' 'Other number'
 'Definition of something' 'Element and substance'
 'Description of a person' 'Symbols and sign' 'Number of something'
 'Plant' 'Percent, fraction' 'Group or organization of person'
 'Title of a person']",Type:,84, **Number of something**,1.0,d21366d5b4ba5ca8c0c06e934bb093375512de3952fbef4f,['Individual'],8430,"Question: Who is a German philosopher ?
",trec
trec,en,"['Food' 'Date' 'Order, rank' 'Speed' 'Disease and medicine'
 'Word with a special property' 'Abbreviation' 'Language'
 'Letter like a-z' 'Other entity' 'Animal' 'Expression abbreviated'
 'Price' 'Techniques and method' 'Musical instrument' 'Mountain'
 'Currency name' 'Event' 'Product' 'State' 'Individual' 'Organ of body'
 'Reason' 'Manner of an action' 'City' 'Religion'
 'Invention, book and other creative piece' 'Distance, linear measure'
 'Temperature' 'Postcode or other code' 'Size, area and volume' 'Sport'
 'Country' 'Other location' 'Lasting time of somethin' 'Equivalent term'
 'Description of something' 'Weight' 'Vehicle' 'Color' 'Other number'
 'Definition of something' 'Element and substance'
 'Description of a person' 'Symbols and sign' 'Number of something'
 'Plant' 'Percent, fraction' 'Group or organization of person'
 'Title of a person']",Type:,84, Date,1.0,569808d9d65b3e6d8d7ea00c4e77009acf10a517466532dd,['Date'],8016,"Question: When was Rosa Parks born ?
",trec
trec,en,"['Food' 'Date' 'Order, rank' 'Speed' 'Disease and medicine'
 'Word with a special property' 'Abbreviation' 'Language'
 'Letter like a-z' 'Other entity' 'Animal' 'Expression abbreviated'
 'Price' 'Techniques and method' 'Musical instrument' 'Mountain'
 'Currency name' 'Event' 'Product' 'State' 'Individual' 'Organ of body'
 'Reason' 'Manner of an action' 'City' 'Religion'
 'Invention, book and other creative piece' 'Distance, linear measure'
 'Temperature' 'Postcode or other code' 'Size, area and volume' 'Sport'
 'Country' 'Other location' 'Lasting time of somethin' 'Equivalent term'
 'Description of something' 'Weight' 'Vehicle' 'Color' 'Other number'
 'Definition of something' 'Element and substance'
 'Description of a person' 'Symbols and sign' 'Number of something'
 'Plant' 'Percent, fraction' 'Group or organization of person'
 'Title of a person']",Type:,84, **Food**,1.0,18a99852ee4f2bdcc14df2a8bf88e75893ee8ccf106449b8,['Definition of something'],1543,"Question: What are polymers ?
",trec
trec,en,"['Food' 'Date' 'Order, rank' 'Speed' 'Disease and medicine'
 'Word with a special property' 'Abbreviation' 'Language'
 'Letter like a-z' 'Other entity' 'Animal' 'Expression abbreviated'
 'Price' 'Techniques and method' 'Musical instrument' 'Mountain'
 'Currency name' 'Event' 'Product' 'State' 'Individual' 'Organ of body'
 'Reason' 'Manner of an action' 'City' 'Religion'
 'Invention, book and other creative piece' 'Distance, linear measure'
 'Temperature' 'Postcode or other code' 'Size, area and volume' 'Sport'
 'Country' 'Other location' 'Lasting time of somethin' 'Equivalent term'
 'Description of something' 'Weight' 'Vehicle' 'Color' 'Other number'
 'Definition of something' 'Element and substance'
 'Description of a person' 'Symbols and sign' 'Number of something'
 'Plant' 'Percent, fraction' 'Group or organization of person'
 'Title of a person']",Type:,84, **Definition of something**,1.0,ce4d2107e842c9baf2fcf0e566d57f843e632e2c98240eb3,['Disease and medicine'],7133,"Question: Name a stimulant .
",trec
trec,en,"['Food' 'Date' 'Order, rank' 'Speed' 'Disease and medicine'
 'Word with a special property' 'Abbreviation' 'Language'
 'Letter like a-z' 'Other entity' 'Animal' 'Expression abbreviated'
 'Price' 'Techniques and method' 'Musical instrument' 'Mountain'
 'Currency name' 'Event' 'Product' 'State' 'Individual' 'Organ of body'
 'Reason' 'Manner of an action' 'City' 'Religion'
 'Invention, book and other creative piece' 'Distance, linear measure'
 'Temperature' 'Postcode or other code' 'Size, area and volume' 'Sport'
 'Country' 'Other location' 'Lasting time of somethin' 'Equivalent term'
 'Description of something' 'Weight' 'Vehicle' 'Color' 'Other number'
 'Definition of something' 'Element and substance'
 'Description of a person' 'Symbols and sign' 'Number of something'
 'Plant' 'Percent, fraction' 'Group or organization of person'
 'Title of a person']",Type:,84, **City**,1.0,69dc977e188f73a5006e3e40169f49d0970ccac9bb014727,['City'],3012,"Question: Where is Milan ?
",trec
trec,en,"['Food' 'Date' 'Order, rank' 'Speed' 'Disease and medicine'
 'Word with a special property' 'Abbreviation' 'Language'
 'Letter like a-z' 'Other entity' 'Animal' 'Expression abbreviated'
 'Price' 'Techniques and method' 'Musical instrument' 'Mountain'
 'Currency name' 'Event' 'Product' 'State' 'Individual' 'Organ of body'
 'Reason' 'Manner of an action' 'City' 'Religion'
 'Invention, book and other creative piece' 'Distance, linear measure'
 'Temperature' 'Postcode or other code' 'Size, area and volume' 'Sport'
 'Country' 'Other location' 'Lasting time of somethin' 'Equivalent term'
 'Description of something' 'Weight' 'Vehicle' 'Color' 'Other number'
 'Definition of something' 'Element and substance'
 'Description of a person' 'Symbols and sign' 'Number of something'
 'Plant' 'Percent, fraction' 'Group or organization of person'
 'Title of a person']",Type:,84, Individual,1.0,e40d4b02326a848a9fca110c36522853da4888d73be44a49,['Individual'],6644,"Question: Who was the first governor of Alaska ?
",trec
trec,en,"['Food' 'Date' 'Order, rank' 'Speed' 'Disease and medicine'
 'Word with a special property' 'Abbreviation' 'Language'
 'Letter like a-z' 'Other entity' 'Animal' 'Expression abbreviated'
 'Price' 'Techniques and method' 'Musical instrument' 'Mountain'
 'Currency name' 'Event' 'Product' 'State' 'Individual' 'Organ of body'
 'Reason' 'Manner of an action' 'City' 'Religion'
 'Invention, book and other creative piece' 'Distance, linear measure'
 'Temperature' 'Postcode or other code' 'Size, area and volume' 'Sport'
 'Country' 'Other location' 'Lasting time of somethin' 'Equivalent term'
 'Description of something' 'Weight' 'Vehicle' 'Color' 'Other number'
 'Definition of something' 'Element and substance'
 'Description of a person' 'Symbols and sign' 'Number of something'
 'Plant' 'Percent, fraction' 'Group or organization of person'
 'Title of a person']",Type:,84, **University**,1.0,03b05f488f77aafcceaf28e5338051de95fa9d66d2539322,['Group or organization of person'],1794,"Question: What is the oldest university in the US ?
",trec
trec,en,"['Food' 'Date' 'Order, rank' 'Speed' 'Disease and medicine'
 'Word with a special property' 'Abbreviation' 'Language'
 'Letter like a-z' 'Other entity' 'Animal' 'Expression abbreviated'
 'Price' 'Techniques and method' 'Musical instrument' 'Mountain'
 'Currency name' 'Event' 'Product' 'State' 'Individual' 'Organ of body'
 'Reason' 'Manner of an action' 'City' 'Religion'
 'Invention, book and other creative piece' 'Distance, linear measure'
 'Temperature' 'Postcode or other code' 'Size, area and volume' 'Sport'
 'Country' 'Other location' 'Lasting time of somethin' 'Equivalent term'
 'Description of something' 'Weight' 'Vehicle' 'Color' 'Other number'
 'Definition of something' 'Element and substance'
 'Description of a person' 'Symbols and sign' 'Number of something'
 'Plant' 'Percent, fraction' 'Group or organization of person'
 'Title of a person']",Type:,84, **Other entity**,1.0,5c743e30c49cecf433278bc2849b6347c74eb20bde08f468,['Expression abbreviated'],3100,"Question: What does NASA stand for ?
",trec
trec,en,"['Food' 'Date' 'Order, rank' 'Speed' 'Disease and medicine'
 'Word with a special property' 'Abbreviation' 'Language'
 'Letter like a-z' 'Other entity' 'Animal' 'Expression abbreviated'
 'Price' 'Techniques and method' 'Musical instrument' 'Mountain'
 'Currency name' 'Event' 'Product' 'State' 'Individual' 'Organ of body'
 'Reason' 'Manner of an action' 'City' 'Religion'
 'Invention, book and other creative piece' 'Distance, linear measure'
 'Temperature' 'Postcode or other code' 'Size, area and volume' 'Sport'
 'Country' 'Other location' 'Lasting time of somethin' 'Equivalent term'
 'Description of something' 'Weight' 'Vehicle' 'Color' 'Other number'
 'Definition of something' 'Element and substance'
 'Description of a person' 'Symbols and sign' 'Number of something'
 'Plant' 'Percent, fraction' 'Group or organization of person'
 'Title of a person']",Type:,84, **Manner of an action**,1.0,eb0920252b7b3ccb7efa83fbb923c5a246702cbca576a134,['Equivalent term'],3493,"Question: What do you call a professional map drawer ?
",trec
trec,en,"['Food' 'Date' 'Order, rank' 'Speed' 'Disease and medicine'
 'Word with a special property' 'Abbreviation' 'Language'
 'Letter like a-z' 'Other entity' 'Animal' 'Expression abbreviated'
 'Price' 'Techniques and method' 'Musical instrument' 'Mountain'
 'Currency name' 'Event' 'Product' 'State' 'Individual' 'Organ of body'
 'Reason' 'Manner of an action' 'City' 'Religion'
 'Invention, book and other creative piece' 'Distance, linear measure'
 'Temperature' 'Postcode or other code' 'Size, area and volume' 'Sport'
 'Country' 'Other location' 'Lasting time of somethin' 'Equivalent term'
 'Description of something' 'Weight' 'Vehicle' 'Color' 'Other number'
 'Definition of something' 'Element and substance'
 'Description of a person' 'Symbols and sign' 'Number of something'
 'Plant' 'Percent, fraction' 'Group or organization of person'
 'Title of a person']",Type:,84, City,1.0,7fab26eda8723e59049d81b51b96f5efd28dd042836bd01e,['City'],2750,"Question: What is the capital of Yugoslavia ?
",trec
trec,en,"['Food' 'Date' 'Order, rank' 'Speed' 'Disease and medicine'
 'Word with a special property' 'Abbreviation' 'Language'
 'Letter like a-z' 'Other entity' 'Animal' 'Expression abbreviated'
 'Price' 'Techniques and method' 'Musical instrument' 'Mountain'
 'Currency name' 'Event' 'Product' 'State' 'Individual' 'Organ of body'
 'Reason' 'Manner of an action' 'City' 'Religion'
 'Invention, book and other creative piece' 'Distance, linear measure'
 'Temperature' 'Postcode or other code' 'Size, area and volume' 'Sport'
 'Country' 'Other location' 'Lasting time of somethin' 'Equivalent term'
 'Description of something' 'Weight' 'Vehicle' 'Color' 'Other number'
 'Definition of something' 'Element and substance'
 'Description of a person' 'Symbols and sign' 'Number of something'
 'Plant' 'Percent, fraction' 'Group or organization of person'
 'Title of a person']",Type:,84, **Individual**,1.0,865a91662df3b7ea2395045eefe5c355f76502b8654ca95d,['Individual'],7874,"Question: Who is the Prime Minister of Canada ?
",trec
trec,en,"['Food' 'Date' 'Order, rank' 'Speed' 'Disease and medicine'
 'Word with a special property' 'Abbreviation' 'Language'
 'Letter like a-z' 'Other entity' 'Animal' 'Expression abbreviated'
 'Price' 'Techniques and method' 'Musical instrument' 'Mountain'
 'Currency name' 'Event' 'Product' 'State' 'Individual' 'Organ of body'
 'Reason' 'Manner of an action' 'City' 'Religion'
 'Invention, book and other creative piece' 'Distance, linear measure'
 'Temperature' 'Postcode or other code' 'Size, area and volume' 'Sport'
 'Country' 'Other location' 'Lasting time of somethin' 'Equivalent term'
 'Description of something' 'Weight' 'Vehicle' 'Color' 'Other number'
 'Definition of something' 'Element and substance'
 'Description of a person' 'Symbols and sign' 'Number of something'
 'Plant' 'Percent, fraction' 'Group or organization of person'
 'Title of a person']",Type:,84, Individual,1.0,8fa68009baf3bf4fa0023bdafe07167ac6ea5121fa1c9f29,['Individual'],5312,"Question: Who is the governor of Alaska ?
",trec
trec,en,"['Food' 'Date' 'Order, rank' 'Speed' 'Disease and medicine'
 'Word with a special property' 'Abbreviation' 'Language'
 'Letter like a-z' 'Other entity' 'Animal' 'Expression abbreviated'
 'Price' 'Techniques and method' 'Musical instrument' 'Mountain'
 'Currency name' 'Event' 'Product' 'State' 'Individual' 'Organ of body'
 'Reason' 'Manner of an action' 'City' 'Religion'
 'Invention, book and other creative piece' 'Distance, linear measure'
 'Temperature' 'Postcode or other code' 'Size, area and volume' 'Sport'
 'Country' 'Other location' 'Lasting time of somethin' 'Equivalent term'
 'Description of something' 'Weight' 'Vehicle' 'Color' 'Other number'
 'Definition of something' 'Element and substance'
 'Description of a person' 'Symbols and sign' 'Number of something'
 'Plant' 'Percent, fraction' 'Group or organization of person'
 'Title of a person']",Type:,84, Individual,1.0,8a77b0de4617b701c0807158f2173d7025cdc5d019e22232,['Individual'],2610,"Question: Who painted the ceiling of the Sistine Chapel ?
",trec
trec,en,"['Food' 'Date' 'Order, rank' 'Speed' 'Disease and medicine'
 'Word with a special property' 'Abbreviation' 'Language'
 'Letter like a-z' 'Other entity' 'Animal' 'Expression abbreviated'
 'Price' 'Techniques and method' 'Musical instrument' 'Mountain'
 'Currency name' 'Event' 'Product' 'State' 'Individual' 'Organ of body'
 'Reason' 'Manner of an action' 'City' 'Religion'
 'Invention, book and other creative piece' 'Distance, linear measure'
 'Temperature' 'Postcode or other code' 'Size, area and volume' 'Sport'
 'Country' 'Other location' 'Lasting time of somethin' 'Equivalent term'
 'Description of something' 'Weight' 'Vehicle' 'Color' 'Other number'
 'Definition of something' 'Element and substance'
 'Description of a person' 'Symbols and sign' 'Number of something'
 'Plant' 'Percent, fraction' 'Group or organization of person'
 'Title of a person']",Type:,84, Other number,1.0,88c157a27c035f7c76e5ca566af652e618102b1673abba69,"['Distance, linear measure']",5862,"Question: What is the elevation of St. Louis , MO ?
",trec
trec,en,"['Food' 'Date' 'Order, rank' 'Speed' 'Disease and medicine'
 'Word with a special property' 'Abbreviation' 'Language'
 'Letter like a-z' 'Other entity' 'Animal' 'Expression abbreviated'
 'Price' 'Techniques and method' 'Musical instrument' 'Mountain'
 'Currency name' 'Event' 'Product' 'State' 'Individual' 'Organ of body'
 'Reason' 'Manner of an action' 'City' 'Religion'
 'Invention, book and other creative piece' 'Distance, linear measure'
 'Temperature' 'Postcode or other code' 'Size, area and volume' 'Sport'
 'Country' 'Other location' 'Lasting time of somethin' 'Equivalent term'
 'Description of something' 'Weight' 'Vehicle' 'Color' 'Other number'
 'Definition of something' 'Element and substance'
 'Description of a person' 'Symbols and sign' 'Number of something'
 'Plant' 'Percent, fraction' 'Group or organization of person'
 'Title of a person']",Type:,84, Definition of something,1.0,bf74889c7fb521a442a03f2f1e9a763ae8b11af7654bc87b,['Definition of something'],4438,"Question: What are semiconductors ?
",trec
trec,en,"['Food' 'Date' 'Order, rank' 'Speed' 'Disease and medicine'
 'Word with a special property' 'Abbreviation' 'Language'
 'Letter like a-z' 'Other entity' 'Animal' 'Expression abbreviated'
 'Price' 'Techniques and method' 'Musical instrument' 'Mountain'
 'Currency name' 'Event' 'Product' 'State' 'Individual' 'Organ of body'
 'Reason' 'Manner of an action' 'City' 'Religion'
 'Invention, book and other creative piece' 'Distance, linear measure'
 'Temperature' 'Postcode or other code' 'Size, area and volume' 'Sport'
 'Country' 'Other location' 'Lasting time of somethin' 'Equivalent term'
 'Description of something' 'Weight' 'Vehicle' 'Color' 'Other number'
 'Definition of something' 'Element and substance'
 'Description of a person' 'Symbols and sign' 'Number of something'
 'Plant' 'Percent, fraction' 'Group or organization of person'
 'Title of a person']",Type:,84, **Other number**,1.0,3f7c51c87c672badc50c3b1ce85fff1f4688cf7a4f2916d7,"['Percent, fraction']",8068,"Question: What is the murder rate in Windsor , Ontario ?
",trec
trec,en,"['Food' 'Date' 'Order, rank' 'Speed' 'Disease and medicine'
 'Word with a special property' 'Abbreviation' 'Language'
 'Letter like a-z' 'Other entity' 'Animal' 'Expression abbreviated'
 'Price' 'Techniques and method' 'Musical instrument' 'Mountain'
 'Currency name' 'Event' 'Product' 'State' 'Individual' 'Organ of body'
 'Reason' 'Manner of an action' 'City' 'Religion'
 'Invention, book and other creative piece' 'Distance, linear measure'
 'Temperature' 'Postcode or other code' 'Size, area and volume' 'Sport'
 'Country' 'Other location' 'Lasting time of somethin' 'Equivalent term'
 'Description of something' 'Weight' 'Vehicle' 'Color' 'Other number'
 'Definition of something' 'Element and substance'
 'Description of a person' 'Symbols and sign' 'Number of something'
 'Plant' 'Percent, fraction' 'Group or organization of person'
 'Title of a person']",Type:,84, Number of something,1.0,e81151e43c230b0b037aa9e94739d19d36851fc6d82dac94,['Other location'],8714,"Question: What is the deepest lake in the US ?
",trec
trec,en,"['Food' 'Date' 'Order, rank' 'Speed' 'Disease and medicine'
 'Word with a special property' 'Abbreviation' 'Language'
 'Letter like a-z' 'Other entity' 'Animal' 'Expression abbreviated'
 'Price' 'Techniques and method' 'Musical instrument' 'Mountain'
 'Currency name' 'Event' 'Product' 'State' 'Individual' 'Organ of body'
 'Reason' 'Manner of an action' 'City' 'Religion'
 'Invention, book and other creative piece' 'Distance, linear measure'
 'Temperature' 'Postcode or other code' 'Size, area and volume' 'Sport'
 'Country' 'Other location' 'Lasting time of somethin' 'Equivalent term'
 'Description of something' 'Weight' 'Vehicle' 'Color' 'Other number'
 'Definition of something' 'Element and substance'
 'Description of a person' 'Symbols and sign' 'Number of something'
 'Plant' 'Percent, fraction' 'Group or organization of person'
 'Title of a person']",Type:,84, **Other entity**,1.0,4d1366f1fced7b09378075ac467aa21626822e7fd875aad7,['Definition of something'],4643,"Question: What is pilates ?
",trec
trec,en,"['Food' 'Date' 'Order, rank' 'Speed' 'Disease and medicine'
 'Word with a special property' 'Abbreviation' 'Language'
 'Letter like a-z' 'Other entity' 'Animal' 'Expression abbreviated'
 'Price' 'Techniques and method' 'Musical instrument' 'Mountain'
 'Currency name' 'Event' 'Product' 'State' 'Individual' 'Organ of body'
 'Reason' 'Manner of an action' 'City' 'Religion'
 'Invention, book and other creative piece' 'Distance, linear measure'
 'Temperature' 'Postcode or other code' 'Size, area and volume' 'Sport'
 'Country' 'Other location' 'Lasting time of somethin' 'Equivalent term'
 'Description of something' 'Weight' 'Vehicle' 'Color' 'Other number'
 'Definition of something' 'Element and substance'
 'Description of a person' 'Symbols and sign' 'Number of something'
 'Plant' 'Percent, fraction' 'Group or organization of person'
 'Title of a person']",Type:,84, **Definition of something**,1.0,67da3217593b0305047b9f3103ebe7fb507112a67d43a27a,['Definition of something'],7131,"Question: What is hybridization ?
",trec
trec,en,"['Food' 'Date' 'Order, rank' 'Speed' 'Disease and medicine'
 'Word with a special property' 'Abbreviation' 'Language'
 'Letter like a-z' 'Other entity' 'Animal' 'Expression abbreviated'
 'Price' 'Techniques and method' 'Musical instrument' 'Mountain'
 'Currency name' 'Event' 'Product' 'State' 'Individual' 'Organ of body'
 'Reason' 'Manner of an action' 'City' 'Religion'
 'Invention, book and other creative piece' 'Distance, linear measure'
 'Temperature' 'Postcode or other code' 'Size, area and volume' 'Sport'
 'Country' 'Other location' 'Lasting time of somethin' 'Equivalent term'
 'Description of something' 'Weight' 'Vehicle' 'Color' 'Other number'
 'Definition of something' 'Element and substance'
 'Description of a person' 'Symbols and sign' 'Number of something'
 'Plant' 'Percent, fraction' 'Group or organization of person'
 'Title of a person']",Type:,84, Definition of something,1.0,37d3ef43380e769500db704720bacd131dc6bd09e5f040b3,['Definition of something'],1911,"Question: What is a parasite ?
",trec
trec,en,"['Food' 'Date' 'Order, rank' 'Speed' 'Disease and medicine'
 'Word with a special property' 'Abbreviation' 'Language'
 'Letter like a-z' 'Other entity' 'Animal' 'Expression abbreviated'
 'Price' 'Techniques and method' 'Musical instrument' 'Mountain'
 'Currency name' 'Event' 'Product' 'State' 'Individual' 'Organ of body'
 'Reason' 'Manner of an action' 'City' 'Religion'
 'Invention, book and other creative piece' 'Distance, linear measure'
 'Temperature' 'Postcode or other code' 'Size, area and volume' 'Sport'
 'Country' 'Other location' 'Lasting time of somethin' 'Equivalent term'
 'Description of something' 'Weight' 'Vehicle' 'Color' 'Other number'
 'Definition of something' 'Element and substance'
 'Description of a person' 'Symbols and sign' 'Number of something'
 'Plant' 'Percent, fraction' 'Group or organization of person'
 'Title of a person']",Type:,84, **Event**,1.0,6075661e710f419b30971816ec6e975636d9fe33edf91cbc,['Animal'],2129,"Question: What is the name of Roy Roger 's dog ?
",trec
trec,en,"['Food' 'Date' 'Order, rank' 'Speed' 'Disease and medicine'
 'Word with a special property' 'Abbreviation' 'Language'
 'Letter like a-z' 'Other entity' 'Animal' 'Expression abbreviated'
 'Price' 'Techniques and method' 'Musical instrument' 'Mountain'
 'Currency name' 'Event' 'Product' 'State' 'Individual' 'Organ of body'
 'Reason' 'Manner of an action' 'City' 'Religion'
 'Invention, book and other creative piece' 'Distance, linear measure'
 'Temperature' 'Postcode or other code' 'Size, area and volume' 'Sport'
 'Country' 'Other location' 'Lasting time of somethin' 'Equivalent term'
 'Description of something' 'Weight' 'Vehicle' 'Color' 'Other number'
 'Definition of something' 'Element and substance'
 'Description of a person' 'Symbols and sign' 'Number of something'
 'Plant' 'Percent, fraction' 'Group or organization of person'
 'Title of a person']",Type:,84, **Individual**,1.0,9e493dfdeb1f43b0bf586b21f8f73e1080c0453c32228223,['Other number'],5450,"Question: What is the world 's population ?
",trec
trec,en,"['Food' 'Date' 'Order, rank' 'Speed' 'Disease and medicine'
 'Word with a special property' 'Abbreviation' 'Language'
 'Letter like a-z' 'Other entity' 'Animal' 'Expression abbreviated'
 'Price' 'Techniques and method' 'Musical instrument' 'Mountain'
 'Currency name' 'Event' 'Product' 'State' 'Individual' 'Organ of body'
 'Reason' 'Manner of an action' 'City' 'Religion'
 'Invention, book and other creative piece' 'Distance, linear measure'
 'Temperature' 'Postcode or other code' 'Size, area and volume' 'Sport'
 'Country' 'Other location' 'Lasting time of somethin' 'Equivalent term'
 'Description of something' 'Weight' 'Vehicle' 'Color' 'Other number'
 'Definition of something' 'Element and substance'
 'Description of a person' 'Symbols and sign' 'Number of something'
 'Plant' 'Percent, fraction' 'Group or organization of person'
 'Title of a person']",Type:,84, Lasting time of somethin,1.0,5cc5f5c961f7b577dfaa8358352b7c546639540628871a2a,['Definition of something'],8500,"Question: What does cc in engines mean ?
",trec
trec,en,"['Food' 'Date' 'Order, rank' 'Speed' 'Disease and medicine'
 'Word with a special property' 'Abbreviation' 'Language'
 'Letter like a-z' 'Other entity' 'Animal' 'Expression abbreviated'
 'Price' 'Techniques and method' 'Musical instrument' 'Mountain'
 'Currency name' 'Event' 'Product' 'State' 'Individual' 'Organ of body'
 'Reason' 'Manner of an action' 'City' 'Religion'
 'Invention, book and other creative piece' 'Distance, linear measure'
 'Temperature' 'Postcode or other code' 'Size, area and volume' 'Sport'
 'Country' 'Other location' 'Lasting time of somethin' 'Equivalent term'
 'Description of something' 'Weight' 'Vehicle' 'Color' 'Other number'
 'Definition of something' 'Element and substance'
 'Description of a person' 'Symbols and sign' 'Number of something'
 'Plant' 'Percent, fraction' 'Group or organization of person'
 'Title of a person']",Type:,84, Definition of something,1.0,87c525d2fea468800172db577752e30afb5ac281ac15a4fb,['Definition of something'],6285,"Question: What is an atom ?
",trec
trec,en,"['Food' 'Date' 'Order, rank' 'Speed' 'Disease and medicine'
 'Word with a special property' 'Abbreviation' 'Language'
 'Letter like a-z' 'Other entity' 'Animal' 'Expression abbreviated'
 'Price' 'Techniques and method' 'Musical instrument' 'Mountain'
 'Currency name' 'Event' 'Product' 'State' 'Individual' 'Organ of body'
 'Reason' 'Manner of an action' 'City' 'Religion'
 'Invention, book and other creative piece' 'Distance, linear measure'
 'Temperature' 'Postcode or other code' 'Size, area and volume' 'Sport'
 'Country' 'Other location' 'Lasting time of somethin' 'Equivalent term'
 'Description of something' 'Weight' 'Vehicle' 'Color' 'Other number'
 'Definition of something' 'Element and substance'
 'Description of a person' 'Symbols and sign' 'Number of something'
 'Plant' 'Percent, fraction' 'Group or organization of person'
 'Title of a person']",Type:,84, Price,1.0,bb85a9ba81c5b2b43f42e74124bbdab7c367d48b11ccd4f4,['Definition of something'],3327,"Question: What is a thyroid ?
",trec
trec,en,"['Food' 'Date' 'Order, rank' 'Speed' 'Disease and medicine'
 'Word with a special property' 'Abbreviation' 'Language'
 'Letter like a-z' 'Other entity' 'Animal' 'Expression abbreviated'
 'Price' 'Techniques and method' 'Musical instrument' 'Mountain'
 'Currency name' 'Event' 'Product' 'State' 'Individual' 'Organ of body'
 'Reason' 'Manner of an action' 'City' 'Religion'
 'Invention, book and other creative piece' 'Distance, linear measure'
 'Temperature' 'Postcode or other code' 'Size, area and volume' 'Sport'
 'Country' 'Other location' 'Lasting time of somethin' 'Equivalent term'
 'Description of something' 'Weight' 'Vehicle' 'Color' 'Other number'
 'Definition of something' 'Element and substance'
 'Description of a person' 'Symbols and sign' 'Number of something'
 'Plant' 'Percent, fraction' 'Group or organization of person'
 'Title of a person']",Type:,84, Definition of something,1.0,af885f2dd88c3d1ef0278e145a56e0142e8dffa98da1725e,['Definition of something'],1889,"Question: What is a panic disorder ?
",trec
trec,en,"['Food' 'Date' 'Order, rank' 'Speed' 'Disease and medicine'
 'Word with a special property' 'Abbreviation' 'Language'
 'Letter like a-z' 'Other entity' 'Animal' 'Expression abbreviated'
 'Price' 'Techniques and method' 'Musical instrument' 'Mountain'
 'Currency name' 'Event' 'Product' 'State' 'Individual' 'Organ of body'
 'Reason' 'Manner of an action' 'City' 'Religion'
 'Invention, book and other creative piece' 'Distance, linear measure'
 'Temperature' 'Postcode or other code' 'Size, area and volume' 'Sport'
 'Country' 'Other location' 'Lasting time of somethin' 'Equivalent term'
 'Description of something' 'Weight' 'Vehicle' 'Color' 'Other number'
 'Definition of something' 'Element and substance'
 'Description of a person' 'Symbols and sign' 'Number of something'
 'Plant' 'Percent, fraction' 'Group or organization of person'
 'Title of a person']",Type:,84, Reason,1.0,729b220cc22edaa8183925bcf721e5cb9db1c61757a3db65,['Individual'],6862,"Question: What is Shakespeare 's nickname ?
",trec
trec,en,"['Food' 'Date' 'Order, rank' 'Speed' 'Disease and medicine'
 'Word with a special property' 'Abbreviation' 'Language'
 'Letter like a-z' 'Other entity' 'Animal' 'Expression abbreviated'
 'Price' 'Techniques and method' 'Musical instrument' 'Mountain'
 'Currency name' 'Event' 'Product' 'State' 'Individual' 'Organ of body'
 'Reason' 'Manner of an action' 'City' 'Religion'
 'Invention, book and other creative piece' 'Distance, linear measure'
 'Temperature' 'Postcode or other code' 'Size, area and volume' 'Sport'
 'Country' 'Other location' 'Lasting time of somethin' 'Equivalent term'
 'Description of something' 'Weight' 'Vehicle' 'Color' 'Other number'
 'Definition of something' 'Element and substance'
 'Description of a person' 'Symbols and sign' 'Number of something'
 'Plant' 'Percent, fraction' 'Group or organization of person'
 'Title of a person']",Type:,84, **Element and substance**,1.0,ac4398fc1a1b445d618d926fd6a3ef39a9fea060924a4eac,['Weight'],1988,"Question: What is the atomic weight of silver ?
",trec
trec,en,"['Food' 'Date' 'Order, rank' 'Speed' 'Disease and medicine'
 'Word with a special property' 'Abbreviation' 'Language'
 'Letter like a-z' 'Other entity' 'Animal' 'Expression abbreviated'
 'Price' 'Techniques and method' 'Musical instrument' 'Mountain'
 'Currency name' 'Event' 'Product' 'State' 'Individual' 'Organ of body'
 'Reason' 'Manner of an action' 'City' 'Religion'
 'Invention, book and other creative piece' 'Distance, linear measure'
 'Temperature' 'Postcode or other code' 'Size, area and volume' 'Sport'
 'Country' 'Other location' 'Lasting time of somethin' 'Equivalent term'
 'Description of something' 'Weight' 'Vehicle' 'Color' 'Other number'
 'Definition of something' 'Element and substance'
 'Description of a person' 'Symbols and sign' 'Number of something'
 'Plant' 'Percent, fraction' 'Group or organization of person'
 'Title of a person']",Type:,84, **Individual**,1.0,c180f344bd8bd450734da05ba9257f537c87f6685bee95a0,['Individual'],7107,"Question: Who killed John F. Kennedy ?
",trec
trec,en,"['Food' 'Date' 'Order, rank' 'Speed' 'Disease and medicine'
 'Word with a special property' 'Abbreviation' 'Language'
 'Letter like a-z' 'Other entity' 'Animal' 'Expression abbreviated'
 'Price' 'Techniques and method' 'Musical instrument' 'Mountain'
 'Currency name' 'Event' 'Product' 'State' 'Individual' 'Organ of body'
 'Reason' 'Manner of an action' 'City' 'Religion'
 'Invention, book and other creative piece' 'Distance, linear measure'
 'Temperature' 'Postcode or other code' 'Size, area and volume' 'Sport'
 'Country' 'Other location' 'Lasting time of somethin' 'Equivalent term'
 'Description of something' 'Weight' 'Vehicle' 'Color' 'Other number'
 'Definition of something' 'Element and substance'
 'Description of a person' 'Symbols and sign' 'Number of something'
 'Plant' 'Percent, fraction' 'Group or organization of person'
 'Title of a person']",Type:,84, **Definition of something**,1.0,1e8f992d97411a7f0a833383900a0bf3ab7e8adeade4ff83,['Element and substance'],5401,"Question: What is a mirror made out of ?
",trec
trec,en,"['Food' 'Date' 'Order, rank' 'Speed' 'Disease and medicine'
 'Word with a special property' 'Abbreviation' 'Language'
 'Letter like a-z' 'Other entity' 'Animal' 'Expression abbreviated'
 'Price' 'Techniques and method' 'Musical instrument' 'Mountain'
 'Currency name' 'Event' 'Product' 'State' 'Individual' 'Organ of body'
 'Reason' 'Manner of an action' 'City' 'Religion'
 'Invention, book and other creative piece' 'Distance, linear measure'
 'Temperature' 'Postcode or other code' 'Size, area and volume' 'Sport'
 'Country' 'Other location' 'Lasting time of somethin' 'Equivalent term'
 'Description of something' 'Weight' 'Vehicle' 'Color' 'Other number'
 'Definition of something' 'Element and substance'
 'Description of a person' 'Symbols and sign' 'Number of something'
 'Plant' 'Percent, fraction' 'Group or organization of person'
 'Title of a person']",Type:,84, **Other number**,1.0,eb260c330bdf871051d27c5e3caa4a7818cd13c10ccdaab0,['Other entity'],7629,"Question: What is the sales tax in Minnesota ?
",trec
trec,en,"['Food' 'Date' 'Order, rank' 'Speed' 'Disease and medicine'
 'Word with a special property' 'Abbreviation' 'Language'
 'Letter like a-z' 'Other entity' 'Animal' 'Expression abbreviated'
 'Price' 'Techniques and method' 'Musical instrument' 'Mountain'
 'Currency name' 'Event' 'Product' 'State' 'Individual' 'Organ of body'
 'Reason' 'Manner of an action' 'City' 'Religion'
 'Invention, book and other creative piece' 'Distance, linear measure'
 'Temperature' 'Postcode or other code' 'Size, area and volume' 'Sport'
 'Country' 'Other location' 'Lasting time of somethin' 'Equivalent term'
 'Description of something' 'Weight' 'Vehicle' 'Color' 'Other number'
 'Definition of something' 'Element and substance'
 'Description of a person' 'Symbols and sign' 'Number of something'
 'Plant' 'Percent, fraction' 'Group or organization of person'
 'Title of a person']",Type:,84, **Reason**,1.0,246234b8bd50080971f652b2b0e5735f3762aa514eb2e032,['Country'],2427,"Question: Which country gave New York the Statue of Liberty ?
",trec
trec,en,"['Food' 'Date' 'Order, rank' 'Speed' 'Disease and medicine'
 'Word with a special property' 'Abbreviation' 'Language'
 'Letter like a-z' 'Other entity' 'Animal' 'Expression abbreviated'
 'Price' 'Techniques and method' 'Musical instrument' 'Mountain'
 'Currency name' 'Event' 'Product' 'State' 'Individual' 'Organ of body'
 'Reason' 'Manner of an action' 'City' 'Religion'
 'Invention, book and other creative piece' 'Distance, linear measure'
 'Temperature' 'Postcode or other code' 'Size, area and volume' 'Sport'
 'Country' 'Other location' 'Lasting time of somethin' 'Equivalent term'
 'Description of something' 'Weight' 'Vehicle' 'Color' 'Other number'
 'Definition of something' 'Element and substance'
 'Description of a person' 'Symbols and sign' 'Number of something'
 'Plant' 'Percent, fraction' 'Group or organization of person'
 'Title of a person']",Type:,84, Capital of a country,1.0,fd0b5fd5f649813292b08b654fce776e997b34c82f845c65,['City'],3220,"Question: What is the capital of Mongolia ?
",trec
trec,en,"['Food' 'Date' 'Order, rank' 'Speed' 'Disease and medicine'
 'Word with a special property' 'Abbreviation' 'Language'
 'Letter like a-z' 'Other entity' 'Animal' 'Expression abbreviated'
 'Price' 'Techniques and method' 'Musical instrument' 'Mountain'
 'Currency name' 'Event' 'Product' 'State' 'Individual' 'Organ of body'
 'Reason' 'Manner of an action' 'City' 'Religion'
 'Invention, book and other creative piece' 'Distance, linear measure'
 'Temperature' 'Postcode or other code' 'Size, area and volume' 'Sport'
 'Country' 'Other location' 'Lasting time of somethin' 'Equivalent term'
 'Description of something' 'Weight' 'Vehicle' 'Color' 'Other number'
 'Definition of something' 'Element and substance'
 'Description of a person' 'Symbols and sign' 'Number of something'
 'Plant' 'Percent, fraction' 'Group or organization of person'
 'Title of a person']",Type:,84, **Other entity**,1.0,d33c805c80d525273ff55f3c2406efc9e81552492ce30f1f,['Group or organization of person'],2796,"Question: What is the name of the chocolate company in San Francisco ?
",trec
trec,en,"['Food' 'Date' 'Order, rank' 'Speed' 'Disease and medicine'
 'Word with a special property' 'Abbreviation' 'Language'
 'Letter like a-z' 'Other entity' 'Animal' 'Expression abbreviated'
 'Price' 'Techniques and method' 'Musical instrument' 'Mountain'
 'Currency name' 'Event' 'Product' 'State' 'Individual' 'Organ of body'
 'Reason' 'Manner of an action' 'City' 'Religion'
 'Invention, book and other creative piece' 'Distance, linear measure'
 'Temperature' 'Postcode or other code' 'Size, area and volume' 'Sport'
 'Country' 'Other location' 'Lasting time of somethin' 'Equivalent term'
 'Description of something' 'Weight' 'Vehicle' 'Color' 'Other number'
 'Definition of something' 'Element and substance'
 'Description of a person' 'Symbols and sign' 'Number of something'
 'Plant' 'Percent, fraction' 'Group or organization of person'
 'Title of a person']",Type:,84, Date,1.0,d81973d8c9154fb49d94dad8fce08c940cb9697c531c9030,['Date'],5946,"Question: When was Ulysses S. Grant born ?
",trec
trec,en,"['Food' 'Date' 'Order, rank' 'Speed' 'Disease and medicine'
 'Word with a special property' 'Abbreviation' 'Language'
 'Letter like a-z' 'Other entity' 'Animal' 'Expression abbreviated'
 'Price' 'Techniques and method' 'Musical instrument' 'Mountain'
 'Currency name' 'Event' 'Product' 'State' 'Individual' 'Organ of body'
 'Reason' 'Manner of an action' 'City' 'Religion'
 'Invention, book and other creative piece' 'Distance, linear measure'
 'Temperature' 'Postcode or other code' 'Size, area and volume' 'Sport'
 'Country' 'Other location' 'Lasting time of somethin' 'Equivalent term'
 'Description of something' 'Weight' 'Vehicle' 'Color' 'Other number'
 'Definition of something' 'Element and substance'
 'Description of a person' 'Symbols and sign' 'Number of something'
 'Plant' 'Percent, fraction' 'Group or organization of person'
 'Title of a person']",Type:,84, Definition of something,1.0,523cf34b2fc652ae207acd377a178f1bc791acf15306551b,['Definition of something'],6674,"Question: What is amitriptyline ?
",trec
trec,en,"['Food' 'Date' 'Order, rank' 'Speed' 'Disease and medicine'
 'Word with a special property' 'Abbreviation' 'Language'
 'Letter like a-z' 'Other entity' 'Animal' 'Expression abbreviated'
 'Price' 'Techniques and method' 'Musical instrument' 'Mountain'
 'Currency name' 'Event' 'Product' 'State' 'Individual' 'Organ of body'
 'Reason' 'Manner of an action' 'City' 'Religion'
 'Invention, book and other creative piece' 'Distance, linear measure'
 'Temperature' 'Postcode or other code' 'Size, area and volume' 'Sport'
 'Country' 'Other location' 'Lasting time of somethin' 'Equivalent term'
 'Description of something' 'Weight' 'Vehicle' 'Color' 'Other number'
 'Definition of something' 'Element and substance'
 'Description of a person' 'Symbols and sign' 'Number of something'
 'Plant' 'Percent, fraction' 'Group or organization of person'
 'Title of a person']",Type:,84, Other entity,1.0,4a2efc57a3257f4b4e76ec3ed65bfb12cfe67f97e686ea94,['Reason'],7481,"Question: Why does the moon turn orange ?
",trec
trec,en,"['Food' 'Date' 'Order, rank' 'Speed' 'Disease and medicine'
 'Word with a special property' 'Abbreviation' 'Language'
 'Letter like a-z' 'Other entity' 'Animal' 'Expression abbreviated'
 'Price' 'Techniques and method' 'Musical instrument' 'Mountain'
 'Currency name' 'Event' 'Product' 'State' 'Individual' 'Organ of body'
 'Reason' 'Manner of an action' 'City' 'Religion'
 'Invention, book and other creative piece' 'Distance, linear measure'
 'Temperature' 'Postcode or other code' 'Size, area and volume' 'Sport'
 'Country' 'Other location' 'Lasting time of somethin' 'Equivalent term'
 'Description of something' 'Weight' 'Vehicle' 'Color' 'Other number'
 'Definition of something' 'Element and substance'
 'Description of a person' 'Symbols and sign' 'Number of something'
 'Plant' 'Percent, fraction' 'Group or organization of person'
 'Title of a person']",Type:,84, Individual,1.0,a976a1c02e1b341e4fafdc3b5bc862d1a812cccd2cd484ad,['Individual'],8206,"Question: What is the name of the leader of Ireland ?
",trec
trec,en,"['Food' 'Date' 'Order, rank' 'Speed' 'Disease and medicine'
 'Word with a special property' 'Abbreviation' 'Language'
 'Letter like a-z' 'Other entity' 'Animal' 'Expression abbreviated'
 'Price' 'Techniques and method' 'Musical instrument' 'Mountain'
 'Currency name' 'Event' 'Product' 'State' 'Individual' 'Organ of body'
 'Reason' 'Manner of an action' 'City' 'Religion'
 'Invention, book and other creative piece' 'Distance, linear measure'
 'Temperature' 'Postcode or other code' 'Size, area and volume' 'Sport'
 'Country' 'Other location' 'Lasting time of somethin' 'Equivalent term'
 'Description of something' 'Weight' 'Vehicle' 'Color' 'Other number'
 'Definition of something' 'Element and substance'
 'Description of a person' 'Symbols and sign' 'Number of something'
 'Plant' 'Percent, fraction' 'Group or organization of person'
 'Title of a person']",Type:,84, **Definition of something**,1.0,2346e2f34ef8d8ab90f6890d22e0d317f7cf5e5c54c70ddc,['Definition of something'],5456,"Question: What is compounded interest ?
",trec
trec,en,"['Food' 'Date' 'Order, rank' 'Speed' 'Disease and medicine'
 'Word with a special property' 'Abbreviation' 'Language'
 'Letter like a-z' 'Other entity' 'Animal' 'Expression abbreviated'
 'Price' 'Techniques and method' 'Musical instrument' 'Mountain'
 'Currency name' 'Event' 'Product' 'State' 'Individual' 'Organ of body'
 'Reason' 'Manner of an action' 'City' 'Religion'
 'Invention, book and other creative piece' 'Distance, linear measure'
 'Temperature' 'Postcode or other code' 'Size, area and volume' 'Sport'
 'Country' 'Other location' 'Lasting time of somethin' 'Equivalent term'
 'Description of something' 'Weight' 'Vehicle' 'Color' 'Other number'
 'Definition of something' 'Element and substance'
 'Description of a person' 'Symbols and sign' 'Number of something'
 'Plant' 'Percent, fraction' 'Group or organization of person'
 'Title of a person']",Type:,84, **Individual**,1.0,74a1e748b82a9d4c53c859f073572c3a80c36592a5f55389,['Price'],6487,"Question: How much was a ticket for the Titanic ?
",trec
trec,en,"['Food' 'Date' 'Order, rank' 'Speed' 'Disease and medicine'
 'Word with a special property' 'Abbreviation' 'Language'
 'Letter like a-z' 'Other entity' 'Animal' 'Expression abbreviated'
 'Price' 'Techniques and method' 'Musical instrument' 'Mountain'
 'Currency name' 'Event' 'Product' 'State' 'Individual' 'Organ of body'
 'Reason' 'Manner of an action' 'City' 'Religion'
 'Invention, book and other creative piece' 'Distance, linear measure'
 'Temperature' 'Postcode or other code' 'Size, area and volume' 'Sport'
 'Country' 'Other location' 'Lasting time of somethin' 'Equivalent term'
 'Description of something' 'Weight' 'Vehicle' 'Color' 'Other number'
 'Definition of something' 'Element and substance'
 'Description of a person' 'Symbols and sign' 'Number of something'
 'Plant' 'Percent, fraction' 'Group or organization of person'
 'Title of a person']",Type:,84, **Individual**,1.0,fbbb9bbd508719779d6a003127b925ad1c457ea19a753f1d,['Definition of something'],6446,"Question: What does the word fortnight mean ?
",trec
trec,en,"['Food' 'Date' 'Order, rank' 'Speed' 'Disease and medicine'
 'Word with a special property' 'Abbreviation' 'Language'
 'Letter like a-z' 'Other entity' 'Animal' 'Expression abbreviated'
 'Price' 'Techniques and method' 'Musical instrument' 'Mountain'
 'Currency name' 'Event' 'Product' 'State' 'Individual' 'Organ of body'
 'Reason' 'Manner of an action' 'City' 'Religion'
 'Invention, book and other creative piece' 'Distance, linear measure'
 'Temperature' 'Postcode or other code' 'Size, area and volume' 'Sport'
 'Country' 'Other location' 'Lasting time of somethin' 'Equivalent term'
 'Description of something' 'Weight' 'Vehicle' 'Color' 'Other number'
 'Definition of something' 'Element and substance'
 'Description of a person' 'Symbols and sign' 'Number of something'
 'Plant' 'Percent, fraction' 'Group or organization of person'
 'Title of a person']",Type:,84, Lasting time of somethin,1.0,6935ef01f250692f0aefaddbee53881e2a78a1b33b5d38d8,['Lasting time of somethin'],7969,"Question: How old was Joan of Arc when she died ?
",trec
trec,en,"['Food' 'Date' 'Order, rank' 'Speed' 'Disease and medicine'
 'Word with a special property' 'Abbreviation' 'Language'
 'Letter like a-z' 'Other entity' 'Animal' 'Expression abbreviated'
 'Price' 'Techniques and method' 'Musical instrument' 'Mountain'
 'Currency name' 'Event' 'Product' 'State' 'Individual' 'Organ of body'
 'Reason' 'Manner of an action' 'City' 'Religion'
 'Invention, book and other creative piece' 'Distance, linear measure'
 'Temperature' 'Postcode or other code' 'Size, area and volume' 'Sport'
 'Country' 'Other location' 'Lasting time of somethin' 'Equivalent term'
 'Description of something' 'Weight' 'Vehicle' 'Color' 'Other number'
 'Definition of something' 'Element and substance'
 'Description of a person' 'Symbols and sign' 'Number of something'
 'Plant' 'Percent, fraction' 'Group or organization of person'
 'Title of a person']",Type:,84, **Equivalent term**,1.0,d438bf5816a84739a076deedabbf6df043b4879582eeda96,['Color'],4471,"Question: What colors need to be mixed to get the color pink ?
",trec
trec,en,"['Food' 'Date' 'Order, rank' 'Speed' 'Disease and medicine'
 'Word with a special property' 'Abbreviation' 'Language'
 'Letter like a-z' 'Other entity' 'Animal' 'Expression abbreviated'
 'Price' 'Techniques and method' 'Musical instrument' 'Mountain'
 'Currency name' 'Event' 'Product' 'State' 'Individual' 'Organ of body'
 'Reason' 'Manner of an action' 'City' 'Religion'
 'Invention, book and other creative piece' 'Distance, linear measure'
 'Temperature' 'Postcode or other code' 'Size, area and volume' 'Sport'
 'Country' 'Other location' 'Lasting time of somethin' 'Equivalent term'
 'Description of something' 'Weight' 'Vehicle' 'Color' 'Other number'
 'Definition of something' 'Element and substance'
 'Description of a person' 'Symbols and sign' 'Number of something'
 'Plant' 'Percent, fraction' 'Group or organization of person'
 'Title of a person']",Type:,84, **Definition of something**,1.0,85968a31b5fdd71e6d45e7124e424847ba5d1b32c1f1ce63,['Definition of something'],7704,"Question: What is an antigen ?
",trec
trec,en,"['Food' 'Date' 'Order, rank' 'Speed' 'Disease and medicine'
 'Word with a special property' 'Abbreviation' 'Language'
 'Letter like a-z' 'Other entity' 'Animal' 'Expression abbreviated'
 'Price' 'Techniques and method' 'Musical instrument' 'Mountain'
 'Currency name' 'Event' 'Product' 'State' 'Individual' 'Organ of body'
 'Reason' 'Manner of an action' 'City' 'Religion'
 'Invention, book and other creative piece' 'Distance, linear measure'
 'Temperature' 'Postcode or other code' 'Size, area and volume' 'Sport'
 'Country' 'Other location' 'Lasting time of somethin' 'Equivalent term'
 'Description of something' 'Weight' 'Vehicle' 'Color' 'Other number'
 'Definition of something' 'Element and substance'
 'Description of a person' 'Symbols and sign' 'Number of something'
 'Plant' 'Percent, fraction' 'Group or organization of person'
 'Title of a person']",Type:,84, **Individual**,1.0,9a89e12f4c64eda441932465fd598c303398ef4db379d244,['Individual'],2058,"Question: Who was the first person to reach the North Pole ?
",trec
trec,en,"['Food' 'Date' 'Order, rank' 'Speed' 'Disease and medicine'
 'Word with a special property' 'Abbreviation' 'Language'
 'Letter like a-z' 'Other entity' 'Animal' 'Expression abbreviated'
 'Price' 'Techniques and method' 'Musical instrument' 'Mountain'
 'Currency name' 'Event' 'Product' 'State' 'Individual' 'Organ of body'
 'Reason' 'Manner of an action' 'City' 'Religion'
 'Invention, book and other creative piece' 'Distance, linear measure'
 'Temperature' 'Postcode or other code' 'Size, area and volume' 'Sport'
 'Country' 'Other location' 'Lasting time of somethin' 'Equivalent term'
 'Description of something' 'Weight' 'Vehicle' 'Color' 'Other number'
 'Definition of something' 'Element and substance'
 'Description of a person' 'Symbols and sign' 'Number of something'
 'Plant' 'Percent, fraction' 'Group or organization of person'
 'Title of a person']",Type:,84, Other location,1.0,60b0d4baa34981dddb033443dc66304e6566236b2f0dbc55,['Other location'],5841,"Question: What New York City structure is also known as the Twin Towers ?
",trec
trec,en,"['Food' 'Date' 'Order, rank' 'Speed' 'Disease and medicine'
 'Word with a special property' 'Abbreviation' 'Language'
 'Letter like a-z' 'Other entity' 'Animal' 'Expression abbreviated'
 'Price' 'Techniques and method' 'Musical instrument' 'Mountain'
 'Currency name' 'Event' 'Product' 'State' 'Individual' 'Organ of body'
 'Reason' 'Manner of an action' 'City' 'Religion'
 'Invention, book and other creative piece' 'Distance, linear measure'
 'Temperature' 'Postcode or other code' 'Size, area and volume' 'Sport'
 'Country' 'Other location' 'Lasting time of somethin' 'Equivalent term'
 'Description of something' 'Weight' 'Vehicle' 'Color' 'Other number'
 'Definition of something' 'Element and substance'
 'Description of a person' 'Symbols and sign' 'Number of something'
 'Plant' 'Percent, fraction' 'Group or organization of person'
 'Title of a person']",Type:,84, **Other location**,1.0,0306aeb74c74c415bc065c5061623347e9bdf73e7950b0c6,['Group or organization of person'],4670,"Question: What chain store is headquartered in Bentonville , Arkansas ?
",trec
trec,en,"['Food' 'Date' 'Order, rank' 'Speed' 'Disease and medicine'
 'Word with a special property' 'Abbreviation' 'Language'
 'Letter like a-z' 'Other entity' 'Animal' 'Expression abbreviated'
 'Price' 'Techniques and method' 'Musical instrument' 'Mountain'
 'Currency name' 'Event' 'Product' 'State' 'Individual' 'Organ of body'
 'Reason' 'Manner of an action' 'City' 'Religion'
 'Invention, book and other creative piece' 'Distance, linear measure'
 'Temperature' 'Postcode or other code' 'Size, area and volume' 'Sport'
 'Country' 'Other location' 'Lasting time of somethin' 'Equivalent term'
 'Description of something' 'Weight' 'Vehicle' 'Color' 'Other number'
 'Definition of something' 'Element and substance'
 'Description of a person' 'Symbols and sign' 'Number of something'
 'Plant' 'Percent, fraction' 'Group or organization of person'
 'Title of a person']",Type:,84, **Other entity**,1.0,7f733b8563f3a6aac3fe940f6a201bab76ee6b216aaaf4ba,['Equivalent term'],7382,"Question: What are the spots on dominoes called ?
",trec
trec,en,"['Food' 'Date' 'Order, rank' 'Speed' 'Disease and medicine'
 'Word with a special property' 'Abbreviation' 'Language'
 'Letter like a-z' 'Other entity' 'Animal' 'Expression abbreviated'
 'Price' 'Techniques and method' 'Musical instrument' 'Mountain'
 'Currency name' 'Event' 'Product' 'State' 'Individual' 'Organ of body'
 'Reason' 'Manner of an action' 'City' 'Religion'
 'Invention, book and other creative piece' 'Distance, linear measure'
 'Temperature' 'Postcode or other code' 'Size, area and volume' 'Sport'
 'Country' 'Other location' 'Lasting time of somethin' 'Equivalent term'
 'Description of something' 'Weight' 'Vehicle' 'Color' 'Other number'
 'Definition of something' 'Element and substance'
 'Description of a person' 'Symbols and sign' 'Number of something'
 'Plant' 'Percent, fraction' 'Group or organization of person'
 'Title of a person']",Type:,84, **City**,1.0,fe4e5a937c7dc6f854351c43f5cfab0b9d27c14cc219fd22,['Other location'],6307,"Question: Where is Perth ?
",trec
trec,en,"['Food' 'Date' 'Order, rank' 'Speed' 'Disease and medicine'
 'Word with a special property' 'Abbreviation' 'Language'
 'Letter like a-z' 'Other entity' 'Animal' 'Expression abbreviated'
 'Price' 'Techniques and method' 'Musical instrument' 'Mountain'
 'Currency name' 'Event' 'Product' 'State' 'Individual' 'Organ of body'
 'Reason' 'Manner of an action' 'City' 'Religion'
 'Invention, book and other creative piece' 'Distance, linear measure'
 'Temperature' 'Postcode or other code' 'Size, area and volume' 'Sport'
 'Country' 'Other location' 'Lasting time of somethin' 'Equivalent term'
 'Description of something' 'Weight' 'Vehicle' 'Color' 'Other number'
 'Definition of something' 'Element and substance'
 'Description of a person' 'Symbols and sign' 'Number of something'
 'Plant' 'Percent, fraction' 'Group or organization of person'
 'Title of a person']",Type:,84, **Other entity**,1.0,3b20c1d16810a4a74fbb7c8940110cc55564b79e78b1f370,['State'],5793,"Question: What state is the geographic center of the lower 48 states ?
",trec
trec,en,"['Food' 'Date' 'Order, rank' 'Speed' 'Disease and medicine'
 'Word with a special property' 'Abbreviation' 'Language'
 'Letter like a-z' 'Other entity' 'Animal' 'Expression abbreviated'
 'Price' 'Techniques and method' 'Musical instrument' 'Mountain'
 'Currency name' 'Event' 'Product' 'State' 'Individual' 'Organ of body'
 'Reason' 'Manner of an action' 'City' 'Religion'
 'Invention, book and other creative piece' 'Distance, linear measure'
 'Temperature' 'Postcode or other code' 'Size, area and volume' 'Sport'
 'Country' 'Other location' 'Lasting time of somethin' 'Equivalent term'
 'Description of something' 'Weight' 'Vehicle' 'Color' 'Other number'
 'Definition of something' 'Element and substance'
 'Description of a person' 'Symbols and sign' 'Number of something'
 'Plant' 'Percent, fraction' 'Group or organization of person'
 'Title of a person']",Type:,84, Animal,1.0,5f9d42b8f405e3244f17601b8914540d55013a8f6e8fbbbc,['Animal'],6788,"Question: What is the Ohio state bird ?
",trec
trec,en,"['Food' 'Date' 'Order, rank' 'Speed' 'Disease and medicine'
 'Word with a special property' 'Abbreviation' 'Language'
 'Letter like a-z' 'Other entity' 'Animal' 'Expression abbreviated'
 'Price' 'Techniques and method' 'Musical instrument' 'Mountain'
 'Currency name' 'Event' 'Product' 'State' 'Individual' 'Organ of body'
 'Reason' 'Manner of an action' 'City' 'Religion'
 'Invention, book and other creative piece' 'Distance, linear measure'
 'Temperature' 'Postcode or other code' 'Size, area and volume' 'Sport'
 'Country' 'Other location' 'Lasting time of somethin' 'Equivalent term'
 'Description of something' 'Weight' 'Vehicle' 'Color' 'Other number'
 'Definition of something' 'Element and substance'
 'Description of a person' 'Symbols and sign' 'Number of something'
 'Plant' 'Percent, fraction' 'Group or organization of person'
 'Title of a person']",Type:,84, Definition of something,1.0,bbfcb118b6a0beff1ab6bcf1660b429ff31b7817aac6f745,['Other location'],7466,"Question: What is the brightest star ?
",trec
trec,en,"['Food' 'Date' 'Order, rank' 'Speed' 'Disease and medicine'
 'Word with a special property' 'Abbreviation' 'Language'
 'Letter like a-z' 'Other entity' 'Animal' 'Expression abbreviated'
 'Price' 'Techniques and method' 'Musical instrument' 'Mountain'
 'Currency name' 'Event' 'Product' 'State' 'Individual' 'Organ of body'
 'Reason' 'Manner of an action' 'City' 'Religion'
 'Invention, book and other creative piece' 'Distance, linear measure'
 'Temperature' 'Postcode or other code' 'Size, area and volume' 'Sport'
 'Country' 'Other location' 'Lasting time of somethin' 'Equivalent term'
 'Description of something' 'Weight' 'Vehicle' 'Color' 'Other number'
 'Definition of something' 'Element and substance'
 'Description of a person' 'Symbols and sign' 'Number of something'
 'Plant' 'Percent, fraction' 'Group or organization of person'
 'Title of a person']",Type:,84, **Description of something**,1.0,93407117c5c49c8989c5560893358677df6ea48f66178ab1,['Description of a person'],2324,"Question: Who was Abraham Lincoln ?
",trec
trec,en,"['Food' 'Date' 'Order, rank' 'Speed' 'Disease and medicine'
 'Word with a special property' 'Abbreviation' 'Language'
 'Letter like a-z' 'Other entity' 'Animal' 'Expression abbreviated'
 'Price' 'Techniques and method' 'Musical instrument' 'Mountain'
 'Currency name' 'Event' 'Product' 'State' 'Individual' 'Organ of body'
 'Reason' 'Manner of an action' 'City' 'Religion'
 'Invention, book and other creative piece' 'Distance, linear measure'
 'Temperature' 'Postcode or other code' 'Size, area and volume' 'Sport'
 'Country' 'Other location' 'Lasting time of somethin' 'Equivalent term'
 'Description of something' 'Weight' 'Vehicle' 'Color' 'Other number'
 'Definition of something' 'Element and substance'
 'Description of a person' 'Symbols and sign' 'Number of something'
 'Plant' 'Percent, fraction' 'Group or organization of person'
 'Title of a person']",Type:,84, Definition of something,1.0,85189a86019c80861473ae5fec4a2a2ac6505770fcfb4326,['Definition of something'],2892,"Question: What is viscosity ?
",trec
trec,en,"['Food' 'Date' 'Order, rank' 'Speed' 'Disease and medicine'
 'Word with a special property' 'Abbreviation' 'Language'
 'Letter like a-z' 'Other entity' 'Animal' 'Expression abbreviated'
 'Price' 'Techniques and method' 'Musical instrument' 'Mountain'
 'Currency name' 'Event' 'Product' 'State' 'Individual' 'Organ of body'
 'Reason' 'Manner of an action' 'City' 'Religion'
 'Invention, book and other creative piece' 'Distance, linear measure'
 'Temperature' 'Postcode or other code' 'Size, area and volume' 'Sport'
 'Country' 'Other location' 'Lasting time of somethin' 'Equivalent term'
 'Description of something' 'Weight' 'Vehicle' 'Color' 'Other number'
 'Definition of something' 'Element and substance'
 'Description of a person' 'Symbols and sign' 'Number of something'
 'Plant' 'Percent, fraction' 'Group or organization of person'
 'Title of a person']",Type:,84, **Other location**,1.0,9b1ca10af60da00beb5467500cf4c2b2c385c81c16593650,['Other location'],4544,"Question: Where is the Shawnee National Forest ?
",trec
trec,en,"['Food' 'Date' 'Order, rank' 'Speed' 'Disease and medicine'
 'Word with a special property' 'Abbreviation' 'Language'
 'Letter like a-z' 'Other entity' 'Animal' 'Expression abbreviated'
 'Price' 'Techniques and method' 'Musical instrument' 'Mountain'
 'Currency name' 'Event' 'Product' 'State' 'Individual' 'Organ of body'
 'Reason' 'Manner of an action' 'City' 'Religion'
 'Invention, book and other creative piece' 'Distance, linear measure'
 'Temperature' 'Postcode or other code' 'Size, area and volume' 'Sport'
 'Country' 'Other location' 'Lasting time of somethin' 'Equivalent term'
 'Description of something' 'Weight' 'Vehicle' 'Color' 'Other number'
 'Definition of something' 'Element and substance'
 'Description of a person' 'Symbols and sign' 'Number of something'
 'Plant' 'Percent, fraction' 'Group or organization of person'
 'Title of a person']",Type:,84, **Number of something**,1.0,6ed29e661cf0080174f978aaf9b9932b1d63447b7bf38cf7,['Other number'],4307,"Question: What is the population of China ?
",trec
trec,en,"['Food' 'Date' 'Order, rank' 'Speed' 'Disease and medicine'
 'Word with a special property' 'Abbreviation' 'Language'
 'Letter like a-z' 'Other entity' 'Animal' 'Expression abbreviated'
 'Price' 'Techniques and method' 'Musical instrument' 'Mountain'
 'Currency name' 'Event' 'Product' 'State' 'Individual' 'Organ of body'
 'Reason' 'Manner of an action' 'City' 'Religion'
 'Invention, book and other creative piece' 'Distance, linear measure'
 'Temperature' 'Postcode or other code' 'Size, area and volume' 'Sport'
 'Country' 'Other location' 'Lasting time of somethin' 'Equivalent term'
 'Description of something' 'Weight' 'Vehicle' 'Color' 'Other number'
 'Definition of something' 'Element and substance'
 'Description of a person' 'Symbols and sign' 'Number of something'
 'Plant' 'Percent, fraction' 'Group or organization of person'
 'Title of a person']",Type:,84, **Individual**,1.0,39075a5e290556a5402205167608a2536ecf9ec552e98e0d,['Definition of something'],8039,"Question: What are sunspots ?
",trec
trec,en,"['Food' 'Date' 'Order, rank' 'Speed' 'Disease and medicine'
 'Word with a special property' 'Abbreviation' 'Language'
 'Letter like a-z' 'Other entity' 'Animal' 'Expression abbreviated'
 'Price' 'Techniques and method' 'Musical instrument' 'Mountain'
 'Currency name' 'Event' 'Product' 'State' 'Individual' 'Organ of body'
 'Reason' 'Manner of an action' 'City' 'Religion'
 'Invention, book and other creative piece' 'Distance, linear measure'
 'Temperature' 'Postcode or other code' 'Size, area and volume' 'Sport'
 'Country' 'Other location' 'Lasting time of somethin' 'Equivalent term'
 'Description of something' 'Weight' 'Vehicle' 'Color' 'Other number'
 'Definition of something' 'Element and substance'
 'Description of a person' 'Symbols and sign' 'Number of something'
 'Plant' 'Percent, fraction' 'Group or organization of person'
 'Title of a person']",Type:,84, **Description of something**,1.0,a032ffad12a8da2b10fa70b628ddefdd6dc40c57c56eba04,['City'],7482,"Question: What is the capital of Persia ?
",trec
trec,en,"['Food' 'Date' 'Order, rank' 'Speed' 'Disease and medicine'
 'Word with a special property' 'Abbreviation' 'Language'
 'Letter like a-z' 'Other entity' 'Animal' 'Expression abbreviated'
 'Price' 'Techniques and method' 'Musical instrument' 'Mountain'
 'Currency name' 'Event' 'Product' 'State' 'Individual' 'Organ of body'
 'Reason' 'Manner of an action' 'City' 'Religion'
 'Invention, book and other creative piece' 'Distance, linear measure'
 'Temperature' 'Postcode or other code' 'Size, area and volume' 'Sport'
 'Country' 'Other location' 'Lasting time of somethin' 'Equivalent term'
 'Description of something' 'Weight' 'Vehicle' 'Color' 'Other number'
 'Definition of something' 'Element and substance'
 'Description of a person' 'Symbols and sign' 'Number of something'
 'Plant' 'Percent, fraction' 'Group or organization of person'
 'Title of a person']",Type:,84, **Other number**,1.0,3330462260cd3227287ec4440d37253eefffa8e6654f2229,['Weight'],1717,"Question: How much does the human adult female brain weigh ?
",trec
trec,en,"['Food' 'Date' 'Order, rank' 'Speed' 'Disease and medicine'
 'Word with a special property' 'Abbreviation' 'Language'
 'Letter like a-z' 'Other entity' 'Animal' 'Expression abbreviated'
 'Price' 'Techniques and method' 'Musical instrument' 'Mountain'
 'Currency name' 'Event' 'Product' 'State' 'Individual' 'Organ of body'
 'Reason' 'Manner of an action' 'City' 'Religion'
 'Invention, book and other creative piece' 'Distance, linear measure'
 'Temperature' 'Postcode or other code' 'Size, area and volume' 'Sport'
 'Country' 'Other location' 'Lasting time of somethin' 'Equivalent term'
 'Description of something' 'Weight' 'Vehicle' 'Color' 'Other number'
 'Definition of something' 'Element and substance'
 'Description of a person' 'Symbols and sign' 'Number of something'
 'Plant' 'Percent, fraction' 'Group or organization of person'
 'Title of a person']",Type:,84, Date,1.0,f94477ea9ecb0fe90ebb6b303ca57c09345c8c55b44cf148,['Date'],4978,"Question: When did the Hindenberg crash ?
",trec
trec,en,"['Food' 'Date' 'Order, rank' 'Speed' 'Disease and medicine'
 'Word with a special property' 'Abbreviation' 'Language'
 'Letter like a-z' 'Other entity' 'Animal' 'Expression abbreviated'
 'Price' 'Techniques and method' 'Musical instrument' 'Mountain'
 'Currency name' 'Event' 'Product' 'State' 'Individual' 'Organ of body'
 'Reason' 'Manner of an action' 'City' 'Religion'
 'Invention, book and other creative piece' 'Distance, linear measure'
 'Temperature' 'Postcode or other code' 'Size, area and volume' 'Sport'
 'Country' 'Other location' 'Lasting time of somethin' 'Equivalent term'
 'Description of something' 'Weight' 'Vehicle' 'Color' 'Other number'
 'Definition of something' 'Element and substance'
 'Description of a person' 'Symbols and sign' 'Number of something'
 'Plant' 'Percent, fraction' 'Group or organization of person'
 'Title of a person']",Type:,84, Definition of something,1.0,dcfa370cf40c062f62efab6a3082d37eac3a366612927cb8,['Definition of something'],6764,"Question: What is phenylalanine ?
",trec
trec,en,"['Food' 'Date' 'Order, rank' 'Speed' 'Disease and medicine'
 'Word with a special property' 'Abbreviation' 'Language'
 'Letter like a-z' 'Other entity' 'Animal' 'Expression abbreviated'
 'Price' 'Techniques and method' 'Musical instrument' 'Mountain'
 'Currency name' 'Event' 'Product' 'State' 'Individual' 'Organ of body'
 'Reason' 'Manner of an action' 'City' 'Religion'
 'Invention, book and other creative piece' 'Distance, linear measure'
 'Temperature' 'Postcode or other code' 'Size, area and volume' 'Sport'
 'Country' 'Other location' 'Lasting time of somethin' 'Equivalent term'
 'Description of something' 'Weight' 'Vehicle' 'Color' 'Other number'
 'Definition of something' 'Element and substance'
 'Description of a person' 'Symbols and sign' 'Number of something'
 'Plant' 'Percent, fraction' 'Group or organization of person'
 'Title of a person']",Type:,84, Reason,1.0,3eefbe04d3be7b7a6a72227ba6575ba1aa39449ff3b14ecf,['Reason'],7174,"Question: What causes gray hair ?
",trec
trec,en,"['Food' 'Date' 'Order, rank' 'Speed' 'Disease and medicine'
 'Word with a special property' 'Abbreviation' 'Language'
 'Letter like a-z' 'Other entity' 'Animal' 'Expression abbreviated'
 'Price' 'Techniques and method' 'Musical instrument' 'Mountain'
 'Currency name' 'Event' 'Product' 'State' 'Individual' 'Organ of body'
 'Reason' 'Manner of an action' 'City' 'Religion'
 'Invention, book and other creative piece' 'Distance, linear measure'
 'Temperature' 'Postcode or other code' 'Size, area and volume' 'Sport'
 'Country' 'Other location' 'Lasting time of somethin' 'Equivalent term'
 'Description of something' 'Weight' 'Vehicle' 'Color' 'Other number'
 'Definition of something' 'Element and substance'
 'Description of a person' 'Symbols and sign' 'Number of something'
 'Plant' 'Percent, fraction' 'Group or organization of person'
 'Title of a person']",Type:,84, Definition of something,1.0,e05426365861e1d2e2a6b56027ca3af108e4944390b0d7db,['Definition of something'],3161,"Question: What is a carcinogen ?
",trec
trec,en,"['Food' 'Date' 'Order, rank' 'Speed' 'Disease and medicine'
 'Word with a special property' 'Abbreviation' 'Language'
 'Letter like a-z' 'Other entity' 'Animal' 'Expression abbreviated'
 'Price' 'Techniques and method' 'Musical instrument' 'Mountain'
 'Currency name' 'Event' 'Product' 'State' 'Individual' 'Organ of body'
 'Reason' 'Manner of an action' 'City' 'Religion'
 'Invention, book and other creative piece' 'Distance, linear measure'
 'Temperature' 'Postcode or other code' 'Size, area and volume' 'Sport'
 'Country' 'Other location' 'Lasting time of somethin' 'Equivalent term'
 'Description of something' 'Weight' 'Vehicle' 'Color' 'Other number'
 'Definition of something' 'Element and substance'
 'Description of a person' 'Symbols and sign' 'Number of something'
 'Plant' 'Percent, fraction' 'Group or organization of person'
 'Title of a person']",Type:,84, Individual,1.0,b5dbf95d4914cfa17d7f34d29feb0b7c577e77ac764422ac,['Individual'],5606,"Question: Who was the first man to fly across the Pacific Ocean ?
",trec
trec,en,"['Food' 'Date' 'Order, rank' 'Speed' 'Disease and medicine'
 'Word with a special property' 'Abbreviation' 'Language'
 'Letter like a-z' 'Other entity' 'Animal' 'Expression abbreviated'
 'Price' 'Techniques and method' 'Musical instrument' 'Mountain'
 'Currency name' 'Event' 'Product' 'State' 'Individual' 'Organ of body'
 'Reason' 'Manner of an action' 'City' 'Religion'
 'Invention, book and other creative piece' 'Distance, linear measure'
 'Temperature' 'Postcode or other code' 'Size, area and volume' 'Sport'
 'Country' 'Other location' 'Lasting time of somethin' 'Equivalent term'
 'Description of something' 'Weight' 'Vehicle' 'Color' 'Other number'
 'Definition of something' 'Element and substance'
 'Description of a person' 'Symbols and sign' 'Number of something'
 'Plant' 'Percent, fraction' 'Group or organization of person'
 'Title of a person']",Type:,84, **Individual**,1.0,0f9a8aca3f7f23f92294d2522a311e98119fb01ed311294d,['Individual'],3708,"Question: Who developed the Macintosh computer ?
",trec
trec,en,"['Food' 'Date' 'Order, rank' 'Speed' 'Disease and medicine'
 'Word with a special property' 'Abbreviation' 'Language'
 'Letter like a-z' 'Other entity' 'Animal' 'Expression abbreviated'
 'Price' 'Techniques and method' 'Musical instrument' 'Mountain'
 'Currency name' 'Event' 'Product' 'State' 'Individual' 'Organ of body'
 'Reason' 'Manner of an action' 'City' 'Religion'
 'Invention, book and other creative piece' 'Distance, linear measure'
 'Temperature' 'Postcode or other code' 'Size, area and volume' 'Sport'
 'Country' 'Other location' 'Lasting time of somethin' 'Equivalent term'
 'Description of something' 'Weight' 'Vehicle' 'Color' 'Other number'
 'Definition of something' 'Element and substance'
 'Description of a person' 'Symbols and sign' 'Number of something'
 'Plant' 'Percent, fraction' 'Group or organization of person'
 'Title of a person']",Type:,84, Definition of something,1.0,9f68ffea3bd44bde6c8c923dcfee4006311af42e9107c5be,['Definition of something'],6780,"Question: What is neurology ?
",trec
trec,en,"['Food' 'Date' 'Order, rank' 'Speed' 'Disease and medicine'
 'Word with a special property' 'Abbreviation' 'Language'
 'Letter like a-z' 'Other entity' 'Animal' 'Expression abbreviated'
 'Price' 'Techniques and method' 'Musical instrument' 'Mountain'
 'Currency name' 'Event' 'Product' 'State' 'Individual' 'Organ of body'
 'Reason' 'Manner of an action' 'City' 'Religion'
 'Invention, book and other creative piece' 'Distance, linear measure'
 'Temperature' 'Postcode or other code' 'Size, area and volume' 'Sport'
 'Country' 'Other location' 'Lasting time of somethin' 'Equivalent term'
 'Description of something' 'Weight' 'Vehicle' 'Color' 'Other number'
 'Definition of something' 'Element and substance'
 'Description of a person' 'Symbols and sign' 'Number of something'
 'Plant' 'Percent, fraction' 'Group or organization of person'
 'Title of a person']",Type:,84, Definition of something,1.0,ec28c83d86786bc03d79c6f25e301f85f0fdba6018f20a7a,['Definition of something'],4458,"Question: What does Phi Beta Kappa mean ?
",trec
trec,en,"['Food' 'Date' 'Order, rank' 'Speed' 'Disease and medicine'
 'Word with a special property' 'Abbreviation' 'Language'
 'Letter like a-z' 'Other entity' 'Animal' 'Expression abbreviated'
 'Price' 'Techniques and method' 'Musical instrument' 'Mountain'
 'Currency name' 'Event' 'Product' 'State' 'Individual' 'Organ of body'
 'Reason' 'Manner of an action' 'City' 'Religion'
 'Invention, book and other creative piece' 'Distance, linear measure'
 'Temperature' 'Postcode or other code' 'Size, area and volume' 'Sport'
 'Country' 'Other location' 'Lasting time of somethin' 'Equivalent term'
 'Description of something' 'Weight' 'Vehicle' 'Color' 'Other number'
 'Definition of something' 'Element and substance'
 'Description of a person' 'Symbols and sign' 'Number of something'
 'Plant' 'Percent, fraction' 'Group or organization of person'
 'Title of a person']",Type:,84, Definition of something,1.0,2ad3442ea8cc11e6ff1aff960d9f94702c1d2f74e56276ed,['Definition of something'],6642,"Question: What is fungus ?
",trec
trec,en,"['Food' 'Date' 'Order, rank' 'Speed' 'Disease and medicine'
 'Word with a special property' 'Abbreviation' 'Language'
 'Letter like a-z' 'Other entity' 'Animal' 'Expression abbreviated'
 'Price' 'Techniques and method' 'Musical instrument' 'Mountain'
 'Currency name' 'Event' 'Product' 'State' 'Individual' 'Organ of body'
 'Reason' 'Manner of an action' 'City' 'Religion'
 'Invention, book and other creative piece' 'Distance, linear measure'
 'Temperature' 'Postcode or other code' 'Size, area and volume' 'Sport'
 'Country' 'Other location' 'Lasting time of somethin' 'Equivalent term'
 'Description of something' 'Weight' 'Vehicle' 'Color' 'Other number'
 'Definition of something' 'Element and substance'
 'Description of a person' 'Symbols and sign' 'Number of something'
 'Plant' 'Percent, fraction' 'Group or organization of person'
 'Title of a person']",Type:,84, Event,1.0,1b82d9c3f648f0300c1e30f134e5e2e56a749c295ec94ed7,"['Distance, linear measure']",5303,"Question: How far is the service line from the net in tennis ?
",trec
trec,en,"['Food' 'Date' 'Order, rank' 'Speed' 'Disease and medicine'
 'Word with a special property' 'Abbreviation' 'Language'
 'Letter like a-z' 'Other entity' 'Animal' 'Expression abbreviated'
 'Price' 'Techniques and method' 'Musical instrument' 'Mountain'
 'Currency name' 'Event' 'Product' 'State' 'Individual' 'Organ of body'
 'Reason' 'Manner of an action' 'City' 'Religion'
 'Invention, book and other creative piece' 'Distance, linear measure'
 'Temperature' 'Postcode or other code' 'Size, area and volume' 'Sport'
 'Country' 'Other location' 'Lasting time of somethin' 'Equivalent term'
 'Description of something' 'Weight' 'Vehicle' 'Color' 'Other number'
 'Definition of something' 'Element and substance'
 'Description of a person' 'Symbols and sign' 'Number of something'
 'Plant' 'Percent, fraction' 'Group or organization of person'
 'Title of a person']",Type:,84," **Invention, book and other creative piece**",1.0,6f6b792e2a35efdfea1cd445e39fa6d9f5554ad7be8d05b1,['Date'],5161,"Question: What was the last year that the Chicago Cubs won the World Series ?
",trec
trec,en,"['Food' 'Date' 'Order, rank' 'Speed' 'Disease and medicine'
 'Word with a special property' 'Abbreviation' 'Language'
 'Letter like a-z' 'Other entity' 'Animal' 'Expression abbreviated'
 'Price' 'Techniques and method' 'Musical instrument' 'Mountain'
 'Currency name' 'Event' 'Product' 'State' 'Individual' 'Organ of body'
 'Reason' 'Manner of an action' 'City' 'Religion'
 'Invention, book and other creative piece' 'Distance, linear measure'
 'Temperature' 'Postcode or other code' 'Size, area and volume' 'Sport'
 'Country' 'Other location' 'Lasting time of somethin' 'Equivalent term'
 'Description of something' 'Weight' 'Vehicle' 'Color' 'Other number'
 'Definition of something' 'Element and substance'
 'Description of a person' 'Symbols and sign' 'Number of something'
 'Plant' 'Percent, fraction' 'Group or organization of person'
 'Title of a person']",Type:,84," **Invention, book and other creative piece**",1.0,7e22d6a219c6aae8a246db689dd2479c7cf500bff9452115,['Individual'],4806,"Question: Who invented the slinky ?
",trec
trec,en,"['Food' 'Date' 'Order, rank' 'Speed' 'Disease and medicine'
 'Word with a special property' 'Abbreviation' 'Language'
 'Letter like a-z' 'Other entity' 'Animal' 'Expression abbreviated'
 'Price' 'Techniques and method' 'Musical instrument' 'Mountain'
 'Currency name' 'Event' 'Product' 'State' 'Individual' 'Organ of body'
 'Reason' 'Manner of an action' 'City' 'Religion'
 'Invention, book and other creative piece' 'Distance, linear measure'
 'Temperature' 'Postcode or other code' 'Size, area and volume' 'Sport'
 'Country' 'Other location' 'Lasting time of somethin' 'Equivalent term'
 'Description of something' 'Weight' 'Vehicle' 'Color' 'Other number'
 'Definition of something' 'Element and substance'
 'Description of a person' 'Symbols and sign' 'Number of something'
 'Plant' 'Percent, fraction' 'Group or organization of person'
 'Title of a person']",Type:,84, Individual,1.0,6c50262227611d4c4309566426cc5e31a408b68b588e9dcd,['Definition of something'],6382,"Question: What is cerebral palsy ?
",trec
trec,en,"['Food' 'Date' 'Order, rank' 'Speed' 'Disease and medicine'
 'Word with a special property' 'Abbreviation' 'Language'
 'Letter like a-z' 'Other entity' 'Animal' 'Expression abbreviated'
 'Price' 'Techniques and method' 'Musical instrument' 'Mountain'
 'Currency name' 'Event' 'Product' 'State' 'Individual' 'Organ of body'
 'Reason' 'Manner of an action' 'City' 'Religion'
 'Invention, book and other creative piece' 'Distance, linear measure'
 'Temperature' 'Postcode or other code' 'Size, area and volume' 'Sport'
 'Country' 'Other location' 'Lasting time of somethin' 'Equivalent term'
 'Description of something' 'Weight' 'Vehicle' 'Color' 'Other number'
 'Definition of something' 'Element and substance'
 'Description of a person' 'Symbols and sign' 'Number of something'
 'Plant' 'Percent, fraction' 'Group or organization of person'
 'Title of a person']",Type:,84, **Individual**,1.0,ea29ea4fd2b35bd7dc2d53ac018bfe8385058042214ce5cf,['Color'],7308,"Question: What is the most common eye color ?
",trec
trec,en,"['Food' 'Date' 'Order, rank' 'Speed' 'Disease and medicine'
 'Word with a special property' 'Abbreviation' 'Language'
 'Letter like a-z' 'Other entity' 'Animal' 'Expression abbreviated'
 'Price' 'Techniques and method' 'Musical instrument' 'Mountain'
 'Currency name' 'Event' 'Product' 'State' 'Individual' 'Organ of body'
 'Reason' 'Manner of an action' 'City' 'Religion'
 'Invention, book and other creative piece' 'Distance, linear measure'
 'Temperature' 'Postcode or other code' 'Size, area and volume' 'Sport'
 'Country' 'Other location' 'Lasting time of somethin' 'Equivalent term'
 'Description of something' 'Weight' 'Vehicle' 'Color' 'Other number'
 'Definition of something' 'Element and substance'
 'Description of a person' 'Symbols and sign' 'Number of something'
 'Plant' 'Percent, fraction' 'Group or organization of person'
 'Title of a person']",Type:,84, **Reason**,1.0,258eac8ce0c51298894895f7e29dafecfbf9f3064de5fa3c,['Definition of something'],3034,"Question: What is a fuel cell ?
",trec
trec,en,"['Food' 'Date' 'Order, rank' 'Speed' 'Disease and medicine'
 'Word with a special property' 'Abbreviation' 'Language'
 'Letter like a-z' 'Other entity' 'Animal' 'Expression abbreviated'
 'Price' 'Techniques and method' 'Musical instrument' 'Mountain'
 'Currency name' 'Event' 'Product' 'State' 'Individual' 'Organ of body'
 'Reason' 'Manner of an action' 'City' 'Religion'
 'Invention, book and other creative piece' 'Distance, linear measure'
 'Temperature' 'Postcode or other code' 'Size, area and volume' 'Sport'
 'Country' 'Other location' 'Lasting time of somethin' 'Equivalent term'
 'Description of something' 'Weight' 'Vehicle' 'Color' 'Other number'
 'Definition of something' 'Element and substance'
 'Description of a person' 'Symbols and sign' 'Number of something'
 'Plant' 'Percent, fraction' 'Group or organization of person'
 'Title of a person']",Type:,84, Individual,1.0,a9837859ef41605be174b64c0c25f85957d7822e8bcd528c,['Currency name'],7447,"Question: What is the money they use in Zambia ?
",trec
trec,en,"['Food' 'Date' 'Order, rank' 'Speed' 'Disease and medicine'
 'Word with a special property' 'Abbreviation' 'Language'
 'Letter like a-z' 'Other entity' 'Animal' 'Expression abbreviated'
 'Price' 'Techniques and method' 'Musical instrument' 'Mountain'
 'Currency name' 'Event' 'Product' 'State' 'Individual' 'Organ of body'
 'Reason' 'Manner of an action' 'City' 'Religion'
 'Invention, book and other creative piece' 'Distance, linear measure'
 'Temperature' 'Postcode or other code' 'Size, area and volume' 'Sport'
 'Country' 'Other location' 'Lasting time of somethin' 'Equivalent term'
 'Description of something' 'Weight' 'Vehicle' 'Color' 'Other number'
 'Definition of something' 'Element and substance'
 'Description of a person' 'Symbols and sign' 'Number of something'
 'Plant' 'Percent, fraction' 'Group or organization of person'
 'Title of a person']",Type:,84, **Individual**,1.0,8f825483b0c8af273f5a50a479badf47b006fa59610fdcbf,['Element and substance'],4766,"Question: What is the statue of liberty made of ?
",trec
trec,en,"['Food' 'Date' 'Order, rank' 'Speed' 'Disease and medicine'
 'Word with a special property' 'Abbreviation' 'Language'
 'Letter like a-z' 'Other entity' 'Animal' 'Expression abbreviated'
 'Price' 'Techniques and method' 'Musical instrument' 'Mountain'
 'Currency name' 'Event' 'Product' 'State' 'Individual' 'Organ of body'
 'Reason' 'Manner of an action' 'City' 'Religion'
 'Invention, book and other creative piece' 'Distance, linear measure'
 'Temperature' 'Postcode or other code' 'Size, area and volume' 'Sport'
 'Country' 'Other location' 'Lasting time of somethin' 'Equivalent term'
 'Description of something' 'Weight' 'Vehicle' 'Color' 'Other number'
 'Definition of something' 'Element and substance'
 'Description of a person' 'Symbols and sign' 'Number of something'
 'Plant' 'Percent, fraction' 'Group or organization of person'
 'Title of a person']",Type:,84, Other location,1.0,9e628b5cbbd4b9cf009d9bc2f01fb8d0648b115dfde912a5,['Other location'],2818,"Question: What is the location of Lake Champlain ?
",trec
trec,en,"['Food' 'Date' 'Order, rank' 'Speed' 'Disease and medicine'
 'Word with a special property' 'Abbreviation' 'Language'
 'Letter like a-z' 'Other entity' 'Animal' 'Expression abbreviated'
 'Price' 'Techniques and method' 'Musical instrument' 'Mountain'
 'Currency name' 'Event' 'Product' 'State' 'Individual' 'Organ of body'
 'Reason' 'Manner of an action' 'City' 'Religion'
 'Invention, book and other creative piece' 'Distance, linear measure'
 'Temperature' 'Postcode or other code' 'Size, area and volume' 'Sport'
 'Country' 'Other location' 'Lasting time of somethin' 'Equivalent term'
 'Description of something' 'Weight' 'Vehicle' 'Color' 'Other number'
 'Definition of something' 'Element and substance'
 'Description of a person' 'Symbols and sign' 'Number of something'
 'Plant' 'Percent, fraction' 'Group or organization of person'
 'Title of a person']",Type:,84," Invention, book and other creative piece",1.0,f76354a020721f6b01013a7a6de69ac67d8252e39561572d,['Definition of something'],7338,"Question: What is dianetics ?
",trec
trec,en,"['Food' 'Date' 'Order, rank' 'Speed' 'Disease and medicine'
 'Word with a special property' 'Abbreviation' 'Language'
 'Letter like a-z' 'Other entity' 'Animal' 'Expression abbreviated'
 'Price' 'Techniques and method' 'Musical instrument' 'Mountain'
 'Currency name' 'Event' 'Product' 'State' 'Individual' 'Organ of body'
 'Reason' 'Manner of an action' 'City' 'Religion'
 'Invention, book and other creative piece' 'Distance, linear measure'
 'Temperature' 'Postcode or other code' 'Size, area and volume' 'Sport'
 'Country' 'Other location' 'Lasting time of somethin' 'Equivalent term'
 'Description of something' 'Weight' 'Vehicle' 'Color' 'Other number'
 'Definition of something' 'Element and substance'
 'Description of a person' 'Symbols and sign' 'Number of something'
 'Plant' 'Percent, fraction' 'Group or organization of person'
 'Title of a person']",Type:,84," Definition of something

---

**Explanation:**  
The question ""What is genocide?"" is asking for a **definition** of the term ""genocide."" It is not asking for a person, a place, a date, a number, or a specific object. Instead, it is seeking an explanation or definition of a concept. This matches the **""Definition of something""** category.",1.0,4fc23d9ec2244fa06173982e689adaaf5e3b2178d559ad28,['Definition of something'],1694,"Question: What is genocide ?
",trec
trec,en,"['Food' 'Date' 'Order, rank' 'Speed' 'Disease and medicine'
 'Word with a special property' 'Abbreviation' 'Language'
 'Letter like a-z' 'Other entity' 'Animal' 'Expression abbreviated'
 'Price' 'Techniques and method' 'Musical instrument' 'Mountain'
 'Currency name' 'Event' 'Product' 'State' 'Individual' 'Organ of body'
 'Reason' 'Manner of an action' 'City' 'Religion'
 'Invention, book and other creative piece' 'Distance, linear measure'
 'Temperature' 'Postcode or other code' 'Size, area and volume' 'Sport'
 'Country' 'Other location' 'Lasting time of somethin' 'Equivalent term'
 'Description of something' 'Weight' 'Vehicle' 'Color' 'Other number'
 'Definition of something' 'Element and substance'
 'Description of a person' 'Symbols and sign' 'Number of something'
 'Plant' 'Percent, fraction' 'Group or organization of person'
 'Title of a person']",Type:,84, Definition of something,1.0,b03fe43e3f84615e5d4cbb554960ac46cbec8360c126575b,['Definition of something'],2647,"Question: What is acetic acid ?
",trec
trec,en,"['Food' 'Date' 'Order, rank' 'Speed' 'Disease and medicine'
 'Word with a special property' 'Abbreviation' 'Language'
 'Letter like a-z' 'Other entity' 'Animal' 'Expression abbreviated'
 'Price' 'Techniques and method' 'Musical instrument' 'Mountain'
 'Currency name' 'Event' 'Product' 'State' 'Individual' 'Organ of body'
 'Reason' 'Manner of an action' 'City' 'Religion'
 'Invention, book and other creative piece' 'Distance, linear measure'
 'Temperature' 'Postcode or other code' 'Size, area and volume' 'Sport'
 'Country' 'Other location' 'Lasting time of somethin' 'Equivalent term'
 'Description of something' 'Weight' 'Vehicle' 'Color' 'Other number'
 'Definition of something' 'Element and substance'
 'Description of a person' 'Symbols and sign' 'Number of something'
 'Plant' 'Percent, fraction' 'Group or organization of person'
 'Title of a person']",Type:,84, **Individual**,1.0,c4322f6a42e09bc70c2ef215a9fe275ae0049307e6411eb9,['Individual'],4590,"Question: What French ruler was defeated at the battle of Waterloo ?
",trec
trec,en,"['Food' 'Date' 'Order, rank' 'Speed' 'Disease and medicine'
 'Word with a special property' 'Abbreviation' 'Language'
 'Letter like a-z' 'Other entity' 'Animal' 'Expression abbreviated'
 'Price' 'Techniques and method' 'Musical instrument' 'Mountain'
 'Currency name' 'Event' 'Product' 'State' 'Individual' 'Organ of body'
 'Reason' 'Manner of an action' 'City' 'Religion'
 'Invention, book and other creative piece' 'Distance, linear measure'
 'Temperature' 'Postcode or other code' 'Size, area and volume' 'Sport'
 'Country' 'Other location' 'Lasting time of somethin' 'Equivalent term'
 'Description of something' 'Weight' 'Vehicle' 'Color' 'Other number'
 'Definition of something' 'Element and substance'
 'Description of a person' 'Symbols and sign' 'Number of something'
 'Plant' 'Percent, fraction' 'Group or organization of person'
 'Title of a person']",Type:,84, **Date**,1.0,5fb2eac7d91e559f656dc943b82c1b100b9bd954c34d61b8,['Other number'],2897,"Question: How often does Old Faithful erupt at Yellowstone National Park ?
",trec
trec,en,"['Food' 'Date' 'Order, rank' 'Speed' 'Disease and medicine'
 'Word with a special property' 'Abbreviation' 'Language'
 'Letter like a-z' 'Other entity' 'Animal' 'Expression abbreviated'
 'Price' 'Techniques and method' 'Musical instrument' 'Mountain'
 'Currency name' 'Event' 'Product' 'State' 'Individual' 'Organ of body'
 'Reason' 'Manner of an action' 'City' 'Religion'
 'Invention, book and other creative piece' 'Distance, linear measure'
 'Temperature' 'Postcode or other code' 'Size, area and volume' 'Sport'
 'Country' 'Other location' 'Lasting time of somethin' 'Equivalent term'
 'Description of something' 'Weight' 'Vehicle' 'Color' 'Other number'
 'Definition of something' 'Element and substance'
 'Description of a person' 'Symbols and sign' 'Number of something'
 'Plant' 'Percent, fraction' 'Group or organization of person'
 'Title of a person']",Type:,84, **Other location**,1.0,f5cdfc2171a67449110d1bd5696cfee5a1e526e6943429e1,['Other location'],8084,"Question: What hemisphere is the Philippines in ?
",trec
trec,en,"['Food' 'Date' 'Order, rank' 'Speed' 'Disease and medicine'
 'Word with a special property' 'Abbreviation' 'Language'
 'Letter like a-z' 'Other entity' 'Animal' 'Expression abbreviated'
 'Price' 'Techniques and method' 'Musical instrument' 'Mountain'
 'Currency name' 'Event' 'Product' 'State' 'Individual' 'Organ of body'
 'Reason' 'Manner of an action' 'City' 'Religion'
 'Invention, book and other creative piece' 'Distance, linear measure'
 'Temperature' 'Postcode or other code' 'Size, area and volume' 'Sport'
 'Country' 'Other location' 'Lasting time of somethin' 'Equivalent term'
 'Description of something' 'Weight' 'Vehicle' 'Color' 'Other number'
 'Definition of something' 'Element and substance'
 'Description of a person' 'Symbols and sign' 'Number of something'
 'Plant' 'Percent, fraction' 'Group or organization of person'
 'Title of a person']",Type:,84, **Description of something**,1.0,4d86285558400a759ac5b2c1e006b7307f1083b30c4a58f8,['Language'],7901,"Question: What is the primary language in Iceland ?
",trec
trec,en,"['Food' 'Date' 'Order, rank' 'Speed' 'Disease and medicine'
 'Word with a special property' 'Abbreviation' 'Language'
 'Letter like a-z' 'Other entity' 'Animal' 'Expression abbreviated'
 'Price' 'Techniques and method' 'Musical instrument' 'Mountain'
 'Currency name' 'Event' 'Product' 'State' 'Individual' 'Organ of body'
 'Reason' 'Manner of an action' 'City' 'Religion'
 'Invention, book and other creative piece' 'Distance, linear measure'
 'Temperature' 'Postcode or other code' 'Size, area and volume' 'Sport'
 'Country' 'Other location' 'Lasting time of somethin' 'Equivalent term'
 'Description of something' 'Weight' 'Vehicle' 'Color' 'Other number'
 'Definition of something' 'Element and substance'
 'Description of a person' 'Symbols and sign' 'Number of something'
 'Plant' 'Percent, fraction' 'Group or organization of person'
 'Title of a person']",Type:,84, Other location,1.0,98c2df915d12b7f92dbeee631e8a1d684afab44b599bd014,['Other location'],5198,"Question: Where is the tallest roller coaster located ?
",trec
trec,en,"['Food' 'Date' 'Order, rank' 'Speed' 'Disease and medicine'
 'Word with a special property' 'Abbreviation' 'Language'
 'Letter like a-z' 'Other entity' 'Animal' 'Expression abbreviated'
 'Price' 'Techniques and method' 'Musical instrument' 'Mountain'
 'Currency name' 'Event' 'Product' 'State' 'Individual' 'Organ of body'
 'Reason' 'Manner of an action' 'City' 'Religion'
 'Invention, book and other creative piece' 'Distance, linear measure'
 'Temperature' 'Postcode or other code' 'Size, area and volume' 'Sport'
 'Country' 'Other location' 'Lasting time of somethin' 'Equivalent term'
 'Description of something' 'Weight' 'Vehicle' 'Color' 'Other number'
 'Definition of something' 'Element and substance'
 'Description of a person' 'Symbols and sign' 'Number of something'
 'Plant' 'Percent, fraction' 'Group or organization of person'
 'Title of a person']",Type:,84, Individual,1.0,244e30fb0cfda33a9412059c74b88bc3e336ede2b4b6449a,['Individual'],4157,"Question: Who was the first U.S. president to appear on TV ?
",trec
trec,en,"['Food' 'Date' 'Order, rank' 'Speed' 'Disease and medicine'
 'Word with a special property' 'Abbreviation' 'Language'
 'Letter like a-z' 'Other entity' 'Animal' 'Expression abbreviated'
 'Price' 'Techniques and method' 'Musical instrument' 'Mountain'
 'Currency name' 'Event' 'Product' 'State' 'Individual' 'Organ of body'
 'Reason' 'Manner of an action' 'City' 'Religion'
 'Invention, book and other creative piece' 'Distance, linear measure'
 'Temperature' 'Postcode or other code' 'Size, area and volume' 'Sport'
 'Country' 'Other location' 'Lasting time of somethin' 'Equivalent term'
 'Description of something' 'Weight' 'Vehicle' 'Color' 'Other number'
 'Definition of something' 'Element and substance'
 'Description of a person' 'Symbols and sign' 'Number of something'
 'Plant' 'Percent, fraction' 'Group or organization of person'
 'Title of a person']",Type:,84, Date,1.0,4668c26ce817883731ac37280f732de85c72a65ce1a1e1d3,['Date'],5797,"Question: What day and month did John Lennon die ?
",trec
trec,en,"['Food' 'Date' 'Order, rank' 'Speed' 'Disease and medicine'
 'Word with a special property' 'Abbreviation' 'Language'
 'Letter like a-z' 'Other entity' 'Animal' 'Expression abbreviated'
 'Price' 'Techniques and method' 'Musical instrument' 'Mountain'
 'Currency name' 'Event' 'Product' 'State' 'Individual' 'Organ of body'
 'Reason' 'Manner of an action' 'City' 'Religion'
 'Invention, book and other creative piece' 'Distance, linear measure'
 'Temperature' 'Postcode or other code' 'Size, area and volume' 'Sport'
 'Country' 'Other location' 'Lasting time of somethin' 'Equivalent term'
 'Description of something' 'Weight' 'Vehicle' 'Color' 'Other number'
 'Definition of something' 'Element and substance'
 'Description of a person' 'Symbols and sign' 'Number of something'
 'Plant' 'Percent, fraction' 'Group or organization of person'
 'Title of a person']",Type:,84, **Other location**,1.0,4a2ba24a64fd970ca7d194dcd4b86c1519a4682c152cecbf,['Other location'],3942,"Question: What is the location of the Sea of Tranquility ?
",trec
trec,en,"['Food' 'Date' 'Order, rank' 'Speed' 'Disease and medicine'
 'Word with a special property' 'Abbreviation' 'Language'
 'Letter like a-z' 'Other entity' 'Animal' 'Expression abbreviated'
 'Price' 'Techniques and method' 'Musical instrument' 'Mountain'
 'Currency name' 'Event' 'Product' 'State' 'Individual' 'Organ of body'
 'Reason' 'Manner of an action' 'City' 'Religion'
 'Invention, book and other creative piece' 'Distance, linear measure'
 'Temperature' 'Postcode or other code' 'Size, area and volume' 'Sport'
 'Country' 'Other location' 'Lasting time of somethin' 'Equivalent term'
 'Description of something' 'Weight' 'Vehicle' 'Color' 'Other number'
 'Definition of something' 'Element and substance'
 'Description of a person' 'Symbols and sign' 'Number of something'
 'Plant' 'Percent, fraction' 'Group or organization of person'
 'Title of a person']",Type:,84, **Number of something**,1.0,09189157c383685493b6b9748127dfacdae341732c15e2ab,['Sport'],2428,"Question: What is the most popular sport in Japan ?
",trec
trec,en,"['Food' 'Date' 'Order, rank' 'Speed' 'Disease and medicine'
 'Word with a special property' 'Abbreviation' 'Language'
 'Letter like a-z' 'Other entity' 'Animal' 'Expression abbreviated'
 'Price' 'Techniques and method' 'Musical instrument' 'Mountain'
 'Currency name' 'Event' 'Product' 'State' 'Individual' 'Organ of body'
 'Reason' 'Manner of an action' 'City' 'Religion'
 'Invention, book and other creative piece' 'Distance, linear measure'
 'Temperature' 'Postcode or other code' 'Size, area and volume' 'Sport'
 'Country' 'Other location' 'Lasting time of somethin' 'Equivalent term'
 'Description of something' 'Weight' 'Vehicle' 'Color' 'Other number'
 'Definition of something' 'Element and substance'
 'Description of a person' 'Symbols and sign' 'Number of something'
 'Plant' 'Percent, fraction' 'Group or organization of person'
 'Title of a person']",Type:,84, **Individual**,1.0,745bf59e117d09eb87760787ba1a77c6d9525d100af11a97,['Expression abbreviated'],5190,"Question: What does the acronym NASA stand for ?
",trec
trec,en,"['Food' 'Date' 'Order, rank' 'Speed' 'Disease and medicine'
 'Word with a special property' 'Abbreviation' 'Language'
 'Letter like a-z' 'Other entity' 'Animal' 'Expression abbreviated'
 'Price' 'Techniques and method' 'Musical instrument' 'Mountain'
 'Currency name' 'Event' 'Product' 'State' 'Individual' 'Organ of body'
 'Reason' 'Manner of an action' 'City' 'Religion'
 'Invention, book and other creative piece' 'Distance, linear measure'
 'Temperature' 'Postcode or other code' 'Size, area and volume' 'Sport'
 'Country' 'Other location' 'Lasting time of somethin' 'Equivalent term'
 'Description of something' 'Weight' 'Vehicle' 'Color' 'Other number'
 'Definition of something' 'Element and substance'
 'Description of a person' 'Symbols and sign' 'Number of something'
 'Plant' 'Percent, fraction' 'Group or organization of person'
 'Title of a person']",Type:,84, Individual,1.0,f533cb0d1f6836afdbd9fa59c16ba02dee48b9dce8f9afd7,['Definition of something'],8556,"Question: What is mold ?
",trec
trec,en,"['Food' 'Date' 'Order, rank' 'Speed' 'Disease and medicine'
 'Word with a special property' 'Abbreviation' 'Language'
 'Letter like a-z' 'Other entity' 'Animal' 'Expression abbreviated'
 'Price' 'Techniques and method' 'Musical instrument' 'Mountain'
 'Currency name' 'Event' 'Product' 'State' 'Individual' 'Organ of body'
 'Reason' 'Manner of an action' 'City' 'Religion'
 'Invention, book and other creative piece' 'Distance, linear measure'
 'Temperature' 'Postcode or other code' 'Size, area and volume' 'Sport'
 'Country' 'Other location' 'Lasting time of somethin' 'Equivalent term'
 'Description of something' 'Weight' 'Vehicle' 'Color' 'Other number'
 'Definition of something' 'Element and substance'
 'Description of a person' 'Symbols and sign' 'Number of something'
 'Plant' 'Percent, fraction' 'Group or organization of person'
 'Title of a person']",Type:,84, Date,1.0,218479b7f5e7c0262980327140cfff36f84b53b2cb244cdd,['Date'],4569,"Question: When is the official first day of summer ?
",trec
trec,en,"['Food' 'Date' 'Order, rank' 'Speed' 'Disease and medicine'
 'Word with a special property' 'Abbreviation' 'Language'
 'Letter like a-z' 'Other entity' 'Animal' 'Expression abbreviated'
 'Price' 'Techniques and method' 'Musical instrument' 'Mountain'
 'Currency name' 'Event' 'Product' 'State' 'Individual' 'Organ of body'
 'Reason' 'Manner of an action' 'City' 'Religion'
 'Invention, book and other creative piece' 'Distance, linear measure'
 'Temperature' 'Postcode or other code' 'Size, area and volume' 'Sport'
 'Country' 'Other location' 'Lasting time of somethin' 'Equivalent term'
 'Description of something' 'Weight' 'Vehicle' 'Color' 'Other number'
 'Definition of something' 'Element and substance'
 'Description of a person' 'Symbols and sign' 'Number of something'
 'Plant' 'Percent, fraction' 'Group or organization of person'
 'Title of a person']",Type:,84, **Number of something**,1.0,00931a85ac36a559882280d7f885d6aa96737de71e862d60,"['Distance, linear measure']",6932,"Question: How long is the Columbia River in miles ?
",trec
trec,en,"['Food' 'Date' 'Order, rank' 'Speed' 'Disease and medicine'
 'Word with a special property' 'Abbreviation' 'Language'
 'Letter like a-z' 'Other entity' 'Animal' 'Expression abbreviated'
 'Price' 'Techniques and method' 'Musical instrument' 'Mountain'
 'Currency name' 'Event' 'Product' 'State' 'Individual' 'Organ of body'
 'Reason' 'Manner of an action' 'City' 'Religion'
 'Invention, book and other creative piece' 'Distance, linear measure'
 'Temperature' 'Postcode or other code' 'Size, area and volume' 'Sport'
 'Country' 'Other location' 'Lasting time of somethin' 'Equivalent term'
 'Description of something' 'Weight' 'Vehicle' 'Color' 'Other number'
 'Definition of something' 'Element and substance'
 'Description of a person' 'Symbols and sign' 'Number of something'
 'Plant' 'Percent, fraction' 'Group or organization of person'
 'Title of a person']",Type:,84, Individual,1.0,70c8efe58eec57a64f3840a02a96a15851e8a2d6dcda94d4,['Number of something'],7855,"Question: How many gallons of water are there in a cubic foot ?
",trec
trec,en,"['Food' 'Date' 'Order, rank' 'Speed' 'Disease and medicine'
 'Word with a special property' 'Abbreviation' 'Language'
 'Letter like a-z' 'Other entity' 'Animal' 'Expression abbreviated'
 'Price' 'Techniques and method' 'Musical instrument' 'Mountain'
 'Currency name' 'Event' 'Product' 'State' 'Individual' 'Organ of body'
 'Reason' 'Manner of an action' 'City' 'Religion'
 'Invention, book and other creative piece' 'Distance, linear measure'
 'Temperature' 'Postcode or other code' 'Size, area and volume' 'Sport'
 'Country' 'Other location' 'Lasting time of somethin' 'Equivalent term'
 'Description of something' 'Weight' 'Vehicle' 'Color' 'Other number'
 'Definition of something' 'Element and substance'
 'Description of a person' 'Symbols and sign' 'Number of something'
 'Plant' 'Percent, fraction' 'Group or organization of person'
 'Title of a person']",Type:,84, **Definition of something**,1.0,973d77aa7c0385e180ed9d8b746e097d982dcf4bceed0f40,['Equivalent term'],4876,"Question: What do you call a newborn kangaroo ?
",trec
trec,en,"['Food' 'Date' 'Order, rank' 'Speed' 'Disease and medicine'
 'Word with a special property' 'Abbreviation' 'Language'
 'Letter like a-z' 'Other entity' 'Animal' 'Expression abbreviated'
 'Price' 'Techniques and method' 'Musical instrument' 'Mountain'
 'Currency name' 'Event' 'Product' 'State' 'Individual' 'Organ of body'
 'Reason' 'Manner of an action' 'City' 'Religion'
 'Invention, book and other creative piece' 'Distance, linear measure'
 'Temperature' 'Postcode or other code' 'Size, area and volume' 'Sport'
 'Country' 'Other location' 'Lasting time of somethin' 'Equivalent term'
 'Description of something' 'Weight' 'Vehicle' 'Color' 'Other number'
 'Definition of something' 'Element and substance'
 'Description of a person' 'Symbols and sign' 'Number of something'
 'Plant' 'Percent, fraction' 'Group or organization of person'
 'Title of a person']",Type:,84, **Date**,1.0,ca78e748275159deae808881ba6d1a3280f63c204a0555ed,['Date'],3997,"Question: When is hurricane season in the Caribbean ?
",trec
trec,en,"['Food' 'Date' 'Order, rank' 'Speed' 'Disease and medicine'
 'Word with a special property' 'Abbreviation' 'Language'
 'Letter like a-z' 'Other entity' 'Animal' 'Expression abbreviated'
 'Price' 'Techniques and method' 'Musical instrument' 'Mountain'
 'Currency name' 'Event' 'Product' 'State' 'Individual' 'Organ of body'
 'Reason' 'Manner of an action' 'City' 'Religion'
 'Invention, book and other creative piece' 'Distance, linear measure'
 'Temperature' 'Postcode or other code' 'Size, area and volume' 'Sport'
 'Country' 'Other location' 'Lasting time of somethin' 'Equivalent term'
 'Description of something' 'Weight' 'Vehicle' 'Color' 'Other number'
 'Definition of something' 'Element and substance'
 'Description of a person' 'Symbols and sign' 'Number of something'
 'Plant' 'Percent, fraction' 'Group or organization of person'
 'Title of a person']",Type:,84, **Individual**,1.0,844d4f0073817254ceb0f26f8226bb10a0fa48d10b56d6b7,['Definition of something'],6770,"Question: What is carbon dioxide ?
",trec
trec,en,"['Food' 'Date' 'Order, rank' 'Speed' 'Disease and medicine'
 'Word with a special property' 'Abbreviation' 'Language'
 'Letter like a-z' 'Other entity' 'Animal' 'Expression abbreviated'
 'Price' 'Techniques and method' 'Musical instrument' 'Mountain'
 'Currency name' 'Event' 'Product' 'State' 'Individual' 'Organ of body'
 'Reason' 'Manner of an action' 'City' 'Religion'
 'Invention, book and other creative piece' 'Distance, linear measure'
 'Temperature' 'Postcode or other code' 'Size, area and volume' 'Sport'
 'Country' 'Other location' 'Lasting time of somethin' 'Equivalent term'
 'Description of something' 'Weight' 'Vehicle' 'Color' 'Other number'
 'Definition of something' 'Element and substance'
 'Description of a person' 'Symbols and sign' 'Number of something'
 'Plant' 'Percent, fraction' 'Group or organization of person'
 'Title of a person']",Type:,84, **State**,1.0,9607aa495ee45b517cab4b7663b50e2b5d2e6c3b103a7e83,['State'],2175,"Question: In which state would you find the Catskill Mountains ?
",trec
trec,en,"['Food' 'Date' 'Order, rank' 'Speed' 'Disease and medicine'
 'Word with a special property' 'Abbreviation' 'Language'
 'Letter like a-z' 'Other entity' 'Animal' 'Expression abbreviated'
 'Price' 'Techniques and method' 'Musical instrument' 'Mountain'
 'Currency name' 'Event' 'Product' 'State' 'Individual' 'Organ of body'
 'Reason' 'Manner of an action' 'City' 'Religion'
 'Invention, book and other creative piece' 'Distance, linear measure'
 'Temperature' 'Postcode or other code' 'Size, area and volume' 'Sport'
 'Country' 'Other location' 'Lasting time of somethin' 'Equivalent term'
 'Description of something' 'Weight' 'Vehicle' 'Color' 'Other number'
 'Definition of something' 'Element and substance'
 'Description of a person' 'Symbols and sign' 'Number of something'
 'Plant' 'Percent, fraction' 'Group or organization of person'
 'Title of a person']",Type:,84, **Definition of something**,1.0,d282453f8c0d073dbaec6ed9d7feb7a244d73c2c54e4c9fb,['Definition of something'],4685,"Question: What is home equity ?
",trec
trec,en,"['Food' 'Date' 'Order, rank' 'Speed' 'Disease and medicine'
 'Word with a special property' 'Abbreviation' 'Language'
 'Letter like a-z' 'Other entity' 'Animal' 'Expression abbreviated'
 'Price' 'Techniques and method' 'Musical instrument' 'Mountain'
 'Currency name' 'Event' 'Product' 'State' 'Individual' 'Organ of body'
 'Reason' 'Manner of an action' 'City' 'Religion'
 'Invention, book and other creative piece' 'Distance, linear measure'
 'Temperature' 'Postcode or other code' 'Size, area and volume' 'Sport'
 'Country' 'Other location' 'Lasting time of somethin' 'Equivalent term'
 'Description of something' 'Weight' 'Vehicle' 'Color' 'Other number'
 'Definition of something' 'Element and substance'
 'Description of a person' 'Symbols and sign' 'Number of something'
 'Plant' 'Percent, fraction' 'Group or organization of person'
 'Title of a person']",Type:,84, **Description of something**,1.0,4263e5dc07137c9c109cbc1842bd10e79833bb673769757e,['Food'],3329,"Question: What is the active ingredient in baking soda ?
",trec
