max_new_tokens,language,_id,all_classes,task,length,question,answers,predicted_answer,compression_ratio,dataset,answer_prefix
84,csharp,28ce5cf5e0beeb47248c6cba20ae17fa71d60d402770d464,,lcc,5243,,['\t\t\t\tParticipant p = (Participant)m_Participants[i];'],"```csharp
				}
			}
		}
	}
}
```

This completes the `DuelContext` class by closing the `Initialize` method and the `DuelContext` class itself. The code is now syntactically complete and ready for use in a game server implementation.",1.0,lcc,"Next line of code:
"
84,python,ca807f49d7c6f84dcae3df694bde685aa7f75a02e9d4f574,,lcc,1069,,"['\t\t\tZ_.add_edge(e_u, e_v, **data.copy())']","```python
Z_.remove_edge(e_u, e_v)
```

So the completed code would be:

```python
Z_.remove_edge(e_u, e_v)
```

### Explanation:
This line is part of the `ranking` method in the `Camerini` class. The method is trying to generate a sequence of solutions by iteratively improving the current arborescence (or branching) using",1.0,lcc,"Next line of code:
"
84,python,04429037d9380b6e9c3f7b2070992a5af10745895025113c,,lcc,844,,"[""        rfd, fd, cfilename   = open_tmp_file('rwseektest.wav')""]","```python
        a.close()
```

Here's the completed code with the missing line:

```python
    def test_rw(self):
        """"""Test read/write pointers for seek.""""""
        ofilename = join(TEST_DATA_DIR, 'test.wav')
        # Open the test file for reading
        a = Sndfile(ofilename, 'r')
        nframes = a.nframes
        buffsize = ",1.0,lcc,"Next line of code:
"
84,python,9bc1f81e1a4c4b44da11ffc093a0c9fecbe5f99e4eff3aa5,,lcc,462,,['            if e.text == language:'],"```python
            if e.text == language:
                status = el.find_element_by_css_selector("".tags"").text
                return status
        return ""Language not found""
```

So the completed method is:

```python
    def language_status(self, language):
        langs = []
        els = self.get_elements_list(self._SUB_LANGUAGES + "" a"")
        for el in els:
            langs.append",1.0,lcc,"Next line of code:
"
84,java,a5da7e173afd5ba71e0185228a1df77238c2949ba3ea2935,,lcc,570,,['\t\t\t\t\tOLStyleValue styleValue = (OLStyleValue) value;'],"```java
					writer.addAttribute(""value"", ((OLStyleValue) value).getValue());
				}
			}
		});
```

This line continues the `registerConverter` block for `OLBaseClass` and handles the `OLStyleValue` case, adding the `value` attribute to the XML output.

### Full continuation of the code:

```java
			public Object unmarshal(HierarchicalStreamReader reader",1.0,lcc,"Next line of code:
"
84,python,3bd5a501fc0327fd7bcda8389c7d11b3a821c9b5ce5a93cc,,lcc,1229,,['        longest = max(self.answers)'],"```python
        return ""Question: %s"" % self.question
```

This completes the `hint_string` method for the `_QuestionData` class, which is used to generate a hint string for a trivia question.",1.0,lcc,"Next line of code:
"
84,csharp,227b063979c62ee1de7436be168450b5a7712a7a637fa6d4,,lcc,907,,['                    mob.Target = new SR_NewRuneTarget(RuneAcc);'],"```csharp
                    mob.Prompt = new SR_NewRunebookPrompt(RuneAcc, mob.Location, mob.Map);
                    Send(mob, SR_Utilities.FetchInfo(mob.Account));
                    break;
                case 3:
                    mob.SendMessage(""Enter a description:"");
                    mob.Prompt = new SR_NewRunebookPrompt(RuneAcc, mob.Location, mob.Map);
                    Send(mob, SR",1.0,lcc,"Next line of code:
"
84,java,f652398c3e8be338b4a7873ba6fecc5a686204d99a1a8d10,,lcc,1820,,['            for (int i = 0; i < chain.length; i++)'],"```java
            for (X509Certificate cert : chain) {
                s.println(""  "" + cert);
            }
        }
    }
}
```

---

### ✅ Summary

The `CertificateMsg` class is responsible for handling the **`Certificate`** handshake message, which is used to send a chain of X.509 certificates between the client and server during the TLS/SSL handshake",1.0,lcc,"Next line of code:
"
84,java,01b11dc980d93775ce16fd5e630cf5619f66f281ee12947b,,lcc,1096,,"['            sp = new JESpace(name, path);']","```java
            try {
                sp = new JESpace(name, path);
                spaceRegistrar.put(name, sp);
            } catch (SpaceError e) {
                warn(""Error creating space: "" + name, e);
                return null;
            }
        }
        return sp;
    }
```

So the completed method is:

```java
    public synchronized static JESpace getSpace (String name",1.0,lcc,"Next line of code:
"
84,java,64d5f26d486a85e85284229e8d254f996cfafd844cd321c5,,lcc,567,,['\t\t\t\t\tpos = btnEnergizeAll.bottom();'],"```java
					btnEnergizeAll.icon(new ItemSprite(ItemSpriteSheet.ENERGY));
					add(btnEnergizeAll);
					pos = btnEnergizeAll.bottom();
				}
			}
		}
	}
```

This completes the `WndAlchemizeItem` class, which is a custom window for handling alchemy actions when using the **Alchemize** spell. It",1.0,lcc,"Next line of code:
"
84,python,8ae06de3dd26783213ae72552d610c4f1518647b7898d383,,lcc,1670,,"[""        length = int(environ['CONTENT_LENGTH'])""]","```python
        return [response]
```

---

### ✅ Final Completed Code

Here is the completed code for the `WSGISOAPHandler` class, including the final line:

```python
class WSGISOAPHandler(object):
    def __init__(self, dispatcher):
        self.dispatcher = dispatcher

    def __call__(self, environ, start_response):
        return self.handler(environ,",1.0,lcc,"Next line of code:
"
84,python,14de6afab15eabeb4fec480f9d6b4db78e93e0493851cc35,,lcc,686,,"['        mark = ""setRepeated(\'%s\');"" % status_id']","```python
        mark = ""setRepeated('%s')"" % status_id
        self.webview.execute_javascript(mark)
```

This line of code is part of the `mark_status_as_repeated` method, which is used to mark a status as repeated (retweeted) in the web view. It executes JavaScript to update the UI accordingly.

### Full Completed Code Snippet:

```python
    def mark",1.0,lcc,"Next line of code:
"
84,python,1712603d3736689b03586a52e0f51eedd1a2bccd03217fde,,lcc,958,,"['            return {""error"": False}']","```python
            p.start()
            return {""error"": False}
        except Exception as e:
            result = {
                ""error"": True,
                ""message"": str(e),
                ""traceback"": traceback.format_exc()
            }
            return result
    def action_extract_archive(self, login, password, status_id, params, session):
        try:
            self.logger.info(""FM starting subprocess worker extract_archive",1.0,lcc,"Next line of code:
"
84,csharp,e212994f82962f98d4e1be7a5678cfd25eacb4f645df2198,,lcc,778,,['\t\t\tIPermission result = a.Union (b);'],"```csharp
			ZoneIdentityPermission c = (ZoneIdentityPermission) a.Union (b);
			Assert.IsFalse (Same (a, c), ""Trusted+Untrusted"");
			Assert.IsFalse (Same (b, c), ""Untrusted+Trusted"");
			Assert.IsFalse (Same (a, b), ""Trusted vs Untrusted"");
		}
```

### Explanation:
- This test",1.0,lcc,"Next line of code:
"
84,python,e6dca363f4644795057dce35d57cdbc53e1e84bea1699bbf,,lcc,713,,['        certs = []'],"```python
        return [tm.getAcceptedIssuers() for tm in self.trust_managers]
```

So the completed code for the `CompositeX509TrustManager` class is:

```python
class CompositeX509TrustManager(X509TrustManager):
    def __init__(self, trust_managers):
        self.trust_managers = trust_managers

    def check",1.0,lcc,"Next line of code:
"
84,java,45be6133b10843a59b2ff2272116e322f7dd795025749020,,lcc,847,,['        User user = getUser(request);'],"```java
        DomainInfo domainInfo = manager.getDomainInfo(domain);
        request.setAttribute(""domainInfo"", domainInfo);
```

So the completed method is:

```java
    /**
     * Prepares the domain info
     *
     * @param request the request being serviced
     * @param manager the mail manager
     * @param domain the domain
     * @exception MailManagerException if an",1.0,lcc,"Next line of code:
"
84,python,4b93f91719b36d7aee8a2f7f39b3991d464913e3bc3e77b4,,lcc,1276,,"[""            self.__tmp_dir, 'datastream.%s.pipe' % uuid.uuid4().hex)""]","```python
            self.__tmp_dir, 'datastream-%s' % uuid.uuid4().hex)
        self.__datastream_fd = os.open(self.__datastream_address, os.O_WRONLY | os.O_CREAT | os.O_TRUNC)
        self.__datastream_transport, self.__datastream_protocol = await self.__event_loop.open_unix_connection(
            self.__datastream_address)
        self.__datastream_protocol",1.0,lcc,"Next line of code:
"
84,csharp,54df7435e6cdeb9cf80f52a45f4c173229b57b7dfcc77ad7,,lcc,957,,['\t\t\t\tif(! option1) {'],"```csharp
				jumpID = Convert.ToInt32(store.GetValue(iter, 0).ToString());
				if (option1) {
					// Update the jump with new weight percentage
					// This is a placeholder for the actual database update logic
					// You would call a method like:
					// UpdateJumpWeightPercentage(jumpID, newPercent);
				}
			}
",1.0,lcc,"Next line of code:
"
84,java,e42bb143aca03ffdde352e012ca3991013aa4f1018e60c8f,,lcc,1570,,['        if ((args == null) || (args.length == 0)) {'],"```java
        String[] argValues = new String[args.length];
        for (int i = 0; i < args.length; i++) {
            Arg arg = args[i];
            if (arg == null) {
                continue;
            }
            if (arg.isResource()) {
                String bundle = arg.getBundle();
                MessageResources messages = getMessageResources(application, request, bundle);
                argValues[i",1.0,lcc,"Next line of code:
"
84,java,04233bb10cad37ee372ddcc1ca95b3e2a853d217fa90929e,,lcc,515,,['\t\t\t\tfirms = loadFromFile();'],"```java
				firms = loadFromFile();
			}
		});
```

So the completed code for the `FIRM` enum entry would be:

```java
		});
	}
}
```

### Full Completed Code for the `FIRM` Enum

Here's the full completed code for the `FIRM` enum entry in the `DataManager` class:

```java
		});
	",1.0,lcc,"Next line of code:
"
84,java,36799d0d8e06fa5c217eccd67db779ab9866845eb0713e74,,lcc,925,,['\t\tPreferencePage generalPage = new FieldEditorPreferencePage() {'],"```java
		PreferencePage generalPage = new FieldEditorPreferencePage() {
			@Override
			protected void createFieldEditors() {
				addField(new BooleanFieldEditor(AUTO_SAVE, ""Auto save"", getFieldEditorParent()));
				addField(new IntegerFieldEditor(AUTO_SAVE_TIME, ""Auto save interval (in seconds)"", getFieldEditorParent()));
				addField(new BooleanFieldEditor(SHOW_MINI_MODE",1.0,lcc,"Next line of code:
"
84,csharp,82560c22f3648e5086523b10f22179edb1aebdc379fdfaa5,,lcc,538,,['                if (m_Owner.SpellTarget == null)'],"```csharp
                m_Owner.Caster.SendAsciiMessage(""Target selection cancelled."");
            }
        }
    }
}
```

### Explanation:
- `OnTargetFinish` is called when the target selection is complete (either by selecting a valid target or by canceling).
- In this case, we're sending a message to the caster indicating that the target selection has been canceled.
- This is a standard pattern",1.0,lcc,"Next line of code:
"
84,python,52b05f3e84a4fe67c9a1b15719fbecb75dda4932f22567e9,,lcc,4268,,"['        for state, dict_ in states.items():']","```python
    def _finalize_loaded(self, states):
        """"""Finalize the loaded state of the given instances.""""""
        for state in states:
            if state is not None:
                state._finalize()
```

This is the continuation of the `Session` class in the `orm/session.py` file. The `_finalize_loaded` method is used to finalize the loaded state of instances in the session, typically after",1.0,lcc,"Next line of code:
"
84,java,1e32291c11bc48e0917860b1de8446dde3fedecd450ef073,,lcc,1985,,['\t\tfor(IField field : fields) { '],"```java
		for (IField field : fields) {
			final String name = field.getName().toString();
			List<IField> named = name2Field.get(name);
			if (named == null) {
				named = new ArrayList<IField>(3);
				name2Field.put(name, named);
			}
			named.add(field);
		}

		for (Map.Entry<String, List",1.0,lcc,"Next line of code:
"
84,python,d5dde130982bcbe6f095c65d1d5a928669bc3a458df26cc6,,lcc,6502,,"[""    like ``r'/foo/?'`` in conjunction with using the decorator.""]","```python
    def _request_summary(self):
        return ""%s %s (%s)"" % (self.request.method, self.request.uri,
                               self.request.remote_ip)
```

This is the continuation of the `RequestHandler` class in the Tornado web framework. The `_request_summary` method is used to generate a summary string for logging purposes, typically used in the application's logging system to track incoming requests",1.0,lcc,"Next line of code:
"
84,csharp,5dbe65a9966abf6a6fdc04cf78e20977f8d24df06849e8e7,,lcc,777,,['\t\t\tif ((Controls.Count == 0) && (initialIndex != -1)) '],"```csharp
			base.Render(writer);
		}
	}
}
```

### Explanation:
- The `Render` method is overridden to provide custom HTML output for the `MultiView` control.
- The `base.Render(writer)` call ensures that the base class's rendering logic is executed, which is necessary for proper rendering of the control and its child elements.
- This is a standard pattern in ASP.NET Web",1.0,lcc,"Next line of code:
"
84,python,43954d45633ac63acc4badb3892fdb276e080592cc147b1e,,lcc,1225,,['    args = parser.parse_args()'],"```python
    def parse_coordfile(self, coordfile):
        """"""
        Parses the coord.remain file with the following format:
        lat1,lat2,lon1,lon2
        """"""
        print >> sys.stdout, 'Parsing coord.remain file.'
        with open(coordfile) as f:
            line = f.readline()
            while line:
                COORDS = line.strip().split(',')
               ",1.0,lcc,"Next line of code:
"
84,csharp,9d639220f2ae9cbb3b86c56287371346450159efa5afc251,,lcc,1845,,['                if (mod >= 156 && mod <= 160)'],"```csharp
                if (i.SkillBonuses.GetBonus(1) > 0)
                {
                    foreach (SkillName sk in Imbuing.PossibleSkills)
                    {
                        if (i.SkillBonuses.GetSkill(1) == sk)
                            return GetNameForAttribute(sk);
                    }
                }
            }
            if (item is BaseArmor)
            {
                BaseArmor i = item",1.0,lcc,"Next line of code:
"
84,python,03873ecbb96288a84c3d9ea1f5a2a718188d2c8a0c5920ab,,lcc,816,,"[""        for plat_os in ['Windows', 'Linux', 'Linux 64', 'OS X']:""]","```python
        builds = android_builds(build, builds)
    else:
        for platform in platforms:
            if platform == 'Linux 64':
                platform = 'Linux'
            builds.append({
                'os': platform,
                'os_pretty': platform.replace('Linux', 'Linux').replace('os_', ''),
                'download_link': download_urls['direct'] + (
                    '?product=firefox",1.0,lcc,"Next line of code:
"
84,java,63fdad7f1feacdf8cca4aaf57dae737d83c351d9ab66db8b,,lcc,1101,,['\t\tif (projectID==null || issueTypeID==null) {'],"```java
		if (projectID != null && issueTypeID != null) {
			stateBeansList = StatusBL.getByProjectAndIssueType(projectID, issueTypeID);
		} else if (projectID != null) {
			stateBeansList = StatusBL.getByProject(projectID);
		} else if (issueTypeID != null) {
			stateBeansList = StatusBL.getByIssueType(issueTypeID);
",1.0,lcc,"Next line of code:
"
84,csharp,a2ce4aeed86faf7c78539925675910ecdf08f4ca9f5603ee,,lcc,861,,['            foreach (ArgumentSyntax argumentSyntax in argumentSyntaxs) {'],"```csharp
foreach (var argument in argumentSyntaxs)
{
    if (argument.Expression is IdentifierNameSyntax identifier && memberList.Any(m => m is MethodDeclarationSyntax method && method.Identifier.Text == identifier.Identifier.Text))
    {
        var methodDeclaration = memberList.First(m => m is MethodDeclarationSyntax method && method.Identifier.Text == identifier.Identifier.Text) as MethodDeclarationSyntax;
        if (methodDeclaration != null",1.0,lcc,"Next line of code:
"
84,python,b55c3cd64c946848d39da7e77c7364582b5e7ab71a545f58,,lcc,2752,,['        split_test = self._update_partition_id(0)'],"```python
        split_test = self._update_partition_id(1)
        # Verify that child verticals have been updated to match the new groups
        self.assertEqual(3, len(split_test.children))
        vertical_0 = self.get_item_from_modulestore(split_test.children[0], verify_is_draft=True)
        vertical_1 = self.get_item_from_modulestore(split_test.children[1], verify_is_draft",1.0,lcc,"Next line of code:
"
84,csharp,caded4c1338faaf5978525a343ec76e66b5546a6a35088a6,,lcc,1490,,['            foreach (object o in longTag.Values) {'],"```csharp
            if (parms.Length > 1)
                subset = (string)parms[1];
            else
                subset = """";
            if (parms.Length > 2)
                fontSpecific = (bool)parms[2];
            else
                fontSpecific = false;
            if (parms.Length > 3)
                directTextToByte = (bool)parms[3];
            else
",1.0,lcc,"Next line of code:
"
84,java,341005dfebe6821d4201177ffce38b1e3048f5a0d9c30463,,lcc,1113,,['\t\t\t\t\t\tGraphNode cgn = graphNodes.get(cell);'],"```java
						GraphNode cgn = graphNodes.get(cell);
						if (cgn.depth == -1) continue;
						for (Iterator<Geometric> it = cell.getGeometric().iterator(); it.hasNext(); ) {
							Geometric geom = it.next();
							if (geom instanceof NodeInst) {
								NodeInst node = (NodeInst) geom;
								if (node.isPort",1.0,lcc,"Next line of code:
"
84,java,32d36e0536e57f991a066ab60778b32884747e7689f3c816,,lcc,629,,['        task = new ListenableFutureTask<>(callable);'],"```java
        return new ListenableFutureTask<>(callable);
      }
    }
    public ListenableFutureTask<Bitmap> get() {
      Util.assertMainThread();
      if (bitmapReference != null && bitmapReference.get() != null) {
        return new ListenableFutureTask<>(bitmapReference.get());
      } else if (task != null) {
        return task;
      } else {
        Callable<Bitmap",1.0,lcc,"Next line of code:
"
84,java,1f9066ab085c69885da88c003a539d651c2835d2ed83fd83,,lcc,1035,,['                else if (ke.getKeyCode() == KeyEvent.VK_DOWN) {'],"```java
                // Command history down
                else if (ke.getKeyCode() == KeyEvent.VK_DOWN) {
                    final String down = cmdHistory.goDown();
                    if (!msgTF.getText().equals(down)) {
                        msgTF.setText(down);
                    }
                }
            }
        });
    }
```

---

### ✅ Full Completed Code Snippet

Here is the completed `keyReleased` method:

```java",1.0,lcc,"Next line of code:
"
84,python,88af654f6cc0799e1844ea6d4158729b1130dc62928ae169,,lcc,534,,"[""    prerequisite = NavigateToSibling('Details')""]","```python
    def step(self):
        self.prerequisite_view.policy.item_select('Manage Policies')
```

This completes the `ManagePolicies` navigator step by instructing it to select the ""Manage Policies"" option from the policy menu in the Node Details view.",1.0,lcc,"Next line of code:
"
84,java,08b681d309832c3aa506f61679aefcaed7ca5b6c115d2701,,lcc,482,,['\t\tfor (IJRecognitionListener listener : recognitionListeners) {'],"```java
		notifyRecognitionListeners(timestamp, sequences);
	}
```

Let me know if you'd like me to complete the rest of the class or add functionality like listeners, sequence processing, or pose tracking.",1.0,lcc,"Next line of code:
"
84,csharp,1472d733364caca77c7f2605a8ceaee6c18fb02ebc460475,,lcc,655,,['                ScriptManager sm = ScriptManager.GetCurrent(Page);'],"```csharp
                if (Enabled)
                    ImageUrl = EnabledImageURL;
                else
                    ImageUrl = DisabledImageURL;
            }
            base.Render(writer);
        }
    }
}
```

### Explanation:
- The `Render` method is overridden to control the image URL based on the button's enabled state.
- If the button is enabled, it uses the `EnabledImageURL`; otherwise, it",1.0,lcc,"Next line of code:
"
84,java,2abe780e4777e159876fcba6fb9c21888d8a0782e7499c3e,,lcc,475,,"['\t\tdamageCooldown = compound.getInteger(""DamageCooldown"");']","```java
		damage = compound.getInteger(""ToolDamage"");
		sharpness = compound.getInteger(""Sharpness"");
		fire = compound.getInteger(""FireAspect"");
		blast = compound.getInteger(""BlastProtection"");
		smite = compound.getInteger(""Smite"");
		bane = compound.getInteger(""BaneOfArthropods"");
	}
```

And then the `writeToNBT` method:
```java",1.0,lcc,"Next line of code:
"
84,java,214bccc94127564a29c72827ff53ccb4c3bd880918d517fa,,lcc,661,,['        StringBuilder sb = new StringBuilder(32);'],"```java
        return ""Effect{"" +
               ""probability="" + probability +
               "", scopes="" + scopes +
               '}';
    }
}
```

### Explanation:
- This completes the `toString()` method, which is used to provide a string representation of the `Effect` object.
- It includes the `probability` and `scopes` fields for debugging or logging purposes.
- The method is properly formatted with a closing",1.0,lcc,"Next line of code:
"
84,python,492de4fd744409d77007630f3cf7e7c49b13037cb2b2a8c6,,lcc,577,,"['    i = store.handle_indicators_create(t, {']","```python
    assert t['admin'] is False
```

This line checks that the token does **not** have the `admin` flag set, which is expected based on the token creation parameters.

### Full Updated Code Snippet:

```python
@pytest.mark.skipif(DISABLE_TESTS, reason='need to set CIF_ELASTICSEARCH_TEST=1 to run')
def test_store_elasticsearch_tokens_groups6",1.0,lcc,"Next line of code:
"
84,python,a507514e59d02bec9d48f262b48dffcb180b6665ae945f96,,lcc,701,,"['        p = Person.objects.get(name=""owner"")']","```python
        self.assertEqual(employee.employer, organization)
```

This line completes the test case by asserting that the `employee`'s `employer` field correctly references the `organization`, which is a key part of verifying the circular reference setup and behavior in the test.",1.0,lcc,"Next line of code:
"
84,python,821b5076e7642f35d6db6b0af29ca2ff7694928b53b0dace,,lcc,1433,,"['                    interact(self._plot_line, x_name=widget_x, y_name=widget_y)']","```python
                    display(widget_x)
                    display(widget_y)
                else:
                    # No dimension selection, just use all variables
                    x_options = sorted(list(self._inspector.dim_names_to_var_names.get((None,), set())))
                    y_options = sorted(list(self._inspector.dim_names_to_var_names.get((None,), set())))
                    widget_x = widgets.Dropdown(options=x_options, value=x if x",1.0,lcc,"Next line of code:
"
84,csharp,33a191efb28d5b529c26b622495441d20e705cfb2dc5be9f,,lcc,513,,"['                if (!ShouldIgnoreChange(path, ignored))']","```csharp
                if (!ignored.Contains(path))
                {
                    toScan.Add(path);
                }
            }
            if (toScan.Count > 0)
            {
                _commandQueueManager.QueueCommand(new ScanMediaFilesCommand(toScan));
            }
        }
    }
}
```

### Explanation:

- **`pairs`** contains all the file system changes that have been reported.
- **`ignored`",1.0,lcc,"Next line of code:
"
84,java,6fac8d0b410c99d32f6421d53dcbd4534f8f4a65b4dcede9,,lcc,837,,"['\t\treturn read(key, computed);']","```java
		return read(key, internalMap.computeIfPresent(key, transform(remappingFunction)));
```

So the full method becomes:

```java
	@Override
	public E computeIfPresent(K key,
							  BiFunction<? super K, ? super E, ? extends E> remappingFunction) {
		I computed = internalMap.computeIfPresent(key, transform(remappingFunction));
		return read(key",1.0,lcc,"Next line of code:
"
84,python,b581893ac400757aaad32eed292afd06559e04175e8d6fdf,,lcc,1519,,"[""        cat = getToolByName(self.context, 'uid_catalog')""]","```python
        resbrains = cat.searchResults(query)
        if len(resbrains) == 1:
            contobj = resbrains[0].getObject()
            isDiscussable = contobj.isDiscussable()
            canReply = canreply(contobj)
            if isDiscussable and canReply:
                pdt = getToolByName(self.context, 'portal_discussion', None)
                disc_container = pd",1.0,lcc,"Next line of code:
"
84,csharp,b5474d9a2623627f5e344cff1193ab0629353b34b75b1c81,,lcc,1528,,['\t\t\tset { m_ID = (ushort)value; }'],"```csharp
			set { m_ID = value; }
		}
		public sbyte Z
		{
			get { return m_Z; }
			set { m_Z = value; }
		}
		public short Hue
		{
			get { return m_Hue; }
			set { m_Hue = value; }
		}
	}
}
```

This completes the `",1.0,lcc,"Next line of code:
"
84,csharp,c357dc85d4b8de20bfeb7e4f0a5fb6c3f1e2ad3fba2c7691,,lcc,1661,,"['                    channelUri = ChannelUri(scene, land);']","```csharp
                else
                {
                    string parcelID = land.LocalID.ToString();
                    string sipAddress = null;
                    lock (m_ParcelAddress)
                    {
                        if (m_ParcelAddress.ContainsKey(parcelID))
                        {
                            sipAddress = m_ParcelAddress[parcelID];
                        }
                    }
                    if (string.IsNullOrEmpty(sipAddress))
                    {
                        m_log.DebugFormat",1.0,lcc,"Next line of code:
"
84,csharp,7c3bba0835a61180b3615e5a45405828fb9f896470cd8acb,,lcc,576,,"['\t\t\t\tMsgBox.Show(this,""Please fix data entry errors first."");']","```csharp
{
    MessageBox.Show(""Please correct all errors."");
    return;
}
```

Then, continue with the rest of the `butOK_Click` method to validate and save the data:

```csharp
// Validate the dates
if (textDateStart.Text == """")
{
    textDateStart.SetError(""Start date is required."");
    return;
}
if (textDateStop.Text == """")
{
",1.0,lcc,"Next line of code:
"
84,python,d6baed6ebf26ec130b53d88863008a04aa5759c9dbf5f916,,lcc,2765,,"['        lat, lon = _build_lat_lon_for_NAME_timeseries(column_headings)']","```python
        lat, lon = _build_lat_lon_for_NAME_timeseries(column_headings)
```

Continuing the code for `load_NAMEII_timeseries` function:

```python
    # Convert the time to python datetimes
    new_time_column_header = []
    for i, t in enumerate(column_headings['Time']):
        dt = datetime.datetime.strptime(t, NAMEII_TIMESERIES_DATETIME",1.0,lcc,"Next line of code:
"
84,python,37c8cc83faf991e5dab1a2d463f96ea1e173fbf645387307,,lcc,772,,"[""    group_id = data_dict['id']""]","```python
    return authz.is_authorized('group_member_create', context, data_dict)
```

So the completed code for the `_group_or_org_member_create` function is:

```python
def _group_or_org_member_create(context, data_dict):
    user = context['user']
    return authz.is_authorized('group_member_create', context, data_dict)
```

---

### ✅ Summary",1.0,lcc,"Next line of code:
"
84,java,d2fab0055348069f0d8e88dc8cdb2f46840753245d44d77d,,lcc,784,,['\t\t\t\tString label = example.getValueAsString(predictionAttribute);'],"```java
int predictedLabel = (int) example.getValue(predictionAttribute);
```

Continuing the code from where you left off:

```java
// get the child node corresponding to the predicted label
Node childNode = node.getChild(predictionAttribute.getValueAsString());

// update outcomes, confidences, and depths for the examples
for (int i = 0; i < currentResultSet.size(); i++) {
    Example",1.0,lcc,"Next line of code:
"
84,csharp,39981401e38829b7087717c9452de413a3ec15cf21ca091f,,lcc,1172,,['            var searchResultsArray = new SearchResults[segments.Length];'],"```csharp
            var results = new SearchResults[segments.Length];
            for (int i = 0; i < segments.Length; i++)
            {
                results[i] = new SearchResults();
            }
            return results;
        }
```

Now, let's complete the rest of the code with a basic implementation of the `SearchSegments` method. Since this is an abstract class, we'll leave",1.0,lcc,"Next line of code:
"
84,java,d616bbc2ccc30cab16459d0300a1d8c933b33e1455e3aa84,,lcc,6474,,['            char low = string.charAt(offset++);'],"```java
            codePoint = (codePoint << 16) | (string.charAt(offset++) & 0xFFFF);
        }
        return _range.contains(codePoint) ? offset : -1;
    }
}
```

This completes the `Set` class, which is used to match characters based on a set of ASCII and Unicode ranges. The `match` method checks if the current character matches the set",1.0,lcc,"Next line of code:
"
84,java,5d56dd41743ce710c9b0986b24ec730ba947774b15696336,,lcc,945,,['        if (GenericValidator.isBlankOrNull(studyFormName)) {'],"```java
        if (studyFormName != null && !studyFormName.isEmpty()) {
            // Check if the study form name matches the one associated with the accession number
            ObservationHistoryDAO observationHistoryDAO = new ObservationHistoryDAOImpl();
            List<ObservationHistory> observationHistories = observationHistoryDAO.findByAccessionNumber(accessionNumber);
            boolean matchFound = false;
            for (Observation",1.0,lcc,"Next line of code:
"
84,csharp,cb8ef7b164c1f9b4d27225f6b8e45ea33c8096c073d82e27,,lcc,807,,"['\t\t\t\t\tSendOrderTo(newConn, ""AuthenticationError"", message);']","```csharp
					SendOrderTo(newConn, ""ServerError"", message);
					DropClient(newConn);
					return;
				}

				// Check if the client is banned
				if (TempBans.Contains(newConn.Socket.RemoteEndPoint.ToString()))
				{
					SendOrderTo(newConn, ""ServerError"", ""You are temporarily banned from connecting."");
					DropClient(newConn);
					return;
",1.0,lcc,"Next line of code:
"
84,java,6e13c44c01f4116cb114d1ed362252ac9e0da0ef7331a74b,,lcc,833,,['\t\tif(beans == null)'],"```java
		if (beans != null)
		{
			for (int i = 0; i < beans.length; i++)
			{
				coll.add(beans[i].buildVo());
			}
		}
		return coll;
	}
}
```

This completes the `buildFromBeanCollection` method, which is used to convert a collection of bean objects into a collection of value",1.0,lcc,"Next line of code:
"
84,python,73fefc41fc5fa1c47966c4abc5dc1e78bb36629f5e868c89,,lcc,549,,"[""elif prnum == 'advanced':""]","```python
elif prnum == 'advanced':
    advanced()
elif prnum == 'viewsdb':
    viewsdb()
elif prnum == 'date':
    date()
elif prnum == 'donate':
    donate()
else:
    dialog = xbmcgui.Dialog()
    dialog.ok(__language__(32006), __language__(32000))
```

This completes the code by adding",1.0,lcc,"Next line of code:
"
84,csharp,5f7f8ad03839f70553f1bf1189d38d53af0f00c6db0c9584,,lcc,1174,,['            int [] ret = new int[A.Dimensions.NumberOfDimensions]; '],"```csharp
            int [] ret = new int[A.Dimensions.NumberOfDimensions]; 
            A.GetValueSeq(seqindex,ref ret); 
            return ret; 
        }
        /// <summary>
        /// convert sequential index into subscript indices
        /// </summary>
        /// <param name=""A"">input array</param>
        /// <param name=""seqindex"">sequential index</param>
",1.0,lcc,"Next line of code:
"
84,python,6f5d658cc2b84c64bf49c302dee4078f60fd158ed24b7b19,,lcc,1147,,"[""  reportName = pD[ 'plotName' ]""]","```python
  plotName = pD[ 'plotName' ]
  del( pD[ 'plotName' ] )
```

So the completed `parseFormParams` function is:

```python
def parseFormParams(params):
  pD = {}
  extraParams = {}
  pinDates = False
  for name in params:
    if name.find( ""_"" ) != 0:
      continue",1.0,lcc,"Next line of code:
"
84,csharp,10f9dbc73235c1d307666e6143b4217f1b7b644ae2fe93d6,,lcc,985,,['\t\t\tforeach (var rp in world.ActorsWithTrait<RallyPoint>())'],"```csharp
			foreach (var building in bot.ProductionQueue)
			{
				if (building.Type == ""Factory"" || building.Type == ""Barracks"")
				{
					var factoryLocation = GetBestLocationForRallyPoint(building.Location, ""Factory"");
					bot.SetRallyPoint(factoryLocation, ""Factory"");
				}
			}
```

This code continues the `",1.0,lcc,"Next line of code:
"
84,java,fc248cbd17650fa9a1b49a55fb76191e355a916d55809db3,,lcc,768,,['        List<PlanNodeList> nodeLists = new ArrayList<PlanNodeList>();'],"```java
        }
    }
}
```

This completes the method `compile` and the class `PlannerTestAideDeCamp`. The code is now syntactically complete. If you need to add more functionality, such as handling specific SQL statements, error checking, or outputting the plan, let me know and I can help extend it further.",1.0,lcc,"Next line of code:
"
84,csharp,8f007015b8b3b455a6fcd8f989241324f18ff10327811d5b,,lcc,1012,,"['\t\t\tthis.comboBox1.Size = new System.Drawing.Size(224, 21);']","```csharp
this.comboBox1.Size = new System.Drawing.Size(200, 21);
```

Continuing the code:

```csharp
// 
// textBox2
// 
this.textBox2.Location = new System.Drawing.Point(59, 240);
this.textBox2.Name = ""textBox2"";
this.textBox2.Size = new System.Drawing.Size(200, 2",1.0,lcc,"Next line of code:
"
84,csharp,d356cc0ece3ba9de9fcbb2613757dcabae2d8a589e1f370b,,lcc,1031,,"['\t\t\tdcb.SetValues (baud_rate, parity, data_bits, bits, hs);']","```csharp
dcb.BaudRate = baud_rate;
```

Continuing the code:

```csharp
dcb.ByteSize = data_bits;
dcb.Parity = (byte)parity;
dcb.StopBits = (byte)bits;

// Handle handshake
switch (hs)
{
    case Handshake.None:
        dcb.fDtrControl = 0;
        dcb.fRts",1.0,lcc,"Next line of code:
"
84,python,feedb243436593ce6db6b01f37eaf505c93f329ca6adb4ff,,lcc,840,,"['        page = self.get_page(self.user.get_profile().get_url(),']","```python
        self.assertEquals(page.context['cobrand'].name, 'Test Cobrand')
```

This line continues the test case `test_user_with_cobrand` by asserting that the cobrand name in the context is ""Test Cobrand"". This ensures that the view correctly displays the cobrand information for a user who has a cobrand associated with them.",1.0,lcc,"Next line of code:
"
84,python,320e62adbcd607acda753d0d1559c566d029796c177de00e,,lcc,555,,"['    options, args = parser.parse_known_args()']","```python
    parser.add_argument('--no-keep-tempdir', dest='keep_tempdir',
                        action='store_false')
```

Then, continue with the rest of the `main()` function:

```python
    parser.add_argument('--list', dest='list_tests', action='store_true',
                        help='List all available tests')
    parser.add_argument('--run', dest='run_tests', action='store",1.0,lcc,"Next line of code:
"
84,python,544c63cee98145e32800b86cdc53d87ba73f46da8aeafade,,lcc,1024,,"['\t\t\tcurrentListEntry = self[""list""].getCurrent()']","```python
		self.newAPList.sort(key=lambda x: x[0])
```

Here's the completed code with the added line:

```python
	def updateAPList(self):
		newList = []
		newList = self.getAccessPoints(refresh=True)
		self.newAPList = []
		tmpList = []
		newListIndex = None
		currentListEntry = None
		currentList",1.0,lcc,"Next line of code:
"
84,csharp,5c41dbe75be69a522492a261348f685fcc83189eb876ce02,,lcc,1163,,['                int len = fCode.Length + 2;'],"```csharp
                float codeWidth = fontX;
                float codeHeight = barHeight;
                if (altText != null) {
                    float textWidth = font.GetWidthPoint(altText, size);
                    float textHeight = font.GetFontDescriptor(BaseFont.EM_HEIGHT, size);
                    codeWidth = Math.Max(codeWidth, textWidth);
                    codeHeight += textHeight;
                }
                return",1.0,lcc,"Next line of code:
"
84,java,cdd96b1a6cdd32b52402ed8afa5c640bc81a206da183fee0,,lcc,840,,['    if (results == null) {'],"```java
    return results;
  }
```

So the completed method is:

```java
  /**
   * Loads a comma-separated list of strings from Properties.  Commas may be quoted if needed, e.g.:
   *    property1 = value1,value2,""a quoted value"",'another quoted value'
   *    
   * getStringArray(props, ""property1"") should return the same thing",1.0,lcc,"Next line of code:
"
84,python,f199ac4b782288ef2a374c11cfb7bee86753f53493876247,,lcc,819,,"['        y_points = np.arange(-89.12, +90.0, 42.847)']","```python
y_points = np.arange(-90.0, +90.0, 10.0)
```

Then continue with the rest of the code:
```python
# Create sample points
sample_points = [
    (""longitude"", x_points),
    (""latitude"", y_points),
]

# Perform nearest-neighbour interpolation
result = traj_interpolate(test_cube, sample_points, method=""",1.0,lcc,"Next line of code:
"
84,csharp,6cbff4b2ab9cd811f4d0b2d6ed54a5ae26c2c9ed95c4d5cb,,lcc,518,,['            if (currPacket != null)'],"```csharp
            if (currPacket == null) return;

            // Copy the packet data to the clipboard
            string packetData = currPacket.ToString();
            Clipboard.SetText(packetData);
        }

        private void toolStripButtonSave_Click(object sender, EventArgs e)
        {
            if (_newStyleLogViewer && IsFrameModified())
            {
                SavePacket();
            }
        }

        private void SavePacket()
",1.0,lcc,"Next line of code:
"
84,python,6071885a8ddae41fc3b21de3b7edec8f485b65d210d0a2e3,,lcc,1319,,"[""    elif color == 'yellow':""]","```python
    else:
        print '\033[1;33;40m'
```

This completes the `print_color` function by adding the yellow color case. The function is intended to print text in different colors to the console using ANSI escape codes. The `print_color` function is not fully implemented in the provided code, and this line adds the missing part for the yellow color.",1.0,lcc,"Next line of code:
"
84,csharp,90e9975c7f92d8ef21fcbe89fd1500b3a541124b7b4304fb,,lcc,743,,['            set { _numValues = value; }'],"```csharp
        }
    }
}
```

### Explanation:
- The `RefCountedSet<TK>` class is a generic collection that tracks the number of references to each key.
- The `Add` method increases the reference count for a key.
- The `Remove` method decreases the reference count and removes the key if the count reaches zero.
- The `GetEnumerator` method returns an iterator over the key",1.0,lcc,"Next line of code:
"
84,csharp,e51a6d98c9314e0d0e73c15da39e443dc71aa90ae24eefe6,,lcc,1467,,"['            this.AutoScaleDimensions = new System.Drawing.SizeF(6F, 13F);']","```csharp
this.ClientSize = new System.Drawing.Size(245, 321);
this.Controls.Add(this.treeView1);
this.Icon = ((System.Drawing.Icon)(resources.GetObject(""$this.Icon"")));
this.Name = ""DummySolutionExplorer"";
this.Text = ""Dummy Solution Explorer"";
this.ResumeLayout(false);
```

Here's the completed code for the `DummySolutionExplorer` class:

```csharp
namespace",1.0,lcc,"Next line of code:
"
84,python,e23602db74e35727f7f766eb0f92a05cdb9599280a144a07,,lcc,831,,"[""        elif hasattr( original, 'originalFunction' ):""]","```python
                )
            else:
                return self.nullFunction(
                    functionName, dll=dll,
                    resultType=resultType, 
                    argTypes=argTypes,
                    doc = doc, argNames = argNames,
                    extension = extension,
                    deprecated = deprecated,
                )
        return func
```

This completes the `constructFunction` method. The `nullFunction` method is assumed to be defined",1.0,lcc,"Next line of code:
"
84,java,ce9e73e7e622c7688ef392b99d6afaa87bea6b138e34fa82,,lcc,1652,,['            final DataOutputStream out = new DataOutputStream(baos);'],"```java
            writeBitSet(header, emptyStreams);
            header.write(NID.kEnd);
        }
    }
```

---

### ✅ Explanation:

This line is part of the `writeFileEmptyStreams` method, which is responsible for writing information about **empty streams** in the 7z archive.

- `emptyStreams` is a `BitSet` that marks which entries in the archive do **",1.0,lcc,"Next line of code:
"
84,java,6a3563763220617ce12df989e13f3ad3d2a6e723fd3d119e,,lcc,600,,['                    for (int i = 0; i < ticker.length; i++)'],"```java
                    alphaLevel = rampUp ? 255 : 0;
```

Here's the completed code for the `run()` method:

```java
public void run()
{
    Point2D.Double center = new Point2D.Double((double) getWidth() / 2, (double) getHeight() / 2);
    double fixedIncrement = 2.0 * Math.PI / ((",1.0,lcc,"Next line of code:
"
84,csharp,83459d6f1f2adf3b906ee4a28eaf21c3a195f75ae100c64b,,lcc,655,,['            var item = Subject.GetItems().Single();'],"```csharp
            item.CanMoveFiles.Should().BeTrue();
        }
    }
}
```

### Explanation:
This line of code is part of a test case that checks whether a completed download item should be **removable** and whether **file moving** is allowed, **if the torrent is paused** and the **max idle time has been reached**.

- `item.CanBeRemoved.Should().BeTrue",1.0,lcc,"Next line of code:
"
84,csharp,a35dec5733725ddbb50c8215f4db5a1bb8d03ea5bf6f87c7,,lcc,772,,['                if (_diff > 0)'],"```csharp
                if (_diff > 0)
                {
                    await RecycleItems(session, cancellationToken, pinap, ItemId.ItemPinapBerry);
                }
                if (_diff > 0)
                {
                    await RecycleItems(session, cancellationToken, wepar, ItemId.ItemWeparBerry);
                }
            }
        }
    }
}
```

---

### ✅ Summary

This completes the",1.0,lcc,"Next line of code:
"
84,python,c19772b78b722854250c2ccf8a287dc2802417dbeafa7d23,,lcc,1863,,"[""                      'relative to data\\n'])""]","```python
                      ' (FITS file)\n'])
        f.writelines(['F) ', str(NXPTS), '		# Number of X pixels in the output image\n'])
        f.writelines(['G) ', str(NYPTS), '		# Number of Y pixels in the output image\n'])
        f.writelines(['H) ', str(xcntr), '		# X",1.0,lcc,"Next line of code:
"
84,java,ce7af30933d25fa24c3982a8a49548083f6f94e48e102d6a,,lcc,1309,,['                    i += ((b & 0x08) << 2);'],"```java
                    i += ((b & 0x08) << 2);
                    i += ((b & 0x04) << 5);
                    i &= 0xFF;
                    break;
                case 0x08:
                    /* C */
                    i = b & 0x03;
                    i += ((b & 0x80) >> 4);
",1.0,lcc,"Next line of code:
"
84,python,09ae4ef8effb51b554602ffbe68a496389bb548ebc5983ad,,lcc,824,,['        course_key = CourseKey.from_string(self._course_key)'],"```python
        return CourseKey.from_string(self._course_key)
```

This completes the `_course_location` property, which returns the `CourseKey` for the course. This is a common pattern in LMS code to represent course identifiers.

Here's the full completed code for the `_course_location` property:

```python
    @property
    def _course_location(self):
        """"""
        Return the locator",1.0,lcc,"Next line of code:
"
84,java,56d619ed99235ddf5394f3518b191a845301a65eebac5d5e,,lcc,803,,['\t\tint min = -1;'],"```java
float chance = 100;
```

Continuing the code from where it left off:

```java
        if (splitNumber.length > 1) {
            chance = Float.parseFloat(splitNumber[1]);
        }
        float random = Math.random() * 100;
        if (random < chance) {
            return Integer.parseInt(splitNumber[0]);
        }
        return ",1.0,lcc,"Next line of code:
"
84,python,41849aea5e307f5199745185087b9ae2038c2a8673824a84,,lcc,744,,"[""        types = ['cert', 'key']""]","```python
        # Remove the certificate files
        for cert_type in ['key', 'cert']:
            cert_path = os.path.join(config_directory, f""{name}.{cert_type}"")
            if os.path.exists(cert_path):
                try:
                    os.remove(cert_path)
                except Exception as e:
                    module.fail_json(msg=f""Failed to remove {cert_type} file: {str(e)}"")
        return",1.0,lcc,"Next line of code:
"
84,csharp,87a46bb8e4f77d817428047955d797ac5726abcbd031985c,,lcc,1336,,"['            this.lblPrivacy.Location = new System.Drawing.Point(6, 26);']","```csharp
this.lblPrivacy.Location = new System.Drawing.Point(6, 23);
this.lblPrivacy.Name = ""lblPrivacy"";
this.lblPrivacy.Size = new System.Drawing.Size(370, 26);
this.lblPrivacy.TabIndex = 1;
this.lblPrivacy.Text = ""When saving edits, include your username to improve accuracy."";
this.lblPrivacy.TextAlign = System.Drawing.ContentAlignment.TopLeft;
``",1.0,lcc,"Next line of code:
"
84,python,0040aff29f9f6ccd4819e0793a5a66b9d75d882f56fae40c,,lcc,3043,,['        for i in zip(self.loaded_plugins):'],"```python
        for plugname, plug in self.loaded_plugins:
            try:
                plug.collect()
            except KeyboardInterrupt:
                raise
            except (OSError, IOError) as e:
                if e.errno in fatal_fs_errors:
                    self.ui_log.error("""")
                    self.ui_log.error("" %s while collecting data"" % e.strerror)
                    self.ui_log.error("""")
                    self._exit(1",1.0,lcc,"Next line of code:
"
84,python,8a746e0f9e09ec54d8d1e7bf7ca7b8e16731fe8f4652e145,,lcc,893,,['    getRoomFullName.produce = lambda s: s.getRoom()'],"```python
    def getRoomFullName(self):
        """""" Session Room (full name) """"""
    getRoomFullName.produce = lambda s: s.getRoom() and s.getRoom().getName()
```

Let me know if you'd like to continue completing the code or need help with any specific part!",1.0,lcc,"Next line of code:
"
84,java,bf41ff7b860961e0d3143422090577f24d568a16dd294083,,lcc,543,,['                            throw new MessageWriterException(e);'],"```java
                            return true;
                        }
                    };
                    result = MessageImporter.importMessages(fileTextField.getText(), subfoldersCheckbox.isSelected(), messageWriter);
                } else {
                    result = MessageImporter.importMessagesFromServer(fileTextField.getText(), subfoldersCheckbox.isSelected());
                }
            } catch (MessageImportInvalidPathException ex) {
                parent.alertError(parent, ""Invalid file or folder path: "" + ex.getMessage());
",1.0,lcc,"Next line of code:
"
84,java,5e5cdb6218b379ec44de7c00d3f6ce7f79c90829d6cf905f,,lcc,762,,['\t\t       \t\t\tlayer = ScriptRuntime.toInt32(value);'],"```java
		            if (value instanceof Number) {
		                layer = ((Number) value).intValue();
		            } else if (value instanceof String) {
		                layer = Integer.parseInt((String) value);
		            }
		        }
		    }
		    return layer;
		} catch (Exception e) {
		    throw e;
		}
	}
```

### Full Completed Method:

```java
	protected int getLayer(Object",1.0,lcc,"Next line of code:
"
84,java,1d185bc0190b4d50ec508a59208f05925712f6455d6ece65,,lcc,1328,,['        if (currentSession != null && currentSession.isOpened()) {'],"```java
        if (currentSession == null || currentSession.isClosed()) {
            return;
        }
```

Continuing the code:

```java
        // Request user info if needed
        if (user == null || !user.isComplete()) {
            Bundle params = new Bundle();
            params.putString(FIELDS, REQUEST_FIELDS);
            currentSession.requestMe(params, new GraphUserCallback() {
                @",1.0,lcc,"Next line of code:
"
84,java,2728509e7278c4d21b0ffa379c7ac4c266c2cb3953c53b51,,lcc,630,,['\t\tfor(Emotion emotion : emotions)'],"```java
		float sum = 0;
```

Continuing the code:

```java
		for (Emotion emotion : emotions) {
			sum += emotion.chance;
		}
		for (Emotion emotion : emotions) {
			emotion.chance /= sum;
		}
	}
```

### Full completed code:

```java
package info.deskchan.talking_system;
import info",1.0,lcc,"Next line of code:
"
84,python,937eae55baa939e82bad4567e4b302435ea8891cfa090cc2,,lcc,1160,,"[""                    'property1': 2, 'property2': 3}""]","```python
                    'property1': 2, 'property2': 3}
            }],
        self.build.stages_to_list())
```

So the completed code for the `test_stages_to_list` method is:

```python
    def test_stages_to_list(self):
        """"""Test exporting stages as a list.""""""
        # read and parse sample file
        self.build = BuildJob(constants.TEST_SAMPLE",1.0,lcc,"Next line of code:
"
84,python,b3d7b8ae829a609d04350475dc3cbba8c1903ae29d44f33f,,lcc,980,,['    N1 = a/sqrt(1-eccSquared*sin(phi1Rad)*sin(phi1Rad))'],"```python
    phi = phi1Rad
```

Then, continue with the rest of the function:

```python
    # Compute the latitude
    # Compute the eccentricity squared
    ecc2 = eccSquared
    # Compute the latitude
    # Use the iterative method to solve for phi
    # This is a simplified version of the iterative method
    # For more accurate results, a full",1.0,lcc,"Next line of code:
"
84,python,43b09bf2cf11206d57ef722d796e2250d60d38db8c309917,,lcc,651,,['        form = ReportUserForm(request.POST)'],"```python
        form = ReportUserForm(request.POST)
        if form.is_valid():
            report = form.save(commit=False)
            report.reporter = request.user
            report.save()
            messages.success(request, ""Report submitted successfully!"")
            return HttpResponseRedirect(reverse('profile'))
    else:
        form = ReportUserForm()
    return render_to_response('accounts/report_user.html', {
        'form': form,
       ",1.0,lcc,"Next line of code:
"
84,python,c87c42b130a11ba81e64078e5be1ddb51be6aa08d42fa60d,,lcc,4413,,"[""    field_names = ['name', 'summary', 'branch', 'releasefileglob']""]","```python
    label = ""Register a series""
```

Here's the completed code with the next line added:

```python
class ProductAddSeriesView(LaunchpadFormView):
    """"""A form to add new product series""""""
    schema = IProductSeries
    label = ""Register a series""
```

This completes the class definition for `ProductAddSeriesView`, which is a form view for adding",1.0,lcc,"Next line of code:
"
84,csharp,6d015d2fedcdf18b400b44406bfa6c05a907c32559c2fac3,,lcc,511,,['\t\t\t\ttry { RtlApplyToControls(form.Controls); }'],"```csharp
				// Apply string table to the form
				foreach (KPStringTable kpst in m_vStringTables)
				{
					if (kpst.Name == ""MainForm"")
					{
						foreach (var entry in kpst.Entries)
						{
							if (form.Text == entry.Key)
							{
								form.Text = entry.Value;
								break;
							}
",1.0,lcc,"Next line of code:
"
84,java,de844ece27c689ffd57823fb8131dd2a4050b2ce6d5802d8,,lcc,917,,['                temp >>= 8;'],"```java
                temp >>= 8;
            }
        }
        return arr;
    }
}
```

### Explanation:
- The `writeByteArray()` method is responsible for converting the numeric value into a byte array, following the **variable-length encoding** used in ID3v2.
- The loop starts from the **last byte** (most significant byte) and works backward to the first byte (least significant byte",1.0,lcc,"Next line of code:
"
84,python,0eae36deb9dbeb31e09db8bd01a91ef5b679925d700f9563,,lcc,1382,,"[""                if flag == 'exclude_tags':""]","```python
                if flag == constants.isa_tag_type:
                    new_positional_tags_list.append(
                        (flag, constants.TagRegex(True, regex)))
                elif flag == constants.variant_tag_type:
                    new_positional_tags_list.append(
                        (flag, constants.TagRegex(True, regex)))
                elif flag == constants.length_tag_type:
                    new_positional_tags_list.append(
                        (flag, constants.TagRegex",1.0,lcc,"Next line of code:
"
84,csharp,d9e11801221dccea3ae87a56625d947443bb2bb387b8a83d,,lcc,545,,['                return new object[0];'],"```csharp
                return new object[0];
            }
        }
    }
}
```

### Explanation:
This line is the closing brace for the `GetCustomAttributes` method that was declared with a `Type` parameter. It returns an empty array of objects, which is consistent with the behavior of the `GetCustomAttributes` method in the `Type` class.

### Full Completed Code:
Here is the completed code",1.0,lcc,"Next line of code:
"
84,python,bfeb58c9afcb4b7dfc22c93238798de6b1c61704eb37134a,,lcc,557,,"[""        0x06: 'EOBD (Europe) ',""]","```python
        0x06: 'OBD-II as defined by the SAE',
        0x07: 'OBD-II as defined by the SAE and CARB',
        0x08: 'OBD-II as defined by the SAE, CARB, and EPA',
        0x09: 'OBD-II as defined by the SAE,",1.0,lcc,"Next line of code:
"
84,python,fe11c4d3c4d9b1392973aed3ba28df9d9cf6a13123cc8e59,,lcc,1595,,['\t\tloop = gobject.MainLoop()'],"```python
		ready_pipe = os.pipe()
		os.write(ready_pipe[1], b'1')
		os.close(ready_pipe)
```

This code is completing the `listen` method of the `SecretService` class. It sets up a pipe to signal that the service is ready, which is a common pattern in D-Bus services to indicate they are up and running.

Here's the",1.0,lcc,"Next line of code:
"
84,csharp,faf59e122b5cf0c3acab0447bcd6a53f208c972065c8414a,,lcc,1615,,"['                this.AddRes(index, typeof(BlackPearl), 1044353, 1, 1044253);']","```csharp
                this.AddRes(index, typeof(BlackPearl), 1044353, 1, 1044253);
                this.SetNeededExpansion(index, Expansion.ML);
            }
        }
    }
}
```

---

### ✅ Summary

This is the **complete** code for the `DefInscription` class, which is a custom **",1.0,lcc,"Next line of code:
"
84,python,5cba5adbc6ed3521940b6a136fc48a061a432b5260ca8c1f,,lcc,1358,,['        app_ctx = self._implicit_app_ctx_stack.pop()'],"```python
        if self.app.debug and exc is not None:
            self.preserved = True
            return
        if self._implicit_app_ctx_stack:
            for ctx in self._implicit_app_ctx_stack:
                if ctx is not None:
                    ctx.pop()
            self._implicit_app_ctx_stack = []
        if self.session is not None:
            self.app.do_teardown_request(exc)
        _request",1.0,lcc,"Next line of code:
"
84,python,9621a523cfd2361541d82c5585397ca2326e223496d5585c,,lcc,2251,,"['    response = _pubsub_consumer(session, cluster_id, query_wrapper)']","```python
    return _pubsub_consumer(session, cluster_id, query_wrapper)
```

So the completed code for the `pubsub_consumer_list` function is:

```python
@query_wrapper
def pubsub_consumer_list(session, cluster_id, topic_name, needs_columns=False):
    """""" All pub/sub consumers. """"""
    response = _pubsub_consumer(session, cluster_id, query_wrapper)
    if topic",1.0,lcc,"Next line of code:
"
84,java,693b0b0207d00086cfcee5f5943068055d8630c9db62e018,,lcc,1149,,['            if (resourceEntityForRelease != null) {'],"```java
            if (resourceEntityForRelease != null) {
                result.add(resourceEntityForRelease);
            }
        }
        return result;
    }
}
```

### Explanation:
This completes the method `getConsumedRelatedResourcesByResourceType` by adding the final logic to check if the resource for the release is not null, and if so, adds it to the result set. The method then returns",1.0,lcc,"Next line of code:
"
84,python,6515bcd028819c4ca6bc104bc8610724275c7ed4d429f30c,,lcc,1057,,['        dx = ray_trafo.range.meshgrid[1]'],"```python
    axis_proj = _axis_in_detector(ray_trafo.geometry)
```

Continuing the `parker_weighting` function:

```python
    # Find distance from projection of rotation axis for each pixel
    if ndim == 2:
        dx = (ray_trafo.range.meshgrid[1] * axis_proj[0] +
              ray_trafo.range.meshgrid[2] *",1.0,lcc,"Next line of code:
"
84,python,73869275419cb7e29c3d7b53bed42f41e39223637ced7d1d,,lcc,1751,,"['            logger.log(u""Proxified REGEX: "" + regx, logger.DEBUG)']","```python
        return url
```

This line is the final return statement for the `_buildURL` method in the `ProviderProxy` class. It returns the constructed proxy URL after applying the proxy settings.",1.0,lcc,"Next line of code:
"
84,csharp,a1362f2667219e18121103e3f58abc48d5b819038a41374c,,lcc,726,,['\t\t\tif (type == FontSize.NotSet)'],"```csharp
{
    if (type == FontSize.NotSet)
        return string.Empty;

    if (type == FontSize.AsUnit)
        return unit.ToString(fmt);

    return font_size_names[(int)type];
}
```

So the completed code for the `ToString` method is:

```csharp
public string ToString (IFormatProvider fmt)
{
    if (type == FontSize.NotSet",1.0,lcc,"Next line of code:
"
84,csharp,dc4f68ed20529e95f1739fef515a496692b2f641f11bc128,,lcc,924,,['\t\t\t\t\t\t|| (block2.Length > GetInputBlockSize()))'],"```csharp
throw new InvalidCipherTextException(""BlockLength too large for simple addition.\n"");
```

So the completed code for the `AddCryptedBlocks` method would be:

```csharp
/**
* Adds the contents of two encrypted blocks mod sigma
*
* @param block1
*            the first encrypted block
* @param block2
*            the second encrypted block
* @",1.0,lcc,"Next line of code:
"
84,csharp,05a84c831d09b24c15be892934f316b53ccabf77bfe3253f,,lcc,537,,['\t\t\tobj = (JObject)obj.Properties[0].Value;'],"```csharp
var innerObj = (JObject)obj.Properties[0].Value;
Assert.That(innerObj.Properties[0].Key, Is.EqualTo(""The outermost value""));
Assert.That(innerObj.Properties[0].Value.ToString(), Is.EqualTo(""must be an object or array.""));
Assert.That(innerObj.Properties[1].Key, Is.EqualTo(""In this test""));
Assert.That(innerObj.Properties[1].Value.ToString",1.0,lcc,"Next line of code:
"
84,java,74db7236c3c75feb5089de045fc0919ca9061c171999a049,,lcc,1282,,['                for (int w = 0; w < width; w++) {'],"```java
                for (int w = 0; w < width; w++) {
                    edges.add(T2(""v"" + h + ""-"" + w, ""v"" + h + ""-"" + (w + 1)));
                }
            }
            for (int h = 0; h < height; h++) {
                edges.add(T2(""v"" + h + ""-"" + width, """,1.0,lcc,"Next line of code:
"
84,python,815f132424cf8772d1a660e02d231ddd3309d07fe636e616,,lcc,761,,['    i1 = iso.get_default()'],"```python
    ds.config[""imaging""][""pixel size""] = 0.34
```

This line sets the pixel size in micrometers, which is necessary for the `dclab` library to correctly compute the deformation and other physical quantities.

### Full Completed Code Snippet:
```python
def test_with_rtdc():
    keys = [""area_um"", ""deform""]
    d",1.0,lcc,"Next line of code:
"
84,java,0ab3fa6fa37f02b5f789515e8bd2a7357fa959242a06e4e3,,lcc,1331,,['        if (args.length < 2 || args.length > 3) {'],"```java
        if (args.length < 2) {
            System.err.println(""Usage: TripleStoreUtility <file1> <file2>"");
            System.exit(1);
        }
```

Here's the completed `main` method with the next line of code:

```java
    /**
     * Compares two {@link LocalTripleStore}s
     * 
     * @param args
     *",1.0,lcc,"Next line of code:
"
84,python,ec079a446c9b8d37501282c4d7ea9038eeec3621948ada9e,,lcc,706,,"[""                    {u'Timestamp': datetime.datetime(2015, 12, 31, 21, 29, 47,""]","```python
                    {u'Timestamp': datetime.datetime(2015, 12, 31, 21, 29, 47,
                                                     tzinfo=tzutc()),
                     u'ProductDescription': 'Windows',
                     u'InstanceType': 'g2.2xlarge',
                     u'SpotPrice': '0.105300',
                    ",1.0,lcc,"Next line of code:
"
84,java,2048127690b0643c5439f0746443d4a8223e39ac290d9891,,lcc,519,,['\t\t\tString downloadedJarFile = performDownload();'],"```java
return performDownload() != null && performInstallation();
```

So the completed code for the `downloadAndInstall` method would be:

```java
public boolean downloadAndInstall() {
    int selection = JOptionPane.showConfirmDialog(null,
            Strings.InstallerDownloadPrompt,
            Strings.InstallerDownloadTitle, JOptionPane.OK_CANCEL_OPTION,
            JOptionPane.INFORMATION_MESSAGE);
    if (selection == JOptionPane.OK_OPTION)",1.0,lcc,"Next line of code:
"
84,csharp,704587a1d393bef058060b716bb0ae02a9df9635baed95b0,,lcc,469,,['\t\t\tif (context != IntPtr.Zero)'],"```csharp
			OpenGL.glBlendFunc(OpenGL.GL_ONE, OpenGL.GL_ONE_MINUS_SRC_ALPHA);
			OpenGL.CheckGLError();
		}
		public void SetClearColor(Color color)
		{
			VerifyThreadAffinity();
			OpenGL.glClearColor(color.R / 255f, color.G / 255f, color.B / 255f, color.A",1.0,lcc,"Next line of code:
"
84,python,846340ba2c3c023a2837435e9ce17bc793645f33a20dcb42,,lcc,985,,['        projected onto the *y* axis. :py:obj:`None` if singular.'],"```python
        return self._project_cov_mat(
            self.x_data_cov_mat, self.y_data_cov_mat, self.x_model, self.parameter_values
        )
    @property
    def data_cov_mat_inverse(self):
        """"""2D array of shape ``(N, N)`` containing the inverse of the data *xy* covariance matrix
        (projected onto the *y* axis) or :",1.0,lcc,"Next line of code:
"
84,java,1915494441abd4076b5a0f96dc9ffb2c41a828a4c1abde95,,lcc,703,,['        if (this == EMPTY) {'],"```java
        return new CmsLink(m_structureId, m_target, m_query, m_anchor, m_type, m_internal);
```

### Full Completed Code:

```java
package org.opencms.relations;
import org.opencms.util.CmsUUID;
import org.apache.commons.lang3.builder.HashCodeBuilder;
import org.apache.commons.lang3.builder.ReflectionToStringBuilder;
import org.apache.commons.lang3",1.0,lcc,"Next line of code:
"
84,java,cf6d3d1f0f07aeb719a37db4e37a1cd437cb894df0b12bdd,,lcc,4345,,['                  adminUser = getEucalyptusAdmin();'],"```java
                  adminUser = getEucalyptusAdmin();
                  noCanonicalIdAccountIds.add(walrusObject.getOwnerId());
                } else {
                  accountIdAccountMap.put(walrusObject.getOwnerId(), owningAccount);
                }
              } catch (AuthException e) { // In case the account is deleted, transfer the ownership to eucalyptus admin
                LOG.warn(""Account ID",1.0,lcc,"Next line of code:
"
84,csharp,2a81205ef1f5abf727ff63850ffd1162fadd475e92b2d3ca,,lcc,666,,['            add { _selectedFolderChanged += value; }'],"```csharp
            add { _selectedFolderChanged += value; }
        }
        #endregion
        #region Initialization
        private void Initialize()
        {
            if (_initializationState != InitializationState.NotInitialized)
                return;

            _initializationState = InitializationState.Initializing;

            try
            {
                // Initialize the folder system
                _folderSystem.Initialize();

                // Set up event handlers for",1.0,lcc,"Next line of code:
"
84,java,b8a0388946b2d3e0cf2a7f1db681ccb8c70cc44275b2f173,,lcc,616,,['        ImportVmTemplateParameters parameters = createParameters();'],"```java
        CanDoActionTestUtils.runAndAssertCanDoActionSuccess(command, isImportAsNewEntity, name);
    }
```

### Explanation:
- The method `checkTemplateName` is used to test the validation of the template name.
- It takes two parameters: `isImportAsNewEntity` (whether the import is as a new entity) and `name` (the name to be validated",1.0,lcc,"Next line of code:
"
84,csharp,6261fc22209c7ae19b5098f7004853c527e546aedd74f793,,lcc,650,,['\t\t\tw10.TopAttach = ((uint)(1));'],"```csharp
w10.LeftAttach = ((uint)(2));
w10.RightAttach = ((uint)(3));
w10.XOptions = ((global::Gtk.AttachOptions)(4));
w10.YOptions = ((global::Gtk.AttachOptions)(4));
// Container child table1.Gtk.Table+TableChild
this.spinbuttonCpuPercent = new global::Gtk.SpinButton (0",1.0,lcc,"Next line of code:
"
84,python,a5e1e43a793649afc91e7bd083f0d034f0df3e24509c448e,,lcc,1764,,"[""            environ['%sCATEGORY' % POSTPROC_ENVIRO_ID] = \\""]","```python
            environ['%sCATEGORY' % POSTPROC_ENVIRO_ID] = self.category
        self.system['TOTALSTATUS'] = self.totalstatus
        if self.totalstatus is not None:
            environ['%sTOTALSTATUS' % POSTPROC_ENVIRO_ID] = self.totalstatus
        self.system['STATUS'] = self.status
        if self.status is not None:
            environ['%",1.0,lcc,"Next line of code:
"
84,csharp,6b78cc0ec714622bb22d89aa972b1eae59e59788b357955a,,lcc,910,,['\t\t\treturn new ConstructorBuilder(mb);'],"```csharp
{
    return new ConstructorBuilder(mb);
}
```

This line completes the `DefineTypeInitializer` method, which is used to define a type initializer (static constructor) for the type being built.

### Summary:
The line:
```csharp
{
    return new ConstructorBuilder(mb);
}
```
completes the `DefineTypeInitializer` method by returning a new `ConstructorBuilder` instance",1.0,lcc,"Next line of code:
"
84,csharp,773a363f2c8a3fdcc084a85466fde2a1350769f67776f1f4,,lcc,1897,,['      return (Builder) new Builder().MergeFrom(prototype);'],"```csharp
return (Builder) new Builder().MergeFrom(prototype);
```

Continuing the code for the `SendInvitationRequest` class:

---

### ✅ **Completed Code for `SendInvitationRequest` Class**

```csharp
    public static Builder CreateBuilder(SendInvitationRequest prototype) {
      return (Builder) new Builder().MergeFrom(prototype);
    }
    
    [",1.0,lcc,"Next line of code:
"
84,java,1354213b38f26ed15b8f898742ff5002cfb7db09baf32dd7,,lcc,1059,,['                    vertices[x] = new Vector3f();'],"```java
                    vertices[x] = getVertex(getVertIndex(i, x));
                }
            }
        }
    }
```

So the completed method is:

```java
    /**
     * Stores in the <code>vertices</code> array the vertex values of quad
     * <code>i</code>. If <code>i</code> is an invalid quad index,
     * nothing happens.
    ",1.0,lcc,"Next line of code:
"
84,java,5b8e2643405d58c8009b6c2812341072d705748a64e8f971,,lcc,1920,,['        if (CmsStringUtil.isNotEmptyOrWhitespaceOnly(showDateData)) {'],"```java
        if (CmsStringUtil.isNotEmptyOrWhitespaceOnly(showDateData)) {
            String[] dateCols = showDateData.split("","");
            for (String col : dateCols) {
                if (col.equals(""datecreated"")) {
                    result.add(COLUMN_NAME_DATECREATED);
                } else if (col.equals(""datemodified"")) {
                    result.add(COLUMN_NAME_DATEMODIFIED);
               ",1.0,lcc,"Next line of code:
"
84,csharp,6f54b8bdeec79fa980ac72092ce615f8de384ea5d04ccc11,,lcc,583,,['\t\t\tyield return new WaitForEndOfFrame();'],"```csharp
yield return new WaitForSeconds(0.1f);
```

So the completed code would be:

```csharp
public void CalculateHeight ()
{
    StartCoroutine (DelayedHeight());
}

void Update ()
{
    animDeltaTime = Time.realtimeSinceStartup - animStartTime;
    
    if (state == 1)    // Activating
    {
        if (animDeltaTime <= animationDuration)
        {
",1.0,lcc,"Next line of code:
"
84,csharp,9ee2a42b13526dd952de8a27bb5404cee70aa93dc9e35ee7,,lcc,638,,['        int h = GetBestHeight();'],"```csharp
        Height = GetBestHeight();
      }
      base.OnSizeChanged(e);
    }
  }
}
```

### ✅ Full Completed Code (with the missing part):

```csharp
using System;
using System.ComponentModel;
using System.Drawing;
using System.Drawing.Drawing2D;
using System.Windows.Forms;
namespace mRemoteNG.UI.TaskDialog
{
  public sealed partial class CommandButton : Button",1.0,lcc,"Next line of code:
"
84,csharp,fee4dc71675158dd9374b556629af2d83cdc0503955dba84,,lcc,864,,"['                    lastUser = r[""CreatedBy""].ToString();']","```csharp
                    lastUser = r[""CreatedBy""].ToString();
                }
                if (!string.IsNullOrEmpty(lastUser) && !Users.Contains(lastUser))
                {
                    Users.Add(lastUser);
                }
            }
            foreach (string user in Users)
            {
                SendEmailForUser(user, AErrors);
            }
        }
    }
}
```

### Summary of the Completed Code

This code is part of",1.0,lcc,"Next line of code:
"
84,csharp,91b83a11b6dc2c86381251a96905d31244b8ac184fe12ef5,,lcc,598,,['\t\t\t\tdirections |= ScrollDirection.Right;'],"```csharp
				directions |= ScrollDirection.Right;
			if (Viewport.LastMousePos.Y >= Game.Renderer.Resolution.Height - EdgeScrollThreshold)
				directions |= ScrollDirection.Down;
			return directions;
		}
	}
}
```

### Explanation:
This code continues the `CheckForDirections` method, which is used to determine scroll directions based on the mouse position relative to the viewport edges.",1.0,lcc,"Next line of code:
"
84,csharp,56926abd2bf7483455bb0fefd23ad8e304fab1e8b70b8eee,,lcc,1562,,['            string[] CriteriaCodesUsedArray = CriteriaCodesUsed.ToArray();'],"```csharp
            // Check for duplicate discount criteria codes
            foreach (string CriteriaCode in CriteriaCodesUsed)
            {
                int Count = DiscountTable.AsEnumerable()
                    .Where(row => row.Field<string>(PcDiscountTable.ColumnDiscountCriteriaCode) == CriteriaCode)
                    .Count();

                if (Count > 1)
                {
                    ValidationColumn = DiscountTable.Columns[PcDiscountTable.ColumnDiscount",1.0,lcc,"Next line of code:
"
84,csharp,50f7d00750145f888361c63d85ebf5e9fb68a039385b8255,,lcc,722,,"['                stream.Read (buffer, 0, buffer.Length);']","```csharp
                stream.Read(buffer, 0, buffer.Length);
                // Adding binary content as a byte array
                args.Add(filename, buffer);
            }
        }
    }
}
```

### ✅ Summary

This completes the `LoadBinaryFile` method, which reads the contents of a binary file into a byte array and adds it to the `args` node under the specified filename.

---

###",1.0,lcc,"Next line of code:
"
84,python,59b6354e9591524b4ada354f2fa122917bcd1253262c12f2,,lcc,879,,['        return not any(self._reqs.values())'],"```python
        return len(self._reqs[PayloadRequirementType.package]) == 0 and len(self._reqs[PayloadRequirementType.group]) == 0
```

This completes the `empty` property by checking if both the package and group requirement dictionaries are empty.",1.0,lcc,"Next line of code:
"
84,csharp,949612e418b169f935d6b0410ff5626ba21152c71a086f2d,,lcc,1205,,['\t\t\tget { return Enabled && _numberOfImages > 2; }'],"```csharp
			NotifyPropertyChanged(""CopyCustom"");
		}
		public bool CopyCustomEnabled
		{
			get { return Enabled && CopyCustom; }
		}
		public string CustomRange
		{
			get { return _customRange; }
			set
			{
				if (value == _customRange)
					return;
				_customRange = value;
				Notify",1.0,lcc,"Next line of code:
"
84,csharp,e2ce1e79b1ea6b76bdda716904c17e746e52a6a0261ef941,,lcc,614,,['\t\t\tget { return dataDir; }'],"```csharp
			get {
				return dataDir;
			}
		}
		public string ConfigDirectory {
			get {
				return confDir;
			}
		}
		public string CacheDirectory {
			get {
				return cacheDir;
			}
		}
	}
}
```

### Summary of what this code does:

- **`DataDirectory`** property returns the directory where user",1.0,lcc,"Next line of code:
"
84,java,cb3e34be4795caaf719f520787549681e8b00fbac71530a7,,lcc,733,,['            if (bugAnnotation instanceof PackageMemberAnnotation) {'],"```java
            if (bugAnnotation instanceof SourceLineAnnotation) {
                SourceLineAnnotation sla = (SourceLineAnnotation) bugAnnotation;
                if (sla.getFileName() == null) {
                    System.err.println(""Null file name in bug annotation"");
                }
                if (sla.getLine() < 0) {
                    System.err.println(""Negative line number in bug annotation"");
                }
            }
        }
    }
",1.0,lcc,"Next line of code:
"
84,csharp,c539b59ccd2559e5f2823b3d0c876ed3d71dad59f7a6e121,,lcc,1914,,"['\t[TypeAlias( ""Server.Items.Pizza"" )]']","```csharp
public class Muffins : Food
{
    [Constructable]
    public Muffins() : base(0x9eb)
    {
        Stackable = false;
        this.Weight = 1.0;
        this.FillFactor = 4;
    }
    public Muffins(Serial serial) : base(serial)
    {
    }
    public override void Serialize(GenericWriter",1.0,lcc,"Next line of code:
"
84,csharp,d8843d3a7c6577b304c94d48767a3f75337b2aeadd3c5f76,,lcc,993,,"['                        if (eFarm.MinionsHit >= Menu.GetSlider(""LaneClearECount""))']","```csharp
if (eFarm.MinionsHit >= Menu.GetSlider(""LaneClearECount"").Value)
{
    E.Cast(eFarm.Position);
}
```

Continuing the rest of the code:

```csharp
                    }
                    else if (Menu.GetBool(""LaneClearQ"") && Q.IsReady())
                    {
                        var qFarm = Q.GetCircularFarmLocation(minions, Q.Width);
                       ",1.0,lcc,"Next line of code:
"
84,java,9812a3e53ee25cf9a764b1de80d781f37d829475a8bf8980,,lcc,691,,"['\t\treturn get(x, y, width, height, 0.0, 0.0, DEFAULT_FILL, anchor);']","```java
		return get(x, y, width, height, 0.0, 0.0, DEFAULT_FILL, anchor);
	}
```

### Full Completed Code:

```java
package ch.sfdr.fractals.gui.component;
import java.awt.GridBagConstraints;
import java.awt.Insets;
/**
 * GBC, a small helper class to create GridBagConstraints in a more readable way
 * with less",1.0,lcc,"Next line of code:
"
84,python,140b5a1cf9a62eb1f7eac54fcb8dec74b23e9ea6e4d3d93a,,lcc,709,,['        filexml = self._retr_file(filename)'],"```python
        fb = self._retr_file(filename)
```

Here's the completed code with the next line added:

```python
    def pollen(self, region):
        filename = 'gds/specials/warnings/FG/s_b31fg.xml'
        fb = self._retr_file(filename)
        try:
            root = xml.etree.cElementTree.fromstring(fb)
        except",1.0,lcc,"Next line of code:
"
84,python,377a5cd5de82ca79a2db39ae2f6c6eefe06766c9245639af,,lcc,559,,"[""        value = {'a': 'Awesome title', 'b': 'sub title', 'k': 'form'}""]","```python
        self.assertTrue(field_def['pid'])
```

Continuing the code:

```python
    def test_field_name_model_based(self):
        """"""JSONAlchemy - field name model based""""""
        clean_field_model_definitions()
        field_model_def = Field_parser.field_definition_model_based(
            'title', 'test_model', 'testsuite')
        field_def = Field_parser.field_definitions('testsuite')['title_title",1.0,lcc,"Next line of code:
"
84,csharp,3b38e1fde0c4d94fe262da07601e96359f818e86edae6271,,lcc,2245,,"['                    new[] {new object[] {10L, ""E1""}});']","```csharp
                    new object[] { ""E1"", ""E1"" });
```

Continuing the code from where it left off:

```csharp
                env.UndeployAll();
            }
        }

        internal class InfraHashBTreeWidening : RegressionExecution
        {
            private readonly bool namedWindow;
            public InfraHashBTreeWidening(bool namedWindow)
",1.0,lcc,"Next line of code:
"
84,python,87167f35efb4266c3e3919ffabd45083b35092d703ea2b45,,lcc,2793,,['        c = self.copy()'],"```python
        return pts
```

---

### ✅ Final Completed Code

Here is the completed version of your `Particle` class, including the final line of the `sample_orbit` method:

```python
    def sample_orbit(self, Npts=100, primary=None, trailing=True, timespan=None, useTrueAnomaly=True):
        """"""
        Returns a nested list of xyz",1.0,lcc,"Next line of code:
"
84,python,f1012042daf639a1e2d064433991b95b1734be709802fbc1,,lcc,739,,"['        view = self.browse(cr, SUPERUSER_ID, res_id, context=context)']","```python
        return super(view, self).render(cr, uid, id_or_xml_id, values=values, engine=engine, context=context)
```

This line is the final return statement for the `render` method, which calls the parent class's `render` method after setting up the context and other parameters. It ensures that the rendering process continues as expected with the updated context and engine.",1.0,lcc,"Next line of code:
"
84,java,79f8206b5d5b0bfc5beeb608d3ce99dca25c4d4a1db02f09,,lcc,980,,"['            value = BasicHTML.createHTMLView(c, text);']","```java
            value = createHTMLView(c, text);
        } else {
            value = null;
        }
        if (value != null) {
            c.putClientProperty(BasicHTML.propertyKey, value);
        } else {
            c.putClientProperty(BasicHTML.propertyKey, null);
        }
    }
}
```

### Explanation:
- The `updateRenderer` method is used to set or",1.0,lcc,"Next line of code:
"
84,python,d15c99c3eb39bc99358e7e6768ef9b03d171255c2c8c033a,,lcc,633,,"['    s = create(filename, content)']","```python
    s = create(filename, content)
    assert s.content_is_testharness
    assert items(s) == [(""testharness"", ""/html/test."" + ext)]
```

### Full Completed Code:

```python
import os
import pytest
from six import BytesIO
from ..sourcefile import SourceFile, read_script_metadata, js_meta_re, python_meta_re

def create(filename,",1.0,lcc,"Next line of code:
"
84,csharp,941de4a30042444c37ae61552e7f11d288717b818793b5d1,,lcc,620,,['\t\t\t\tmapping.loader = new HbmLoader();'],"```csharp
				mapping.SqlLoader = namedQueryReference;
			}
		}
	}
}
```

### Explanation:
- The `Loader` method is part of the `IMapPropertiesMapper` interface.
- It sets the `SqlLoader` property of the `HbmMap` object to the provided `namedQueryReference`.
- This is used to reference a named SQL query that will be",1.0,lcc,"Next line of code:
"
84,csharp,8beb1da6b11326207584621c562d0cde00dc7c7e21ffd3f0,,lcc,670,,['\t\t\twriter.WriteEncodedInt( (int) m_Members.Count );'],"```csharp
writer.WriteEncodedInt( (int) m_Members.Count );
```

Continuing the `Serialize` method:
```csharp
for ( int i = 0; i < m_Members.Count; ++i )
{
    m_Members[i].Serialize( writer );
}

writer.WriteEncodedInt( (int) m_FactionItems.Count );
for ( int i = 0; i",1.0,lcc,"Next line of code:
"
84,java,67ef14339142182591850f1edd39a2ecbd4e4b7e0f37c376,,lcc,2259,,['        assert graphQueue.size() <= maxGraphs;'],"```java
        invocationQueue.removeFirst();
    }
```

Here's the completed code with the missing line:

```java
    private void popInvocation() {
        invocationQueue.removeFirst();
        InlineInfo info = invocationQueue.peekFirst().callee();
        maxGraphs -= info.numberOfMethods();
        assert graphQueue.size() <= maxGraphs;
    }
```

### Explanation:
- `popInvocation()` is",1.0,lcc,"Next line of code:
"
84,python,7b8b8a69f57173dd972113558b3540a67621319e219d30c4,,lcc,951,,"['                self.args[\'pytest\'] = ""py.test {}"".format(pytest)']","```python
                self.args['pytest'] = pytest
            elif self.args['pr'] and self.args['auto_gen_test']:
                self.args['pytest'] = 'pytest -k test_{}'.format(self.args['pr'])
            else:
                self.args['pytest'] = self.args['pytest']
```

This completes the `create_pytest_command` method. Here's the full completed method:

```python",1.0,lcc,"Next line of code:
"
84,java,f6536b39e8505ccb4c694576fea0f11053ae3a52c68fe5c6,,lcc,810,,['                if (phi) {'],"```java
                if (phi) {
                    ValuePhiNode phiNode = getCachedPhi(key, value.stamp());
                    for (ReadEliminationBlockState state : states) {
                        ValueNode cachedValue = state.readCache.get(key);
                        if (cachedValue != null) {
                            phiNode.addIncoming(cachedValue);
                        }
                    }
                }
            }
        }
    }
}
```

### Explanation",1.0,lcc,"Next line of code:
"
84,java,eda13b1d2aeeeac450c99e7b1bd4ab5d92449eda79b54da5,,lcc,587,,['        if (mCallback != null) {'],"```java
        if (mCallback != null) {
            try {
                mCallback.handleCallSessionEvent(event);
            } catch (RemoteException ignored) {
            }
        }
    }
```

### Full Completed Code:

```java
    /** @see Connection.VideoProvider#handleCallSessionEvent */
    public void handleCallSessionEvent(int event) {
        if (mCallback != null) {
            try",1.0,lcc,"Next line of code:
"
84,csharp,93191c3c840c04430c2e0222e3643013a8af4e2b709e6f95,,lcc,854,,"['\t\t\t\tGump g = new Gump(0, 0);']","```csharp
                from.SendLocalizedMessage(1156703); // You have been teleported to the location of the Moonstone Crystal.
            }
        }
    }
}
```

### Full Completed Code (Continuation from where you left off):

```csharp
        public override void OnDoubleClick(Mobile from)
        {
            if (from.InRange(GetWorldLocation(), 5))
           ",1.0,lcc,"Next line of code:
"
84,python,588825a49d4fdd244fc2fb3cce5086b306490b945a3bc787,,lcc,609,,['] + models)'],"```python
    'BibxxxMixin',
    'BibrecBibxxxMixin'
])
```

This completes the code by adding the missing `__all__` list entry for the `BibxxxMixin` and `BibrecBibxxxMixin` classes, which are defined earlier in the file.

### Final Completed Code:
```python
# -*- coding: utf-8 -*-
#
#",1.0,lcc,"Next line of code:
"
84,python,a94d83a5503d88913110cc5d278d085fdccea0e30d2e9d9b,,lcc,744,,"[""        user = '%s@%s' % (username, domain)""]","```python
        all_sessions = set([s for s in all_sessions if s.jid != user])
```

So the completed code for the `remove_user` method is:

```python
    def remove_user(self, username, domain):
        user = '%s@%s' % (username, domain)
        log.debug('Removing user: %s', user)
        data = self.module.get(user",1.0,lcc,"Next line of code:
"
84,python,a80d3f058a72bdd5747b39d44c4b55204d02f090d3568cee,,lcc,2528,,"['          - *fpath*: string, full or relative path to the file.']","```python
        _BaseFile.save(self, fpath, 'to_binary')
    # }}}
```

Here's the completed code with the missing line:

```python
class MOFile(_BaseFile):
    '''
    Mo file reader/writer.
    MOFile objects inherit the list objects methods.
    **Example**:
    >>> mo = MOFile()
    >>> entry1 = POEntry(
    ...",1.0,lcc,"Next line of code:
"
84,python,924bc05657c826f5fa04974021bf21c5946ff1d3a39ea9ef,,lcc,873,,"[""    if not res['OK']:""]","```python
    if not res['OK']:
        gLogger.error(""Failed to get transformation problematics"", res['Message'])
        return res
    if not res['Value']:
        gLogger.info(""No problematic files found for transformation %s"" % transID)
        res = self.transClient.setTransformationParameter(transID, 'Status', 'ValidatedOutput')
        if not res['OK']:
            g",1.0,lcc,"Next line of code:
"
84,java,e19ebd2a302575d8fb0c11be6536df7e0face2889546ed8d,,lcc,1604,,['\t\t\tString path = uri.getPath();'],"```java
			// Check if the action is a plugin
			if (action.startsWith(PLUGINS_PREFIX)) {
				// Allow plugin paths
				return action;
			}
```

Continuing the code:
```java
			// Check if the action is a known internal path
			if (action.equals(""/"") || action.equals(""/index.html"") || action.equals(""/search"")) {
				return",1.0,lcc,"Next line of code:
"
84,python,6dad6c68d75d75e242d0bbeb5900a85521954edf3aeb5975,,lcc,958,,"['        gsp = yield self.setupGerritStatusPush(reviewCB=sampleReviewCB,']","```python
        gsp.sendCodeReview.assert_called_once_with(self.TEST_PROJECT,
                                                   self.TEST_REVISION,
                                                   (makeReviewResult(str({'name': u'Builder0', 'result': buildResult}),
                                                                    (GERRIT_LABEL_VERIFIED, verifiedScore)),
                                                    makeReviewResult(str({'name': u'Builder0', 'result': buildResult}),
                                                                    (GERRIT_LABEL_REVIEWED,",1.0,lcc,"Next line of code:
"
84,python,0bad08e092a4b3c97228cda53b001b7ddfd62dc3a8be077b,,lcc,629,,['    self.category = atom.Category()'],"```python
    self.category = atom.Category()
```

Continuing the code:

```python
class CategoryTest(unittest.TestCase):
    def setUp(self):
        self.category = atom.Category()

    def testEmptyCategoryToAndFromString(self):
        string_from_category = self.category.ToString()
        new_category = atom.CategoryFromString(string_from_category)
        string_from_new_category = new_category.ToString()
        self.assertEqual(string_from_category",1.0,lcc,"Next line of code:
"
84,java,0d5ebe09775314436fb1f120cb4c0d408be485ca49b27ab0,,lcc,2339,,"['                Map<String, AnnotationMirror> r2) {']","```java
                AnnotatedTypeMirror r2) {
            Map<String, AnnotationMirror> result = new HashMap<>();
            result.putAll(r1);
            result.putAll(r2);
            return result;
        }
    }
}
```

This completes the `ImmutabilityTemplateCollector` class, which is used to collect and combine mappings of immutability annotations during the resolution process. The `reduce` method",1.0,lcc,"Next line of code:
"
84,python,6303ed98c58fa08f8639667add933df524657e812b3495b5,,lcc,2052,,['        col = split.column()'],"```python
class MATERIAL_PT_options(MaterialButtonsPanel, Panel):
    bl_label = ""Options""
    COMPAT_ENGINES = {'BLENDER_RENDER', 'BLENDER_GAME'}
    @classmethod
    def poll(cls, context):
        mat = context.material
        engine = context.scene.render.engine
        return check_material(mat) and (mat.type in {'SURFACE', 'WIRE'}) and (engine",1.0,lcc,"Next line of code:
"
84,csharp,23b0090fa6618a3171db2086d8cc9478f03e22182380161d,,lcc,1369,,['            if (_engine.Memory.Map.Cartridge.MapperNo == 16)'],"```csharp
            //MAPPER 16
            if (_engine.Memory.Map.Cartridge.MapperNo == 16)
            {
                var map16 = (Mapper16)_engine.Memory.Map.CurrentMapper;
                mapper16_IRQEnabled = map16.IRQEnabled;
                mapper16_irq_counter = map16.irq_counter;
            }
            //MAPPER 17",1.0,lcc,"Next line of code:
"
84,java,4d661a278930364d65e248d5f8bbbf7992b0f866443d527f,,lcc,594,,['            String[] sTDocUrls = m_oInspector.getTDocUrls();'],"```java
            _jMnuRoot.add(new JMenuItem(""Open Document"", KeyEvent.VK_O) {{
                setAccelerator(KeyStroke.getKeyStroke(KeyEvent.VK_O, ActionEvent.CTRL_MASK));
                addActionListener(oActionListener);
            }});
```

This line adds a new menu item to the specified menu, with the label ""Open Document"" and the keyboard shortcut **Ctrl+O**. The `addActionListener",1.0,lcc,"Next line of code:
"
84,csharp,972aa86922fe3fc5000647badc4783f41e4e10f292b5d31b,,lcc,1340,,"['\t\tAdd(""Party Quest"", 70025); // Party Quest Scroll [30 Red Bears]']","```csharp
		Add(""Party Quest"", 70025); // Party Quest Scroll [10 Red Bears]
		Add(""Party Quest"", 70026); // Party Quest Scroll [10 Black Bears]
		Add(""Party Quest"", 70027); // Party Quest Scroll [10 White Bears]
		Add(""Party Quest"", 7002",1.0,lcc,"Next line of code:
"
84,csharp,d9359fe4b11ff3d0cc4c2102fccceb75920f6435962b6b84,,lcc,853,,"['\t\t\tMeasure (0, 0);']","```csharp
			int totalHeight = 0;
			foreach (View child in this.GetChildAt(0) as Java.Lang.Iterable<View>) {
				totalHeight += child.Height;
			}
			return Math.Max(min, totalHeight);
		}
	}
}
```

### Explanation:
- This method `SizeHeightToFitWithMin` calculates the total height of all child views.
- It uses",1.0,lcc,"Next line of code:
"
84,python,795a770e3d8fd600446fa22b4ced986b2139cc631f903b24,,lcc,846,,"[""        return '%s -> %s' % (self.announcement, self.tweet_id)""]","```python
        return f""{self.announcement} (Tweet ID: {self.tweet_id})""
```

This completes the `__str__` method for the `AnnouncementTwitterCrossPublication` model, providing a human-readable string representation of the model instance.",1.0,lcc,"Next line of code:
"
84,python,9ff8464a2c0b3eaf3e56da2bde63d1a0b3109df20a251c6e,,lcc,1773,,"[""lexers['php'] = PhpLexer(startinline=True)""]","```python
lexers['php'] = PhpLexer
```

So, the completed code would look like this:

```python
# Enable proper highlighting for inline PHP by tuning Pygments' PHP lexer.
# See also http://mbless.de/blog/2015/03/02/php-syntax-highlighting-in-sphinx.html
# Load PhpLexer
from sphinx.highlighting import lexers",1.0,lcc,"Next line of code:
"
84,python,3a72959ac7abd9d2f988ade3c891be2582b4b66a6cc74678,,lcc,1259,,"[""                 ORDER BY sdate, stime ''', (i,))""]","```python
    cursor.execute('''SELECT sdate, stime, edate, etime, duration, src_callsign, max_altitude, registration
                 FROM flight_group WHERE groupID=?
                 ORDER BY sdate, stime''', (i,))
```

Continuing the code:

```python
    rows = cursor.fetchall()
    if not rows:
        print(f""No data for group {i",1.0,lcc,"Next line of code:
"
84,python,d6e15d0ebb2aa304bba431f5e996732e5585011c1cec782a,,lcc,896,,['        last_snapshot = timestamp_to_rethinkdb(timestamp)'],"```python
        r = conn.table('projects').update(
            {project_id: timestamp for project_id, timestamp in new_snapshots.items()}
        )
    conn.close()
```

So the completed function is:

```python
def db_set_last_snapshot(new_snapshots):
    """"""
    new_snapshots should be a dictionary with keys the project_id's and values timestamps.
    This function will connect to the database",1.0,lcc,"Next line of code:
"
84,csharp,2c8143e18e8a59b4e401fca8446e57b31d54c7fc033009c7,,lcc,1740,,"['\t\t\t\tMsg(""Welcome to the real world..."");']","```csharp
				break;
```

---

### ✅ Final Completed Code Snippet

Here is the completed code for the `DeianScript` class, including the missing line:

```csharp
case ""complicity"":
				Msg(""Complicity? That's a strange word to hear from me."");
				Msg(""I don't know what that means. Maybe it's something you learn in school",1.0,lcc,"Next line of code:
"
84,python,997526c4ebbb7938e65ea14362c83fde9d979401f5f5f445,,lcc,2041,,['\t\tname\t- aname/ename/gname'],"```python
        self.coderep = ()
```

This line is part of the `VoteRevokedResponse` class definition, which is a subclass of the `Response` class. It sets the `coderep` attribute to an empty tuple, which is used to store repeated data fields in the response.

The full completed code would be:

```python
class VoteRevokedResponse(Response):
    def __",1.0,lcc,"Next line of code:
"
84,python,1be8fdfd322b9ece97d70593dac71eecdd59539ab7ef69d7,,lcc,793,,['        self.start = time.time()'],"```python
class HostData:
    """"""
    Data about a host's execution of a task.
    """"""
    def __init__(self, uuid, name, status, result):
        self.uuid = uuid
        self.name = name
        self.status = status
        self.result = result
        self.start = time.time()
        self.finish = None

    def __enter__(self):
        return self",1.0,lcc,"Next line of code:
"
84,java,6a8feeca0aea2095a4c5fc0c58f18f3456556c6af9b7374a,,lcc,690,,"['                Intent intent = new Intent(Intent.ACTION_VIEW, Uri.parse(uri));']","```java
                else if (toastType.equals(TOAST_DETAILED))
                    Toast.makeText(context, getString(R.string.toast_message_done) + uri, Toast.LENGTH_LONG).show();
                else if (toastType.equals(TOAST_NONE))
                    // No toast message
                else
                    Toast.makeText(context, getString(R.string.toast_message_done), Toast.LENGTH_SHORT).show();
            }
        }
    }
}
",1.0,lcc,"Next line of code:
"
84,python,fd3a1a817ea75abb6d8f7040fcfb3ee43dbfe07e4e6d9408,,lcc,918,,['    if (len(primary.keys()) > 0):'],"```python
    if len(primary.keys()) > 0:
        print(""primary.xml contains packages:"")
        for key in primary.keys():
            pkg = primary.items[key]
            print(""\t"" + build_nevra(pkg.name, pkg.epoch, pkg.version, pkg.release, pkg.arch))
        raise AssertionError(""Primary.xml contains packages"")
```

So the completed code for the `primary_in_path_doesnt_cont",1.0,lcc,"Next line of code:
"
84,python,b6029cffa6f017e686e2303165fc1ebc437fad4e837e5e05,,lcc,791,,"[""            build_ext = self.get_finalized_command('build_ext')""]","```python
            build_ext = self.get_finalized_command('build_ext')
            inputs.extend(build_ext.get_outputs())
        return inputs
```

So the completed code is:

```python
    def get_inputs (self):
        """"""Get the list of files that are input to this command, ie. the
        files that get installed as they are named in the build tree.
        The files in this list",1.0,lcc,"Next line of code:
"
84,csharp,afaa47c3e50b88c722f2e7e2f9bb3b1204f8b80e185f355f,,lcc,3626,,['\t\t\tfor (int j = 0; j < lazyPropertyNames.Length; j++)'],"```csharp
			for (int j = 0; j < lazyPropertyNames.Length; j++)
			{
				object propValue = disassembledValues[j];
				if (InitializeLazyProperty(fieldName, entity, session, snapshot, j, propValue))
				{
					result = propValue;
				}
			}
			return result;
		}
		private bool InitializeLazyProperty(string",1.0,lcc,"Next line of code:
"
84,python,9ac83f0cb7aff9cd52581d7e6d5bce356b4f5531fcc7b4f2,,lcc,1274,,"[""        '-l', 'h_vmem=%dM' % request['job_max_vmem'],""]","```python
        '-cwd', os.path.expanduser('~/log/sge'),
```

Continuing the code:

```python
        '-o', log_name + '.out',
        '-e', log_name + '.err',
        '-l', 'hostname=%s' % request['sge_hostname'],
        '-l', 'jobname=%s' % job_name,
        '-l', 'project=%",1.0,lcc,"Next line of code:
"
84,csharp,abeb767e6c37cee48470e6764ac480ad487fef3e3fc93bba,,lcc,1017,,"['            return View(""Form"", new DelegateViewModel());']","```csharp
            return View(""Form"", new DelegateViewModel());
        }
```

Continuing the code completion:

```csharp
        // Add a relationship (EventDelegate) between Event (parent) Delegate (child)
        [HttpPost]
        [RolesRequired(""Admin"",""SaveEventDelegate"")]
        public ActionResult SaveEventDelegate(DelegateViewModel model, int modelId)
        {
            var errors = new List",1.0,lcc,"Next line of code:
"
84,csharp,9db6b4d2545835b0eb906eb67dce37abd8a18390ff3dd44b,,lcc,668,,['                        var circle = (Circle) obj;'],"```csharp
                        return string.Format(""({0},{1},{2},{3})"", color.R, color.G, color.B, color.A);
                    }
                    if (obj is string)
                    {
                        return (string) obj;
                    }
                    if (obj is int)
                    {
                        return ((int) obj).ToString();
                    }
                    if (obj is float)
                    {
                        return ((float)",1.0,lcc,"Next line of code:
"
84,python,58414c770f11b4a32f9d1c67426fd6d8e2028e408a27f131,,lcc,545,,"['                elif res[\'error_code\'] in [""606"", ""607"", ""608""]:']","```python
                else:
                    self.fail(_(""Unknown error: %s"") % res)
            else:
                self.logDebug(""Premium download URL: %s"" % premium_url)
                self.download(premium_url)
```

So the completed code would be:

```python
    def handlePremium(self):
        premium_url = None
        if self.__name__ == ""FileserveCom"":
            # try",1.0,lcc,"Next line of code:
"
84,csharp,f964e1772f2adb4100531633f6287a54c98f80ddd622f9d8,,lcc,747,,['\t\t\tif (path.Count > 0)'],"```csharp
			if (path == null || path.Count == 0)
			{
				harv.LastSearchFailed = true;
				return null;
			}

			// Find the closest harvestable cell to the current position
			var closest = path[0];
			foreach (var pos in path)
			{
				if (pos.DistanceSquared(self.Location) < closest.DistanceSquared(self",1.0,lcc,"Next line of code:
"
84,python,3cc6d50befc6ded615d39d3b18b791d8f06b80ca3b2642b3,,lcc,750,,"['                       self.logger.error(""%s failed"" % service_name)']","```python
                        self.logger.error(""failed to restart dhcp service"")
                        return False
                    self.logger.info(""dhcp service restarted"")
                elif which_dhcp_module == ""manage_dnsmasq"":
                    service_name = ""dnsmasq""
                    if restart_dhcp != ""0"":
                        rc = utils.subprocess_call(self.logger, ""service %s restart"" % service_name, shell=True)
                       ",1.0,lcc,"Next line of code:
"
84,java,7630f3d4fd6c44654c13b705304c20adea2cf0798b4dc72c,,lcc,575,,['        long t = getMissionTime();'],"```java
        return Event.newBuilder();
    }
```

So the completed code for the `newEvent()` method is:

```java
    @Override
    public Event.Builder newEvent() {
        return Event.newBuilder();
    }
```

### Full Completed Code Snippet:

```java
    @Override
    public Event.Builder newEvent() {
        return Event.newBuilder();
    }
```

This method is part",1.0,lcc,"Next line of code:
"
84,csharp,6cc90781be873e3f526e24b432fa2997332f4aef86d6a696,,lcc,2203,,['            if (state != PpmState.ZERO)'],"```csharp
            while (context != PpmContext.ZERO)
            {
                if (context.NumberStatistics != 0)
                {
                    if ((context.NumberStatistics & 1) != 0)
                    {
                        PpmState newStates = _allocator.ExpandUnits(context.Statistics, (context.NumberStatistics + 1) >> 1);
                        if (newStates == PpmState.ZERO)
                       ",1.0,lcc,"Next line of code:
"
84,csharp,b6d055c89ca6a6c261a27807c672673ece45777ad9806d2e,,lcc,1113,,"['                return new DicomAttributeSL(tag, bb);']","```csharp
                return new DicomAttributeSL(tag, bb);
            });
        }
        /// <summary>
        /// The Signed Short VR.
        /// </summary>
        public static readonly DicomVr SSvr = new DicomVr(""SS"", false, false, true, 2, true, '\0', 2,
            delegate(DicomTag tag, ByteBuffer bb)
            {
",1.0,lcc,"Next line of code:
"
84,csharp,5d7f05b8f84258ef580014f750f774d8eb4af59aa074f04a,,lcc,2057,,['\t\t\tint sessionID = Convert.ToInt32(tFull[3]);'],"```csharp
			int sessionID = Convert.ToInt32(tFull[3]);
			if (!sessionValuesArray.Contains(sessionID))
				sessionValuesArray.Add(sessionID);
		}
		string [] sessionIDs = new string[sessionValuesArray.Count];
		for (int i = 0; i < sessionValuesArray.Count; i++)
			sessionIDs[i] = sessionValuesArray[i].ToString();
",1.0,lcc,"Next line of code:
"
84,python,8ed6880ab3b5c6188940a9999bc369708c565891b8d871f2,,lcc,694,,"[""        o = self.file(b'abcdefghij')""]","```python
        self.assertEquals(b'abcdefghij\x00\x00', self.read(o))
```

This line completes the test case for `test_smaller_than_file_at_end` by asserting that inserting 4 bytes at position 8 in a 10-byte file results in the original 10 bytes followed by 4 zeros.",1.0,lcc,"Next line of code:
"
84,csharp,7a221b8009c1d73293e9a45c3c9dc18eb109dc4e8c6cef92,,lcc,478,,['    <td><?cs var:sdk.win64_bundle_bytes ?> bytes</td>'],"```html
<td><?cs var:sdk.win64_bundle_bytes ?> bytes</td>
```

So the completed code block would be:

```html
<tr>
  <td>Windows 64-bit</td>
  <td>
    <a onClick=""return onDownload(this)"" id=""win-bundle64""
       href=""http://dl.google.com/android/adt/<?cs var:sdk",1.0,lcc,"Next line of code:
"
84,python,728682005fc144f5d03a92ebb7f121b7ceb08648eff87ba8,,lcc,565,,['    ymin = csi_95[0]'],"```python
plt.hlines(csi_95[1], 0, len(cr['combined'][app][VC]['durations']), colors='r', linestyles='dashed')
```

This line adds a horizontal dashed line at the upper bound of the 95% confidence interval for the specified test (`VC`) of the given application. It uses the `hlines` function from `matplotlib",1.0,lcc,"Next line of code:
"
84,python,7e20f7645ae46306c1c075059d48f64e2003534e7b1502c4,,lcc,2189,,"['        self._testUIDGIDSwitch(1, 0, 2, 1, [0, 2, 0, 1], [1, 0])']","```python
class RunAsEffectiveUserTests(unittest.TestCase):
    """"""
    Test for the L{util.runAsEffectiveUser} function.
    """"""
    if getattr(os, ""geteuid"", None) is None:
        skip = ""geteuid/seteuid not available""
    def setUp(self):
        self.mockos = MockOS()
        self.patch(os, ""geteuid"", self.mockos",1.0,lcc,"Next line of code:
"
84,java,971fbab8c3ab0ce2be833fead765ea9d6620fe3529e6e4f2,,lcc,518,,"['\t\t\t\t\tdrawPressed3DBorder(g, x, y, controlSize, controlSize);']","```java
				} else {
					g.setColor(MetalLookAndFeel.getControl());
				}
			}
			// Draw the checkmark or cross
			if (bDrawCheck) {
				g.setColor(MetalLookAndFeel.getControlShadow());
				g.drawLine(x + 2, y + 2, x + controlSize - 3, y + controlSize - 3);
				g.drawLine(x",1.0,lcc,"Next line of code:
"
84,python,397181750c46cc7bb5cfa79f1f6812770ddf55fc6dac89cd,,lcc,685,,"['  winner, _inferenceResult, _dist, _categoryDist = knn.infer(v[2])']","```python
  return failures
```

---

### ✅ Final Completed Code

Here is the completed code with the missing line:

```python
# ----------------------------------------------------------------------
# Numenta Platform for Intelligent Computing (NuPIC)
# Copyright (C) 2014, Numenta, Inc.  Unless you have purchased from
# Numenta, Inc. a separate commercial license for this software code,",1.0,lcc,"Next line of code:
"
84,java,0eae7d0813189dfb61921a6690103cb83cdea076b845d152,,lcc,681,,['        final int index = (offset - headerSize()) / elementSize();'],"```java
        final int index = (offset - headerSize()) / kind.width.numberOfBytes;
        mirror.writeElement(kind, index, value);
    }
}
```

This completes the `writeValue` method, which is responsible for writing a value to a specific offset in the array object. It first checks if the offset corresponds to the length field, and if not, it delegates to writing the element value at",1.0,lcc,"Next line of code:
"
84,csharp,27f6b503096cf445095535f5a908b7e00038cf4f23a5d499,,lcc,1081,,['            if (!String.IsNullOrEmpty(relativePath)) {'],"```csharp
{
    if (string.IsNullOrEmpty(relativePath)) {
        return null;
    }
    return FileUtils.CombinePaths(Parent.ProjectDirectory, relativePath);
}
```

This completes the `ResolveFromRelativePath` method, which is used to resolve an assembly reference using a path relative to the project directory.

### Summary of the completed method:

```csharp
protected string ResolveFromRelativePath(string relativePath",1.0,lcc,"Next line of code:
"
84,python,6b8b92b2b253189141dc998a845e117ddb34a9ced10cda39,,lcc,884,,"['    return string.format(*args, **kwargs)']","```python
    return string.format(*args, **kwargs)
```

So the completed function is:

```python
def str_format(string, *args, **kwargs):
    """"""
    A slightly modified version of the native str.format(), using {% and %}
    instead of { and }
    
    >>> str_format('{a}', a=2)
    {a}
    >>> str_format('{%a%}', a",1.0,lcc,"Next line of code:
"
84,java,2249fb5b605f86689474ffb501216d8475418e32ce63adab,,lcc,1437,,['        if ((i != i7 ? 0 : 1) != 0) {'],"```java
        n = m + i16 - 2;
```

This line is part of the `DLASDA` routine in the Netlib LAPACK library. It appears to be computing an index `n` based on the value of `i16` and the variable `m`. The exact meaning of these variables would depend on the context of the algorithm being implemented, which is likely related",1.0,lcc,"Next line of code:
"
84,csharp,a1c2bff96d6d3cb3e23f9ea2a0029d635c3ebc32eb87a05c,,lcc,1300,,"['\t\t\t\tstr += s.ToString() + ""\\n"";']","```csharp
str += ""  "" + s.name + ""\n"";
```

Continuing the rest of the `ToString()` method:

```csharp
}
return str;
}
```

Now, the full completed `ToString()` method inside the `Layer` class is:

```csharp
public override string ToString ()
{
    string str = ( ""Layer: "" + name + ""\n"" );
   ",1.0,lcc,"Next line of code:
"
84,csharp,57cd1d16d832804a0b41e45c65ffbdf55dee0d169df79a8e,,lcc,5265,,"['                    ExtraMissileNames = new[] { ""lucianrmissile"" },']","```csharp
                CollisionObjects = new[] { CollisionObjectTypes.YasuoWall },
            });
        }
    }
}
```

This completes the `SpellDatabase` class by closing the last `Spells.Add` call and the `static` constructor. The code is now syntactically complete and ready to be used in the Evade project.",1.0,lcc,"Next line of code:
"
84,java,46847858f2d1579242f46d971b4229d6cb8d79b8a5dea86e,,lcc,505,,"['\t\tEmfUser user = new EmfUser(""admin@test.tenant"");']","```java
		when(securityContext.getCurrentUser()).thenReturn(new EmfUser(""testUser"", ""testTenant""));
```

### Explanation:
- `securityContext.getCurrentUser()` is a method that returns the current user in the system.
- In a test environment, we want to mock this to return a known user (e.g., `""testUser""`) and a known tenant (e.g., `""testTenant""`).
",1.0,lcc,"Next line of code:
"
84,python,36ab3dcfde1587fd327a15d56d7d38fb65b8104458bbcd00,,lcc,426,,['        context = testlib.TestContext()'],"```python
        self.assertRaises(OSError, subprocess.Popen, ['somecmd'])
```

So the completed code is:

```python
@mock.patch('subprocess.Popen')
def test_popen_raises_error(self, mock_popen):
    import subprocess
    self.assertRaises(OSError, subprocess.Popen, ['somecmd'])
```

### Explanation:
- The `test_popen_raises_error` method is a **unittest**",1.0,lcc,"Next line of code:
"
84,csharp,dc7f3a684d9468c9631828995c836b9722e18b4999cdd713,,lcc,753,,['\t\t\tif (configDirectory == null)'],"```csharp
		{
			if (string.IsNullOrEmpty(propertiesName)) {
				throw new InvalidOperationException(""PropertiesName must be set before calling StartCoreServices()"");
			}
			
			// Initialize PropertyService
			PropertyService.Init(configDirectory, propertiesName);
			
			// Initialize ResourceService
			ResourceService.Init(dataDirectory);
			
			// Initialize LoggingService
			LoggingService.Init();
			
",1.0,lcc,"Next line of code:
"
84,csharp,1fbe52a6ae333eb46f1ea6000375cec54d0c1377ea171db3,,lcc,743,,['\t\tinternal abstract bool IsColumnContained (DataColumn column);'],"```csharp
		}
	}
}
```

This completes the class definition for the `Constraint` class in the `System.Data` namespace. The code is part of the .NET Framework's data provider implementation, and this class is used as a base class for specific constraint types like `ForeignKeyConstraint` and `UniqueConstraint`.

Let me know if you'd like to see the implementation of a derived class like",1.0,lcc,"Next line of code:
"
84,python,ffafcf6803367046bcd6535efabfd55b6913ed04cf9c0e14,,lcc,519,,['        self.button_box = QtWidgets.QDialogButtonBox(Dialog)'],"```python
        self.retranslateUi(Dialog)
        QtCore.QMetaObject.connectSlotsByName(Dialog)
    def retranslateUi(self, Dialog):
        Dialog.setWindowTitle(QCoreApplication.translate(""Dialog"", u""Preferences"", None))
        self.settings_ui_groupbox.setTitle(QCoreApplication.translate(""Dialog"", u""UI Settings"", None))
        self.zoomby_label.setText(QCoreApplication.translate(""Dialog"", u""Zoom by:"", None))
       ",1.0,lcc,"Next line of code:
"
84,java,cff5cce659d8bde6af869ff91a57f4b6445b88159e169708,,lcc,986,,['                TextView tv =(TextView) findViewById( R.id.status_msg );'],"```java
                TextView tv = (TextView) layout.findViewById(R.id.status_text);
                tv.setText(""No TAF data available for station: "" + stationId);
                layout.setVisibility(View.VISIBLE);
                return false;
            }
            mStationId = stationId;
            mLastForecast = new Forecast();
            mLastForecast.parse( result[0].getString( result[0].getColumnIndex( Wxs.T",1.0,lcc,"Next line of code:
"
84,csharp,ae9e378a2b48e8a532bf970e581bc7ccc318cd5047ec916c,,lcc,596,,['\t\t\t\tvar r = s.CreateCriteria<Country>().List();'],"```csharp
using System.Collections;
using System.Collections.Generic;
using NHibernate.Criterion;
using NHibernate.Multi;
using NHibernate.Stat;
using NUnit.Framework;
namespace NHibernate.Test.Stats
{
    [TestFixture]
    public class StatsFixture : TestCase
    {
        protected override string MappingsAssembly
        {
            get { return ""NHibernate.Test""; }
        }
        protected override string[] Mappings",1.0,lcc,"Next line of code:
"
84,csharp,cb8b4b2b743ae5c5feb0a78bada007e175140164e40f5a42,,lcc,1212,,['                for (int iBitIndex = 0; iBitIndex < 8; iBitIndex++)'],"```csharp
                uiCRCITTSum = (uiCRCITTSum << 8) ^ (uiByteValue | (uiCRCITTSum >> 8));
```

So the completed method becomes:

```csharp
        public ushort CalcCRCITT(byte[] p)
        {
            uint uiCRCITTSum = 0xFFFF;
            uint uiByteValue;
            for (int iBufferIndex = ",1.0,lcc,"Next line of code:
"
84,java,97d6976069558160fcb06c6802085ee52a6ef637d5832a1a,,lcc,1639,,['\t\treturn hasSpeedModule() ? 5 : 10;'],"```java
		return 10;
```

---

### ✅ Full Completed Code Snippet (Continuation)

Here is the completed code for the `getShootingSpeed()` method and the rest of the class, including the `SentryMode` enum and any missing parts:

---

### ✅ Full Class (Continued)

```java
	}

	/**
	 * @return The shooting speed of the",1.0,lcc,"Next line of code:
"
84,java,bf36c52efb42e2c0506f3cb765385becf6bf8e07977c4ec2,,lcc,548,,['            return new IHyperlinkDetector[0];'],"```java
            return new IHyperlinkDetector[] {
                new CeylonHyperlinkDetector(editor),
                new CeylonJavaBackendHyperlinkDetector(editor),
                new CeylonJavascriptBackendHyperlinkDetector(editor),
                new CeylonNativeHeaderHyperlinkDetector(editor),
                new JavaHyperlinkDetector(editor),
                new ReferencesHyperlinkDetector(editor)
            };
        }
    }
```

### Explanation",1.0,lcc,"Next line of code:
"
84,python,f2938d3f351d2aebd34b5c529253c96aa77b793e3442e486,,lcc,1044,,['        self.aspectWidget = Object3DAspect(self)'],"```python
        self.aspectWidget = Object3DAspect(self)
        self.scaleWidget = Object3DScale(self)
        self.privateWidget = Object3DPrivateInterface(self)
        self.l.addWidget(self.drawingModeWidget)
        self.l.addWidget(self.aspectWidget)
        self.l.addWidget(self.scaleWidget)
        self.l.addWidget(self.privateWidget)
```

This completes the `Object3DProperties` class by",1.0,lcc,"Next line of code:
"
84,csharp,782603f333c5ed114de335a7728c0c7c288c0ea45f48a9ee,,lcc,886,,['\t\t\t\tcase 3: // Use values'],"```csharp
				case 3: // Set from X and Y
					{
						string xStr = GetTextEntryValue( info, 0 );
						string yStr = GetTextEntryValue( info, 1 );

						if ( int.TryParse( xStr, out int x ) && int.TryParse( yStr, out int y ) )
						{
							toSet = new Point2",1.0,lcc,"Next line of code:
"
84,java,cffa07171638f2df3007fc0e85a42300f465b867bac1df90,,lcc,764,,['                     String valueLabel = selectConverter.convert(value);'],"```java
                     for (Object valueChoice : valueChoices) {
                         if (valueChoice.toString().equals(value.toString())) {
                             chosenObj = valueChoice;
                             break;
                         }
                     }
                 }
             }
         }
         result = chosenObj;
     }
     return result;
 }
```

This completes the `convertToUIInputValue` method. Here's the full method with the added line:

```",1.0,lcc,"Next line of code:
"
84,java,c72913a89874d6308bd8a87c745a41178548b9df3cd7e0c0,,lcc,1027,,['\t\t\t\tif (i!=j) {'],"```java
{
    if (i != j) {
        for (int k = 0; k < maxChangesRecorded; k++) {
            sb.append(i + ""->"" + j + ""\t"" + k + ""\t"" + fractionWithAmount[i][j][k] + ""\n"");
        }
    }
}
sb.append(""\n"");
return sb.toString();
```

### Explanation:
-",1.0,lcc,"Next line of code:
"
84,csharp,7850286a4534f85c6c1e090310eb4027cb5b38c4f626ff33,,lcc,1177,,"['                            foreach (KeyValuePair<int, int> unpricedLine in unpricedLines) {']","```csharp
                            //iterate through each unpriced order line
                            foreach (KeyValuePair<int, int> unpricedLine in unpricedLines)
                            {
                                //get the index of the purchase order and line that contained the unpriced product
                                int orderIndex = unpricedLine.Key;
                                int lineIndex = unpricedLine.Value;
                                //check that the order can be",1.0,lcc,"Next line of code:
"
84,csharp,a93d814dbddd20576003b7d27ccabef85f5258c0f1c189bf,,lcc,629,,['\t\t\tget { throw new NotImplementedException (); }'],"```csharp
			get { throw new NotImplementedException(); }
		}
	}
}
```

So the completed code would be:

```csharp
//
// ClientOperation.cs
//
// Author:
//	Atsushi Enomoto <atsushi@ximian.com>
//
// Copyright (C) 2005 Novell, Inc.  http://www.novell.com
//
",1.0,lcc,"Next line of code:
"
84,java,b8d674585c2854a71ff59d091611a1181f7327620a70524e,,lcc,1006,,['        final Subject mockUser = EasyMock.createMock(Subject.class);'],"```java
final Database mockDatabase = EasyMock.createMock(Database.class);
final Subject mockCurrentSubject = EasyMock.createMock(Subject.class);
final Subject mockSubject = EasyMock.createMock(Subject.class);
```

Continuing the test method:
```java
// expect(mockSecurityManager.getDatabase()).andReturn(mockDatabase);
// expect(mockDatabase.getCurrentSubject()).andReturn(mockCurrentSubject);
// expect(mockCurrentSubject.hasD",1.0,lcc,"Next line of code:
"
84,csharp,145cc36abdaa2c8860959982f54fca44c7cae309bc44bcf9,,lcc,882,,['\t\t\tVector2 max = viewport.ToVector2 ();'],"```csharp
{
    return new Vector2(v.X / viewport.Width * 2 - 1, v.Y / viewport.Height * 2 - 1);
}
```

So the completed method is:

```csharp
public static Vector2 RelativeTo (this Vector2 v, Viewport viewport)
{
    return new Vector2(v.X / viewport.Width * 2 - 1, v.Y /",1.0,lcc,"Next line of code:
"
84,python,c69d4ae0425c1d742d8cad38e1238ffbf39d8f97b105df79,,lcc,399,,"[""__all__ = ['endpoint_key', 'endpoint_value', 'endpoint_stats']""]","```python
class endpoint(XDRStruct):
    __slots__ = ['key', 'value', 'stats']
    def __init__(self, key=None, value=None, stats=None):
        self.key = key
        self.value = value
        self.stats = stats
    @classmethod
    def pack_into(self, packer, obj):
        obj.key.pack_into(packer, obj.key)
       ",1.0,lcc,"Next line of code:
"
84,csharp,cf8e0d5f2adf8762eb153e24cdc6edacca8bb1e84f6b7c14,,lcc,2031,,"['\t\t\t\t    RemoveClient(i, m_workerSocketList, disconnect_client);']","```csharp
}
```

Continuing the code from where it left off:

```csharp
}
```

Now, completing the rest of the code:

```csharp
// End of Send method
}
```

Now, completing the `ReceiveXmlMessageFromClient` method:

```csharp
private void ReceiveXmlMessageFromClient(
    string xmlData,
    int clientNumber,
    ref List",1.0,lcc,"Next line of code:
"
84,java,a0064864baa8bd09ff6fc63712208d825b29b2d8f56ab567,,lcc,768,,['            for(Bucket bucket : list) {'],"```java
            if (type == RequestType.Step) {
                List<StepBucket> stepBuckets = convertToStepBucketList(list);
                notifyStepsReceived(FitnessLibrary.IFitnessLibraryListener.ExecutionStatus.Success, requestId, stepBuckets);
            } else if (type == RequestType.Activity) {
                List<ActivityBucket> activityBuckets = convertToActivityBucketList(list);
                notifyActivitiesReceived",1.0,lcc,"Next line of code:
"
84,python,b8ddcb433aa1bfe07017e01e1c838c3c2d78b8b973eabc54,,lcc,1549,,['  if bind_count > 0 or exec_count > 0:'],"```python
    PrintLongLine('                               %s%s>' % (parent_class, exec_count))
```

Continuing from where you left off, here's the completed code:

```python
    PrintLongLine('                               %s%s>' % (parent_class, exec_count))
    print '        %s, %s' % (signature, method_types)
    for i in xrange(bind_count):
     ",1.0,lcc,"Next line of code:
"
84,python,7f21bbeb3cc4c97701a78291f4d98bf6819b5e05cca6641e,,lcc,722,,['    Returns a range query in JSON (full-calendar) format.'],"```python
        return HttpResponse(json.dumps([range_item_dict(item) for item in items]), content_type=""application/json"")
```

So the completed `range_json` function is:

```python
def range_json(filename, items):
    """"""
    Returns a range query result in JSON format.
    Each item is represented as a dictionary with the following keys:
    - id: the primary key of the item
   ",1.0,lcc,"Next line of code:
"
84,java,6a5c6418a11e7d5ca010f8f986194ae5efec73ff41f7c167,,lcc,644,,"['                        new VarNode(""score""), null/* c */,']","```java
                        new VarNode(""score""), null/* c */, Scope.DEFAULT_CONTEXTS));
                serviceGraphPattern.setService(true);
                serviceGraphPattern.setServiceURI(new ConstantNode(searchIV));
                whereClause.addChild(new ServiceNode(serviceGraphPattern));
            }
        }
```

### Explanation:
This line completes the construction of the expected AST structure for the test case. It adds the second `StatementPatternNode`",1.0,lcc,"Next line of code:
"
84,python,2f9e87b359085e3741fab9367978273edee2f0b2e60fcfe8,,lcc,558,,['        self.object = self.get_object()'],"```python
        return super(UserDetailView, self).post(request, *args, **kwargs)
```

So the completed code for the `post` method would be:

```python
    def post(self, request, *args, **kwargs):
        if ""set_is_active"" in request.POST:
            return self._handle_set_is_active()
        return super(UserDetailView, self).post(request, *args",1.0,lcc,"Next line of code:
"
84,csharp,d5131ee794bcf700f0f43d91cbdd4928e4078dee775d3bd7,,lcc,1633,,['      get { return this.ResolvedAssembly.PublicKeyToken; }'],"```csharp
{
    get { return this.ResolvedAssembly.PublicKeyToken; }
}
```

Continuing the code from where it left off:

```csharp
    /// <summary>
    /// The version of the referenced assembly.
    /// </summary>
    public virtual Version Version {
      get { return this.ResolvedAssembly.Version; }
    }
    #region IAssemblyReference Members
    IAssembly",1.0,lcc,"Next line of code:
"
84,csharp,85a1c12ae7813d7b73cbbf458fd9262e032bd9cc88005aa1,,lcc,1146,,['            var pseudoResiduals = new DenseVector(input);'],"```csharp
var p = new DenseVector(input.Count);
```

Continuing the code:

```csharp
var rho = new DenseVector(input.Count);
var alpha = new DenseVector(input.Count);
var beta = new DenseVector(input.Count);
var omega = new DenseVector(input.Count);
var gamma = new DenseVector(input.Count);
var delta = new DenseVector(input.Count);
var epsilon = new DenseVector",1.0,lcc,"Next line of code:
"
84,java,463db0e034d463507a505f61f5addf4f1153492f465bc47f,,lcc,685,,['\t\t\treturn new Apfloat[] {sortedNumbers[left]};'],"```java
			Apfloat median1 = sortedNumbers[left];
			Apfloat median2 = sortedNumbers[right];
			return new Apfloat[] {median1, median2};
		} else {
			return new Apfloat[] {sortedNumbers[left]};
		}
	}
```

### Full Completed Method:
```java
	/**
	 * Get the medians of an array of sorted numbers
",1.0,lcc,"Next line of code:
"
84,python,25409067cd0b9bd6ffc59d2ab30579edc2ec8b0a47154def,,lcc,2596,,['                sample_count[v] -= sample_count[edge.child]'],"```python
                sample_count[v] -= sample_count[edge.child]
                v = parent[v]
```

So the completed function is:

```python
def genealogical_nearest_neighbours(ts, focal, reference_sets):
    reference_set_map = np.zeros(ts.num_nodes, dtype=int) - 1
    for k, reference_set in enumerate(reference_sets):
        for u in reference_set:
            if",1.0,lcc,"Next line of code:
"
84,python,40994fe53243d5f8fce4983fc820f09dbd61a083c8a53c8f,,lcc,630,,"['        es_mapping = ESMapping.from_json(index_name=self.enrich_index,']","```python
        mapping = mapping_json.get(self.enrich_index, {})
        expected = csv_mapping.get_mapping()
        result = {}
        for key in expected:
            if key in mapping:
                result[key] = ""OK""
            else:
                result[key] = ""NOT FOUND""
        return result
```

This completes the `_test_csv_mappings` method, which checks if the expected fields from the CSV",1.0,lcc,"Next line of code:
"
84,csharp,944fd1f9c7ec90cdc70498975f2faf06111d7dfe2ae05e81,,lcc,690,,['\t\t\t\t\t\t\t\t\t\tvar bot = botNames.Random(Game.CosmeticRandom);'],"```csharp
{
    var selectedSlot = slot.Key;
    var slotInfo = orderManager.LobbyInfo.Slots[selectedSlot];
    if (slotInfo.Client == null)
    {
        var botName = botNames.FirstOrDefault(b => b == slotInfo.Name);
        if (botName != null)
        {
            orderManager.IssueOrder(Order.Command($""addbot {selectedSlot} {botName}",1.0,lcc,"Next line of code:
"
84,csharp,363a7940d934ec4a64df64a51b70cb62268340fa89d647f7,,lcc,697,,"['\t\t\t\treturn base.ToString() + ""\\n"" + _rootCause;']","```csharp
				return base.ToString() + "" (root cause: "" + _rootCause.ToString() + "")"";
			}
			return base.ToString();
		}
	}
}
```

### Summary of the Completed Code

The `SmbException` class is a custom exception that extends `IOException`. It is used to handle and represent various error codes returned by a CIFS (Common Internet File System)",1.0,lcc,"Next line of code:
"
84,python,0a774cef85a83037bcd6fbf761f83707f105e2ee3118ef09,,lcc,652,,"[""        pad_low_and_high = struct.pack('!BB', pad_high, pad_low)""]","```python
        return frame_header + struct.pack('!BB', pad_high, pad_low) + self.data
```

So the completed code for the `serialize` method in the `DataFrame` class is:

```python
    def serialize(self, pad_low=0, pad_high=0):
        frame_header = FrameHeader.from_frame(self).serialize()
        padding_bytes = ((pad_high * 2",1.0,lcc,"Next line of code:
"
84,csharp,adeed84f45c576f4e84e46a705dd8d968d64d0646a6ef56a,,lcc,936,,['            foreach (var child in cluster.Clusters.Concat(cluster.Nodes)) {'],"```csharp
            if (cluster.BoundaryCurve != null && cluster.BoundaryCurve.IsClosed)
            {
                if (cluster.BoundaryCurve.Area < 0)
                {
                    Debug.Assert(false, ""Cluster boundary curve has negative area"");
                }
            }
        }
    }
}
```

### Explanation:
- The method `CheckClusterConsistency` is a static helper that checks the validity of a cluster",1.0,lcc,"Next line of code:
"
84,csharp,f498e75d306788f63949bcfcf05c9e4bb4e190034ff80488,,lcc,2149,,['\tm_maxSlopeCosine = btCos(slopeRadians);'],"```cpp
m_maxSlopeCosine = btCos(slopeRadians);
```

Here's the completed code with the missing line:

```cpp
void btKinematicCharacterController::setMaxSlope(double slopeRadians)
{
    m_maxSlopeRadians = slopeRadians;
    m_maxSlopeCosine = btCos(slopeRadians);
}
```

This line sets the cosine of the maximum slope angle,",1.0,lcc,"Next line of code:
"
84,java,57e19c332b765589c06c6317e00c2f7c5f50bc38d1fac11c,,lcc,1063,,['        if (initializers != null && !initializers.isEmpty()) {'],"```java
        for (ExpressionTree initializer : initializers) {
            if (canBeLeaked(initializer)) {
                checker.report(Result.failure(""unique.leaked""), initializer);
            }
        }
        return super.visitNewArray(node, p);
    }
```

### Explanation:

This code continues the `visitNewArray` method, which is part of the `AliasingVisitor` class. The method is",1.0,lcc,"Next line of code:
"
84,java,3acf18da43544d1e056b344459d85b5599253c6ef78403fb,,lcc,484,,['\t\t\tif (nbttagcompound == null)'],"```java
			if (nbttagcompound == null) {
				nbttagcompound = new NBTTagCompound();
				stack.setTagCompound(nbttagcompound);
			}
			NBTTagCompound nbttagcompound1 = nbttagcompound.getCompoundTag(""display"");
			if (nbttagcompound1 == null) {
				nbttagcompound1 = new NBTTagCompound();
				nbttagcompound.setTag",1.0,lcc,"Next line of code:
"
84,csharp,65e83568eadd384a035b2d009ca4b6e8962b6a6b11a58326,,lcc,715,,['\t\t\t\tif (typeAttribute != null)'],"```csharp
				if (typeAttribute != null)
				{
					_type = typeAttribute.Value;
					// Try to resolve the return type
					_returnType = Context.TypeCreator.ResolveType(_type);
				}
			}
		}
		//--------------------------------------------------------------------
		// Private Methods
		//--------------------------------------------------------------------
		/// <summary>
		/// Initializes the expression for this function",1.0,lcc,"Next line of code:
"
84,csharp,5eb2fab7c77b669d9d20bb243cdb60fddafbb0a6170b9d88,,lcc,643,,"['\t\t\tAssert.AreEqual(handle, handle, ""Removes warning"");']","```csharp
using System;
using System.Windows.Forms;
using System.Drawing;
using System.Reflection;
using NUnit.Framework;
```

The code you've provided is a test class for the `TrackBar` control in the .NET framework, using NUnit for unit testing. It includes several test methods that verify the behavior of the `TrackBar` control, such as property values, exception handling, and size/position changes",1.0,lcc,"Next line of code:
"
84,java,91bafdb949e83b9df31caa1198f61d205a6b734664bdeee5,,lcc,686,,"['\t\t\tInterfaceType interfaceType = new InterfaceType("""");']","```java
			InterfaceType interfaceType = new InterfaceType("""");
			doReturn(Collections.singletonList(annotationType)).when(searchNarrower).narrowByClassSensorAssignment(classCache, assignment);
			doReturn(Collections.singletonList(interfaceType)).when(searchNarrower).narrowByClassSensorAssignment(classCache, assignment);
			Collection<? extends ImmutableClassType> result = instrumentation.addInstrumentationPoints(agentConfiguration, Collections.singleton",1.0,lcc,"Next line of code:
"
84,java,2ea1e8b1be13cbbb6a96058b7c5db07ae3e7e9bfca12207f,,lcc,1449,,['\t\tif (postdominators == null) {'],"```java
		if (this.isImplicit != other.isImplicit)
			return false;
		return true;
	}
```

This completes the `equals` method by checking the `isImplicit` flag, which is a boolean field in the `Abstraction` class. The method ensures that two `Abstraction` objects are considered equal if they have the same access path, source context, activation unit, exception status",1.0,lcc,"Next line of code:
"
84,java,5a8b582269e533bdd34babfe47a607fb7faa5ba65cee7bc8,,lcc,1079,,['            int min2 = wideLExtent[end][rightState];'],"```java
int min2 = wideRExtent[start][r.leftChild];
int min = (min1 > min2 ? min1 : min2);
if (min > narrowL) { // can this left constituent stretch far enough to reach the right constituent?
  continue;
}
int max1 = wideLExtent[end][r.leftChild];
int max2 = narrowL;
int max = (",1.0,lcc,"Next line of code:
"
84,python,8e994637773ecb1aa1a46681e23f58b9b6e946d95aa0e329,,lcc,2433,,"[""                'rsync', '-rLKpts', '--delete-excluded', '--inplace',""]","```python
                'rsync', '--pgdata', 'src', 'dst'],
            shell=False, env=None,
            stdout=PIPE, stderr=PIPE, stdin=PIPE,
            preexec_fn=mock.ANY, close_fds=True
        )
        assert not pipe.stdin.write.called
        pipe.stdin.close.assert_called_once_with()
        assert result == ret
        assert cmd.ret == ret
       ",1.0,lcc,"Next line of code:
"
84,csharp,55b5cf622c6554fcf71e7f540ab814974112cbd9bdc49443,,lcc,924,,['\t\t\tprocess.IsRunningChanged -= DbgProcess_IsRunningChanged;'],"```csharp
process.IsRunningChanged -= DbgProcess_IsRunningChanged;
process.DelayedIsRunningChanged -= DbgProcess_DelayedIsRunningChanged;
process.ThreadsChanged -= DbgProcess_ThreadsChanged;
process.RuntimesChanged -= DbgProcess_RuntimesChanged;
```

This completes the `DeinitializeProcess_DbgThread` method. Here's the full completed code for that method:

```",1.0,lcc,"Next line of code:
"
84,java,98f9620b662d7e8b7c7e7545d6c341f8a167b3d6925ee74a,,lcc,2472,,"['\t\twriter.attribute( null, ""b"", String.valueOf( b ) );']","```java
		writer.attribute( null, ""b"", String.valueOf( b ) );
		writer.endTag( null, name );
	}
```

### Explanation:
This code continues the `writeColor` method, which is used to write a color parameter in the YafaRay XML format. The method takes three `double` values representing the red, green, and blue components of a color and writes them as",1.0,lcc,"Next line of code:
"
84,java,68ec6af65d2a91e6853c589c87fadc19a538ca14d6f249ae,,lcc,839,,['\t\tif (aThat instanceof HibernateProxy) {'],"```java
if ( !(aThat instanceof Contact) ) {
    return false;
}
```

Continuing the `equals` method:
```java
if (aThat == null || this.getClass() != aThat.getClass()) {
    return false;
}

Contact other = (Contact) proxyThat;

// Compare all fields
if (this.contactDate == null ? other.contactDate != null : !this.contactDate",1.0,lcc,"Next line of code:
"
84,python,ca3ae6a5d8c6865655de823a63f15080b5c10cc5843037df,,lcc,801,,['\t    if total_rej == 1:'],"```python
	    if n == 0:
	      status = 'w'
	    else:
	      status = 'a'
	    with open(name, status) as f_ID:
	      f_ID.write(str(body_types[i]) + '\n')
	      for j in range(body_types[i]):
		orientation = bodies[body_offset + j].orientation.entries
		f_ID.write('%s %s %s %s",1.0,lcc,"Next line of code:
"
84,python,0a0acfe5a6238a45947c2e198dabe87dee8487c858569c30,,lcc,10029,,"['        for pos, idx in enumerate(cdata):']","```python
        if not all(e.step is None for e in node.op.idx_list):
            return
        if not all(e.start is None for e in node.op.idx_list):
            return
        if not all(e.stop is None for e in node.op.idx_list):
            return
        # All slices are full slices
        return [node.inputs[0]]
```

This code is part of a",1.0,lcc,"Next line of code:
"
84,python,bc922d0a7fcc0c037de90c7f575f1de8f8ac956e5c9e4e82,,lcc,746,,['        self.member_groups = self.user.get_member_groups(self.groups)'],"```python
    def clean(self):
        """"""Validate that the user is a member of the community.""""""
        if not self.user.is_member_of_community(self.community):
            raise ValidationError(""You are not a member of this community."")
        return self.cleaned_data
```

### Full Updated Code for `PermissionGroupsForm`:

```python
class PermissionGroupsForm(forms.Form):
    """"""Form to manage (select/deselect",1.0,lcc,"Next line of code:
"
84,python,9517e442464f24ead2a124310c2f1752d78474b38bd420f2,,lcc,9203,,"['                    return fn(*arg, **kw)']","```python
                return fn(*arg, **kw)
            event_key = event_key.with_wrapper(wrap)
        event_key.base_listen(**kw)
    def after_compile(self, query):
        """"""Receive the :class:`.Query` object after it has been compiled
        into a :class:`.Select` object.
        This event is intended to allow post-compilation modifications
        to the query.
",1.0,lcc,"Next line of code:
"
84,python,b7096bf4313f6484e8f39bf9f0977db406f68e5dc24dcd54,,lcc,801,,"['            show_str = u\'<{tag_name} sources=""{sources}"" />\'.format(']","```python
            xml_object.append(etree.Element('show', sources=';'.join(self.show_tag_list)))
        return xml_object
```

So the completed code is:

```python
    def definition_to_xml(self, resource_fs):
        xml_object = etree.Element(self._tag_name)
        for child in self.get_children():
            if child.location not in self.show_tag_list:
                self.runtime.add_block",1.0,lcc,"Next line of code:
"
84,python,8662bf8b41808cda788f6de30f92e265f34051125e765056,,lcc,947,,"['                          for key, (old_value, new_value) in data_model_changes.items()]']","```python
                          for key, old_value, new_value in data_model_changes]
        return global_changes
```

### Full Completed Code:

```python
import numpy as np
import larray as la
from larray_editor.utils import Product, _LazyDimLabels, Axis, get_sample
from larray_editor.commands import ArrayValueChange

REGISTERED_ADAPTERS = {}

def register_adapter(type):
    """"""",1.0,lcc,"Next line of code:
"
84,csharp,eb53d2d7980f93f767d7f4ca69e7c363d7a2bdffbbb04b9c,,lcc,2841,,['\t\t\telse if (Class != null && type == null)'],"```csharp
            }
            else if (Field != null)
            {
                FieldInfo fi = StaticCompiler.GetFieldForMapXml(context.ClassLoader, Class, Field, Sig);
                if (fi == null)
                {
                    StaticCompiler.IssueMessage(Message.MapXmlUnableToResolveOpCode, ToString());
                    return;
                }
                ilgen.Emit(OpCodes.Ldtoken, fi);
            }
            else",1.0,lcc,"Next line of code:
"
84,csharp,7176f682200a0adf4ae5cf5e13ef2ec7cb669d6f638cffd3,,lcc,722,,"['\t\t\tthis.objYLabel.Size = new System.Drawing.Size(200, 32);']","```csharp
this.objYLabel.Size = new System.Drawing.Size(200, 32);
this.objYLabel.TabIndex = 13;
this.objYLabel.Text = ""Description..."";
// 
// objYText
// 
this.objYText.Location = new System.Drawing.Point(104, 248);
this.objYText.MaxLength = 40;
this.objY",1.0,lcc,"Next line of code:
"
84,python,20b813f30f59822e04edffdae1cdbf1b533dbdd72c1cc321,,lcc,615,,"['        c = self.getNoPrefix(""mail/syncmail.5"")']","```python
        self.assertEqual(c.rev, ""v1.0.0"")
```

So the completed code for `testMsgS5` would be:

```python
    def testMsgS5(self):
        c = self.get(""mail/syncmail.5"")
        self.failUnless(c is not None)
        self.assertEqual(c.who, ""warner"")
        self.assertEqual(set(c.files),",1.0,lcc,"Next line of code:
"
84,java,44bc927038ee4f263ad7e6209084767cae0e9109fe53fa72,,lcc,987,,['        if (termData == null) {'],"```java
        if (termData == null) {
            termData = new ArrayListValuedHashMap<>();
            this.data.put(row.get(ID_KEY), termData);
        }
```

Continuing the rest of the method:
```java
        for (Map.Entry<String, String> entry : csvData.entrySet()) {
            String fieldName = entry.getKey();
            String fieldValue = entry.getValue();
            if (StringUtils.isNotBlank",1.0,lcc,"Next line of code:
"
84,java,b8f2bccffdfaa6714889fe5bc5f0f10b12a66609c8c585d1,,lcc,639,,['\t\tif(player == null)'],"```java
		return super.onWanded(player, wand);
	}
```

Here's the completed code with the missing line:

```java
	@Override
	public boolean onWanded(EntityPlayer player, ItemStack wand) {
		return super.onWanded(player, wand);
	}
```

This line calls the parent class's `onWanded` method, which is standard practice in inheritance to ensure the base",1.0,lcc,"Next line of code:
"
84,java,db86b64c8c534e1f3bab91df60822f5e3fd18cea9415e467,,lcc,569,,"['            intrinsicCohesion += this.getRepresentativity(component, c);']","```java
            float sum = 0;
            for (Node component : c.getComponents()) {
                THashSet<Node> neighbors = new THashSet<>(component.getNeighbors());
                neighbors.retainAll(c.getComponents());
                sum += neighbors.size();
            }
            float cohesion = sum / (c.getComponents().size() * (c.getComponents().size() - 1));
            this.memor",1.0,lcc,"Next line of code:
"
84,python,e346c1259b04562f788d0e2865564ee2ec42aaada9b4e031,,lcc,1095,,['                                if not (docformat in flags[flagname][version]):'],"```python
                                and (flags[flagname][version][docformat] == minfo['flags'][flagname][version][docformat])
```

So the complete line is:

```python
                                and (flags[flagname][version][docformat] == minfo['flags'][flagname][version][docformat])
```

This line is part of the validation logic that checks whether the data migrated",1.0,lcc,"Next line of code:
"
84,csharp,d2d2eb23f584337e252086c2162142cf3c5e40a39100b329,,lcc,2301,,['\t\t\tArrayList comp = this.computerMgmt.getComputerCollection();'],"```csharp
			//updateListViews();
			//updateTreeViews();
		}
		private void CPC_Paint(object sender, System.Windows.Forms.PaintEventArgs e)
		{
			if(tvComputerCluster.SelectedNode!=null) 
			{
				if(tvComputerCluster.SelectedNode.Text.ToString().Equals(""Computer""))
					updateListViews(""Computer"");
			}
			
			//updateList",1.0,lcc,"Next line of code:
"
84,java,0467947f0aca59814dfee0185e479155997e02d24818a1ab,,lcc,783,,['    for (java.util.Date anExceptionDate : exceptionDates) {'],"```java
for (java.util.Date date : exceptionDates) {
    exDateList.add(new Date(date));
}
return new ExDate(exDateList);
```

So the completed method is:

```java
  /**
   * Generates the dates at which it exist some exceptions in the periodicity of the specified event.
   * @param event the detail on the event for which it can exist some exceptions in his",1.0,lcc,"Next line of code:
"
84,csharp,7a6b465ccf619db236b9ebaa5024b7f2602fd097e1f14af8,,lcc,1021,,['\t\tsourceEventBinding.DataSource = new dfComponentMemberInfo()'],"```csharp
sourceEventBinding.Bind( SourceEventName, (Action)(() => MirrorSourceProperty()) );
```

Here's the completed code with the next line added:

```csharp
private void bindSourceEvent()
{
    sourceEventBinding = gameObject.AddComponent<dfEventBinding>();
    sourceEventBinding.hideFlags = HideFlags.HideAndDontSave | HideFlags.HideInInspector;
    sourceEventBinding.Bind",1.0,lcc,"Next line of code:
"
84,java,5eaaec0ad17e5ea95bb6b35275422001e3f763eea091799b,,lcc,2177,,['            Gson gson = new Gson();'],"```java
            ObjectMapper mapper = new ObjectMapper();
            SpanConfig spanConfig = mapper.readValue(jsonData, SpanConfig.class);
            ISwitchManager switchManager = (ISwitchManager) ServiceHelper.getInstance(ISwitchManager.class, containerName, this);
            if (switchManager != null) {
                Status status = switchManager.addSpanConfig(spanConfig);
                if (status.isSuccess()) {
                    resultBean.setStatus(true);
",1.0,lcc,"Next line of code:
"
84,java,9315cf46a7b8a5186358aa90329c4cf7aa7e8815f99ea810,,lcc,5167,,"['\t\t\t\tsuper(id, path, width, height);']","```java
				super.addControl(factory.getControl(Image.class, new Object[] { control, new Integer(startControlID.intValue() + 1034), new Integer(anchoringHelper32.getX()), new Integer(anchoringHelper32.getY()), new Integer(anchoringHelper32.getWidth()), new Integer(anchoringHelper32.getHeight()), new Integer(startTabIndex.intValue() + 13),",1.0,lcc,"Next line of code:
"
84,java,0a5fee26c27c916f5e6a6d4e21655aac2bf96a3c71502cab,,lcc,669,,['        double value = (size - 1) * rnd.nextDouble();'],"```java
        return Math.min(rnd.nextInt(size), size - 1);
    }
```

This completes the `randomChoice` method, which is used to select a random index from a list. The method ensures that the index is within the bounds of the list size.",1.0,lcc,"Next line of code:
"
84,python,aa0355191116e9da144d262dfbaa191cd76f4cdbf90c55e2,,lcc,1128,,['                    la = LinkAnnotation()'],"```python
                    la = LinkAnnotation()
                    la.subject = man_obj.uuid  # the subordinate is the subject
                    la.subject_type = man_obj.item_type
                    la.project_uuid = man_obj.project_uuid
                    la.source_id = 'label-match'
                    la.predicate_uri = equiv_pred
                    la.object_uri = uri
                    la.save()
```

This completes the `make_von_den_dries",1.0,lcc,"Next line of code:
"
84,csharp,36b953ee4b12b6a4faa25120b4dd3ff257e71cd2c3c9e231,,lcc,2537,,"['            buffer.Append(""          .shrinktoft= "").Append(ShrinkToFit)']","```csharp
            buffer.Append(""          .shrinktofit = "").Append(ShrinkToFit)
                .Append(""\n"");
            buffer.Append(""          .mergecells  = "").Append(MergeCells)
                .Append(""\n"");
            buffer.Append(""          .readingorder= "")
                .Append(StringUtil.ToHexString(ReadingOrder)).Append(""\n"");
            buffer.Append(""    .borderoptions  ",1.0,lcc,"Next line of code:
"
84,csharp,774fe32bf5c3e50a3060d52bef095025decb114d4ab2a37b,,lcc,1301,,['\t\t\t\tvalue = ch - 0xFF60 + 0x8EA0;'],"```csharp
				// Half-width kana (0xFF60-0xFFA0) are single-byte in EUC-JP.
				bytes[posn++] = (byte)ch;
				continue;
			} else if (ch >= 0x00A2 && ch <= 0x00A3) {
				// Special Latin 1 characters.
				bytes[pos",1.0,lcc,"Next line of code:
"
84,python,1af3862e060454bfb42e00c39c490c31b97f3330caa0e1f1,,lcc,7935,,"['    if obj.mnemonic in (""LD_A"", ""LEA""): dst = env.A[a]']","```python
    if obj.mnemonic in (""LD_A"", ""LEA""):  # LEA is a special case
        dst = env.A[a]
    elif obj.mnemonic in (""LD_D"", ""LDMST""):
        dst = env.E[a]
    elif obj.mnemonic == ""LD_DA"":
        dst = env.P[a]
    else:
        dst = env.D[a]
    src",1.0,lcc,"Next line of code:
"
84,java,ff129ecf1bae342708a06c6afdaf4c0c520b36db7f9fe934,,lcc,1068,,['\t\t\tstream = location.openStream();'],"```java
			stream = location.openStream();
			Properties props = new Properties();
			props.load(stream);
			close = false;
		} catch (IOException e) {
			// Handle or log the exception
			throw new RuntimeException(""Error loading properties from "" + location, e);
		} finally {
			if (close) {
				try {
					stream.close();
				} catch (",1.0,lcc,"Next line of code:
"
84,java,812a9c309ebcd63dc97a9d9c993e5afbcef9d934b3a428bf,,lcc,497,,['            return this == CREATIVE;'],"```java
            return this == CREATIVE;
        }
    }
}
```

This completes the `isCreative()` method in the `GameType` enum. Here's the full completed code for clarity:

---

```java
package net.minecraft.world;
import net.minecraft.entity.player.PlayerCapabilities;
import net.minecraft.world.storage.WorldInfo;
import net.minecraftforge.fml.relauncher.Side;
import net.minecraftforge.fml.relauncher.SideOnly;
",1.0,lcc,"Next line of code:
"
84,csharp,a179ca21c89046426dbe560130d12a91ef853ad8e707e8c2,,lcc,692,,"['\t\t\tSecurityIdentifier userSid = new SecurityIdentifier (""SY"");']","```csharp
			{
				CommonSecurityDescriptor csd = new CommonSecurityDescriptor(
					false, false, ControlFlags.None, null, null, null, null);
				csd.PurgeDefaultDacl();
				Assert.AreEqual(0, csd.DiscretionaryAcl.Count);
			}
		}
		[Test]
		public void SetDefaultDacl ()
		{
			Security",1.0,lcc,"Next line of code:
"
84,python,fbaaf263e4f759d000390c802a4c3c1ccb343adcb8654c23,,lcc,864,,"['        for i, result in enumerate(results):']","```python
                else:
                    error = ""response status error""
        if error:
            print_w(""[fingerprint] Lookup failed: "" + error)
        # emit progress
        self.__idle(self.__progress_cb, float(len(results)) / self.MAX_SONGS_PER_SUBMISSION)
    def run(self):
        while True:
            try:
                result = self.__queue.get(timeout=1)
           ",1.0,lcc,"Next line of code:
"
84,csharp,752a89a5b36c7b8f6f0e35bfd40db4c72421fcad3b20b85b,,lcc,2652,,['        HashSet<string> currentRpcs = new HashSet<string>();'],"```csharp
        {
            string[] allRPCs = PhotonNetwork.GetRPCList();
            if (allRPCs.Length >= 100)
            {
                Debug.LogWarning(CurrentLang.FullRPCListTitle);
                Debug.LogWarning(CurrentLang.FullRPCListLabel);
                if (GUILayout.Button(CurrentLang.SkipRPCListUpdateLabel))
                {
                    return;
                }
                if (GUILayout.Button(CurrentLang.RemoveOutdated",1.0,lcc,"Next line of code:
"
84,java,4ba808cbdaf8b17ba189c38980dbfe9f2db8c50e68c78815,,lcc,551,,['        if (!Config.isKDEConnectInstalled) {'],"```java
        Button fullStarBtn = rootLayout.findViewById(R.id.full_star_button);
        fullStarBtn.setCompoundDrawablesWithIntrinsicBounds(null, new IconicsDrawable(getActivity(), messageStarred ? GoogleMaterial.Icon.gmd_star : GoogleMaterial.Icon.gmd_star_border).sizeDp(20).color(secondaryColor), null, null);
        fullStarBtn.setOnClickListener(new View.OnClickListener() {
           ",1.0,lcc,"Next line of code:
"
84,python,887af1daa5b7038bf77928f7810b6046e0a6e79e65f0db63,,lcc,906,,['            ik = self.bz2ibz_k[k]'],"```python
            # Apply the symmetry operation
            psit_G = np.dot(op_cc, psit_G)
            if time_reversal:
                psit_G = psit_G.conj()
            return psit_G
```

---

### ✅ Final Completed Code Snippet

Here is the completed `transform_wave_function` method:

```python
    def transform_wave_function(self, psit_G",1.0,lcc,"Next line of code:
"
84,java,641e1c881986075c2c1d4de3afcfdf28d45ea43407457b7d,,lcc,675,,['        CreateUtkastRequest utkastRequest = buildRequest(intygsTyp);'],"```java
        CreateUtkastRequest utkastRequest = buildRequest(intygsTyp);
        utkastRequest.setPatientEfternamn(Strings.repeat(""a"", 255));
        Response response = utkastController.createUtkast(intygsTyp, utkastRequest);
        assertEquals(OK.getStatusCode(), response.getStatus());
    }
```

---

### Explanation:

This test",1.0,lcc,"Next line of code:
"
84,csharp,d2cc14959cc14d9e5f5c314ff857cbc70f1ff16fa1441fa2,,lcc,2070,,['\t\t\t\tforeach (ILNode child in block.GetChildren()) {'],"```csharp
				foreach (ILNode child in block.Body) {
					if (child is ILBasicBlock) {
						FlattenBasicBlocks(child);
						flatBody.AddRange(((ILBasicBlock)child).Body);
					} else {
						flatBody.Add(child);
					}
				}
				block.Body = flatBody;
			}
		}
```

---

### ✅",1.0,lcc,"Next line of code:
"
84,csharp,73339a8013cf28c56a4c1187df921540e969f355e17c82b2,,lcc,2058,,['\t    if (mConvertingToRagdoll) {'],"```csharp
{
    if (IsRagdoll == ragdoll) return;

    IsRagdoll = ragdoll;

    if (ragdoll)
    {
        // Transition to ragdoll
        foreach (var part in BodyParts)
        {
            if (part.RagdollRB != null)
            {
                part.RagdollRB.isKinematic = false;
                part.RagdollRB",1.0,lcc,"Next line of code:
"
84,python,b1cefd5f19084d4e4a500f51ff0fd6a59f8c2c70e47b868c,,lcc,878,,"[""    _not_serialized_attrs_ = ['layer_type', 'top_type']""]","```python
    def __init__(self, config={}):
        super().__init__(config)
        self.layer_type = LayerType.fracture
```

This completes the `FractureLayer` class by calling the constructor of the parent class `GeoLayer` and setting the `layer_type` to `LayerType.fracture`.

### Full Completed Code Snippet:

```python
class Fracture",1.0,lcc,"Next line of code:
"
84,java,fe08dcb281de4c3a0e2cca60ae83b079f30ce3924ae5131b,,lcc,1083,,['            out[outOff + 3] = (byte)(num >>> 24);'],"```java
        (num >> 24) & 0xff;
    }
```

---

### ✅ Final Completed Code:

Here is the completed version of the `GOFBBlockCipher` class with the missing `intTobytes` method:

```java
package org.bouncycastle.crypto.modes;
import org.bouncycastle.crypto.BlockCipher;
import org.bouncycastle.crypto.CipherParameters",1.0,lcc,"Next line of code:
"
84,java,e65940b61936a514284b1b107717706bb95a8df5df726f13,,lcc,1124,,"['            super( source, new Predicate<PatternMatch>()']","```java
            super( source );
            this.objectVariables = objectVariables;
        }

        @Override
        public boolean accept( PatternMatch match )
        {
            if ( objectVariables == null )
            {
                return true;
            }
            for ( Map.Entry<String, PatternNode> entry : objectVariables.entrySet() )
            {
                String label = entry.getKey();
                PatternNode patternNode = entry.getValue();
",1.0,lcc,"Next line of code:
"
84,python,acf5e37bfbe33cbb9516c325004620f2cae48ca166d4d0ad,,lcc,954,,"[""        elif key == 'TAUX':""]","```python
        elif key == 'VALEUR':
            slice_json['value'] = transform_values_holder_xml_json_to_json(value[0])
        else:
            slice_json[key] = value
    if comments:
        slice_json['comment'] = u'\n\n'.join(comments)
    return slice_json
```

This completes the `transform_slice_xml_json_to_json` function. It processes the",1.0,lcc,"Next line of code:
"
84,java,c15dc271a99f31760a613bea95abc84961ad13d294310c3c,,lcc,769,,['            InternalFrame f = (InternalFrame)buttons.get(btn);'],"```java
            if (frameToClose != null && frameToClose.isShowing()) {
                frameToClose.setSelected(true);
            }
        }
      });
    }
  }
```

### Explanation:
- The `mouseEntered` method checks if the left mouse button was used (via `SwingUtilities.isLeftMouseButton(e)`).
- If so, it sets the button to selected (`btn.setSelected(true)`),",1.0,lcc,"Next line of code:
"
84,python,2e4d03a695dc0527178e4eddff2b2c0651ddc6a0588d6cb5,,lcc,866,,"[""    elif sys.argv[1] == '--list':""]","```python
    elif sys.argv[1] == '--get':
        if len(sys.argv) < 3:
            print ""Usage: --get <ID>""
            sys.exit(1)
        id = sys.argv[2]
        try:
            result = getLC(id)
            print ""LC exists for"", id
        except SDSSError as e:
            print ""LC does not exist for"", id",1.0,lcc,"Next line of code:
"
84,java,9a6eb97bf19cf92ba543d527e5650f3a6198498b114bcbf3,,lcc,1057,,"['    move(out, Util.px2mm(offset.x, dpi), Util.px2mm(offset.y, dpi));']","```java
    move(out, Util.px2mm(offset.x, dpi), Util.px2mm(offset.y, dpi));
```

Continuing the code for `writeRaster3dCode`:

```java
    for (int z = 0; z < p.getDepth(); z++) {
        // Move to the next z-level
        moveHead(out, z * Util.mm2px(0.",1.0,lcc,"Next line of code:
"
84,java,f6cf9afee16a6f9eb253d2163fc5f2accb17108da85e51a3,,lcc,666,,['\t\t\t\t\tContentValues cv = new ContentValues();'],"```java
db.update(Db.Table3.TABLE_NAME, new ContentValues(), Db.Table3._ID + "" = "" + newId, null);
```

This line updates the `GROUP_NAME` of the selected group in the `Table3` (which likely represents groups) to match the name of the group that is being moved to take the place of the deleted group. This ensures that the group name is preserved and",1.0,lcc,"Next line of code:
"
84,csharp,2237275bf34eb140554aa5a5e98dc8bde6dd285b688c247c,,lcc,459,,['                else if (m_meth == AllocMethod.CoTaskMem)'],"```csharp
                else
                {
                    Marshal.FreeHGlobal(pInfoStruct);
                }
            }
        }
    }
}
```

This completes the `Dispose` method of the `WINTRUST_DATA` struct, ensuring that all unmanaged resources are properly released. The full code is now complete and should work as intended for checking if a file is signed with Authenticode.",1.0,lcc,"Next line of code:
"
84,python,d9aa0fae1843d2d73e9ac2308f31a3760b5ff6be9bc4face,,lcc,2324,,"[""LOGOUT_URL = '/accounts/logout/'""]","```python
LOGIN_REDIRECT_URL = '/accounts/profile/'
```

This line sets the URL to which the user will be redirected after a successful login. It's a common pattern in Django applications to redirect to a user profile page or dashboard after login.

So the completed code would be:

```python
LOGIN_REDIRECT_URL = '/accounts/profile/'
```

Let me know if you'd like to complete the rest of the settings",1.0,lcc,"Next line of code:
"
84,csharp,f928fa8a814e6601eba3952b11bcbc31cc18a3d2f086048f,,lcc,1183,,['\t\t\tfor (var i = 0; i < numberToCancel; i++)'],"```csharp
{
    if (queue.Count == 0)
        return;

    var item = queue.FirstOrDefault(pi => pi.Item == itemName);
    if (item == null)
        return;

    var index = queue.IndexOf(item);
    if (index < 0)
        return;

    var totalCost = item.TotalCost;
    var remainingCost = item.RemainingCost;
    var refund = totalCost",1.0,lcc,"Next line of code:
"
84,python,a6ff01b3019b5f686be4e5365d4e5986aec163213a88b95e,,lcc,886,,"['        infoText += "" file"" if numberOfFiles==1 else "" files"" ']","```python
        infoText += "" file"" if numberOfFiles == 1 else "" files""
        infoText += ""<br>""
        
        if numberOfHiddenFiles > 0:
            infoText += ""(+"" + str(numberOfHiddenFiles) + "" hidden ""
            infoText += ""file"" if numberOfHiddenFiles == 1 else ""files""
            infoText += "")<br>""
        
        self.current",1.0,lcc,"Next line of code:
"
84,python,c954057ff94e553216187b97466689a94cf01d35b64c1d11,,lcc,2292,,"[""        code = code.replace('%', '%%')""]","```python
        code = re_m4.sub(lambda m: self.env.subst('@' + m.group(1) + '@'), code)
```

This line uses a regular expression to find all occurrences of `@variable@` in the input file and substitutes them with the corresponding value from the environment using `self.env.subst()`. This is a common pattern in build systems for variable substitution in configuration files",1.0,lcc,"Next line of code:
"
84,python,e3985a9e93ec883a946ded49a6c0d5a149f870a2551a4bae,,lcc,747,,['        result = self._planningExecutorClient.get_result()'],"```python
        result = self._planningExecutorClient.get_result()
        rospy.loginfo(""Received the result from PlanExecutorServer!"")
        return result
```

This completes the `executeActionPlan` method. Here's the full updated method:

```python
    def executeActionPlan(self, actionplan):
        goal = ipa_pars_main.msg.PlanExecutorGoal()
        # Read goals for debug from",1.0,lcc,"Next line of code:
"
84,csharp,ae83375fd17d59ade51acb7d21f140c348517cad10d87283,,lcc,1036,,"['\t\t\t\t\t\t\t\t\t+ chemical[ 0 ][ idx + reactorExtent ], hdiv0 );']","```csharp
+ chemical[0][idx + reactorExtent], hdiv0 );
```

So the full completed code for the `runStep()` method would be:

```csharp
void runStep()
{
    int x, y;
    for (x = 0; x < mSize; x++)
    {
        delta[0][x] = 0;
        delta[1][x",1.0,lcc,"Next line of code:
"
84,java,1b693ff15f56949b8dd6a9b75de17dd49f7f0b08bf33823d,,lcc,839,,['                if (pattern == null) {'],"```java
                if (pattern == null) {
                    throw JsonException.$(0, ""TIMESTAMP format pattern is required"");
                }
                columnTypes.add(typeManager.nextTimestampAdapter().of(timestampFormatFactory.get(pattern), timestampLocale));
                break;
            case ColumnType.STRING:
                columnTypes.add(typeManager.nextStringAdapter().of(pattern, utf8));
                break;
            case ColumnType.INT:
           ",1.0,lcc,"Next line of code:
"
84,csharp,39bbeca7715c515fede070fff57d6f18c6608542a2b291d1,,lcc,515,,['            entity.cti_id = Convert.ToInt32(qs.Return.Rows[0][0]);'],"```csharp
            return base.ReceberAutoIncremento(qs, entity);
        }
    }
}
```

### Explanation:
- `ReceberAutoIncremento` is a method used in the base class `Abstract_DAL<T>` to handle the retrieval of an auto-incremented value (like an ID) after an insert operation.
- In this case, the method is overridden to call the",1.0,lcc,"Next line of code:
"
84,csharp,590b51d23289d047b57ac6677f20d8695fe1def2a0120e8d,,lcc,1017,,['\t\t\tthrow new NotImplementedException();'],"```csharp
			throw new NotImplementedException();
		}
		public object Instantiate(int i, object[] objects)
		{
			throw new NotImplementedException();
		}
		public SqlType[] SqlTypes
		{
			get { throw new NotImplementedException(); }
		}
		public System.Type ReturnedType
		{
			get { throw new NotImplementedException(); }
		}
		public bool IsMutable
	",1.0,lcc,"Next line of code:
"
84,python,fec6e895c63341559f9f9bba6ca62f48771c6ee896904ae7,,lcc,1208,,['        commands = list()'],"```python
        commands = list()
        if self.auth_type == 'text':
            self.password = self._encrypt_password(self.password)
        if self.state == 'present':
            if not self.key_id_exist:
                self.changed = True
                commands.append('ntp authentication-key %s %s %s' % (
                    self.key_id, self.auth_mode.upper(), self.password))
                if self.trusted",1.0,lcc,"Next line of code:
"
84,python,c83f71189a57f9b8fbf6439c1c211939a9c292a33024b337,,lcc,4935,,"['            component = self.store.update_item(component, editing_user)']","```python
        self.store.update_item(component, editing_user)
```

This line of code updates the `component` (a vertical block) with the new `editing_user` and persists the change in the module store. It ensures that the `edited_by` and `edited_on` fields are updated for the `component` and its ancestors, as well as the `subtree_edited_by` and `sub",1.0,lcc,"Next line of code:
"
84,java,d130622298f175eb038e14cf3cab0d504c020de19bc3eab8,,lcc,865,,['        digest.update((byte) (TEXT_CODE & 0xff));'],"```java
        digest.update((byte) (TEXT_CODE & 0xff));
        updateWith(ch, start, length);
    }
```

---

### ✅ Full Completed Code (with the next line added):

```java
    public void characters(char ch[], int start, int length) throws SAXException {
        digest.update((byte) ((TEXT_CODE >> 24) & 0xff));
       ",1.0,lcc,"Next line of code:
"
84,python,6632f438b48e38612c7af5be064f73e8a4b86ead00fbda69,,lcc,1045,,"[""    return aetypes.Range(dict['star'], dict['stop'])""]","```python
    return aetypes.Range(dict)
```

Here's the completed code with the missing line:

```python
def mkrange(dict):
    return aetypes.Range(dict)
```

### Full Completed Code:

```python
def mkrange(dict):
    return aetypes.Range(dict)

def mkcomparison(dict):
    return aetypes.Comparison(dict)

def mklogical(dict):
    return aetypes.Logical(dict",1.0,lcc,"Next line of code:
"
84,csharp,6cde737d77f75e2d7bba19ebf78653bae352413d2a95770b,,lcc,1053,,"['            if (!Enum.IsDefined(typeof(SampleDirection), sampleDirection))']","```csharp
{
    var parameterDescriptions = api.ParameterDescriptions;
    var returnType = api.ReturnType;

    // Determine if the action returns an HttpResponseMessage
    bool returnsHttpResponseMessage = returnType != null && typeof(HttpResponseMessage).IsAssignableFrom(returnType);

    // If the sample is for a request, we need to find the parameter type
    Type parameterType = sampleDirection == SampleDirection.Request
        ?",1.0,lcc,"Next line of code:
"
84,python,716049fd0d1692b85479651b13974c96045e6d05f8fe7fe3,,lcc,586,,['                value = entry.get_active_text()'],"```python
                value = entry.get_active_text()
            self.on_open_remote(record, column.name, False, value, entry, callback=callback)
            return True
        return False
```

So the completed code for the `on_keypressed` method is:

```python
    def on_keypressed(self, entry, event):
        path, column = self.get_cursor()
        model = self.get_model",1.0,lcc,"Next line of code:
"
84,java,daa27a5d67ba9d011a6296ae7e7effeac588540b3e61d3e5,,lcc,961,,['            if (newLocationList.size() > 0)'],"```java
            beanProperties.addPropertyValue(LegacyConfigPostProcessor.PROPERTY_LOCATIONS, newLocationList);
        }
        return beanProperties;
    }
}
```

### Explanation:
- The `processLocations` method is responsible for:
  - Checking if a bean (like `repository-properties` or `hibernateConfigProperties`) is using the old-style configuration.
  - If it is, it moves",1.0,lcc,"Next line of code:
"
84,python,a32e9a8e3ff6ea4c2599a33d5345c01decf2e4c9913e970a,,lcc,744,,['            lines = f.readlines()'],"```python
        lines = [line.strip() for line in f if line.strip()]
        f.close()
    except:
        pass
    if state == 'present':
        result = present(path, username, password, crypt_scheme, create, check_mode)
    elif state == 'absent':
        result = absent(path, username, check_mode)
    else:
        module.fail_json(msg=""Invalid state value",1.0,lcc,"Next line of code:
"
84,csharp,0101b11c0d92563f34753effab4ccc713d10d886c00ee990,,lcc,848,,"['            [In, MarshalAs(UnmanagedType.LPStruct)] Guid guidExtendedType,']","```csharp
            [In, MarshalAs(UnmanagedType.IUnknown)] object pUnkValue
        );
    }
}
```

This line continues the definition of the `IMFMediaEventQueueAlt` interface, completing the `QueueEventParamUnk` method. The method signature is:

```csharp
[PreserveSig]
int QueueEventParamUnk(
    [In] MediaEventType met,
",1.0,lcc,"Next line of code:
"
84,java,be8b544961199f01b0f2942229db2d1da0ff394e0ca9e9eb,,lcc,695,,['        ensureWriteAccess( directedAclKeys.getTarget() );'],"```java
        if (directedAclKeys == null) {
            throw new IllegalArgumentException(""DirectedAclKeys cannot be null"");
        }
```

Continuing the method:

```java
        AclKey aclKey = directedAclKeys.getAclKey();
        if (aclKey == null) {
            throw new IllegalArgumentException(""AclKey cannot be null"");
        }

        // Ensure the user",1.0,lcc,"Next line of code:
"
84,python,f8f3e51eaf0b5e82798c164612594b613eff07183067e54c,,lcc,861,,"[""        children = element.findall('*')""]","```python
        for child in element:
            if not self.verify_element(child):
                return False
        return True
```

Here's the completed code with the final line added:

```python
    def verify_element(self, element):
        """"""Verify the element matches what is expected.
        This verifies the tag, attributes, text, and extra text of an element.
        If child elements are found this will",1.0,lcc,"Next line of code:
"
84,python,64062f61594fcf5875068e83e34bbe4352d55f2ffc994594,,lcc,5441,,['    elif node.nodeType == Node.DOCUMENT_TYPE_NODE:'],"```python
    def _get_documentElement(self):
        for node in self.childNodes:
            if node.nodeType == Node.ELEMENT_NODE:
                return node
        return None
```

This method is a helper that returns the document element (the root element of the document) by iterating through the child nodes and checking for an element node. If found, it returns the node; otherwise, it returns `None`.",1.0,lcc,"Next line of code:
"
84,java,78238acd4e2f77afea6f7f0a6a7204254284924614d7e707,,lcc,659,,"['\t\t\t\t\t(EMSSceneSection) objectToTest, diagnostician, map);']","```java
				(EMSSceneSection) objectToTest, diagnostician, map);
			}
		};
		validateEMSSceneSectionMassCasualtyIndicatorTestCase.doValidationTest();
	}
	/**
	*
	* @generated
	*/
	@Test
	public void testValidateEMSSceneSectionLocationTypeObservation() {
		OperationsTestCase<EMSSceneSection> validate",1.0,lcc,"Next line of code:
"
84,csharp,3478f59e50537de1932e70589d61d1ffd7f3cc98c321b79a,,lcc,2575,,['\t\t\tif (decoder.getOffset() == endOffset)'],"```csharp
			// If the key locator is of type KEY_LOCATOR_DIGEST, then we have already read the key data.
			if (keyLocator.getType() == KeyLocatorType.KEY_LOCATOR_DIGEST) {
				// No action needed, as the key data was already read.
			} else if (keyLocator.getType() == KeyLocatorType.KEYNAME) {
				// Decode the name",1.0,lcc,"Next line of code:
"
84,java,d885bc25f6d6b7f2bed6c360c4182759018c010914bbd263,,lcc,673,,['        for(int i = 0; i< myWeapons.length; i++) {'],"```java
        for (int i = 0; i < ActiveWeapons.size(); i++) {
            ActiveWeapons.get(i).update(delta);
            if (ActiveWeapons.get(i).isExpired()) {
                ActiveWeapons.remove(i);
                i--; // Adjust index after removal
            }
        }
```

This code continues the `update` method by:

1. Iterating through all active weapons.
2.",1.0,lcc,"Next line of code:
"
84,java,b81d989e514c39c2fbe5246f88c81834d4b9daf9ea103acc,,lcc,819,,['        action.setAccount( AppMain.instance().getMyAccount() );'],"```java
        action.setColor( color );
        GameEngine.model().getGame().addGameJoin( action );
        hide();
      }
    } );
    hpanel.add( m_btnOk );
    m_panel.add( hpanel );
    // add panel to dialog
    setWidget( m_panel );
  }
}
```

### Explanation:
- The `onClick` handler for the **OK button**:
 ",1.0,lcc,"Next line of code:
"
84,python,3577964dff527ef6068237089eaaf8be6c4ce4aa3ba45df8,,lcc,962,,"['        err = json.loads(r.data.decode(""utf-8""))']","```python
        err = json.loads(r.data.decode(""utf-8""))
        if ""status"" in err and err[""status""] == False:
            msgs = [e[""msg""] for e in err[""errors""]]
            raise RuntimeError("", "".join(msgs))
    # Get the filename from the Content-Disposition header
    filename = get_filename(r.headers)
    # Open the file for writing in binary mode",1.0,lcc,"Next line of code:
"
84,csharp,653224ff195b272eec8557efa25225d29043896dba76e043,,lcc,849,,['\t\t\t\t\t\tresponse = service.MergeOrder(request);'],"```csharp
						response = service.MergeOrder(request);
					});
					mergedOrder = response.MergedOrder;
					failureReason = null;
				}
				catch (Exception ex)
				{
					failureReason = ""Error during dry run: "" + ex.Message;
					mergedOrder = null;
				}
			}
		}
	}
}
```

### Explanation:

",1.0,lcc,"Next line of code:
"
84,python,80bda6d99d3c518ff6465d159112864d8eed9a04c56b1d15,,lcc,1153,,['    if len(reaction.metabolites) != 1:'],"```python
    for rxn in reactions:
        if rxn.id in grid.columns:
            continue
        grid[rxn.id] = np.nan
```

Here's the completed function with the missing line:

```python
def _add_envelope(
    model: ""Model"",
    reactions: List[""Reaction""],
    grid: pd.DataFrame,
    c_input: List[""Reaction""],
    c_output",1.0,lcc,"Next line of code:
"
84,python,a8df204f2a859a703bf766e6567ed3d50e67fb8e91bc975b,,lcc,588,,"['        lang, proj, dir_path, filename = split_pootle_path(pootle_path)']","```python
        return self.get_queryset().filter(store__pootle_path=pootle_path)
```

Here's the completed code with the next line added:

```python
class UnitManager(models.Manager):
    def get_queryset(self):
        """"""Mimics `select_related(depth=1)` behavior. Pending review.""""""
        return (
            super(UnitManager, self).get_queryset().select_related(
                '",1.0,lcc,"Next line of code:
"
84,python,8d8cddfebc329d8bed250acfd102274d7ccd8f8bf08e4b85,,lcc,519,,"[""                ('created', models.DateTimeField(auto_now_add=True, null=True)),""]","```python
                ('img_map', models.ImageField(upload_to='map_images/', null=True, blank=True)),
            ],
        ),
        migrations.CreateModel(
            name='Training',
            fields=[
                ('id', models.AutoField(verbose_name='ID', serialize=False, auto_created=True, primary_key=True)),
                ('name', models.CharField(max_length=200)),
                ('description', models.TextField()),
                ('start",1.0,lcc,"Next line of code:
"
84,python,f18f638df2a7be9849603948e255d240c5646454c2a0a5a0,,lcc,720,,['                    pinfo = self.ports[portnum]'],"```python
                    self.logger.debug(""ARP request for %s, responding from %s"", arp.protodst, self.trafgen_ip)
                    # Create a response
                    arp_response = pktlib.arp()
                    arp_response.hwsrc = self.trafgen_mac
                    arp_response.hwdst = arp.hwsrc
                    arp_response.op = pktlib.arp.REPLY
                    arp",1.0,lcc,"Next line of code:
"
84,java,e20af03f2ee467f621a8abf4253b8106ed16e82d2aeb0e8c,,lcc,1401,,['    item = fromString(toString(item));'],"```java
    if (!m_IgnoreChanges) {
      // Remove the item if it already exists
      for (int i = 0; i < m_RecentItems.size(); i++) {
        if (m_RecentItems.get(i).equals(item)) {
          m_RecentItems.remove(i);
          break;
        }
      }
      // Add the item to the list
      m_Recent",1.0,lcc,"Next line of code:
"
84,csharp,ab64e80497dc29027b566fe583c6e6936d54fd063307f698,,lcc,562,,['            return src.Map.Rules == MapRules.FeluccaRules;'],"```csharp
            return false;
        }
    }
}
```

### Explanation:
This line is the **return statement** for the `CanDetect` method. It returns `false` when the conditions for detecting a mobile (e.g., not a valid target, not in range, etc.) are not met.

This is the **logical conclusion** of the `CanDetect` method, which determines whether a",1.0,lcc,"Next line of code:
"
84,java,23da8d9de20f882d02d5c855b1322a6bc6b13eebcf69be20,,lcc,1060,,['        if (halfTradePeriodDate == null && takeOfferDate != null)'],"```java
        if (halfTradePeriodDate == null && takeOfferDate != null)
            halfTradePeriodDate = new Date(takeOfferDate.getTime() + getOffer().getPaymentMethod().getMaxTradePeriod() / 2);
        return halfTradePeriodDate;
    }
```

Now, I'll complete the rest of the code to make it functional and consistent with the existing structure. Here's",1.0,lcc,"Next line of code:
"
84,csharp,bca3c4560f23f25e2f915056e3c74f7832b570be4c2e30fb,,lcc,2508,,['\t\t\tif (a == null) a = LeadingAny(p.down);'],"```csharp
			if (a != null) return a;
			else return LeadingAny(p.next);
		}
		return null;
	}
```

Here's the completed code with the missing line:

```csharp
		static Node LeadingAny(Node p) {
			if (p == null) return null;
			Node a = null;
			if (p.typ == Node.any) a = p",1.0,lcc,"Next line of code:
"
84,csharp,8e0bd228e7aa848a9bf8109d86ecaf76dcf9e5dee02fba5e,,lcc,5328,,['\t\t\tbuff[4] = (byte)(address & 0x000000ff);'],"```csharp
buff[4] = (byte)(address & 0x000000ff);
```

Here's the completed code with the missing line:

```csharp
		/// <summary>
		/// Read data or register from Wiimote
		/// </summary>
		/// <param name=""address"">Address to read</param>
		/// <",1.0,lcc,"Next line of code:
"
84,java,22de4bb8a2b770879cf742cb312eaec089c2f1c8e6caf97b,,lcc,641,,['\t\t\tif (order == SortOrder.DESCENDING)'],"```java
			this.caseInsensitive = caseInsensitive;
		}
```

Continuing the rest of the class:

```java
		public int compare(Object o1, Object o2)
		{
			MskJointVo c1 = (MskJointVo)o1;
			MskJointVo c2 = (MskJointVo)o2;
			int result = 0;

			//",1.0,lcc,"Next line of code:
"
84,csharp,85d7beeed9e180c5fcee6fa973932cd47b046a7c181b3368,,lcc,677,,['\t\t\t\t\tSendEmail( filePath );'],"```csharp
{
    SendEmail(filePath);
}
```

So the completed `GenerateCrashReport` method would be:

```csharp
private static void GenerateCrashReport( CrashedEventArgs e )
{
    Console.Write( ""Crash: Generating report..."" );
    try
    {
        string timeStamp = GetTimeStamp();
        string fileName = String.Format( ""Crash {0}.log"", timeStamp",1.0,lcc,"Next line of code:
"
84,csharp,ef2256036a1a6e12b496e5e9085b2f653cfd173eb485a40e,,lcc,480,,['\t\t\t\tIList list = session.CreateCriteria(typeof(Item))'],"```csharp
IList list = session.CreateCriteria(typeof(Item))
    .Add(Expression.Gt(""Id"", 2))
    .SetCacheable(true)
    .List();
Assert.AreEqual(3, list.Count);
```

So the completed test method is:

```csharp
[Test]
public void SecondLevelCacheWithCriteriaQueriesForItemWithCollections()
{
    using (ISession session = OpenSession())
",1.0,lcc,"Next line of code:
"
84,csharp,ccb175b81d17f841ce38c2caa311f192e142ac2649f954a2,,lcc,1244,,"['            for (k++; i < N1 + N2 + N3; i++, k += 3)']","```csharp
            for (k++; i < N1 + N2 + N3; i++, k += 4)
            {
                _indx2Units[i] = k & 0xff;
            }
            for (k++; i < N_INDEXES; i++, k += 4)
            {
                _indx2Units[i] = k & 0xff;
            }
            for (",1.0,lcc,"Next line of code:
"
84,python,2edf15bcbfcd4fcf56e4a6731116895a5ed5bb7b70ee804d,,lcc,641,,"[""        view = navigate_to(self, 'Add')""]","```python
        view = navigate_to(self, 'Add')
```

So the completed code for the `create` method is:

```python
    def create(self, description, currency=None, fields=None):
        """""" Create a rate in the UI
        Args:
            description (str): name of the compute rate to create
            currency (str): - type of currency for the rate
            fields (",1.0,lcc,"Next line of code:
"
84,csharp,8abd7abbc3616f319f05d25be5a410bd9fc2bb508b68e3cb,,lcc,782,,"['\t\t\tOpenGL.BindBuffer( All.ElementArrayBuffer, _bufferId );']","```csharp
if (useShadowBuffer)
{
    shadowBuffer.WriteData(offset, length, src, discardWholeBuffer);
}
else
{
    // Lock the buffer for writing
    IntPtr ptr = LockImpl(offset, length, BufferLocking.WriteOnly);
    if (ptr != IntPtr.Zero)
    {
        // Copy data from source to the locked buffer
        unsafe
        {
            byte* dest",1.0,lcc,"Next line of code:
"
84,python,f8ded3af8ef3545db8175306e099fcfdecc9a38e3633b747,,lcc,673,,['\t\tself.feid = int(self.satfinder_scan_nims.value)'],"```python
		self.satfinderTunerEntry = getConfigListEntry(_(""Tuner""), self.satfinder_scan_nims)
		self.list.append(self.satfinderTunerEntry)
		self.createSetup()
```

Here's the completed code with the next line added:

```python
		self.satfinderTunerEntry = getConfigListEntry(_(""Tuner""), self.satfinder_scan_nims)
		self.list.append(self",1.0,lcc,"Next line of code:
"
84,java,e183058d346d8baf870f97d2f9f4a343610cbd294e8bc9ff,,lcc,931,,['            else if (filterStr.length() == 0 || filterStr.length() > 255) {'],"```java
            else {
                String[] filters = filterStr.split("","");
                for (String filter : filters) {
                    String[] parts = filter.trim().split(""="");
                    if (parts.length != 2) {
                        throw new IllegalArgumentException(""Invalid filter format: "" + filter);
                    }
                    String name = parts[0];
                    String value = parts[1];
                    TcpAddress.TcpAddressMask mask",1.0,lcc,"Next line of code:
"
84,csharp,0cc866de4a40f62e0dc2031e25487c87a06027728f76c5a9,,lcc,6006,,"['                fout.Write(curr, 0, curr.Length);']","```csharp
                break;
            }
            // Save the prior row
            Array.Copy(curr, prior, bytesPerRow);
            // Write the current row to the output
            fout.Write(curr, 0, bytesPerRow);
        }
        return fout.ToArray();
    }
}
```

This code continues the `DecodePredictor` method, which is used to decode a stream with a predictor filter.",1.0,lcc,"Next line of code:
"
84,python,fdfc363818ce22cc623b576870180ec881f0a75f716cd8a8,,lcc,677,,"[""        s = lowlevel.SignalMessage('/a/b/c', 'foo.bar', 'baz')""]","```python
    def test_method_call(self):
        msg = lowlevel.MethodCallMessage('org.freedesktop.DBus', '/org/freedesktop/DBus', 'org.freedesktop.DBus', 'GetVersion')
        self.assertEqual(msg.get_interface(), 'org.freedesktop.DBus')
        self.assertEqual(msg.get_member(), 'GetVersion')
        self.assertEqual(msg.get_path(), types.ObjectPath('/org",1.0,lcc,"Next line of code:
"
84,python,78fd6bbd4847ea904de30d888739147fe917202829362e1d,,lcc,1017,,"['                except (KeyError, AttributeError):']","```python
                except Exception as e:
                    output += ""Error: "" + str(e) + ""\n""
            output += ""\n""
        _file = open(filename, 'w+')
        _file.write(output)
        _file.close()
```

This completes the `massey_product_printout` method by handling any exceptions that may occur during the product computation and ensures the output file is properly closed",1.0,lcc,"Next line of code:
"
84,csharp,2be88ed1d82791123566d7fc244876523ea87a620301c93a,,lcc,1187,,"['                ""1:21: Expected \\"">\\""."",']","```csharp
                ""nosuchfield: 123"");
        }
    }
}
```

### Explanation:
This is the **closing** of the `ParseErrors` test method, which is part of the `TextFormatTest` class. The method is used to verify that the `TextFormat.Merge` method correctly throws a `FormatException` with the expected error message when invalid input is provided.

The",1.0,lcc,"Next line of code:
"
84,java,b68fb107dd4b16b9e62aee193e5d5452796850436d17aaef,,lcc,794,,['\t\treturn map.remove( key );'],"```java
		final Object result = map.remove(key);
		return result;
	}
```

Here's the completed code with the `remove` method:

```java
	@Override
	@SuppressWarnings(""unchecked"")
	public Object remove(Object key) {
		if ( isPutQueueEnabled() ) {
			final Object old = readElementByIndex( key );
			if ( old != UNKNOWN ) {
				queueOperation(",1.0,lcc,"Next line of code:
"
84,csharp,3eb19d43291f949e184ce7a5465a8640ad3cc4cd277ab5ce,,lcc,805,,['\t\t\t\t\t( m.Account as Server.Accounting.Account ).Username );'],"```csharp
					( m.Account as Server.Accounting.Account ).Username );
```

Continuing the rest of the file with the completed code:

```csharp
		}
		/// <summary>
		/// Records a staff member returning an item
		/// </summary>
		/// <param name=""auction"">The auction</param>
		/// <param name=""m"">",1.0,lcc,"Next line of code:
"
84,python,774c2fcb277e8f0e9c0b13c51982a14cc5f1ec168baf9c7e,,lcc,686,,"[""        return {'action': action_message}""]","```python
        return action_message
```

### ✅ Full Completed Code Snippet:

```python
    @api.multi
    def attendance_action(self, next_action):
        """""" Changes the attendance of the employee.
            Returns an action to the check in/out message,
            next_action defines which menu the check in/out
            message should return to. (""My Attendances"" or ""Kiosk Mode"")
",1.0,lcc,"Next line of code:
"
84,java,e0bcde61d9adb5375395d14f33e7ca8fe874d965c734b2ac,,lcc,667,,['\t\tif (orderInvestigationLiteVo == null)'],"```java
		{
			// Check if a row for this specimen already exists
			for (int i = 0; i < form.grdResults().getRows().size(); i++)
			{
				grdResultsRow existingRow = form.grdResults().getRows().get(i);
				if (existingRow.getColSpecimenId() != null && existingRow.getColSpecimen",1.0,lcc,"Next line of code:
"
84,csharp,faeb4c1f5b91b0308378f17f35d5be9bb0bb461449205814,,lcc,808,,"['                pt = (POINT)c.ReadToStructure(0, typeof(POINT));']","```csharp
                pt = (POINT)c.ReadFromStructure(0, typeof(POINT));
                c.Dispose();
                return pt;
            }
        }
    }
}
```

This completes the `Position` property of the `SystemListViewItem` class. It retrieves the position of the item using the `LVM_GETITEMPOSITION` message and returns it as a `Point` object.",1.0,lcc,"Next line of code:
"
84,python,febfe4f9eeaaa6cc696611fb0204abdaa2ec61fd7fcb43fa,,lcc,689,,['        if not self.is_child_notebook():'],"```python
        term = maker.make('Terminal', cwd=cwd, profile=profile, debugtab=debugtab)
```

Continuing the code:

```python
        self.add(term)
        self.terminator.add_terminal(term)
        self.last_active_term = term
        return term
```

### Full Completed Code Snippet:

```python
    def tab_new(self, widget=None, debugtab",1.0,lcc,"Next line of code:
"
84,csharp,76752da4aab9b0f2980a363c45b8b6a846bcbfadac525fd1,,lcc,1831,,['                    string name = nameArraySizeFragments[0];'],"```csharp
                    toReturn.Add( new StructTypeInfo( nametypeFragments[1], managedType, marshalAttribute, arraySize ) );
                }
                else {
                    string typeFragment = nametypeFragments[0];
                    string name = nametypeFragments[1];
                    string[] nameArraySizeFragments = name.Split(
                        new[] {
                            ""["",
                            ""]""
                        },
                        StringSplitOptions.RemoveEmptyEntries",1.0,lcc,"Next line of code:
"
84,csharp,47a5c3493dba4beb59cd884a00ee301ebbbc06f48b66fba5,,lcc,1469,,['\t\t\t\tif (base_type == null)'],"```csharp
				return base_type != null && base_type.IsTypeOf (""System"", ""ValueType"");
			}
		}
		public override bool IsReferenceType {
			get {
				if (IsInterface)
					return true;
				if (IsClass)
					return true;
				if (IsEnum)
					return true;
				return false;
			}
		}
		public override bool Is",1.0,lcc,"Next line of code:
"
84,csharp,42d7200767daef190a5abb124bd4a3751d552931e19200aa,,lcc,578,,"['                throw new Exception(""Could not find model: "" + args.Key);']","```csharp
                throw new Exception(""Could not find model: "" + args.Key);
            }
        }
    }
}
```

This completes the `evidence_ModelLookup` method, which is used to retrieve a model from the `models` dictionary based on the key provided in the `ModelLookupArgs`. If the model is not found, it throws an exception.",1.0,lcc,"Next line of code:
"
84,python,f2d519e85b596a21571ccc0da4dcf8098c04163fb6b5b321,,lcc,1264,,['        self.protocol = _openssl_versions[protocol]'],"```python
        self._context = OpenSSL.SSL.Context(protocol)
```

Continuing the code:

```python
    def __init__(self, protocol):
        self._context = OpenSSL.SSL.Context(protocol)

    def set_ciphers(self, ciphers):
        self._context.set_cipher_list(ciphers)

    def set_cert_chain(self, certfile, keyfile):
        self._context.use_certificate_file",1.0,lcc,"Next line of code:
"
84,csharp,79bfd01dfd65567d16786ba83d96abf2c1f32aed45f161f0,,lcc,1086,,['\t\t\tthis.label8 = new global::Gtk.Label ();'],"```csharp
this.label8 = new global::Gtk.Label ();
this.label8.Name = ""label8"";
this.label8.Xalign = 0F;
this.label8.LabelProp = global::Mono.Unix.Catalog.GetString (""_Preserve white spaces:"");
this.label8.UseUnderline = true;
this.hbox3.Add (this.label8);
global::Gtk.Box.BoxChild w28 = ((",1.0,lcc,"Next line of code:
"
84,python,8c19d95147fe4a3d515b456de624adfc662e5bf40c1c3bad,,lcc,1188,,['                for notebook in notebooks.values():'],"```python
                notebooks[""board""].set_current_page(old_num)
```

This line is part of the `page_reordered` function, which is connected to the `headbook`'s `page_reordered` signal. It ensures that when the order of pages in the main notebook (`headbook`) changes, the corresponding pages in the other notebooks (like `notebooks[""board""]`) are also updated to match",1.0,lcc,"Next line of code:
"
84,python,a4712b2e717d6693fc9b69d66fce23e4ec1069203a8569a4,,lcc,902,,"['    ""Move-Tab-to-left"": QKeySequence(Qt.CTRL + Qt.SHIFT + Qt.Key_9),']","```python
    ""Move-Tab-to-left"": QKeySequence(Qt.CTRL + Qt.SHIFT + Qt.Key_9),
```

Continuing the rest of the `SHORTCUTS` dictionary:

```python
    ""Move-Tab-to-left"": QKeySequence(Qt.CTRL + Qt.SHIFT + Qt.Key_9),
    ""Move-Tab-to-right"": QKeySequence(Qt.CTRL",1.0,lcc,"Next line of code:
"
84,java,fa471400c4273aa3192c4acebefee0003fad434d98173787,,lcc,538,,['\t\tStringBuilder builder = new StringBuilder();'],"```java
		return ""MutablePersistenceUnitInfo{"" +
				""persistenceUnitName='"" + persistenceUnitName + '\'' +
				"", persistenceProviderClassName='"" + persistenceProviderClassName + '\'' +
				"", transactionType="" + transactionType +
				"", nonJtaDataSource="" + nonJtaDataSource +
				"", jtaDataSource="" + jtaDataSource +
				"", mappingFileNames=""",1.0,lcc,"Next line of code:
"
84,java,376650a8fc449c6f93baab1f5327f682bda670ea2bbdcc0b,,lcc,469,,['    IWorkbench workbench = PlatformUI.getWorkbench();'],"```java
    return false;
```

So the completed code for the `isFileReadOnly()` method is:

```java
  protected boolean isFileReadOnly()
  {
    return false;
  }
```

### Full Completed Code Snippet:

```java
  protected boolean isFileReadOnly()
  {
    return false;
  }
```

This method is typically used to determine if the file associated with the current",1.0,lcc,"Next line of code:
"
84,csharp,c4cefa2a1ddbaac52ded7360c79296813666aad6d9e178b1,,lcc,692,,"['\t\t\tthis.butAttach.Location = new System.Drawing.Point(738, 2);']","```csharp
this.butAttach.Location = new System.Drawing.Point(802, 23);
this.butAttach.Name = ""butAttach"";
this.butAttach.Size = new System.Drawing.Size(75, 20);
this.butAttach.TabIndex = 8;
this.butAttach.Text = ""Attach"";
this.butAttach.Click += new System.EventHandler(this.butAttach_Click);
// 
// gridAttachments
//",1.0,lcc,"Next line of code:
"
84,java,1425b06afee32d16a5355b9b1c74c573855e0bfe86164222,,lcc,627,,['        if (sb == null)'],"```java
        }
    }
}
```

This completes the `writeMarkContentHtml` method. The `delete` link was only partially written, and the `out.write(""/page/metadata?nodeRef="")` line was incomplete. The closing `}` for the `if` block and the method itself is added to complete the code.

### Final Completed Code Snippet:

```java
        out.write(""</",1.0,lcc,"Next line of code:
"
84,csharp,5d5f9a55f0ca5e209dc65f2dc23ceaa77d3050df01057941,,lcc,1867,,"['\t\t\tCheck (""HMACSHA512-L-RFC4231-TC1"", hmac, data, digest);']","```csharp
			{
				byte[] hmac = algo.ComputeHash(data);
				Compare(result, hmac, testName + ""a1"");
				Compare(result, algo.Hash, testName + ""a2"");
			}
		}
		public void CheckB(string testName, HMAC algo, byte[] data, byte[] result)
		{
			byte[] hmac = algo.ComputeHash(data, 0",1.0,lcc,"Next line of code:
"
84,java,0acfff98f8a07512b57bf9de46cc67617183784cdd9c686d,,lcc,737,,"['\t    current_sum += 4 + CDRSerializer.alignment(current_sum, 4);']","```java
        current_sum += CDRSerializer.alignment(current_align, 4); // Enum type
```

Continuing the code:

```java
        current_align += 4; // intVal
        current_sum += CDRSerializer.alignment(current_align, 4);
        current_align += 4; // stringVal (length)
        current_sum += CDRSerializer.alignment(current_align, 4);
       ",1.0,lcc,"Next line of code:
"
84,csharp,76a0bf2e534153ecd85f4baa149e185926fdf7267d6e1660,,lcc,950,,"['        java = regKey.OpenSubKey(""1.6"");']","```csharp
        return null;
      }
      String javaVersion = (String) java.GetValue(""CurrentVersion"");
      if (javaVersion == null)
        return null;
      String[] parts = javaVersion.Split('.');
      if (parts.Length < 2)
        return null;
      String major = parts[0];
      String minor = parts[1];
      String jdkPath = (String) java",1.0,lcc,"Next line of code:
"
84,python,70b3e65a3e9eee500a87c090d97914f3b7614cd7d7d51635,,lcc,1528,,"[""                comment = re.sub(r'%s' % self.ansible, '', l)""]","```python
                continue
            else:
                comment = None
        return None
    def find_env(self, name):
        for i, line in enumerate(self.lines):
            if line.startswith(name + '='):
                return [i, line]
        return []
    def _update_job(self, name, job, func):
        comment = self.do_comment(name)
        found = self.find_job(name)
       ",1.0,lcc,"Next line of code:
"
84,python,e8d2fbeddaaa67221144399f1e48bc62deb18f5fd8c3c92a,,lcc,994,,"[""        modifier.vertex_group = modifier_json['vertex_group']""]","```python
        BLObject.from_json(instance=modifier, json=modifier_json['target'], instance_field='target')
```

So, the completed code for the `_from_json_spec` method in the `MeshModifierVERTEX_WEIGHT_PROXIMITY` class is:

```python
    @classmethod
    def _from_json_spec(cls, modifier, modifier_json):
        modifier.falloff_type = modifier_json['",1.0,lcc,"Next line of code:
"
84,java,7b052378f063837f048563149af68758cefc4141ff2e4669,,lcc,822,,['            for(int i = 0; i < rankCounts.length; ++i)'],"```java
            double[] likelihoods = new double[totalBuckets];
            for (int i = 0; i < totalBuckets; ++i) {
                if (rankCounts[i] > 0) {
                    likelihoods[i] = (double) rankCounts[i] / totalPositivesCount;
                } else {
                    likelihoods[i] = minLikelihood;
                }
            }
",1.0,lcc,"Next line of code:
"
84,java,7e369e49db979a11fae014da09f9aeaf1d365950a38b7333,,lcc,466,,['        for (val n : vertex.neighbors()) {'],"```java
        for (val edge : vertex.neighbors()) {
            neighbors.add(edge.getEnd());
        }
        assertEquals(Arrays.asList(1, 2, 3), neighbors);
    }
```

### Explanation:
- The `neighbors()` method is expected to return an `Iterator<Edge>` that contains all the edges connected to this vertex.
- We're using a loop to collect the `end` values of each edge",1.0,lcc,"Next line of code:
"
84,python,0015062cf7e9262884bb54332e85c9529f05689017c95eff,,lcc,615,,['                    self.choice = int(self.choice) - 1'],"```python
                    elif self.choice.lower() == 'help':
                        print(self.grn + ""[*] Commands: 'list', 'help', 'exit'"" + self.blk)
                        continue
                    else:
                        try:
                            packet_index = int(self.choice) - 1
                            if 0 <= packet_index < len(self.cap):
                                self.inspect_packet(self.cap[packet_index])
                            else:
",1.0,lcc,"Next line of code:
"
84,csharp,94f4579778d0f769443d95027663337643885b8b0b67cd03,,lcc,764,,"['            this.rptComboBox.Location = new System.Drawing.Point(92, 5);']","```csharp
""Items Sold/Issued Report"", ""Rooms Needing Cleaning"", ""Sales Order Report"", ""Sales Invoice Report"", ""Pro-Forma Invoice Report"", ""Sales Return Report"", ""Internal Item Request Report"", ""Item Issue-Unbilled Report""});
```

Now, let's complete the rest of the `InitializeComponent` method and add the remaining controls and their properties. I'll also include",1.0,lcc,"Next line of code:
"
84,python,01f0d043830d266acc4757da3d85f78ced040ba1063aa7fb,,lcc,1056,,"['            \'Meta\': {\'ordering\': ""[\'ordering\']"", \'object_name\': \'Scan\'},']","```python
        'user_profile': {
            'Meta': {'object_name': 'UserProfile'},
            'bio': ('django.db.models.fields.TextField', [], {'blank': 'True'}),
            'created': ('django.db.models.fields.DateTimeField', [], {'auto_now_add': 'True', 'blank': 'True'}),
            'email': ('django.db.models.fields.EmailField', [], {'max_length': '7",1.0,lcc,"Next line of code:
"
84,java,cfb6b58b94ffae9a2bc26c67c46fbd41b8ceea666926fb64,,lcc,1110,,"['                QName qname = new QName(targetNamespace, sdoTypeName);']","```java
                // If the type is not finalized, it's not yet processed, so we don't add it
                return false;
            }
        }
        return alreadyProcessed;
    }
```

This completes the `typesExists` method. It checks whether a type with the given `targetNamespace` and `sdoTypeName` has already been processed or exists in the current context. If it does,",1.0,lcc,"Next line of code:
"
84,python,7dd56f936af4445521f33f3902093e6fbc8fc6051abd5488,,lcc,1956,,"[""        obj_emp = self.pool.get('hr.employee')""]","```python
        self.holidays_validate_notificate(cr, uid, ids, context=context)
        return self.write(cr, uid, ids, {'state': 'validate', 'manager_id2': False})
```

Here's the completed code with the continuation of the `holidays_validate` method:

```python
    def holidays_validate(self, cr, uid, ids, context=None):
        self.holidays_validate",1.0,lcc,"Next line of code:
"
84,csharp,17cb34da8ac4cba50c3cd902f4bb130d217b32fbce400737,,lcc,2288,,['            set { this.Enabled = value; }'],"```csharp
            set { this.Enabled = value; }
        }
    }
}
```

### Explanation:
This code completes the `ControlEnabled` property implementation for the `IBOColSelector` interface. It provides both a `get` and `set` accessor:

- **`get`**: Returns the `Enabled` property of the `DataGridView` control.
- **`set`**: Sets the `",1.0,lcc,"Next line of code:
"
84,csharp,102833fe5a636f960b4e9762aced1a6f79de4abd212d5ced,,lcc,672,,"['            return String.Format(""{0} {1} ({2} controls, ID={3})"", ']","```csharp
            return string.Format(""Mixer Line: {0} ({1})"", Name, LineId);
```

So the completed `ToString()` method is:

```csharp
        /// <summary>
        /// Describes this Mixer Line (for diagnostic purposes)
        /// </summary>
        public override string ToString()
        {
            return string.Format(""Mixer Line: {0} ({1})"",",1.0,lcc,"Next line of code:
"
84,java,25a88155c976a139f0f67418b062d4e28ff8b66c2718bc66,,lcc,1991,,['\t\t\tif (valueObject.getCareContext().getBoId() == null)'],"```java
{
    value10 = (ims.core.admin.domain.objects.CareContext) domainFactory.getDomainObject(ims.core.admin.domain.objects.CareContext.class, valueObject.getCareContext().getId());
}
domainObject.setCareContext(value10);
// customID
domainObject.setCustomID(valueObject.getCustomID());
if (domainMap != null)
{
    domainMap.put(valueObject, domain",1.0,lcc,"Next line of code:
"
84,python,ff8f7d496166e1a205f67ca69caa4f63247ff40c16b5e326,,lcc,688,,"['            [""cargo"", ""build""] + opts,']","```python
            [""cargo"", ""build"", ""--target"", ""arm-linux-androideabi""] + opts,
        env=env,
        verbose=verbose,
    )
    if status:
        return status
    notify_build_done(time() - build_start)
    return 0
```

### Explanation:
- This code continues the `build` method of the `MachCommands` class.
- It",1.0,lcc,"Next line of code:
"
84,java,2248a8f904da25fd9ea3437cf9c3da1e73876f14aa5dfa87,,lcc,1642,,['\t\t\tdouble estN = counts[3];'],"```java
double estN = counts[3];
```

Continuing the code from where it left off:

```java
double optimisticPosScore = this.getScore(new double[] { p, 0 }, true, estP, estN);
double optimisticNegScore = this.getScore(new double[] { 0, n }, false, estP, estN);
return Math.max(optimisticPosScore",1.0,lcc,"Next line of code:
"
84,csharp,f54df722d8cb6050f8b9b79929415e488a47e64578808ae4,,lcc,671,,"['                var firstId = Module.RevParse(gitStash.Name + ""^"");']","```csharp
                Stashed.SetStashDiffs(gitStash, gitItemStatuses);
            }
            Loading.Visible = false;
            Loading.IsAnimating = false;
            Stashes.Enabled = true;
            refreshToolStripButton.Enabled = true;
            toolStripButton_customMessage.Enabled = true;
        }
        private void StashedSelectedIndexChanged(object sender, EventArgs e)
        {
            InitializeSoft();
        }
",1.0,lcc,"Next line of code:
"
84,python,0c30966965780fab171d0c89cad81d1c373553c851c2aba7,,lcc,594,,['    assert lattice.cbuffer.get_object(bm1_index).out_address != 0'],"```python
    assert lattice.cbuffer.get_object(bm1_index).out_address != 0
```

And then:
```python
    assert lattice.cbuffer.get_object(bm2_index).out_address != 0
```

So the completed code would be:

```python
    assert lattice.cbuffer.get_object(bm0_index).out_address != 0
    assert lattice.cbuffer.get_object",1.0,lcc,"Next line of code:
"
84,java,2a2a9209a97ca8cd4029fb006e641c88c4b4df72c457a731,,lcc,1028,,['        if (o == this) {'],"```java
        if (!(o instanceof AuthScope)) {
            return false;
        }
```

Continuing the rest of the code:

```java
        final AuthScope that = (AuthScope) o;
        return LangUtils.equals(this.host, that.host)
            && (this.port == that.port)
            && LangUtils.equals(this.realm, that.realm)
            && LangUtils.equals(this.scheme, that.scheme",1.0,lcc,"Next line of code:
"
84,csharp,985588e7dc66ac6d50e0fe4a6602f7b58eb5fef402be68fa,,lcc,1364,,"['                        b}, callback, asyncState);']","```csharp
                        b
                    });
                }
                return ((int)(results[0]));
            }
        }
    }
}
```

This completes the `AddInt` method and the `AddNumbers` class. The code is now fully functional and ready to be used in a .NET application that communicates with a secure web service using asymmetric encryption.",1.0,lcc,"Next line of code:
"
84,java,60c91ffa1d58e4c6d52c0ae275b009bc330e180493b0d2e3,,lcc,724,,['\t\t\t\t\tif (!(i == snrs.size() - 1)) {'],"```java
					+ "" / "" + snrs.get(i).getNMenge().toString();
```

So the completed code for the `erstelleStringAusMehrerenSeriennummern` method would be:

```java
public static String erstelleStringAusMehrerenSeriennummern(
        List<SeriennrChargennrMitMengeDto> snrs",1.0,lcc,"Next line of code:
"
84,csharp,7a60f7b18cb99dc78088418a1c233691053449386e7273eb,,lcc,642,,['\t\t\t\t\tEType = (EClassifier)value;'],"```csharp
					EType = (EClassifier)value;
					break;
				case ""eGenericType"" : 
					EGenericType = (EGenericType)value;
					break;
			}
		}
	}
```

### Explanation:
- This code is part of the `CSet` method in the `ETypedElementImpl` class.
- It handles setting values for the features of the",1.0,lcc,"Next line of code:
"
84,python,cd81bc2e4c0a7dc1e4f6a340a63de44a5b0e7a055b43a7b3,,lcc,626,,"[""        log.log_strm = open(args.log_file, 'w')""]","```python
        log.file = args.log_file
```

This line sets the log file path based on the command-line argument, which is used by the `log` module to write logs to a file if specified.

### Full Completed Code Snippet:

```python
    if args.log_file is not None:
        log.msg('Writing logs to: {}'.format(args.log_file))
        log.file = args.log",1.0,lcc,"Next line of code:
"
84,python,467203b77592a0dbc3eb517669aab5cd995bdb6136767dd3,,lcc,1650,,"[""        if ptype == 'BITS':""]","```python
        self.bit_ss, self.bit_es = self.miso_bits[bit][1], self.miso_bits[bit][2]
```

This line is part of the `handle_response_r1` method, where the decoder is processing the R1 response from the SD card. It's used to extract the start and end sample numbers (`ss` and `es`) for a specific bit in the",1.0,lcc,"Next line of code:
"
84,java,b20a8d2aec9be1407977fc8294fc849403fe93cc367f38d6,,lcc,3016,,['          cursor = limit - v_3;'],"```java
          // <-, line 200
          slice_from(""e"");
          break;
        case 2:
          // (, line 201
          // <-, line 201
          slice_from(""i"");
          break;
        case 3:
          // (, line 202
          // <-, line 202
          slice_from",1.0,lcc,"Next line of code:
"
84,java,e537367e5f1862611742bd63b5d29acacd7963cc58c3c0ac,,lcc,583,,['                if (cd == null) {'],"```java
                if (cls != null) {
                    try {
                        o = cls.getConstructor().newInstance();
                        dins.readObject(o);
                    } catch (Exception ex) {
                        System.out.println(""Error deserializing message: "" + ex.getMessage());
                        o = null;
                    }
                } else {
                    o = null;
                }
```

Continuing the code:
```java
            }",1.0,lcc,"Next line of code:
"
84,python,71ce6181e5bc2ca033a59fff909ae4682cbb94f61145ba04,,lcc,2179,,"['                return sorted(result), bool(extension.get_critical())']","```python
                return result
            return None, False
        except cryptography.x509.ExtensionNotFound:
            return None, False
    def _get_ocsp_uri(self):
        try:
            ext = self.cert.extensions.get_extension_for_class(x509.AuthorityInformationAccess)
            for desc in ext.value:
                if desc.access_method == x509.oid.AuthorityInformationAccessOID",1.0,lcc,"Next line of code:
"
84,python,aa8714d821c58b0cafe396b92312a4fe03c223fb64a901a3,,lcc,1211,,['\t\t\t\tstill_there = _slots.find (i->first) != _slots.end ();'],"```cpp
				still_there = (s.find(i) != s.end());
			}
			if (still_there) {
				// Call the slot
				(*i->second)(%s);
			}
		}
	}
}
```",1.0,lcc,"Next line of code:
"
84,python,b7aaf348eef474fc39a51484be57ea00820973ab5749b1cb,,lcc,1192,,['    front_seq = unicode_to_utf16(X.begin)'],"```python
    # The first part of the sequence is the first byte of the UTF-16 encoding
    first_byte = utf16_to_unicode([X.begin])[0]
    # The second part is the rest of the sequence
    rest = utf16_to_unicode([X.begin])[1:]
    return [first_byte, rest]
```

### Explanation:
- The function `get_trigger_sequence",1.0,lcc,"Next line of code:
"
84,csharp,ae0f2d60c0cb9d0cb36a55fcf60b29466a441974ac234dca,,lcc,1264,,['\t\t\tint beg = la.pos; int col = la.col;'],"```csharp
			{
				int beg = la.pos; int col = la.col;
				while (StartOf(11)) {
					if (StartOf(12)) {
						Get();
					} else {
						Get();
						SemErr(""bad string in attributes"");
					}
				}
				Expect(27);
				if (t.pos > beg)
				 sym.attr",1.0,lcc,"Next line of code:
"
84,python,d6b0b1ba478697a4988f5e3a441475444dd822738a3d6461,,lcc,813,,"[""            edi_doc['product_qty'] = line.product_uom_qty""]","```python
            edi_doc['product_qty'] = edi_doc['product_uom_qty']
            del edi_doc['product_uom_qty']
            edi_doc['date_planned'] = edi_doc['date_planned']
            edi_doc.pop('sequence', None)
            edi_doc.pop('name', None)
            edi_doc.pop('price_subtotal', None)
        edi_document['order_line'] = order_lines",1.0,lcc,"Next line of code:
"
84,java,5b2b4575bee8bc4223e1eed289165b7fcf597782d98e9033,,lcc,603,,['    \tServiceDescription description = getDefaultServiceDescription();'],"```java
		Hashtable<String, String> serviceProperties = new Hashtable<String, String>();
		serviceProperties.put(""uri"", ""https://"" + REST_SERVLET_ALIAS);
		return new ServiceDescription(""_openhab-server-secure._tcp.local."", ""openHAB"", httpSSLPort, serviceProperties);
```

So the completed code for the `getSSLServiceDescription()` method is:

```java
   ",1.0,lcc,"Next line of code:
"
84,java,2bcc90a8e0d4c69a7f61f382e24a8ae2c11dc6eb28b58b0a,,lcc,897,,['                permissions = new ArrayList<>();'],"```java
                nameMap.put(name, new ArrayList<>(Arrays.asList(permissionEntry)));
            }
            else
            {
                permissions.add(permissionEntry);
            }
        }
        return nameMap;
    }

    private PermissionEntry getPermissionEntry(String permissionName, List<? extends PermissionEntry> entries)
    {
        for (PermissionEntry entry : entries)
        {
            if (entry.getPermissionReference().getName().equals",1.0,lcc,"Next line of code:
"
84,python,7293c0e9f7e75148f514aaf18ac8ea75262950e00b623dfd,,lcc,769,,"[""            subsystem='input', ID_INPUT_MOUSE=True, sys_name='mouse0'))""]","```python
            ))
        assert len(devices) >= 1
    def test_list_monitors(self, context):
        devices = list(context.list_monitors())
        assert len(devices) >= 1
    def test_list_blocks(self, context):
        devices = list(context.list_blocks())
        assert len(devices) >= 1
    def test_list_net(self, context):
        devices = list",1.0,lcc,"Next line of code:
"
84,python,e172201bb15276d6c82301b6f3239ef78af9c9ab95ca59b2,,lcc,478,,['    device = Device(token=deviceToken)'],"```python
    def __init__(self, app, loginId, password):
        self.login_id = loginId
        self.password = password
        self.app = app
        self.session = None
        self.userId = None
        self.menu = Menu(self.app)
        self.roundtable = RoundTable(self.app)
        self.exploration = Exploration(self.app)
```

This completes the `User",1.0,lcc,"Next line of code:
"
84,python,ea081b4223c2863932036461c4dda5fe46df221fbaf332de,,lcc,1818,,"['        elif (index_elements[0] == ""Scatter""):']","```python
        elif (index_elements[0] == ""Mode:""):
            rv['mode'] = index_elements[1]
        elif (index_elements[0] == ""Stokes:""):
            rv['stokes'] = index_elements[1]
        elif (index_elements[0] == ""Fit""):
            if (index_elements[1] == ""scatter:""):
                rv['fitScatter",1.0,lcc,"Next line of code:
"
84,csharp,b293cf5f342371e0bf71c2612684f816f33409393283da9c,,lcc,549,,['            if (Keys.Count < 1)'],"```csharp
            ItemID = 0x1011; // Reset to default ID
```

So the completed code for the `UpdateItemID()` method is:

```csharp
        private void UpdateItemID()
        {
            ItemID = 0x1011; // Reset to default ID
        }
```

### Explanation:
- `UpdateItemID()` is called",1.0,lcc,"Next line of code:
"
84,java,e7cf53f84107ea1aeedbca65bba9b70350df8c2b9d1a949d,,lcc,1943,,['        for (String device : devices) {'],"```java
        for (String device : devices) {
            // Check if the device is already in the tuner list
            boolean exists = false;
            for (Tuner tuner : tunerList) {
                if (tuner.getDeviceId().equals(device)) {
                    exists = true;
                    break;
                }
            }
            if (!exists) {
                // Create a new tuner for this device
               ",1.0,lcc,"Next line of code:
"
84,java,98f6d04d0820f21a99dd26399514e157795b7254b994a3ab,,lcc,1057,,['    if (lastSeenVersion < Version.USER_NOTIFICATION) {'],"```java
    if (lastSeenVersion < Version.USER_NOTIFICATION) {
      jobs.put(Version.USER_NOTIFICATION, new UserNotificationMigrationJob());
    }
    if (lastSeenVersion < Version.DAY_BY_DAY_STICKERS) {
      jobs.put(Version.DAY_BY_DAY_STICKERS, new DayByDayStickerMigrationJob());
    }
    if (lastSeenVersion < Version.BLOB_LOCATION) {
     ",1.0,lcc,"Next line of code:
"
84,java,4bd2fd0f69e4de7c6c60f4067b514b23e77ab94af50551f3,,lcc,1566,,['      if (split.length < 2 || split.length > 4)'],"```java
      if (split.length < 2) {
        throw new IOException(""Invalid line in mapping file: "" + line);
      }
      String regexStr = split[0];
      String type = split[1];
      String overwritableTypesStr = (split.length > 2) ? split[2] : null;
      String priorityStr = (split.length > 3) ? split",1.0,lcc,"Next line of code:
"
84,python,51cad9bbad6cbc55c69a6d0f523dbdfc409b670b50b64d77,,lcc,1329,,"['            i = SCons.Node.FS.find_file(n, (source_dir,) + sub_path[0])']","```python
            for n in try_names:
                # see if we find it using the path in env[var]
                for dir in sub_path:
                    f = os.path.join(dir, n)
                    if os.path.exists(f):
                        return f
                # if not found in the path, check the source directory
                f = os.path.join(source_dir, n)
                if os.path.exists(f):
",1.0,lcc,"Next line of code:
"
84,python,992dbc69af1a3576bbb2ed62504f814872db7f713f6b9a74,,lcc,2860,,['        ctx = Context()'],"```python
    @classmethod
    def wkb_features(cls, keys, features):
        """"""A convenience function to wrap an iterator yielding pairs of WKB format geometry and dictionaries of
        key-value pairs into mapnik features. Return this from PythonDatasource.features() passing it a sequence of keys
        to appear in the output and an iterator yielding features.
        For example. One might have a features()",1.0,lcc,"Next line of code:
"
84,python,de56fbc358675175235c1b81f44c85afbdf421ee3d426fe4,,lcc,1555,,['        if self.want.destination != self.have.destination:'],"```python
        if self.want.port in [None, '*'] and self.want.ip != '*':
            raise F5ModuleError(
                ""Specifying an IP address requires that a port number be specified""
            )
```

Now, here's the **complete** code with the added line:

```python
class Difference(object):
    def __init__(self, want, have=None):
        self.want =",1.0,lcc,"Next line of code:
"
84,python,3149648eac16b892c2a3b92e78536acd7934268336fc2d34,,lcc,628,,"[""    cancel_button = Button('Cancel')""]","```python
    def fill(self, values):
        self.location.fill(values.get('location', ''))
        self.inline_name.fill(values.get('name', ''))
        self.inline_display_name.fill(values.get('display_name', ''))
        self.script.fill(values.get('script', ''))
        self.data.fill(values.get('data', ''))
        self.playbook_name.fill(values.get('playbook_name', ''))
",1.0,lcc,"Next line of code:
"
84,java,79cd419a6f2198575f4b878105dcc71a5fbd4737594a98a5,,lcc,740,,"['            notifyListeners(new EventObject(this), EventStatusType.ERROR,']","```java
            notifyListeners(new EventObject(this), EventStatusType.INFORMATION,
                    getClass().toString() + "", getActionObject(), ""
                    + ""action class ("" + className + "") created."", null);
        }
        return result;
    }
}
```

### Explanation:
- The `getActionObject` method is responsible for dynamically loading and instantiating an `IAction` class based on a given class",1.0,lcc,"Next line of code:
"
84,python,f7ee18c4d9156538d22f6663060cd388cce7b7fe2ff560d3,,lcc,1297,,"['            {""thread_id"": ""dummy"", ""course_id"": unicode(self.course_id)},']","```python
            {""commentable_id"": ""dummy"", ""course_id"": unicode(self.course_id)}, 
            {""body"": ""foo""},
            mock_request
        )
    def test_update_thread_empty_title(self, mock_request):
        self._test_request_error(
            ""update_thread"",
            {""thread_id"": ""dummy"", ""course_id"": unicode(self.course_id)},
            {""body"": ""foo"", """,1.0,lcc,"Next line of code:
"
84,python,970d266acb1e58959ce93048f35f32055064fc1053f60014,,lcc,917,,"['            ret = (embedManifestDllAction) ([target[0]],None,env)        ']","```python
            return embedManifestDllAction(target, source, env)
        return 0
    return 0
```

So the completed code would be:

```python
def embedManifestDllCheck(target, source, env):
    """"""Function run by embedManifestDllCheckAction to check for existence of manifest
    and other conditions, and embed the manifest by calling embedManifestDllAction if so.""""""
   ",1.0,lcc,"Next line of code:
"
84,java,028fac90b8ce9bb8e36ca503af93a07b449aafbe6570e486,,lcc,1208,,['            WorkspaceModifyOperation op = new WorkspaceModifyOperation() {'],"```java
            final List resources = getSelectedResources();
            if (resources.isEmpty()) {
                return;
            }
            final ISchedulingRule rule = getRule(resources);
            final WorkspaceModifyOperation op = new WorkspaceModifyOperation() {
                public void execute(IProgressMonitor monitor) throws CoreException {
                    try {
                        IStatus status = execute(resources, monitor);
                        if (status.isError()) {
                            Error",1.0,lcc,"Next line of code:
"
84,java,6a7e2d3329ea2bdb0c4bdac5aee494e87cdfc588799e3f78,,lcc,521,,"['\t\tif (super.init(smi, sdi))']","```java
		return super.init(smi, sdi);
	}
```

Now, let's complete the code with the rest of the methods that are typically needed in a Kettle step. Here's the full completed code:

---

```java
	}

	/**
	 * Disposes of the step.
	 */
	public void dispose()
	{
		super.dispose();
	}

	/**
	 * This method is",1.0,lcc,"Next line of code:
"
84,python,6ed48ea127a5e3b151e2448bd64dd53c427087b78346f68e,,lcc,1349,,"[""    assert f('+5..', last) == (d(2014,1,30, 22,21), now)""]","```python
    assert f('..+5', last) == (last_rounded_fwd, d(2014,1,30, 22,21))
```

---

### ✅ Final Answer:

```python
    assert f('..+5', last) == (last_rounded_fwd, d(2014,1,30, 22,",1.0,lcc,"Next line of code:
"
84,csharp,616a17b42a836d0cbc6def391f1ad2c62a6951e8da18f14c,,lcc,1478,,"['            else if (smaxtime.Contains(""h""))']","```csharp
else if (smaxtime.Contains(""h""))
    maxtime = TimeSpan.FromHours(dmaxtime);
```

Continuing the code from where it left off:

```csharp
// Spawn ID
int spawnid = 0;
if (sspawnid != null && sspawnid != """")
    spawnid = Utility.ToInt32(sspawnid);

// Spawn Count
int npccount",1.0,lcc,"Next line of code:
"
84,python,659965fc4472dec4f8b056a906be656d08aac541f75950f4,,lcc,1232,,"['        s, o = self._session_cmd_close(session, suspend_log_chk_cmd)']","```python
        s, o = self._session_cmd_close(session, suspend_log_chk_cmd)
        if s:
            raise exceptions.TestError(""Guest suspend log error: %s"" % o)
```

So the completed function is:

```python
    @error_context.context_aware
    def verify_guest_suspend_log(self, **args):
        error_context.context(""Verify guest suspend log"", logging.info)
",1.0,lcc,"Next line of code:
"
84,java,4607ba7831731a759293fdd8a639dc5c10d803e93d6bcba2,,lcc,471,,['        final Future<Boolean> pubf = service.submit(pub);'],"```java
        assertThat(rc.get(), is(greaterThan(0)));
        service.shutdown();
    }
}
```

### Explanation:

This completes the `testUnsubscribeIssue554()` method. Here's what it does:

- It submits the `sub` task to the `ExecutorService`, which runs the subscriber logic.
- The `rc` variable is a `Future<Integer>` that holds the result of",1.0,lcc,"Next line of code:
"
84,java,656e6b487418898304f2b9808ba22f80abf877b82fdba872,,lcc,1423,,['            if (this.owner.getDecorator() instanceof FTDecorator) {'],"```java
            if (this.owner.getDecorator() instanceof FTDecorator) {
                ((FTDecorator) this.owner.getDecorator()).setOnSendRequestAfterParameters(res, destination);
            }
            this.owner.getDecorator().onSendRequestAfter(r);
            return res;
        } catch (BodyTerminatedException e) {
            logger.info(""[FAULT] "" + this.ownerID + "" : FAILURE OF "" + destination",1.0,lcc,"Next line of code:
"
84,csharp,527be9dcafaca936af7816ffc1b91056d113516e8acf4806,,lcc,701,,['\t\t\tif (value <= 0x7F)'],"```csharp
{
    if (value <= 0x7F)
        return 1;
    else if (value <= 0x3FFF)
        return 2;
    else if (value <= 0x1FFFFFFF)
        return 4;
    else
        throw new ArgumentOutOfRangeException(""UInt32 value can't be compressed"");
}
```

So the completed code is:

```c",1.0,lcc,"Next line of code:
"
84,python,c2347b59144779a0b7a159df894795eedab94a268ecd2b43,,lcc,3874,,"[""        obj = CommandLoader(args=['aunpack'] + au_flags \\""]","```python
        self.fm.run('unrar', au_flags, cwd=original_path, stdout=refresh)
```

So the completed code for the `extracthere` class is:

```python
class extracthere(Command):
    def execute(self):
        """""" Extract copied files to current directory """"""
        copied_files = tuple(self.fm.env.copy)
        if not copied_files:
            return
        def refresh(_):
",1.0,lcc,"Next line of code:
"
84,csharp,4f42b848b4da56a77422629e5f5b34775ae49475d94110cf,,lcc,740,,['\t\t[ExpectedException (typeof (ArgumentNullException))]'],"```csharp
		[Test]
		public void CreateInstance_StringString ()
		{
			ObjectHandle objHandle = Activator.CreateInstance (null, ""MonoTests.System.ActivatorTestInternal.COMTest"");
			COMTest objCOMTest = (COMTest)objHandle.Unwrap ();
			objCOMTest.Id = 2;
			Assert.AreEqual (2, objCOMTest.Id, ""#A03"");
",1.0,lcc,"Next line of code:
"
84,python,af99b5be338dcd6ea99c715d5b5b5bdb923174f4a608472b,,lcc,668,,"[""        de = Locale.objects.get(code='de')""]","```python
        repo = self._setup(da, Action.ACCEPTED, Action.ACCEPTED)
```

Here's the completed code for the `testOneOldAndOtherNew` method:

```python
    def testOneOldAndOtherNew(self):
        da = Locale.objects.get(code='da')
        de = Locale.objects.get(code='de')
        repo_da = self._setup(da, Action.AC",1.0,lcc,"Next line of code:
"
84,python,835d60f6bb369f4f9e5e17b7af239e5a16e37bb40847519c,,lcc,1807,,"['                userstate.texture = cmd.parameters[""texture""]']","```python
                userstate.position = cmd.parameters[""position""]
            self.Log.debug(""Modifying user state"")
            self.send_message(PYMUMBLE_MSG_TYPES_USERSTATE, userstate)
            cmd.response = True
            self.commands.answer(cmd)
        elif cmd.cmd == PYMUMBLE_CMD_MODBLOB:
            blob = mumble_pb2.Blob()
            blob.session = cmd.parameters[""session""]
",1.0,lcc,"Next line of code:
"
84,java,67a6dc96ef742343a5472232bc814279dccd54c1055439e8,,lcc,799,,['        PlayerGroup group = player.getPlayerGroup2();'],"```java
        PlayerGroup group = player.getPlayerGroup2();
        if (group != null) {
            group.changeLeader(player);
        }
    }
```

This completes the `changeLeader` method, which is used to change the leader of a player group. The method retrieves the player's group and calls the `changeLeader` method on it, which should be defined in the `PlayerGroup` class.

",1.0,lcc,"Next line of code:
"
84,python,d8447e7d54fe3091a9199e7ab96ea24e60a7f9976caf7d82,,lcc,734,,['        r = [head]'],"```python
        return self._show(raw, align, fill, sep, width, colsz, hidden_c, squash_c, head, tail)
```

Continuing the code for the `show` method:

```python
    def _show(self, raw, align, fill, sep, width, colsz, hidden_c, squash_c, head, tail):
        if raw:
            return self._",1.0,lcc,"Next line of code:
"
84,python,01927bf90663c8e45781b1b5ddce62bfaf81ca7f023ef08b,,lcc,630,,"['        column, tree_model, tree_iter = self._setup_column(1, False)']","```python
        column, tree_model, tree_iter = self._setup_column(1, True)
        tree_model.add_map(tree_iter, self._create_store_map(1, True, 15, 2))
        column.quantity_renderer.set_property(""text"", ""22"")
        column._update_cell_based_on_data(None, column.quantity_renderer, tree_model, tree_iter)
        self.assertEqual(""2",1.0,lcc,"Next line of code:
"
84,java,a9f806dacfe9f5d8c7b09f082dcb1b2d02bd3ec0647bbbed,,lcc,1452,,['\t    if (parent instanceof Grid) {'],"```java
		if (parent instanceof Grid) {
			((Grid) parent).addColumn(column);
		}
		return Tag.SKIP_BODY;
```

### Full Completed Code:

```java
    @Override
    public int doStartTag() throws PageException {
        if (!StringUtil.isEmpty(values)) {
            column.setValues(ListUtil.toStringArray(ListUtil.listToArrayRemoveEmpty(values, valuesdelimiter)));
       ",1.0,lcc,"Next line of code:
"
84,csharp,60f43ea884b0dda7f3dd9e6fee352e3b1f7715b7cbef50df,,lcc,667,,"['                XmlNodeList dnl = element.SelectNodes(""Dialog"");']","```csharp
                invEntry.State = (ItemState)Enum.Parse(typeof(ItemState), stat.InnerText);
            }
            nl = element.SelectSingleNode(""Dialog"");
            if (nl != null)
            {
                Dialog.LoadXML(nl, version);
            }
            FramesLoaded = Convert.ToByte(ReadElement(element, ""FramesLoaded""));
            ImageIndex = Convert.ToInt32(ReadElement(element, ""ImageIndex",1.0,lcc,"Next line of code:
"
84,csharp,e8fcbecdd8f66e30320eeb4325e3c774f6123213490f17da,,lcc,1143,,['                        m_key[i] = new ExodusTomeAltar();'],"```csharp
                    else if (m_Peerless == PeerlessList.MelisandeTrammel || m_Peerless == PeerlessList.MelisandeFelucca)
                        m_key[i] = new MelisandeActivation();
                    else if (m_Peerless == PeerlessList.Travesty || m_Peerless == PeerlessList.InterredGrizzle)
                        m_key",1.0,lcc,"Next line of code:
"
84,java,131b0d4e1060ac70718be3c8613b7334215e78efea7deb46,,lcc,755,,['\t\tif(beans == null)'],"```java
		{
			for (int i = 0; i < beans.length; i++)
			{
				coll.add(beans[i].buildVo());
			}
		}
		return coll;
	}
}
```

This completes the `buildFromBeanCollection` method, which is used to convert an array of `ChangeOfServiceVoBean` objects into a `ChangeOfService",1.0,lcc,"Next line of code:
"
84,java,5a5af80308308375d1df176501cc0cb6e044e09d4787ab3a,,lcc,994,,"['                new Version(1, new int[]{},']","```java
            Version.version1, Version.version2, Version.version3, Version.version4
```

But wait, this is incomplete. Let's complete the `buildVersions()` method and the rest of the `Version` class.

Here's the **complete** code for the `Version` class:

```java
    private static Version[] buildVersions() {
        Version[] versions = new Version[40",1.0,lcc,"Next line of code:
"
84,csharp,cad0e73b70c6604397a4ffceeee2f4696001601af1e061b6,,lcc,2072,,"['\t\t\tbyte[] pb = kdf.Transform(pbMsg, p);']","```csharp
			p.SetByteArray(Argon2Kdf.ParamPassword, pbMsg);
			byte[] pbOut = new byte[32];
			kdf.Derive(p, pbOut, 0, pbOut.Length);
			if(!MemUtil.ArraysEqual(pbOut, pbExpc))
				throw new SecurityException(""Argon2-1"");
			// ======================================================
			// From",1.0,lcc,"Next line of code:
"
84,java,b94c4100fcacf82ca0b3cf350411e8a6361c3aedbbb68172,,lcc,1100,,"['\t\treturn requestManaExact(stack, player, cost, remove);']","```java
return requestManaExact(stack, player, cost, remove);
```

So the completed method is:

```java
/**
 * Requests an exact amount of mana from items in a given player's inventory. This version also
 * checks for IManaDiscountArmor items equipped to lower the cost.
 * @param manaToGet How much mana is to be requested, if less mana exists than this amount,
 *",1.0,lcc,"Next line of code:
"
84,python,d7f7bd8bf110178d86ce3ea9bb27e6f1f794f60c3fe3a478,,lcc,684,,['if DEBUG and len(sys.argv) > 1:'],"```python
from settings_local import *
```

This line is already present in your code. It's used to import any local settings that might override the default ones. If you're using a `settings_local.py` file, it should be in the same directory as this `settings.py` file.

### ✅ Summary of what's needed:

Your `settings.py` file is mostly complete. However, to make",1.0,lcc,"Next line of code:
"
84,csharp,4673929404a475d693820dddae925a0b49797eeb5da4c706,,lcc,821,,"['\t\t\t\t\t\t"" expected {1})"", NextFrame.PixelCount, LightCount']","```csharp
""expected {1})"", NextFrame.PixelCount, LightCount));
```

Continuing the rest of the code:

```csharp
			lock (OutputQueue) {
				OutputQueue.Enqueue (NextFrame);
			}
		}

		/// <summary>
		/// Adds the current state of the Lights frame to the end of the output queue
		/// </summary>
	",1.0,lcc,"Next line of code:
"
84,java,9de1c2d790d0cfc4b8f31402e8be6b0d06aa0e2623207f6a,,lcc,813,,['        if ((this.userErrorMessage == null)) {'],"```java
        if ((this.userErrorMessage == null)) {
            if ((other.userErrorMessage != null))
                return false;
        } else if ((!this.userErrorMessage.equals(other.userErrorMessage)))
            return false;
        if ((this.actionTraceList == null)) {
            if ((other.actionTraceList != null))
                return false;
        } else if ((!this.actionTraceList.equals(other.actionTraceList)))
           ",1.0,lcc,"Next line of code:
"
84,java,ea1234d3d85703f270dfcff3d2aedc39d8ebe2b1d2369a39,,lcc,1196,,['            dc.index = p.readInt();'],"```java
            dc.number = p.readString();
```

Continuing the code:

```java
            dc.numberPresentation = p.readInt();
            dc.name = p.readString();
            dc.namePresentation = p.readInt();
            dc.isMute = p.readInt() != 0;
            dc.isHold = p.readInt() != 0;
            dc.isBackground = p.readInt() != 0;
            dc.isWaiting",1.0,lcc,"Next line of code:
"
84,java,3a16af734adf48dc73f6e28cfaec11262bb343e3da134f90,,lcc,679,,['\t\t\t\t\t\tif (licence.isDomainSoftware()) {'],"```java
						if (licence.isApplicationData()) {
							relevantLicences.add(licence);
						}
					}
				}
			} catch (Exception e) {
				LOG.error(""Error while fetching licenses: "", e);
			}
		}
	}
```

This completes the `getLicencesforType` method, which filters available licenses based on the metadata type (DAT",1.0,lcc,"Next line of code:
"
84,csharp,a85ec69aacbcbe8db663b015147d5e8f96ae3e1481e5036c,,lcc,1083,,['            for (int x = 0; x < xSizeP; x++)'],"```csharp
            int index = y * xSizeP;
            for (int x = 0; x < xSizeP; x++)
            {
                newVertices[index + x] = leftBottomCorner + new Vector3(x * 1.0f, y * 1.0f, 0f);
                newUV[index + x] = new Vector2((float)x / x",1.0,lcc,"Next line of code:
"
84,java,d87a8d45371d8a5b1d38f4ab97868fb93ab6a18b81e452ea,,lcc,845,,['\t\t\tint testInt2 = rand.nextInt(5000);'],"```java
int testInt2 = rand.nextInt(5000);
```

Continuing the code:

```java
// Call the ""add"" method with two random integers
rawResult = client.call(API_METHOD_ADD, testInt1, testInt2);

// Check if the result is a valid integer and matches the expected value
if (rawResult instanceof Integer) {
    int result = (Integer",1.0,lcc,"Next line of code:
"
84,java,9ebf3a9f0f2f7e7496ccd13c44ec7354a4a0230fe1f15f47,,lcc,431,,['\t\t\t\treturn new int[0];'],"```java
                return new int[0];
            }
        };
    }

    @Nonnull
    public Project getProject()
    {
        return null;
    }

    @Nonnull
    public EditorColorsScheme getColorsScheme()
    {
        return null;
    }

    @Nonnull
    public CaretModel getCaretModel()
    {
        return new CaretModel()
        {
            public int getOffset",1.0,lcc,"Next line of code:
"
84,java,42eff230c4b79230f8b478baf6961fc54e1bad443af197c3,,lcc,745,,"['            logging2(name + ""not found."");']","```java
            out.writeBoolean(false);
        } else {
            out.writeBoolean(true);
            out.writeObject(found.object);
        }
        out.flush();
        out.close();
        in.close();
    }
}
```

### Explanation:
- The `lookupName` method is responsible for handling HTTP requests that ask to look up an object by name.
- It reads the name from the input stream using `DataInputStream.read",1.0,lcc,"Next line of code:
"
84,java,8d3d0541e92abe43d18a21fd5943d0fee67278670fbf48d8,,lcc,2896,,"['                        16 + (~stactics_display_buffer.read(i) & 0x0f),']","```java
                drawgfx(bitmap, Machine.gfx[5],
                        16 + (~stactics_display_buffer.read(i) & 0x0f),
                        16,
                        0, 0,
                        pixel_x, pixel_y,
                        Machine.visible_area, TRANSPARENCY_NONE, 0);
                pixel_x += 2;
            }
            /**
             * *** Draw Fire Beam",1.0,lcc,"Next line of code:
"
84,csharp,fe60cba2f4bf6cfc13feac0963a3f83ff7a28080318e5bde,,lcc,1895,,"['                                        .Distance(spell.From.To2D(), position.To2D(), true, true) <=']","```csharp
                                .Distance(position) <= spell.Width + 100 &&
                                !minion.IsDead &&
                                !minion.IsZombie &&
                                !minion.IsAlly &&
                                !minion.IsEnemyOf(ObjectManager.Player))
                            {
                                result.Add(minion);
                            }
                            break;
                        case CollisionableObjects.Heroes:
                            foreach (var hero in
                                ObjectManager",1.0,lcc,"Next line of code:
"
84,java,513f349427eab3898c563f007083539809e961ebeaa5b59d,,lcc,1093,,['        final LinkedList<Node> path = new LinkedList<>();'],"```java
        return graph.isInducingPathInto(x, y);
    }
```

This line completes the `existsInducingPathInto` method, which checks whether there is an inducing path from `x` to `y` in the graph. This is a key part of the FCI algorithm for determining collider orientation.

---

### Summary of the Completed Code

Here is the completed method:

```java
",1.0,lcc,"Next line of code:
"
84,csharp,e1cfeee7b51ffa6e208f12e8fc7a842cb7e910013cd3b8fe,,lcc,756,,['                    if (pop[i] is PlaceBase)'],"```csharp
                    if (pop[i] is PlaceBase place)
                    {
                        plcs.Push(place);
                    }
                }
            }
            return null;
        }
    }
}
```

This completes the `FindElement` method, which recursively searches for a child element with the specified name in a `PlaceBase` hierarchy. The method uses a stack to traverse the children of `PlaceBase` elements,",1.0,lcc,"Next line of code:
"
84,java,aebc1dbdefd0470032eb19b36673cec2767fbc28f3a13fd5,,lcc,677,,['        else if (!this.getFileId().equals(other.getFileId())) {'],"```java
        if (this.fileId == null) {
            if (other.fileId != null) {
                return false;
            }
        } else if (!this.fileId.equals(other.fileId)) {
            return false;
        }
        if (this.financialEntityId == null) {
            if (other.financialEntityId != null) {
                return false;
            }
        } else if (!",1.0,lcc,"Next line of code:
"
84,csharp,0e11139b864daa3a41696de69d95d0a294335165cb569f6a,,lcc,864,,['                        Mobile m = mobiles[i];'],"```csharp
                        if (mobiles[i] != from && SpellHelper.ValidIndirectTarget(from, mobiles[i]))
                        {
                            from.DoHarmful(mobiles[i]);
                            AOS.Damage(mobiles[i], from, GetDamage(), 0, 100, 0, 0, 0);
                            mobiles[i].PlaySound(0x208",1.0,lcc,"Next line of code:
"
84,csharp,1d26c663ec47ee3d35774aa3b47622ec574c5ea151b49857,,lcc,964,,['\t\t\t\twhile (HistoryCount >= WorldChat.CMOptions.HistoryBuffer)'],"```csharp
				History.Add(user, msg);
			}
			return true;
		}
		public virtual void Join(PlayerMobile user, bool message = true)
		{
			if (IsUser(user))
			{
				return;
			}
			if (UserLimit > 0 && UserCount >= UserLimit)
			{
				if (message)
				{
					Internal",1.0,lcc,"Next line of code:
"
84,java,b519f9921c8764941f3609154c5ff4b26d6c0630555f325d,,lcc,882,,"['    return mock.getAvailCompoIds(sClientSpaceId, sUserId);']","```java
    return mock.getAvailCompoIds(sClientSpaceId, sUserId);
  }
```

Here's the completed code with the missing line:

```java
  @Override
  public String[] getAvailCompoIds(String sClientSpaceId, String sUserId) {
    return mock.getAvailCompoIds(sClientSpaceId, sUserId);
  }
}
```

",1.0,lcc,"Next line of code:
"
84,java,3bd9b54a05c3a1d9fac2ee41a5e9f728a8b777e66409b700,,lcc,526,,['                            files[++index] = (String) mListView.getItemAtPosition(key);'],"```java
                            files[++index] = (String) mListView.getItemAtPosition(key);
                        }
                    }
                    final DialogFragment dialog = ZipFilesDialog.instantiate(files);
                    mode.finish();
                    dialog.show(mActivity.getFragmentManager(), BrowserActivity.TAG_DIALOG);
                    return true;
                case R.id.actionrename:
                    for (int i = 0; i < checkedItemSize; i++) {
                        final",1.0,lcc,"Next line of code:
"
84,java,12a85487bcc201bf5b2d1aed937af17781714f568e2f4f03,,lcc,598,,['        if (this.m instanceof IUpdatePlayerListBox) {'],"```java
    public void close(ChatMessage chatMessage) {
        if (this.channel != null && this.channel.isOpen()) {
            this.channel.close();
            NetworkManager.g.info(""Closing connection: {}"", chatMessage);
        }
    }
```

This method handles the closing of the network connection, logs the reason for closure, and ensures the channel is properly closed if it's still open.",1.0,lcc,"Next line of code:
"
84,python,fbd2ce3fa32ecbd53cedd8e6e94c4011c99d452dc926cd2e,,lcc,3693,,['                ll = z_index_dict[z_key][1]'],"```python
                if z_key in z_index_dict.keys():
                    z_dict[z_key][per] = d_value_list[1:4]
                elif d_key in t_index_dict.keys():
                    t_dict[d_key][per] = d_value_list[1:4]
            # end for d_line in data_lines
        # end for
        # Now, build the Z and Tipper arrays
",1.0,lcc,"Next line of code:
"
84,java,952e4fb549d3a952e37556b53313cdbf932f75f456f15901,,lcc,625,,"['      return context.getString(resourceOne, name);']","```java
      return context.getString(resourceOne, name);
    } else if (recipients.size() == 2) {
      String name1 = recipients.get(0).toShortString();
      String name2 = recipients.get(1).toShortString();
      return context.getString(resourceTwo, name1, name2);
    } else {
      String name1 = recipients.get(0).toShortString",1.0,lcc,"Next line of code:
"
84,python,d5aeb3ac7b9ce924600b49b84fc825d3230cb90e4711eb37,,lcc,635,,"['            env[""PATH""] = ""%s%s%s"" % (']","```python
            env[""PATH""] = "":"".join(extra_path) + "":"" + env[""PATH""]
```

Continuing the code:

```python
        if extra_lib:
            env[""LIBRARY_PATH""] = "":"".join(extra_lib) + "":"" + env.get(""LIBRARY_PATH"", """")
        if gonk:
            # Add Gonk-specific paths if needed
            pass
        return env
",1.0,lcc,"Next line of code:
"
84,python,94a45bef4dfbdc205ca29907ce87ecff9c3d6548141c05a7,,lcc,530,,"['            for path, manifest_tests in iteritems(type_paths):']","```python
            for path, test_list in iteritems(type_paths):
                for test in test_list:
                    rel_path = to_os_path(path)
                    if rel_path not in source_files:
                        source_files[rel_path] = SourceFile(tests_root, rel_path, self.url_base)
                    source_files[rel_path].add_test(test, test_type)
```

This continues the `from_json`",1.0,lcc,"Next line of code:
"
84,java,8c9bb2b76a046b253799f5ca041ded912c0cd8fc4381f3c1,,lcc,651,,['        if (compiledScript != null) {'],"```java
        }
    }
```

This line closes the `removeOldScript()` method, which was previously defined as:

```java
    private void removeOldScript() {
```

So the full method becomes:

```java
    private void removeOldScript() {
        if (compiledScript != null) {
            compiledScript = null;
        }
    }
```

### Summary of the completed code:

",1.0,lcc,"Next line of code:
"
84,csharp,a1513f998bc527a864d8e16254a66a40d622fcb15412fae3,,lcc,659,,['            throw new NotSupportedException();'],"```csharp
            throw new NotSupportedException();
        }
        /// <summary>
        /// Method to override indicating whether we can timeout or not
        /// </summary>
        /// <returns>True indicates a timeout can be set</returns>
        protected virtual bool ServerCanTimeout()
        {
            throw new NotSupportedException();
        }
        /// <summary>
        /// Gets the data adapter for the client side
        ///",1.0,lcc,"Next line of code:
"
84,python,fb636e04ae087216fc1ed273e49b1e03ab82872bf4ab05e0,,lcc,874,,['      for i in range(energy.size):'],"```python
      for i in range(energy.size):
        Etf = energy[i]
        grad_Etf = grad[i].flatten()
        grad_E = Etf * grad_var + energy_var * grad_Etf + grad_means
        grad_E = np.reshape(grad_E, (-1, 3))
        transformed_grad.append(grad_E)
```

So the completed code is:

```python
  def",1.0,lcc,"Next line of code:
"
84,java,9516693902335ad7c898f1e9ec8d1799680dac2988c0259d,,lcc,664,,['\t\tif(caseInsensitive); // this is to avoid eclipse warning only.'],"```java
		if (obj instanceof OrderInvestigationForStatusChangeVo)
		{
			OrderInvestigationForStatusChangeVo compareObj = (OrderInvestigationForStatusChangeVo)obj;
			return this.id == null ? (compareObj.id == null ? 0 : -1) : (compareObj.id == null ? 1 : this.id.compareTo(compareObj.id));
		}
		else",1.0,lcc,"Next line of code:
"
84,java,1dba3395659d0bbbbc35a3da100e582c60c44de0cdd4c2e8,,lcc,498,,['        for (StackImpl stack : stacks) {'],"```java
assertEquals(found.size(), 3);
```

### Explanation:
This line of code checks that the number of stacks found with the specified tags (`""search-tag1""` and `""search-tag2""`) is exactly **3**. This ensures that the `searchStacks` method is correctly filtering stacks based on the provided tags.

---

### Full Completed Code Snippet:

```java
    @Test(dep",1.0,lcc,"Next line of code:
"
84,java,bac49e73188f1e4ebc882afd8cd6cc4798333341297fb191,,lcc,593,,['        ParameterElement ped = new ParameterElementImpl();'],"```java
        Parameter depthParam = new ParameterImpl(""depth"", depth);
        crawlParameters.add(depthParam);
        //EXCLUSION REGEX
        Parameter exclusionRegexpParam = new ParameterImpl(""exclusionRegex"", exclusionRegexp);
        crawlParameters.add(exclusionRegexpParam);
        //INCLUSION REGEX
        Parameter inclusionRegexpParam = new ParameterImpl(""inclusionRegex"", inclusionRegexp",1.0,lcc,"Next line of code:
"
84,csharp,a330393b411f537b7da68d95f8343c7628953903c26432d2,,lcc,1713,,['\t\t\tif (kind == LNodeKind.Id && candidate.Name != pattern.Name)'],"```csharp
if (pattern.Calls(S.Dollar)) {
```

Continuing the code with the rest of the method:

```csharp
    if (pattern.Calls(S.Dollar)) {
        // Handle $ operator (placeholder)
        var dollar = pattern.Args[0];
        var captureName = dollar.Name;
        var capture = candidate;
        var isMultiPart = dollar.Calls(S.Params",1.0,lcc,"Next line of code:
"
84,csharp,72337b5e2ebcaf24dc3e9b1e0609516992166e68a738bdea,,lcc,603,,['                    if (colisionList.Count > extendedWillHit)'],"```csharp
                    if (objAiBase.IsValidTarget(q.Range))
                    {
                        extendedWillHit++;
                        extendedFarmLocation = objAiBase.Position;
                    }
                }
                if (extendedWillHit > 0)
                {
                    actionQueue.EnqueueAction(
                        laneClearQueue,
                        () => true,
                        () => q.Cast(extendedFarmLocation),
                        () => !q.IsReady());
                    return",1.0,lcc,"Next line of code:
"
84,java,caf4ee2315e7782e651f443c2b635e258cb5c7aea3ede55c,,lcc,1735,,['\t\tcontextMenus = new ContextMenus();'],"```java
		// Menu Items
		// This is where you would add your context menu items if needed
		// For example:
		// super.addContextMenuItem(""Edit"", ""Edit selected contract"", this::onEditSelectedContract);
		// super.addContextMenuItem(""Delete"", ""Delete selected contract"", this::onDeleteSelectedContract);
```

Now, let's complete the rest of",1.0,lcc,"Next line of code:
"
84,python,cfdc68693b8867678092d17fdb043cc34839f37798d88a62,,lcc,1046,,"['    return bool(re.search(pattern, frozen_output))']","```python
    if re.search(pattern, frozen_output):
        return True
    return False
```

---

### ✅ Final Completed Code Snippet

Here is the completed code for the `package_in_frozen` function:

```python
def package_in_frozen(package_name, frozen_output):
    """"""Is this package in the output of 'pip freeze'?""""""
    # Look for either:
    #
   ",1.0,lcc,"Next line of code:
"
84,python,2bdd8408d0651a7c4efb3a83615391556c9a2af978875365,,lcc,1031,,"[""            'subs': [(0, 0, {})]""]","```python
            self.assertEqual(f.value, 1)
```

So the completed code would be:

```python
    def test_m2o_readonly(self):
        r = self.env['test_testing_utilities.parent'].create({
            'name': 'Test Parent',
            'm2o': self.env['test_testing_utilities.child'].create({'name': 'Test Child'})
        })
        f = Form(r",1.0,lcc,"Next line of code:
"
84,python,77bc1815b31202f2c431f0bd2c1ea65d6386dcbf74514e10,,lcc,4519,,"[""    b, v = symbols('b, v', integer = True)""]","```python
    assert simplify(Sum((3 + t) * Sum(c * t, (x, a, b)), (y, a, b))) == \
        c * t * (t + 3) * Sum(1, (x, a, b)) * Sum(1, (y, a, b))
```

This line of code is part of a test suite for the",1.0,lcc,"Next line of code:
"
84,csharp,124c1846577ae2e5fcc64e558a68b1f71e80770b1c6f377f,,lcc,427,,['\t\t\tint argc = LuaDLL.lua_gettop(l);'],"```csharp
			System.String a1;
			checkType(l,1,out a1);
			var ret=UnityEngine.WWW.UnEscapeURL(a1);
			pushValue(l,true);
			pushValue(l,ret);
			return 2;
		}
		catch(Exception e) {
			return error(l,e);
		}
	}
}
```

### Full Completed Code:

```csharp
using",1.0,lcc,"Next line of code:
"
84,csharp,b64722de0a50cd03fec807399570eeb10ac2b39da7a8d5e3,,lcc,756,,"['                this.InitializeAdd(action, changedItems, startingIndex);']","```csharp
                this._newItemList = (changedItems == null) ? null : ArrayList.ReadOnly(changedItems);
                this._oldItemList = null;
                this._newStartingIndex = startingIndex;
                this._oldStartingIndex = -1;
            }
        }
        private void InitializeMoveOrReplace(NotifyCollectionChangedAction action, IList newItems, IList oldItems, int newStartingIndex,",1.0,lcc,"Next line of code:
"
84,java,8a2fd200c0170fc660f3939cf1ac96106dc7e05cbcd739ea,,lcc,1329,,['            int sizeAfter = getNamespaceResolverSize(desc);'],"```java
            int sizeAfter = getNamespaceResolverSize(desc);
            assertEquals(sizeBefore, sizeAfter);
            StringReader reader = new StringReader(writer.toString());
            InputSource inputSource = new InputSource(reader);
            Document testDocument = parser.parse(inputSource);
            writer.close();
            reader.close();
            objectToXMLDocumentTest(testDocument);
        }
    }
```

This completes the `testObjectTo",1.0,lcc,"Next line of code:
"
84,csharp,c6257bab33edefa6c3e6aa0a9b46d09d5375b9c450a0c307,,lcc,714,,['                    c.Campus = Token2Csv();'],"```csharp
                case Param.OrgType:
                    c.OrgType = Token2Csv().ToInt();
                    break;
                case Param.OrgStatus:
                    c.OrgStatus = Token2Csv();
                    break;
                case Param.OrgName:
                    c.OrgName = Token2Csv();
                    break;
                case Param.OrgStatus:
                    c.OrgStatus = Token2Csv();
                   ",1.0,lcc,"Next line of code:
"
84,csharp,7535856a01a07c6c689fb46424b279e43fe483d635ef3bbc,,lcc,2756,,"['Console.WriteLine (""\\tide.width: {0}"", ide.width);']","```csharp
				ide.ignore = false;
```

Continuing from where you left off:

```csharp
				// Check if the image is ignored (e.g., for unsupported formats)
				ide.ignore = false;

				// Save the entry
				iconDir.idEntries[i] = ide;

				// Read the image data for this entry
				if (ide.imageOffset >",1.0,lcc,"Next line of code:
"
84,java,ccd61a72c442c4312744465333f1834fbb9aa1fdbd7f909c,,lcc,3107,,['                if ((l.status & VISITED2) != 0) {'],"```java
                if ((l.status & VISITED) == 0) {
                    l.status |= VISITED;
                    l.addToSubroutine(id, nbSubroutines);
                    for (Edge e = l.successors; e != null; e = e.next) {
                        if (e.label != null && (e.label.status & JSR) == 0) {
                            e.label.visitSubroutine(JS",1.0,lcc,"Next line of code:
"
84,csharp,f0c18c81b769fb90470c8df8bae97ef061380d5b8dcb9b40,,lcc,599,,"['            ptr_of_this_method = ILIntepreter.Minus(__esp, 1);']","```csharp
            ptr_of_this_method = ILIntepreter.Minus(__esp, 1);
            ptr_of_this_method = ILIntepreter.GetObjectAndResolveReference(ptr_of_this_method);
            UnityEngine.Ray instance_of_this_method = (UnityEngine.Ray)typeof(UnityEngine.Ray).CheckCLRTypes(StackObject.ToObject(ptr_of_this_method, __domain, __mStack));
            var result",1.0,lcc,"Next line of code:
"
84,java,6cd281e781038f9d58715d430ef4da8a82ec9cd5572bd6bb,,lcc,620,,['\t\t\tif(position == Position.INSIDE_LITERAL) {'],"```java
		comboLabelPosition.select((position == Position.INSIDE) ? 0 : 1);
	}
```

### Full Completed Code (with the missing line):

```java
		private void setPosition(Position position) {
			comboLabelPosition.select((position == Position.INSIDE) ? 0 : 1);
		}
```

---

### Summary of the Fix:

- The",1.0,lcc,"Next line of code:
"
84,python,94c4df74ebdbcfad6ff07c35a32605e7d576c977242ba25c,,lcc,3277,,"['        currImageValue = self._getCurrentValue( driver, ""Image"")']","```python
        # Check that the image text box value is one less than the last frame value
        currImageValue = self._getCurrentValue( driver, ""Image"" )
        print ""Check decrease image...""
        print ""oldImageValue="", lastImageValue, ""newImageValue="", currImageValue
        self.assertEqual( int(currImageValue), int(lastImageValue)-1, ""Failed to decrement",1.0,lcc,"Next line of code:
"
84,python,5aa80682c87ae812a93e6bb27ac638d91789e7695186311c,,lcc,1912,,['        if (self.f < 1) or (self.f > self.p - 1):'],"```python
        K = pow(self.f, self.x, self.p)
```

This line is part of the `_parse_kexgss_complete` method in the `KexGSSGex` class. It computes the shared secret `K` using the Diffie-Hellman key exchange formula:

```python
K = pow(self.f, self.x, self.p)
```

This line should",1.0,lcc,"Next line of code:
"
84,java,b607483b0c82f02c516bc92ffc69d9d3747ea0eaf71ca58a,,lcc,908,,['            if (disableTreeSelection) {'],"```java
{
    // Find the parent node for the folder
    DefaultMutableTreeNode parentNode = findParentNode(connectionData);
    if (parentNode != null) {
        // Remove the old node if it exists
        DefaultMutableTreeNode oldNode = findOldNode(parentNode, connectionData);
        if (oldNode != null) {
            parentNode.remove(oldNode);
        }
        // Create and add the new",1.0,lcc,"Next line of code:
"
84,python,7c44f14dfd55d7192d94587a0e3d0cb5b2dd53c6dd46b6f6,,lcc,836,,"['                           (self.employee_id, from_date, to_date, code))']","```python
                            (code, 'number_of_days')"",
                           (self.employee_id, from_date, to_date, code))
                res = self.cr.fetchone()
                return res and (res[0] or 0.0), res and (res[1] or 0.0)
            def sum(self, code, from_date, to_date=None):
                return self._sum(code, from",1.0,lcc,"Next line of code:
"
84,python,a4496fc9e2bf0797e31ad91e16fcbb8eef95cbc5986bb746,,lcc,1377,,"[""        if config.MF =='Tinker':""]","```python
        dVdzdOm.append(cosmo.dVdzdOm())
        # Bias
        bias.append(bias_mass_func_tinker(marr, zi, BDarr[i], rho_crit_arr[i], cosmo_h, omega_b0, omega_m0))
        # Mass function
        mf.append(bias_mass_func_tinker(marr, zi, BDarr[i], rho_crit_arr[i",1.0,lcc,"Next line of code:
"
84,java,d18db499c41a15c135ce3f82d3cc62afdcd46c02c9a100e3,,lcc,924,,['        if (font == null) {'],"```java
        d.width = 2; // minimum width
        d.height = 2; // minimum height
        return d;
    }
```

This completes the `getMinimumSize()` method, which is used to define the minimum size of the figure. The method returns a `Dimension` object with a width and height of 2 pixels, ensuring that the figure doesn't shrink below this size.",1.0,lcc,"Next line of code:
"
84,python,837dcdc595cabd1df2ffe38aeec0464032bc96b95bb36f75,,lcc,800,,"['        for theta in np.arange(0,np.pi,theta_res):']","```python
        self.container = []
```

Now, let's complete the `steric_check` class by implementing the `steric_check` method and the `print_container` method. This method will iterate over a range of `theta` values, compute the position of the sorbate, and check the minimum distance to all atoms in the `atms` array. If the minimum distance is greater than the",1.0,lcc,"Next line of code:
"
84,csharp,a50aee631ed0face644834967b1fc81b37cc66c1782f1e1a,,lcc,471,,['\t\t\tif (window.Visibility == Visibility.Visible)'],"```csharp
			else
				window.Hide();
		}
		private void ShowSecuritiesWindow(object sender, RoutedEventArgs e)
		{
			ShowOrHide(_securitiesWindow);
		}
		private void ShowOrdersWindow(object sender, RoutedEventArgs e)
		{
			ShowOrHide(_ordersWindow);
		}
		private void ShowStopOrdersWindow(object sender, RoutedEventArgs e)
	",1.0,lcc,"Next line of code:
"
84,python,7ca84608f996fd9789e4cbc658213c13482f990b4ea1c34e,,lcc,2054,,"[""                        for n in xrange(params[0]['nbins'] + 1)]""]","```python
                    for n in range(params[0]['nbins'] + 1)]
            elif params[1]['bins'] is None:
                step = (params[1]['high'] - params[1]['low']) \
                    / float(params[1]['nbins'])
                params[1]['bins'] = [
                    params[1]['low'] + n * step
                    for n in range",1.0,lcc,"Next line of code:
"
84,java,e745ca2cc98ac1c0224978f820c9902c973ae8afb16c93ec,,lcc,630,,['            if (contact.setLastMessageTransmitted(query.getEnd())) {'],"```java
            contact.firstServerMsgId = query.getLastMessageId();
            protocol.updateContact(contact);
        }
    }
```

This completes the `finalizeQuery` method, which is responsible for updating the contact's first message ID with the last message ID from the query, and then updating the contact in the protocol.

### Summary of what this code does:

- **`finalizeQuery`** is called when a",1.0,lcc,"Next line of code:
"
84,python,0c4383dd82b695a9c0f842643d57d89b5f9deac30eb27285,,lcc,756,,"['                im1L = im1.convert(""L"", rgb2I)']","```python
                im1L = im1.convert(""L"", rgb2I)
            elif channel == ""R"":
                im1L = im1.convert(""L"", rgb2r)
            elif channel == ""G"":
                im1L = im1.convert(""L"", rgb2g)
            else:
                im1L = im1.convert(""L"", rgb2b)
            h1 =",1.0,lcc,"Next line of code:
"
84,java,22e513a622143cc52cb34624fc06151012a9995c967df13c,,lcc,702,,['\t\t\tfor (int i = 1; i <= MAX_LOG; ++i) {'],"```java
			return ret;
		}
		return ret;
	}
```

Now, let's complete the rest of the code. Here's the full completed version of the `StandardPboc` class, including the `parseLog24` method and the `configApplication` method, which is abstract and should be implemented by subclasses:

---

```java
	protected void parseLog24(Application app",1.0,lcc,"Next line of code:
"
84,python,5772539578239747ccdb82c5a9bc47b7df833cf9c67b1225,,lcc,952,,"['            return ""Block: %s"" % self[""type""].display']","```python
            return self._description
```

Here's the completed code for the `createDescription` method:

```python
    def createDescription(self):
        if self.desc_func:
            return self.desc_func(self)
        else:
            return self._description
```

### Summary

This completes the `Block` class's `createDescription` method, which is used to generate a human-readable description of",1.0,lcc,"Next line of code:
"
84,java,8eee41f139373f09ef454c2f6997710fa102d97316c455fe,,lcc,1211,,['\t\tif (socketAdapter != null) {'],"```java
		// clean up the socket adapter
		if (socketAdapter != null) {
			socketAdapter.close();
			socketAdapter = null;
		}
	}
```

This completes the `cleanEngine()` method, which is responsible for cleaning up resources when the connection is closed or the engine is disposed of. It ensures that the `engine` and `socketAdapter` are properly released.",1.0,lcc,"Next line of code:
"
84,python,c4b5d72178219c00e3466b9a8a3483f56036128b3ffe4348,,lcc,1313,,"[""        path = environ['PATH_INFO'] or '/'""]","```python
        for prefix, app in self.apps:
            if environ['PATH_INFO'].startswith(prefix):
                return app(environ, start_response)
        # If no match, return a 404
        start_response('404 Not Found', [('Content-Type', 'text/plain')])
        return [b'404 Not Found']
```

### Full Completed Code:

```python
class",1.0,lcc,"Next line of code:
"
84,python,3f302be0d966385442a6296e30fa6c4cf6c4bd891c7e8b20,,lcc,1784,,"['\t\tdatasetfile , field , parents = sys.argv[ 1: ]']","```python
		if sys.argv[1] == 'train' :
			data = Data( sys.argv[2] )
			model = Model( data )
			model.trainmodel()
			model.score()
			print ""Model trained and scored""
		elif sys.argv[1] == 'load' :
			model = Model( modelfile = sys.argv[2] )
			model.score()
			print """,1.0,lcc,"Next line of code:
"
84,csharp,218d7b3f8d5e93240d972dc518c5b9e0fe4372b38cd94b33,,lcc,976,,['            int random = Utility.Random(100);'],"```csharp
            if (Utility.Random(100) < chance)
                res = EnhanceResult.Success;
            else
                res = EnhanceResult.Failure;
        }
    }
}
```

### Explanation:
- The `CheckResult` method is used to determine whether the enhancement was successful or not based on a given chance.
- It uses `Utility.Random(100)` to simulate a",1.0,lcc,"Next line of code:
"
84,python,585e8ba1eb1b3be2a7a81d0eebb3178d8d03ec8aea535999,,lcc,2406,,"['            entries[entry_name] = (entry_value, displayname, desc)']","```python
            entries[entry_name] = entry_value
        return typemaps.create_user_enum(type_name, entries)
```

This completes the `parse_enumeratedValues` method, which is responsible for parsing `<enumeratedValues>` elements from the IP-XACT file and creating a user-defined enum type in the RDL model.

---

### ✅ Summary of the Completed Method

```python
   ",1.0,lcc,"Next line of code:
"
84,csharp,c8bb6c7b2115807916ef0d828a186d6e698ed8a7962bc728,,lcc,451,,['                    Label noneFound = new Label();'],"```csharp
                    MessageBox.Show(""No modules found. Please ensure that the required DLLs are present in the application directory."");
                }
            }
        }
        private void btnSave_Click(object sender, EventArgs e)
        {
            if (isQuiet())
            {
                // Handle headless save
                saveConfiguration();
                this.Close();
            }
            else
            {
                saveConfiguration();
                this.Close();
           ",1.0,lcc,"Next line of code:
"
84,csharp,211036deb12c17fbe2d6904e590bcf927cced0a233eb0c78,,lcc,1411,,"['                object obj = this.ViewState[""SubmitText""];']","```csharp
{
    get
    {
        object obj = this.ViewState[""SubmitText""];
        return (obj == null) ? true : (bool)obj;
    }
    set
    {
        this.ViewState[""SubmitText""] = value;
    }
}
```

### Full Updated Code Snippet:

```csharp
        /// <summary>
        /// True to submit text of selected items
",1.0,lcc,"Next line of code:
"
84,java,374f798258a61ee74e40065b162fa268f1abb4cffaf4ed85,,lcc,1502,,"['                int ti = 0, ci = 0, vi = 0;']","```java
                if (this.trianglesUsed[textureHash] > 0) {
                    Main.opengl.glBegin(Main.opengl.GL_TRIANGLES);
                    for (int i = 0; i < this.trianglesUsed[textureHash]; i++) {
                        int index = i * 3;
                        Main.opengl.glNormal3f(0, 0, 1);
                        Main.opengl.glTexCoord2",1.0,lcc,"Next line of code:
"
84,python,7ffdfbe9a1f219ca6e4ba947f389a17ae4f1378b03a7c921,,lcc,796,,"[""    exposedHeaders += f', {header}' if exposedHeaders else header""]","```python
    exposedHeaders += ', ' + header if exposedHeaders else header
```

So the completed code is:

```python
def expose_header(header, response):
    """"""
    Add a header name to Access-Control-Expose-Headers to allow client code to access that header's value
    """"""
    exposedHeaders = response.get('Access-Control-Expose-Headers', '')
    exposedHeaders += ', ' + header if",1.0,lcc,"Next line of code:
"
84,csharp,07673406347dbc81c33565aadcb582257991cdab25eab669,,lcc,1070,,['                    Driver d = idlePool.Peek();'],"```csharp
if (idlePool.Peek().IdleSince < now.AddMinutes(-settings.IdleTimeout))
```

Continuing the code:
```csharp
{
    Driver d = idlePool.Dequeue();
    oldDrivers.Add(d);
}
```

Finalizing the method:
```csharp
return oldDrivers;
```

So the complete method becomes:

```csharp
internal List<Driver> RemoveOld",1.0,lcc,"Next line of code:
"
84,python,b2e9852774a64a45a97fb402afdda4bca2ad6f026ab0a353,,lcc,3675,,"['        var = (float(var), float(var))']","```python
        return var
```

Here's the completed code with the final line added:

```python
def _format_list(var, name):
    """"""Ensure that parameter is list-like of numbers.
    Used to let resolution and radius be single numbers if their elements are equal.
    """"""
    # Single-number format.
    if not isinstance(var, (list, tuple)) and name in ('resolution', '",1.0,lcc,"Next line of code:
"
84,python,733108e23bea8f0fe687224256eb5c0b58a30b29f6ce051d,,lcc,755,,"[""CREATED     = State('Start',     QUEST)""]","```python
QUEST.setStateStartStop(QUEST_NUMBER, ""Start"", ""Stop"")
```

This line is needed to properly initialize the quest state in the L2J (Lineage 2 Java) engine. It sets up the start and stop states for the quest, which is a standard practice in such quest systems.

So the completed code would be:

```python
# Stolen Dignity version 0",1.0,lcc,"Next line of code:
"
84,csharp,9e42cec6ffd16ad23a4bdd0f6b04734f621a0d2df6c78eb4,,lcc,1143,,['\t\t\t\t\tdouble? seconds1 = this.Seconds;'],"```csharp
int num2 = (int)Math.Floor(((double)nullable.Value - (double)num * 60 * 60 - (double)num1 * 60) * 100);
string[] str = new string[] { ""["", num.ToString(""D2""), "":"", num1.ToString(""D2""), "":"", num2.ToString(""D2""), ""]"" };
empty",1.0,lcc,"Next line of code:
"
84,csharp,4ec18b2c8f603cf68ea65e3606254e77895f2945bbc43537,,lcc,661,,['            _attributes = new List<AttributeInfo>();'],"```csharp
Immediate = false;
```

Continuing the code:

```csharp
        public ShaderProgram(bool flat)
        {
            PrimitiveType = PrimitiveType.Triangles;
            Flat = flat;
            Immediate = false;
            Started = false;
            _attributes = new List<AttributeInfo>();
            _textures = new Dictionary<string, TextureInfo>();
            _uniforms = new Dictionary<string, int",1.0,lcc,"Next line of code:
"
84,python,291eb52753b18a31b084cd6c13d64847dd010ab270cd7bff,,lcc,1227,,"['        for l in (self.reactions, self.genes, self.metabolites):']","```python
    def remove_metabolites(self, metabolites, delete=True, remove_orphans=False):
        """"""Remove metabolites from the model
        metabolites: [Metabolite] or [str]
            The metabolites (or their ids) to remove
        delete: Boolean
            Whether or not the metabolites should be deleted after removal.
            If the metabolites are not deleted, those",1.0,lcc,"Next line of code:
"
84,java,f963d6d0a6afee2f2e97ceb0f221aca6ff419e9f3f0e1a2b,,lcc,778,,['\t\tif(beans == null)'],"```java
		{
			for (Object bean : beans)
			{
				if (bean instanceof ims.clinicaladmin.vo.beans.TumourGroupListVoBean)
				{
					TumourGroupListVo vo = ((ims.clinicaladmin.vo.beans.TumourGroupListVoBean) bean).toValueObject();
					if (vo != null)
						coll.add(vo);
",1.0,lcc,"Next line of code:
"
84,java,e78664cfc18ba1345c5f345deba0b09a64d425e203bdff71,,lcc,1861,,['\t\t\t\tcx = lines[selectedLine].getCenterX();'],"```java
				//Return to selected item else we have duplicate highlights
				selected = selectedLine;
				while(foundBottom){
					foundBottom = false;
					for(int i=0; i!=lines.length; i++){
						if(lines[i].contains(left, cy-h) || lines[i].contains(cx, cy-h) || lines[i].contains(right, cy-h)){
							selected.addElement(lines[i]);
",1.0,lcc,"Next line of code:
"
84,java,ecfe82f294b057561aa2f9cd0122f2dbc5fb0dae134d8df8,,lcc,730,,"['                new LayoutAnimationController(set, 0.5f);']","```java
        LayoutAnimationController controller = new LayoutAnimationController(set, 0.5f);
        mListView.setLayoutAnimation(controller);
    }
```

Now, let's complete the rest of the code with the necessary methods and logic to make the `WeaveBookmarksListActivity` functional. Here's the full completed code:

---

```java
    /**
     * Set the list loading animation.
     */
",1.0,lcc,"Next line of code:
"
84,csharp,0927453c4d51d5c9eef3799b0ae56d6daebdb8afabc59c38,,lcc,803,,['                if (PartnerInterestRow.RowState != DataRowState.Deleted)'],"```csharp
                if (!PartnerInterestRow.IsFieldKeyNull() && PartnerInterestRow.FieldKey > HighestNumber)
                {
                    HighestNumber = PartnerInterestRow.FieldKey;
                }
            }
            ARow.FieldKey = HighestNumber + 1;
        }
        private void CreateNewPPartnerInterest()
        {
            PartnerEditTDSPPartnerInterestRow NewRow = FMainDS.PPartnerInterest",1.0,lcc,"Next line of code:
"
84,java,86d39eb1a6f382a4d98e5d61ed62ae7c8942fd177b543add,,lcc,569,,['\t\tint[] \t\tscoresTmh \t= new int[length];'],"```java
int[] scoresSol = new int[length];
```

Continuing the code:

```java
        int[] scoresTmh = new int[length];
        int[] scoresSignal = new int[length];

        // Train the model if not already trained
        if (!isTrained) {
            train();
        }

        // Predict for each position
        for (int i = 0; i <",1.0,lcc,"Next line of code:
"
