dataset,task,question,answer_prefix,language,all_classes,compression_ratio,answers,predicted_answer,length,max_new_tokens,_id
multi_news,multi_news,"Now, write a one-page summary of all the news.

",Summary:,en,,1.0,"['In our own obituary of AK-47 inventor Mikhail Kalashnikov last month, we included this quote: The rifle was invented ""for the protection of the Motherland,"" he said. ""I have no regrets and bear no responsibility for how politicians have used it."" It turns out ""no regrets"" might not have exactly been true. The AFP picks up a report from Russia\'s Izvestia that Kalashnikov penned a letter to the head of the Russian Orthodox Church nine months before his December death in which he wrote of ""unbearable ... spiritual pain"" and asked about his culpability. It contains this line: ""I keep having the same unsolved question: if my rifle took away people\'s lives, then can it be that I ... am guilty for people\'s deaths, even if they were enemies?"" AFP notes that Izvestia ran a copy of the letter, which is typed on Kalashnikov\'s personal stationery and signed ""with a wavering hand."" A rep for Patriarch Kirill confirms that the letter was sent, and says the church leader wrote a reply—one that very may well have calmed his fears. Says the rep, ""The Church has a very definite position: when weapons serve to protect the Fatherland, the Church supports both its creators and the soldiers who use it."" But the BBC notes that it\'s not clear whether every word came from Kalashnikov: Izvestia reports that his daughter believes a priest helped him write the letter.']","  

The news passages provided cover a range of topics, from technological contributions to historical and personal reflections on a significant figure in military history.  

Starting with the first passage, it highlights the ongoing contribution of Alexa Internet to the Internet Archive since 1996. This data is regularly added to the Wayback Machine after an embargo period, preserving a digital record of the web for future generations. This initiative underscores the importance of digital archiving in maintaining access to historical online content.  

The second and third passages focus on the life and legacy of Mikhail Kalashnikov, the inventor of the AK-47 assault rifle. Kalashnikov, who passed away in December 2013 at the age of 94, is remembered for creating one of the most iconic and widely used weapons in the world. His invention, the AK-47, was designed during World War II to address the Red Army's lack of effective weaponry. Over 100 million units have been produced globally, making it a symbol of both military power and conflict.  

Despite his fame, Kalashnikov expressed deep personal guilt and spiritual distress in the final years of his life. In a letter to Patriarch Kirill of the Russian Orthodox Church, he questioned whether he was morally responsible for the lives lost due to his invention. The letter, which was published by the pro-Kremlin newspaper *Izvestia*, reveals a shift in his perspective, as he grappled with the consequences of his work. Kalashnikov, who had previously denied any responsibility for the weapon's use, now expressed a sense of ""spiritual pain"" and sought guidance from the Church.  

His daughter, Elena, suggested that a priest may have helped him draft the letter, and the Church responded by affirming its support for weapons used to defend the nation. The Russian Orthodox Church, which has been strengthening its ties with the state since the Soviet era, emphasized that Kalashnikov's invention was intended for national defense, not for the use of terrorists or criminal elements.  

Kalashnikov's funeral, attended by Russian President Vladimir Putin, marked the end of a life that was both celebrated and controversial. While he received numerous state honors, including the Order of Lenin, he remained largely indifferent to the financial success of his invention. His legacy is complex—celebrated as a national hero and inventor, yet also scrutinized for the global impact of his creation.  

In conclusion, the news passages present a multifaceted portrait of technological progress, historical influence, and personal reflection. They highlight the enduring significance of the Internet Archive",1377,532,0cd7b0bfc70d78aa6805925975d9fb26b281c482ff482b7c
multi_news,multi_news,"Now, write a one-page summary of all the news.

",Summary:,en,,1.0,"['Unnamed officials say TSA officer Gerardo Hernandez lay bleeding for 33 minutes at LAX before being taken to an ambulance. For 28 of those minutes, alleged shooter Paul Ciancia was in police custody, though officers hadn\'t yet declared the area safe to enter. Officers checked on Hernandez, who was just 20 feet from an exit, then moved on while paramedics waited 150 yards away, the AP reports, noting it\'s not clear if immediate attention might have saved Hernandez\'s life. Now under review: the conversations took place between police and fire commanders to determine when it was safe enough to enter, and whether paramedics could have gone into the terminal earlier. While an officer who checked on Hernandez about 5 minutes after he was shot told numerous officers he was dead, the AP reports that it\'s not known whether that officer had the training needed to make that determination; no first-aid was administered. ""I basically think there\'s a lack of coordination between entities at this airport. That lack of coordination may have led to something that shouldn\'t have happened,"" an LAX employee says. ""We may be talking about Officer Hernandez as a survivor."" The results of the investigation could be months away, the AP adds. Ciancia was on Tuesday upgraded from critical to fair condition at UCLA Medical Center.']","  

On November 1, 2013, a gunman opened fire at Los Angeles International Airport (LAX), killing Transportation Security Administration (TSA) officer Gerardo Hernandez and wounding several others. The incident began when Paul Ciancia, 23, entered Terminal 3 with a duffel bag containing an assault rifle and a note expressing his intent to ""kill TSA"" and instill fear. After a brief confrontation, Ciancia was shot four times by airport police and taken into custody.  

Despite the immediate arrest of the suspect, the response to the shooting was criticized for delays in medical care. TSA officer Hernandez, who was shot in the chest, was left bleeding for over 30 minutes before being evacuated to an ambulance. During this time, there was no immediate first aid provided, and police reportedly told others that Hernandez was dead. He was later pronounced without signs of life upon arrival at Harbor-UCLA Medical Center, where doctors attempted to resuscitate him for over an hour.  

The incident raised serious concerns about the coordination between law enforcement agencies, including the Los Angeles Police Department (LAPD), Los Angeles Fire Department, and LAX police. Law enforcement officials and union representatives questioned the lack of communication and the delayed response, which may have contributed to the loss of life.  

Following the shooting, there was a call for improved training and protocols for handling active shooter situations. While police are trained to stop the threat first, there is growing recognition of the need for immediate medical intervention. A recent audit revealed that the LAPD had a zero percent compliance rate with first aid and CPR training requirements, highlighting a critical gap in preparedness.  

In the aftermath, the condition of the alleged gunman, Paul Ciancia, was upgraded from critical to fair at Ronald Reagan UCLA Medical Center. Ciancia faces charges of murder and attempted murder, with the potential for the death penalty. A public memorial service was held in honor of Gerardo Hernandez, the first TSA officer killed in the line of duty.  

The incident has sparked a broader discussion about the need for better coordination between emergency responders, improved first aid training for law enforcement, and the importance of rapid medical intervention in active shooter scenarios. As the investigation continues, officials are expected to release more findings on the response to the attack and the lessons learned from the tragedy.",1422,532,82cafb9831bcafa681b45205a34677e2bf6b6c2fb992649f
multi_news,multi_news,"Now, write a one-page summary of all the news.

",Summary:,en,,1.0,"['Under circumstances that sound straight out of a Le Carre novel, Mohamed Morsi has met with an outsider for the first time since being dumped by Egypt\'s military, holding a midnight meeting with the European Union\'s top diplomat at an ""undisclosed location"" last night, the Wall Street Journal. Though many have feared for Morsi\'s well-being after almost a month in captivity, Catherine Ashton, the EU\'s foreign affairs and security policy chief, reports that he is well and has access to TV and newspapers, Reuters reports. The pair had a ""very long and in-depth conversation,"" Ashton says. Ashton, who has met with several other Egyptian political figures while in the country, says she wasn\'t there to help Morsi break out, but rather to facilitate discussions toward a peaceful end to the country\'s political unrest, the Washington Post reports. ""First of all, we are here to help. We are not here to impose,"" she says. ""The people of Egypt will determine their own future."" But will Morsi play ball? ""He\'s a very proud man,"" says a source close to the former leader, per the Journal. ""I think the idea of doing anything on (the) army\'s terms will not work with him.""']","  

In late July 2013, European Union foreign policy chief Catherine Ashton met with deposed Egyptian President Mohamed Morsi, marking the first time he had engaged with an independent official since his ouster by the military nearly a month earlier. The meeting, which took place in an undisclosed location, was described as a ""friendly and open and very frank discussion."" Ashton confirmed that Morsi was in good health, had access to television and newspapers, and was being held incommunicado. The meeting occurred two days after violent clashes between security forces and Morsi supporters left at least 80 people dead, highlighting the ongoing political and social unrest in Egypt.  

Morsi, a leader of the Muslim Brotherhood, had been under investigation for alleged espionage and murder, charges his supporters dismissed as politically motivated. The military's decision to allow the meeting with Ashton was seen as a potential sign of willingness to engage in a political resolution to the crisis. However, the interim government, led by figures like Mohamed ElBaradei, emphasized the need for a democratic path forward and the inclusion of Morsi’s supporters in the political process.  

Ashton’s visit included meetings with a range of Egyptian political figures, including military leaders, liberal activists, and representatives of the Muslim Brotherhood. She stressed that the EU was there to support, not impose, and that the Egyptian people should determine their own future. Despite her efforts, the situation remained tense, with Morsi’s supporters continuing to protest and demand the restoration of his constitutional legitimacy.  

The U.S. Defense Secretary, Chuck Hagel, also engaged with Egyptian military commander Gen. Abdel Fatah al-Sissi, urging restraint and an inclusive reconciliation process. The broader context of the crisis underscored the deep divisions within Egyptian society, with the military, the interim government, and the Muslim Brotherhood each holding different visions for the country’s future. As the political landscape continued to evolve, the international community, including the EU and the U.S., remained closely involved in efforts to stabilize the region.",1480,532,2e5eae4e8ae651f706cfaee0918b5da3fede2e742d98f71c
multi_news,multi_news,"Now, write a one-page summary of all the news.

",Summary:,en,,1.0,"[""A government backed by Russia is accused of killing its own civilians. That applies not only to the current situation in Syria but to the 1999 situation in Kosovo. And as the New York Times reports, top US officials are keeping Kosovo very much in mind as they weigh their options. President Obama would likely never get the approval of the UN Security Council for a military response because of Russia's veto power. When Bill Clinton was in the same boat in 1999, he turned to NATO and got its blessing for 78 days of airstrikes. “It’s a step too far to say we’re drawing up legal justifications for an action, given that the president hasn’t made a decision,” a government official tells the Times. “But Kosovo, of course, is a precedent of something that is perhaps similar.” Obama was meeting today with national security aides to determine next steps if the US concludes that Bashar al-Assad used chemical weapons. (Assad in turn accused the rebels of doing the same today.) Meanwhile, the US Navy is keeping two destroyers positioned in the Mediterranean in case the green light is given for a cruise-missile attack, reports the Wall Street Journal.""]","  

The Mediterranean region has seen heightened military and diplomatic activity in response to the ongoing crisis in Syria. The U.S. Navy’s regional commander has postponed a scheduled port call in Naples, Italy, for a destroyer, in order to keep the ship in striking distance of Syria. This decision, made without specific orders from Washington, reflects the U.S. military’s readiness to respond to potential action in the region. Both the delayed destroyer and a second one are equipped with Tomahawk cruise missiles, which could be deployed quickly in the event of military intervention.  

Meanwhile, the Russian government has called on Syrian President Bashar al-Assad to allow United Nations investigators access to the area east of Damascus where a recent attack occurred. However, U.S. and foreign diplomats have noted that this move does not signal a change in Russia’s support for Assad or its opposition to punitive measures in the United Nations Security Council.  

Russia’s foreign ministry has placed the responsibility on Syria’s opposition forces to provide secure access to the site of the alleged attack. A Russian statement also suggested that the attack may have been a deliberate provocation by rebel groups, citing online reports that criticized government troops hours before the incident. However, this timeline may have been miscalculated due to the time-stamping practices of YouTube, which records video uploads based on the time zone of its California headquarters, not the location of the event.  

Russian officials, including Foreign Ministry Spokesman Aleksandr K. Lukashevich, have praised the Assad government for allowing Carla del Ponte, a UN investigator, to visit Syria. They have also accused the Syrian opposition of obstructing the investigation by not cooperating with UN experts. The Syrian government has not commented on these allegations.  

In addition, U.S. intelligence agencies have reportedly detected activity at known chemical weapons sites in Syria prior to the attack. Administration officials suggest this activity may have been preparations for the attack, raising concerns about the potential use of chemical weapons in the conflict.  

Overall, the situation in Syria continues to be a focal point for both military and diplomatic efforts, with the U.S. and Russia taking different stances on the role of the UN and the potential for further escalation. The international community remains closely watching the developments, with the possibility of increased military involvement and further humanitarian concerns.",626,532,3a7faeaefe15b8c33d9120f97591dfdad212b0778e2b830b
multi_news,multi_news,"Now, write a one-page summary of all the news.

",Summary:,en,,1.0,"[""Even though Ellen Pao lost her gender-discrimination suit against a former employer, she's still widely hailed as a hero for bringing the boys' club atmosphere of Silicon Valley under a microscope. But now she's got a tough choice on her hands: The venture-capital firm she sued, Kleiner Perkins Caufield & Byers, says she owes almost $1 million in legal fees—but it will drop its pursuit of the money if she doesn't appeal last month's ruling, reports the Wall Street Journal. Pao's attorneys say they will have a decision in a few weeks. Kleiner Perkins says it offered Pao about $1 million as a settlement before the trial began, but received no response from her legal team. Because of that offer, the company can now go after Pao for expensive witness fees, explains the New York Times. One factor that will surely weigh on the decision: A review of previous cases suggests that Pao has only a slim chance of winning on appeal, reports Reuters.""]","  

In a high-profile gender discrimination case that captured national attention, Ellen Pao, a former partner at venture capital firm Kleiner Perkins Caufield & Byers (KPCB), lost her lawsuit against the firm in March 2015. The jury found in favor of KPCB, clearing the firm of claims that it had short-circuited Pao’s career due to her gender. The case sparked widespread discussion about gender inequality in the tech industry.  

Following the verdict, KPCB has sought to recover approximately $973,000 in legal costs, including expert witness fees, from Pao. The firm has offered to waive these costs if Pao chooses not to appeal the decision. KPCB’s spokeswoman, Christina Lee, stated that the firm believes focusing on gender diversity outside of litigation would be more beneficial for women in technology.  

Pao, who is now interim CEO of Reddit, alleged that her career at KPCB declined after she ended a brief affair with a partner, and that the firm retaliated against her in a hostile environment for women. However, jurors focused on Pao’s negative performance reviews, which undermined her claims.  

KPCB’s legal team has also revealed that the firm previously offered Pao $964,502 to settle the case before it went to trial, but Pao’s legal team did not respond. The firm is now seeking to recover witness fees, which are typically not recoverable in such cases.  

Legal experts have noted that KPCB’s approach—seeking reimbursement for costs while offering to drop the claim if Pao does not appeal—aligns with common practices in employment litigation. However, some have criticized the firm for appearing punitive rather than conciliatory.  

The case has had broader implications for the tech industry, highlighting ongoing challenges related to gender bias and workplace culture. As Pao and her legal team consider their next steps, the outcome of this case may continue to influence discussions about diversity and inclusion in Silicon Valley.",1166,532,3c382dfa0b8fe302ceead369a782680ad9e36897e99ee903
multi_news,multi_news,"Now, write a one-page summary of all the news.

",Summary:,en,,1.0,"['Rush Limbaugh may be bleeding sponsors—one count now has the number fleeing his show up to 98—because of his ""slut"" comment, but Saturday Night Live had some suggestions last night about who might fill the advertising void. A few of the highlights, as per Mediaite: Misaki Dolphin Poppers: ""Start your day off right, with bits of dolphin."" Depends for Racists: ""If you pee a little every time you see a Mexican, you need Depends for Racists."" Schoder\'s fake rape whistles: ""Help is not on the way."" Syria Tourism Board: Because, ""Ah! No! There\'s nowhere to hide!""']","  

In recent news, the controversy surrounding Rush Limbaugh's comments on Georgetown student Sandra Fluke has continued to escalate, with significant repercussions in both the media and advertising sectors. The situation reached a new level of public attention when *Saturday Night Live* (SNL) opened its show with a satirical sketch parodying Limbaugh. The sketch, performed by Taran Killam, portrayed Limbaugh as a disgruntled radio host who criticized sponsors for abandoning him after his controversial remarks on birth control. While the sketch was noted for its humor and creative take on Limbaugh's style, it was also criticized for its repetitive nature, with some viewers finding it tedious. The sketch highlighted the growing public and media backlash against Limbaugh's rhetoric, particularly his misogynistic comments about Fluke.

The controversy also had a direct impact on Limbaugh's business and advertising relationships. According to reports from *Radio-Info.com*, over 98 advertisers have reportedly decided to pull their ads from Limbaugh's show and other programs with ""offensive or controversial"" content. This exodus includes major brands such as Ford, General Motors, Toyota, Allstate, Geico, Prudential, State Farm, McDonald's, and Subway. These advertisers are reportedly requesting that their commercials be scheduled during segments or programs that avoid content deemed to be offensive or controversial. The list of affected radio personalities includes not only Limbaugh but also other controversial hosts like Mark Levin, Tom Leykis, Michael Savage, Glenn Beck, and Sean Hannity.

The advertisers' decision to distance themselves from Limbaugh's show is largely attributed to the backlash following his misogynistic remarks about Fluke, which sparked widespread public outrage. In response, some radio stations have begun to replace Limbaugh's show with public service announcements during his airtime, signaling a shift in how his content is being handled. This trend reflects a broader industry movement toward avoiding content that could provoke negative public sentiment, even if only from a small segment of the audience.

Overall, the controversy surrounding Rush Limbaugh has not only intensified public and media scrutiny but has also led to significant financial and reputational consequences for him and his show. The situation underscores the growing influence of social and political discourse on the advertising industry, as companies increasingly seek to align themselves with values that resonate with a broader audience.",495,532,cf88a8491dd60e29cc2556f7b7083eb1e90e7023afa242a2
multi_news,multi_news,"Now, write a one-page summary of all the news.

",Summary:,en,,1.0,"['""Any guy that can do a body-slam, he\'s my guy,"" President Trump shouted to a cheering Montana audience Thursday night as he simulated slamming someone to the ground, then noting, ""I shouldn\'t say that."" Trump was discussing Rep. Greg Gianforte, who assaulted Guardian reporter Ben Jacobs last year during the special election for the House seat vacated by Ryan Zinke, a misdemeanor assault to which he pleaded guilty and completed community service and an anger management class. Trump said after the incident, he feared Gianforte had blown his chance at the congressional seat. ""I said, \'Oh, this is terrible, he\'s gonna lose the election,\'"" Trump recounted. ""Then I said, \'Well, wait a minute—I know Montana pretty well. I think it might help him.\' And it did."" Trump was in Big Sky Country stumping for Matt Rosendale in his race for Democrat Jon Tester\'s Senate seat. Reaction came quickly: John Mulholland, US editor of the Guardian, put out a statement after the rally blasting Trump\'s words as ""an attack on the First Amendment,"" asking for an apology and adding, ""In the aftermath of the murder of Jamal Khashoggi, it runs the risk of inviting other assaults on journalists both here and across the world."" ABC News reports on what the Toronto Star\'s Daniel Dale calls the ""most significant"" and ""truly horrible"" moment in the rally: ""The president is gleefully applauding violence against a journalist."" Trump also praised Gianforte as ""smart"" and then advised the crowd to ""never wrestle him."" (Trump seems to acknowledge Khashoggi is dead.)']"," 

The news covers a range of political and social events, with a central focus on the incident involving Greg Gianforte, a Montana congressman-elect. Gianforte was accused of ""body slamming"" a reporter, Ben Jacobs, during a campaign event the night before Montana's congressional election. He pleaded guilty to a misdemeanor assault charge and was sentenced to a 180-day deferred sentence, which includes 40 hours of community service, 20 hours of anger management, and a $300 fine. The judge opted for community service over jail time, as those charged with assault are ineligible for work programs. Gianforte apologized to the journalist and pledged to donate $50,000 to the Committee to Protect Journalists, expressing hope that the incident could lead to positive change.

The incident sparked significant public and political reaction, particularly from President Donald Trump, who publicly praised Gianforte's actions, calling the body slam a ""tremendous success"" and stating that he had ""no regret"" for making light of the assault. Trump's comments drew strong criticism from the White House Correspondents' Association, which condemned the president for celebrating a violent act against a journalist. The association emphasized the importance of upholding the First Amendment and the role of the press in a democratic society.

The political context of the incident is further complicated by the ongoing Senate race in Montana, where Trump is actively campaigning against Democratic Senator Jon Tester. Trump's campaign against Tester is rooted in past allegations involving White House physician Ronny Jackson, who was linked to Tester's office. Despite Trump's personal vendetta, many voters in Montana are not familiar with the details of the Jackson controversy. The race has become one of the most expensive in the state's history, with millions of dollars spent on advertising and outreach.

In addition to the political news, there are several tweets that mention the ability to add location information to tweets, though these are not directly related to the main events. The overall tone of the news highlights the intersection of personal conduct, political influence, and the role of the media in shaping public opinion. The events underscore the ongoing tensions between political figures and the press, as well as the broader implications of public figures' behavior on democratic values and institutions.",1550,532,8ad91bc1637b400cca59acc79bd17b2f2946d969437362aa
multi_news,multi_news,"Now, write a one-page summary of all the news.

",Summary:,en,,1.0,"['Superbugs such as MRSA are already bad enough. But it turns out that something can make them even nastier: cigarette smoke. Researchers found that antibiotic-resistant bacteria exposed to the smoke became more aggressive and far more difficult to kill, they explain at Eureka Alert. It\'s almost as if the smoke sets off an alarm that causes the bacteria to strengthen its defenses, explains the Union-Tribune of San Diego. Scientists made the discovery by exposing immune cells to two different batches of MRSA, one normal and one treated with cigarette smoke extract. The bigger the dose of smoke, the bigger the effect, notes Medical Daily. ""We already know that smoking cigarettes harms human respiratory and immune cells, and now we\'ve shown that, on the flipside, smoke can also stress out invasive bacteria and make them more aggressive,"" says lead author Laura Crotty Alexander of UC San Diego. It\'s a double-whammy: Smokers already have weakened immune systems that make them more susceptible to infectious diseases, and the smoke they inhale seems to make invading pathogens even more dangerous. In this study, the smoke helped MRSA survive longer and kill more mice with pneumonia. (The latest antibiotic-resistant bug to make headlines is a nasty stomach virus.)']"," Recent studies have revealed that cigarette smoke not only harms human health but also enhances the virulence of antibiotic-resistant bacteria, particularly MRSA (Methicillin-resistant Staphylococcus aureus). Researchers at the University of California, San Diego School of Medicine, led by Dr. Laura E. Crotty Alexander, have found that exposure to cigarette smoke extract significantly increases MRSA's resistance to the body's immune defenses.

In laboratory experiments, MRSA bacteria exposed to cigarette smoke showed increased resistance to reactive oxygen species, which are used by immune cells like macrophages to kill pathogens. Additionally, these bacteria became more resistant to antimicrobial peptides, which normally create holes in bacterial cell walls. The study also found that MRSA exposed to cigarette smoke adhered more effectively to human cells, facilitating deeper infection.

The research team observed that the more cigarette smoke extract MRSA was exposed to, the more resistant it became. This resistance was not only immediate but also lasted for up to 24 hours, suggesting a potential for inherited resistance. In mouse models, MRSA exposed to cigarette smoke caused significantly higher mortality rates compared to unexposed MRSA.

The findings contrast with previous studies on e-cigarette vapor, which showed similar but less pronounced effects. While e-cigarette vapor also increased MRSA resistance, the effect was much weaker than that of traditional cigarette smoke. This suggests that the chemical composition of cigarette smoke may play a more significant role in enhancing bacterial virulence.

The study challenges the traditional view that cigarette smoke primarily harms the smoker by damaging respiratory and immune cells. Instead, it proposes that cigarette smoke may also act as a stimulant for pathogens, making them more aggressive and harder to eliminate. This dual effect—harming the host while aiding the pathogen—highlights the complex and potentially dangerous relationship between smoking and infectious diseases.

The research underscores the importance of smoking cessation not only for individual health but also for reducing the risk of severe infections caused by antibiotic-resistant bacteria. The findings contribute to a growing body of evidence linking environmental factors to the evolution and spread of superbugs, emphasizing the need for public health initiatives that address both smoking and antibiotic resistance.",1487,532,d85214d7a1d4e7baee46ea5ab26fbf01211116e0d19b9ee3
multi_news,multi_news,"Now, write a one-page summary of all the news.

",Summary:,en,,1.0,"['One of the most renowned hairstylists in Los Angeles was murdered on Monday by intruders who made their getaway in his Porsche, police say. Fabio Sementilli was stabbed several times and was found on his home\'s patio by his wife and daughter, CBS Los Angeles reports. Paramedics were called but the 49-year-old was bleeding profusely and died at the scene. Police say the Canadian-born hairstylist\'s 2008 Porsche 911 Carrera was missing from the scene and they believe it was stolen by two men who broke into the upscale Woodland Hills home and attacked Sementilli. Police aren\'t sure whether the murder was random or a targeted attack, the AP reports. Sementilli gained international recognition during his 30 years as a hairstylist and also served as an exec at companies including Wella, the Los Angeles Daily News reports. He was ""recognized as an exceptional stylist, educator, and visionary,"" Wella said in a statement that describes him as ""an icon in the hairdressing industry."" A post at Modern Salon says he was a VP of education for cosmetics company Coty, adding that he ""mentored tens of thousands of hairdressers with a hands-on approach either on a one-to-one basis or on a grander scale."" (This man was murdered just two months after President Obama commuted his sentence.)']","  

On January 23, 2017, Fabio Sementilli, a renowned hairdresser and executive at Wella, a subsidiary of Coty Inc., was found dead in his Woodland Hills, Los Angeles home. The 49-year-old was discovered by his wife and daughter on the patio of his gated residence, where he had been stabbed multiple times in the face, neck, and upper body. Paramedics arrived shortly after 5 p.m. Monday, but Sementilli was already deceased. The incident has sparked a homicide investigation by Los Angeles Police Department (LAPD) Homicide detectives, who are also searching for his missing 2008 black Porsche 911 Carrera with paper license plates.  

Sementilli, born in Canada, had a long and influential career in the hairdressing industry. He served as Vice President of Education for Wella and later as a key figure at Coty Inc. after its acquisition of Wella in 2016. Known for his mentorship and leadership, he was celebrated as a visionary and positive role model. His colleagues and friends described him as passionate, generous, and deeply committed to the beauty industry.  

The neighborhood where Sementilli lived, Woodland Hills, is known for its upscale residences and security measures. Neighbors reported hearing screams and commotion when the body was discovered, and some expressed concern over the rise in local crime. Security cameras in the area, including those from the Geyer family across the street, were reportedly used in the investigation.  

While the motive for the attack remains unclear, police suspect the possibility of a break-in or targeted attack. Sementilli’s wife and daughter were at home when the incident occurred, and the victim’s body was found in a secluded, partially obscured area of the property.  

Sementilli’s death has left a profound impact on the beauty and hairdressing community. Colleagues and friends, including industry icons like Eden Sassoon, have expressed deep sorrow over his passing. His legacy is marked by his dedication to mentoring others, his advocacy for positivity, and his belief in the power of giving back.  

In the days following the incident, media outlets and industry publications have honored Sementilli’s contributions, highlighting his influence and the personal connections he made with those in the field. The LAPD has urged anyone with information about the case to contact the Homicide Bureau at (818) 374-1925.  

Sementilli’s life and work continue to be remembered through quotes, interviews, and",2237,532,3b5368b348fce578138b895df499567d7ca6eec71d0d9473
multi_news,multi_news,"Now, write a one-page summary of all the news.

",Summary:,en,,1.0,"['Using methods borrowed from Google, a group of researchers has analyzed all Wikipedia pages and determined that, at least on the English language version of the site, Frank Sinatra is the world\'s most important person. Second place goes to Michael Jackson, and third to Pope Pius XII. When factoring in all 24 language editions of the online encyclopedia, the team found that Adolf Hitler ranked the most important person, while Michael Jackson was again second and Madonna third, reports the Guardian. ""Our analysis shows that most important historical figures across Wikipedia language editions are born in western countries after the 17th century, and are male,"" the authors write. The researchers combined two algorithms to reach these conclusions. First, Google\'s PageRank algorithm, which determines a page\'s importance based on how many other pages link to it. In using PageRank on Wikipedia, the most important person in the world was 18th-century Swedish naturalist Carl Linnaeus, likely because the pages of organism after organism link back to the ""father of taxonomy."" So the researchers added an algorithm called CheiRank, which determines importance based on the number of outgoing links, the thought being that an important person would himself be connected to other important people, things, and events. Using the two together—an approach they dubbed 2DRank—no one beat out Frank Sinatra on English pages or Adolf Hitler across all language versions. Last year, in a separate study analyzing academic references, one team deemed Karl Marx to be the world\'s most important scholar, according to the Smithsonian. (Click to read about one of Sinatra\'s quirks.)']","  

A recent study led by Young-Ho Eom from the University of Toulouse analyzed Wikipedia's 24 major language editions to determine the most influential historical figures, using a method inspired by Google's PageRank algorithm. The study aimed to assess how Wikipedia's content reflects the global importance of individuals, considering factors like gender, time, and location.  

The initial analysis, which used a version of the PageRank algorithm, surprisingly ranked Frank Sinatra as the most important person in the English-language Wikipedia, followed by Michael Jackson and Pope Pius XII. However, when the study expanded to all 24 language editions, the results shifted significantly. Adolf Hitler emerged as the most important figure, with Michael Jackson in second and Madonna in third.  

The researchers noted that Wikipedia's content is heavily influenced by Western historical figures, particularly those born after the 17th century, and that the platform tends to highlight local figures within each language edition. This reflects the cultural and linguistic biases inherent in the platform.  

To address the limitations of the PageRank method, the researchers also applied the CheiRank algorithm, which measures the number of outgoing links from a page. Combining both PageRank and CheiRank into a 2DRank metric provided a more balanced assessment of influence. Using this method, Carl Linnaeus, the 18th-century Swedish naturalist, was identified as the most influential thinker across all 24 language editions. Linnaeus' system of biological classification, which is still in use today, led to an extensive network of Wikipedia pages linking back to him, contributing to his high ranking.  

The study also highlighted the importance of historical context in measuring influence. While Linnaeus topped the list, other notable figures like Karl Marx were previously identified as the most influential academic based on citation patterns.  

In addition to the study, the Internet Archive is working to preserve the web by archiving pages and their references, aiming to reduce the number of broken links and ensure that historical content remains accessible.  

Overall, the research underscores the complex interplay between algorithmic analysis, cultural bias, and historical significance in shaping perceptions of influence and importance.",1414,532,6ad28d1ca4f136c6c60610ed1ccdacaf3a6708d9c74d68bb
multi_news,multi_news,"Now, write a one-page summary of all the news.

",Summary:,en,,1.0,"['Arnold Schwarzenegger seems to think Donald Trump needs a lesson in making friends after the president-elect chose to criticize his Celebrity Apprentice successor. ""Wow, the ratings are in and [new host] Arnold Schwarzenegger got \'swamped\' (or destroyed) by comparison to the ratings machine, DJT,"" Trump tweeted Friday after the Trump-less show premiered Monday to 4.9 million viewers, according to Nielsen. The last season hosted by Trump averaged 7.6 million viewers, per Fortune. ""So much for … being a movie star,"" Trump continued. ""But who cares, he supported [John] Kasich & Hillary [Clinton]."" Schwarzenegger offered up a reply on Twitter, tweeting, ""I wish you the best of luck and I hope you\'ll work for ALL of the American people as aggressively as you worked for your ratings."" He next shared a video he made after the election in which he quotes Abraham Lincoln\'s inaugural speech, beginning, ""We are not enemies, but friends. We must not be enemies."" ""Please study this quote ... @realDonaldTrump,"" he tweeted with the video. ""It inspired me every day I was Governor, and I hope it inspires you."" (The New York Times is unimpressed with the new season.)']","  

The recent news highlights a mix of political commentary, celebrity involvement, and television ratings performance. In one passage, a public figure expresses hope that a new individual will work as diligently for the American people as they did for their own ratings, suggesting a critique of media-driven success over public service. Another passage references a quote from Abraham Lincoln’s inaugural address, shared by former President Donald Trump, indicating a nostalgic or inspirational appeal to leadership and perseverance.  

The third passage humorously or critically notes that Arnold Schwarzenegger’s hosting of *Celebrity Apprentice* did not match the ratings success of his predecessor, Donald Trump, with the new season being described as “swamped” or “destroyed” in comparison. This sets the stage for the fourth and most detailed passage, which provides a comprehensive look at the ratings performance of *Celebrity Apprentice* after its return to television with Schwarzenegger as host.  

The show, which is part of the broader *Apprentice* franchise, aired on NBC and faced stiff competition from ABC’s *The Bachelor* and CBS’s sitcom lineup. Despite NBC’s heavy promotion of Schwarzenegger’s debut, the show’s ratings were significantly lower than those of Trump’s previous seasons. The premiere averaged 4.9 million total viewers, a 22% drop from Trump’s 2014–2015 season, which averaged 7.6 million viewers. Additionally, the show’s performance among the key demographic of viewers aged 18 to 49 was notably weaker, with ratings about 46% lower than Trump’s era.  

The transition to Schwarzenegger as host also came amid ongoing controversy regarding Trump’s continued involvement with the show as an executive producer, despite his election as president-elect. This situation raised questions about the show’s political neutrality and its alignment with Trump’s media presence.  

Despite the ratings underperformance, NBC’s ratings expert, Tom Bierbaum, noted that the show still managed to provide a strong lead-in for the network’s new game show, *The Wall*, which retained most of the *Apprentice* viewers. This suggests that while the show may not have met expectations, it still contributed to NBC’s overall programming strategy.  

In conclusion, the news reflects a broader narrative about the challenges of transitioning from a high-profile host like Trump to a new figure like Schwarzenegger, the competitive nature of prime-time television, and the ongoing influence of political figures in media. It also underscores the importance of ratings in shaping the success of reality TV programming and the public perception of its hosts.",740,532,30546aafe4821ca55d852a55484d41f5e4bf82f1247e91f3
multi_news,multi_news,"Now, write a one-page summary of all the news.

",Summary:,en,,1.0,"['Own a Samsung smart TV? Then take note: Your television is not only listening, it\'s sending your data to a third party, the Independent reports. The TV\'s voice-recognition software lets you give it orders, but the product\'s privacy policy warns that ""personal or other sensitive information ... will be among the data captured and transmitted to a third party through your use of Voice Recognition."" Samsung tells the BBC that the third party is Nuance, the company that does Samsung\'s speech-to-text conversion. But intellectual property lawyer Corynne McSherry says it would be nice to see that clarified in Samsung\'s policy, the Daily Beast reports. ""And I’d definitely like to know whether my words were being transmitted in a secure form,"" she says. An activist tweets that Samsung\'s policy sounds a lot like the description of ""telescreens"" in George Orwell\'s dystopian novel, 1984—which reads in part, ""Any sound that Winston made, above the level of a very low whisper, would be picked up by [the screen]."" Unnervingly, it wasn\'t clear how often ""the Thought Police plugged in on any individual wire was guesswork."" Samsung, however, says it doesn\'t keep voice data, and customers can opt to turn off voice-recognition or even unplug the TV from Wi-Fi. And Samsung isn\'t alone: the Verge reports that XBoxes already use voice recognition while being connected to the Internet. ""Samsung\'s privacy policy is not unique; its rhetoric just happens to be similar to that of a well-known sci-fi novel,"" the Verge says.']","  

In recent news, several major technology companies have faced scrutiny over their privacy practices, particularly regarding voice and data collection in smart home devices. Samsung, Microsoft, and others have introduced features that allow for voice recognition and gesture control, but these capabilities have raised significant privacy concerns among users and watchdog organizations.  

Samsung’s new privacy policy for its Smart TVs has sparked controversy. The policy allows the company and its partners to listen to users’ conversations through voice recognition software, which transmits data to third parties. This has drawn comparisons to George Orwell’s dystopian novel *1984*, with critics likening the technology to “telescreens” that monitor citizens. While users can disable the voice recognition feature, doing so also disables the functionality of the feature, and Samsung continues to collect non-voice data about how users interact with the TV. The policy has been criticized for its potential to infringe on user privacy, especially in the context of the growing “Internet of Things” trend, where smart devices increasingly collect and share personal data.  

Microsoft has also faced similar concerns with its new Xbox One console. The console comes with a new Kinect sensor that is always listening, even when the console is turned off. This feature allows the Xbox to respond to voice commands, such as “Xbox On,” to power up the system. Critics have likened this to a surveillance system, with some comparing it to *1984* due to the constant monitoring. While Microsoft claims the Kinect is only listening for specific commands and not recording all conversations, the potential for misuse or data breaches has raised alarms. The company has emphasized its commitment to privacy, but the always-on nature of the device has made it a point of contention.  

Both Samsung and Microsoft have faced backlash for their data collection practices, with users and privacy advocates warning about the risks of constant surveillance in smart homes. While these companies have provided some level of control over data collection, the default settings and the potential for third-party access have led to concerns about user consent and data security. As more devices become connected, the balance between convenience and privacy remains a critical issue for consumers and regulators alike.",2580,532,311b6c43c5ac950a65751dba5eaf7245c6b5d8eb10b784f1
multi_news,multi_news,"Now, write a one-page summary of all the news.

",Summary:,en,,1.0,"['A New Jersey court on Wednesday gave the Flight Crew—aka the New York Jets cheerleaders—something to cheer about: a $325,000 settlement of the class-action lawsuit filed in 2014 by a cheerleader identified as Krystal C., CNNMoney reports. That amounts to each of the 52 cheerleaders getting $2,500 per season worked and $400 per photo shoot. The settlement covers the 2012-13 and 2013-14 seasons. New York State Sen. Diane Savino, per the New York Post, cheered the settlement, calling on the NFL to ""develop uniform rules … to ensure that all cheerleaders in every state received the employee pay and protections they deserve."" NFL teams have sought to justify low pay for cheerleaders by saying they\'re independent contractors, CNN notes. In the case of the Flight Crew, Krystal C.\'s suit claimed that cheerleaders were compensated $150 per game and $100 for special appearances. But, when you factor in practices and rehearsals, that pans out to $3.77 per hour. Throw in hair, makeup, and transportation expenses and ""the hourly rate goes below $1.50 an hour,"" says the cheerleaders\' attorney. The Flight Crew isn\'t alone: Cheerleaders have taken to the courts to seek higher pay from the Cincinnati Bengals (tentative agreement reached), Tampa Bay Buccaneers (settled for $825,000), Oakland Raiders (settled for $1.25 million), and the Buffalo Bills (class-action suit on the horizon).']","  

Recent news highlights a series of legal victories for NFL cheerleaders, who have successfully fought for fair pay and treatment from their teams. The New York Jets' cheerleading squad, known as the Flight Crew, has reached a $325,000 settlement with the team after a class-action lawsuit. The case, initiated by former cheerleader Krystal C. in 2014, alleged that the cheerleaders were underpaid, earning only $150 per game and $100 for special events, with no compensation for weekly practices or rehearsals. The settlement, approved by a New Jersey court, will provide each of the 52 cheerleaders with $2,500 per season they worked during the 2012-13 and 2013-14 NFL seasons. Additionally, those who participated in photo shoots may receive up to $400 per shoot.  

The Jets' statement emphasized that they ""deny the claims"" but agreed to the settlement to avoid the costs and disruptions of litigation. The case has drawn attention from state Senator Diane Savino (D-SI), who praised the settlement and called for similar actions by other NFL teams, including the Buffalo Bills. The Bills' cheerleaders, known as the Jills, have already been granted class-action status in a similar wage lawsuit, alleging that they were subjected to strict rules governing their appearance, diet, and even the use of feminine products.  

This settlement is part of a broader trend in which NFL cheerleaders across multiple teams have challenged their low pay and lack of employee benefits. Other teams, such as the Cincinnati Bengals, Tampa Bay Buccaneers, and Oakland Raiders, have also faced similar lawsuits. The Buccaneers settled for $825,000, the Bengals have reached a tentative agreement, and the Raiders settled for $1.25 million in 2014. These cases have forced teams to reconsider their classification of cheerleaders as independent contractors rather than employees, as courts have increasingly ruled in favor of fair compensation.  

Legal experts and advocates argue that cheerleaders should be treated as employees, entitled to minimum wage, benefits, and protections. The recent settlements signal a shift in how NFL teams are being held accountable for the working conditions and pay of their cheerleading squads. As more teams face similar lawsuits, there is growing pressure for the NFL to establish uniform standards for the treatment of all cheerleaders across the league.",859,532,85d436ff69fd321053a637abf7b161208e70bb7d59a57775
multi_news,multi_news,"Now, write a one-page summary of all the news.

",Summary:,en,,1.0,"['At first, it seemed like 4-year-old Laura Carson was suffering from a simple headache. Then came rapid shallow breathing, a tremor, double vision. Within days in August 2014, she was ""a limp rag doll,"" reports Today—but it took doctors some time to diagnose her with acute flaccid myelitis, a rare disease the CDC warns is becoming increasingly more common. Not much is known about the polio-like disease that plagues mostly children, including what causes it. What is known is that AFM affects the spinal cord and causes weak limbs or paralysis, drooping in the face, and slurred speech or difficulty breathing. About 200 kids have been diagnosed since 2014, and this year\'s figures are especially troubling. The CDC reports 121 cases of AFM were confirmed in 2014, but that was followed by just 21 cases in 2015, reports Fox News. From January to August of this year, however, there were 50 confirmed cases in 24 states. Among that first spike of cases in 2014, the Washington Post reports that 85% of kids recovered partially, but only three recovered fully. A CDC study found 68% of patients had a fever and 81% had a respiratory illness before AFM symptoms appeared. Some had been diagnosed with the West Nile virus, and others with an enterovirus. ""August to October is typically when enteroviruses circulate"" and ""we see more acute flaccid myelitis during that season,"" a doctor tells NBC News. Washing your hands and covering your mouth when coughing or sneezing are among the ways suggested to help. (Four siblings suffer from a mysterious disease.)']"," Acute Flaccid Myelitis (AFM) is a rare but serious neurological condition that has been on the rise in the United States, causing paralysis in children and, in some cases, adults. The condition is similar to polio and is characterized by sudden muscle weakness, often affecting the arms, legs, and facial muscles. It is most commonly diagnosed in children under the age of 10, though it can occur in older individuals as well.

In 2014, there was a significant outbreak of AFM, with 120 confirmed cases across the U.S. This coincided with a large outbreak of enterovirus D68 (EV-D68), a respiratory virus that typically causes mild symptoms in children. While some researchers initially suspected a link between EV-D68 and AFM, the CDC and other health officials have not confirmed this connection. In 2016, the number of AFM cases increased again, with 50 confirmed cases reported by August, nearly double the number from the previous year. This suggests a possible recurrence of the condition, raising concerns among health officials and parents.

The exact cause of AFM remains unknown, though it is believed to be linked to viral infections, including enteroviruses, adenoviruses, and the mosquito-borne West Nile virus. Symptoms can include limb weakness, facial drooping, difficulty breathing or swallowing, and slurred speech. In severe cases, patients may require ventilator support. There is currently no specific treatment for AFM, though physical therapy and supportive care are often used to manage symptoms.

The CDC and other health organizations are working to better understand the causes and improve treatment options for AFM. They are also emphasizing the importance of good hygiene, such as frequent hand washing, to prevent the spread of viruses that may contribute to the condition. Parents and caregivers are advised to be vigilant for signs of sudden muscle weakness in children and to seek medical attention immediately if such symptoms occur.

Despite the challenges, some children have shown improvement with time and treatment. For example, Carter Roberts, a 3-year-old from Virginia, was diagnosed with AFM in July 2016 and is now able to move his left side of his face and wiggle a toe. Similarly, Laura Carson, a 4-year-old from Illinois, was diagnosed with AFM in 2014 and has since made a significant recovery, though she still experiences some residual weakness.

Overall, AFM remains a rare but concerning condition that highlights the need for continued research, improved diagnostic tools, and public health education to better protect children and",4776,532,69b0462ff955b459b70c0eefe0dd4d8ea39db80b77d92351
multi_news,multi_news,"Now, write a one-page summary of all the news.

",Summary:,en,,1.0,"['The Shroud of Turin is supposedly the burial cloth that was wrapped around Jesus after his crucifixion; bloodstains on the linen shroud, which are said to have been transferred to it during the three days Jesus was in the tomb, form the image of a crucified man. But a new study reported in the Journal of Forensic Sciences finds the bloodstain image was likely faked. Researchers looking at the blood spatter found that the stains appeared to come from someone standing up, rather than someone who was flat on the fabric, Science Alert reports. As the researchers put it, the stains are ""totally unrealistic"" when compared to what they should look like. The shroud, which is held in the Cathedral of St. John the Baptist in Italy, is considered an icon, as opposed to a genuine religious relic, by the Vatican; Fox News notes ""the church has never weighed in on its authenticity."" ""This is the kind of forensic work done all the time in police investigations,"" the forensic scientist who conducted the analysis tells BuzzFeed News. ""Even a crucified or hanging person should leave a distinct blood pattern on the cloth, which would be fascinating information to have."" The study found inconsistent staining, with researchers concluding multiple poses were used to create the bloodstains—a standing model was likely used to imprint patterns on the cloth at various angles for various body parts. Another bloodstain pattern expert notes that more research could be done to see whether cleaning a body or preparing it for burial might account for the inconsistent staining, though he notes that the stains do appear to have come from flowing blood, meaning a heart that was beating at the time the stains were made. (See previous stories in the real-or-fake debate here.)']"," The Shroud of Turin, a 14-foot-long linen cloth bearing the image of a crucified man, has long been the subject of religious and scientific debate. Recent forensic research, published in the *Journal of Forensic Sciences*, has cast further doubt on its authenticity by analyzing the bloodstain patterns on the fabric. The study, conducted by forensic anthropologist Matteo Borrini of Liverpool John Moores University and organic chemist Luigi Garlaschelli of the University of Pavia, used real and synthetic blood to simulate the flow patterns that would occur on a body in various positions—standing, supine, or hanging.

The researchers found that the bloodstains on the shroud are inconsistent with the expected patterns of a crucified or hanging body. For example, the blood flow on the forearm and hand suggests different angles of movement, which cannot be reconciled with a single pose. The ""spear wound"" on the chest, while matching the direction of a vertical wound when the body is upright, formed rivulets rather than a solid stain, which is not typical of postmortem bleeding. Additionally, the lower back stain could not be replicated in any tested position, further undermining the claim that the stains are from a crucified man.

The study also noted that the bloodstains appear to be inconsistent with each other, suggesting that the image may have been created using a standing model rather than a crucified body. This aligns with previous radiocarbon dating, which placed the shroud’s origin between 1260 and 1390 CE, during the Middle Ages. While the Vatican regards the shroud as an icon rather than a religious relic, the findings add to the growing body of evidence that the shroud may be a medieval artistic or didactic representation rather than a genuine relic from the time of Jesus.

Despite these findings, the shroud remains a subject of fascination for both believers and scientists. The research highlights the importance of forensic techniques in analyzing historical artifacts and underscores the complexity of determining the authenticity of the Shroud of Turin. Until the method of image formation is fully understood, the shroud will continue to be a subject of scientific and religious inquiry.",2394,532,732a283b839f4cf989dff0eadbf6b0b1ad9500799a3dfcee
multi_news,multi_news,"Now, write a one-page summary of all the news.

",Summary:,en,,1.0,"['You can temporarily take Donald Trump out of real estate, but you can\'t take the real estate out of Donald Trump. That much was clear at a Singapore press conference Tuesday, which took place after the president\'s meeting with Kim Jong Un and in which he touched upon the potential of North Korea\'s coastline. ""They have great beaches,"" Trump noted, per the Washington Examiner. ""You see that whenever they\'re exploding their cannons into the ocean."" And that spectacular view got him to thinking: ""Wouldn\'t that make a great condo? Instead of doing that you could have the best hotels in the world right there. Think of it from a real estate perspective, you have South Korea, you have China, and they own the land in the middle, how bad is that, right? It\'s great."" The AP also reports on another post-summit activity, which it deems a ""classic alpha male move"": Trump showing off ""The Beast,"" the presidential limousine, to the North Korean leader. CNN shows a video clip of the two men approaching the limo, a Secret Service agent opening the door, and Kim peering in to take a look. ""We know that these men were trying to find ways to bond, in just like a personal, human way, and what\'s more natural for guys [than] to want to check out one another\'s car,"" Chris Cuomo notes. (Here are seven complimentary things Trump said about Kim after the summit.)']","  

On Tuesday, following a historic summit in Singapore between U.S. President Donald Trump and North Korean leader Kim Jong Un, Trump made several notable public remarks and gestures that highlighted both his personal style and the broader diplomatic context. During a lengthy press conference, Trump expressed optimism about the potential for economic development in North Korea, suggesting that the country's untapped property market could benefit from opening up its economy. He humorously proposed that North Korea could build the ""best hotel in the world"" along its coastline, referencing the country's natural beauty and the fact that its military exercises often involve firing into the ocean. Trump also shared a video simulation with Kim that depicted potential infrastructure and development projects in North Korea, which he believed could be of interest to the North Korean leadership.  

In addition to the economic and diplomatic discussions, Trump took the opportunity to showcase a rare glimpse of his presidential limousine, ""The Beast,"" to Kim. During the summit, the two leaders were seen approaching the vehicle, with Trump gesturing toward it and allowing Kim to peer inside. This moment was interpreted as a classic ""alpha male"" display, reflecting Trump's tendency to use personal gestures to assert influence and build rapport.  

Meanwhile, the Internet Archive announced efforts to improve the web by archiving pages as they are created and preserving links to ensure that broken links are replaced with archived versions. This initiative, known as ""No More 404,"" aims to maintain the integrity of online content and provide users with access to historical versions of web pages.  

As the summit concluded, Trump expressed confidence that North Korea had agreed to relinquish its nuclear weapons and was prepared to work toward a lasting peace and complete denuclearization of the Korean Peninsula. He is expected to leave Singapore shortly after the press conference, marking the end of a significant diplomatic event.  

Overall, the day in Singapore was marked by a mix of serious diplomatic discussions, lighthearted gestures, and technological efforts to preserve the digital record of the internet. The summit and its aftermath underscored the complex interplay of politics, economics, and personal dynamics in international relations.",848,532,3a255c25765000d506cf43538a553334a0bf0744d14530c2
multi_news,multi_news,"Now, write a one-page summary of all the news.

",Summary:,en,,1.0,"['President Obama today signed legislation to honor Japanese-American soldiers who fought on behalf of the Allies during World War II—even as some of their families were kept in confinement in the US. This long-awaited bill will open the door for more than 6,000 soldiers known as Nisei veterans to collectively receive the prestigious Congressional Gold Medal. For more on the vets, see the Digital Journal or Oregon Public Broadcasting.']"," 

On Tuesday, President Barack Obama signed a bill authorizing the Congressional Gold Medal for Nisei veterans—Japanese Americans born to immigrant parents—who served in World War II. The award honors the bravery and sacrifice of these veterans, particularly those who served in the 442nd Regimental Combat Team and the 100th Infantry Battalion, as well as members of the Military Intelligence Service. These units, composed largely of Japanese Americans, were formed during a time when their families were detained in internment camps due to racial prejudice and fear following the attack on Pearl Harbor.

The Nisei veterans, despite being labeled as ""enemy aliens,"" were allowed to serve with limitations. Many were treated like prisoners of war, facing discrimination and hardship. However, they answered the call to duty, with thousands volunteering for service. The 442nd Regimental Combat Team became one of the most decorated units in U.S. military history, known for their heroic actions, including the rescue of the ""Lost Battalion"" in Europe. Their service not only contributed to the Allied victory but also helped to challenge racial stereotypes and promote greater tolerance in the United States.

The Congressional Gold Medal is one of the highest civilian honors in the U.S., recognizing individuals and groups who have made significant contributions to the nation's security and interests. This recognition is a historic moment, as it formally acknowledges the courage and patriotism of the Nisei veterans, many of whom still live in the Pacific Northwest. The award also honors the legacy of those who served, including veterans like Art Iwasaki and Kenji Yaguchi, whose stories reflect the resilience and dedication of a generation that fought for their country despite facing discrimination at home. The ceremony marks a long-overdue tribute to their service and the enduring impact of their sacrifice on American history.",1182,532,77669a00afc203753f5ed451ba5886ee429b2f984c7c4a41
multi_news,multi_news,"Now, write a one-page summary of all the news.

",Summary:,en,,1.0,"['Earlier this year, President Trump noted ""I just don\'t want a poor person"" in charge of economic posts in his administration, then touted Commerce Secretary Wilbur Ross as ""a very rich person"" who was up to the task. But just how rich Ross really is is now up in the air, Forbes reports, noting it\'s yanked Ross off its billionaires list after a one-month probe revealed that $2 billion or so or Ross\' alleged fortune ""never existed,"" and that Ross had engaged in an ""apparent sequence of fibs, exaggerations, omissions, fabrications, and whoppers"" with the magazine going back 13 years. The discovery came when Ross, 79, contacted Forbes in October to refute his ranking: Last year he was listed with a net worth of $2.9 billion on the Forbes 400; he claimed he was worth closer to $3.7 billion. Then Forbes talked with 10 of Ross\' ex-employees at his private equity firm, who noted a ""penchant for misleading"" that affected fellow workers and investors and spurred big fines, suits, and refunds to backers. ""Wilbur doesn\'t have an issue with bending the truth,"" one longtime colleague says, while another is more blunt: ""He\'s lied to a lot of people."" The magazine delves into Ross\' back story, including how, when he first made the Forbes billionaires list in 2004 with a net worth of $1 billion, ""everyone that I knew that worked with Wilbur knew it wasn\'t true,"" per a former colleague. When Forbes told Ross he was being removed from its billionaires club, Ross retorted the magazine wasn\'t counting family trusts that he wasn\'t obligated to inform the feds about—in the amount of ""more than $2 billion,"" assets Ross said he put into the trusts sometime ""between the election and [my] nomination."" When Forbes asked to see a paper trail proving that, Ross cited ""privacy issues""—and the magazine lays out other problems with Ross\' story on the supposed $2 billion transfer. Read the in-depth findings here.']"," 

Wilbur Ross, the U.S. Secretary of Commerce, has been at the center of controversy due to allegations of financial misrepresentation. Forbes initially listed Ross with a net worth of $2.9 billion, but after examining his financial disclosures, the magazine concluded that the figure was inflated. Ross claimed his net worth was closer to $3.7 billion, but his official filings showed less than $700 million in assets. He argued that his family's assets, held in trusts, were not required to be disclosed, and he suggested that the missing $2 billion had been transferred to trusts after the 2016 election. However, Forbes and other investigators found no evidence of such a transfer, suggesting that the $2 billion never existed. This revelation has raised questions about Ross's financial transparency and his history of misleading investors and colleagues.

Ross has a long history of financial and legal controversies. His private equity firm, WL Ross & Co., was involved in several lawsuits and regulatory actions, including a $2.3 million fine from the SEC for improper fee practices. Former employees have accused Ross of misleading investors, fabricating financial information, and engaging in unethical business practices. Despite these issues, Ross was appointed to the Trump administration, where he was tasked with promoting economic growth. President Trump defended the appointment, stating that he preferred appointing wealthy individuals to key roles, arguing that they would be more effective in driving economic policy.

Trump's administration has been marked by the appointment of high-profile, wealthy individuals to cabinet positions, making it the wealthiest administration in U.S. history. This has sparked debate about the role of wealth in government and whether such appointments are in the public interest. Trump has also faced criticism for his controversial statements and policies, including his comments on immigration, race, and the media. Despite these controversies, Trump has continued to campaign and rally support, emphasizing his commitment to the ""forgotten men and women"" of America.",4687,532,b93cdb70f28fb1e103681a4b3bd5fdf26d3434411df67bbe
multi_news,multi_news,"Now, write a one-page summary of all the news.

",Summary:,en,,1.0,"['A guitar that once belonged to Kurt Cobain, which is likely worth millions, is now in the hands of Eeries frontman Isaiah Silva, and Cobain\'s daughter is fighting to get it back in the family. Frances Bean Cobain was married to Silva for 21 months, and she\'s been trying to get the Martin D-18E (which had the bridge flipped so Cobain, a leftie, could play it comfortably) back ever since they split in March. Silva claims she gave it to him as a wedding gift and it\'s rightfully his. Now, the battle is headed to court, Page Six reports. ""It’s not [Silva’s]. It’s a treasured heirloom of the family. It’s not his to take,"" Frances Cobain has said. But sources tell Page Six that Silva isn\'t giving in, and ""is forcing the matter to litigation."" The guitar, the one Cobain played during Nirvana\'s 1993 MTV Unplugged show and also thought to be the last one he played before taking his life, was once insured for $1 million but, per experts, is probably worth several times that now. Back in August, Silva requested $25,000 a month in spousal support and half of any money Frances made during the marriage, and said the couple had no prenup, TMZ reported. A judge has since ordered Frances Cobain to pay Silva $15,000 a month as part of an interim settlement.']"," The ongoing legal battle over the iconic guitar once played by Nirvana's Kurt Cobain has escalated into a high-stakes dispute between Frances Bean Cobain, the musician's daughter, and her estranged husband, Isaiah Silva. The guitar, a Martin D-18E that Cobain used during Nirvana's 1993 ""MTV Unplugged"" performance, is believed to be worth significantly more than its original $1 million insurance value. 

Frances Bean, who was just two years old when Cobain died in 1994, claims the guitar was never given to Silva. She asserts that it is a family heirloom and that Silva is attempting to claim it without legal basis. Silva, a musician in the band the Eries, argues that the guitar was a wedding gift from Frances, given during their secret 2014 marriage. He is now seeking to retain the guitar, which he claims is his property.

The dispute has also become entangled with a broader financial conflict. Silva is requesting $25,000 per month in spousal support, citing his financial losses after leaving a stable job to support their marriage. He claims that Frances, who has access to a substantial portion of her father's estate, has not fulfilled her financial obligations. In contrast, Frances has stated in her divorce documents that the Cobain estate is hers alone and that she is only open to paying a minimal amount of spousal support.

The legal battle has reached a critical point, with a judge ordering Frances to pay Silva $15,000 per month in spousal support as part of an interim settlement. However, the dispute over the guitar remains unresolved, with both parties unwilling to compromise. The case is expected to proceed to litigation, highlighting the emotional and financial complexities of the situation. As the legal process unfolds, the guitar—symbolizing not only Cobain's legacy but also the personal struggles of those connected to it—remains at the center of a bitter and public conflict.",810,532,6602db3a57e65ab95169ca598234a737599fcfa102af4a3d
multi_news,multi_news,"Now, write a one-page summary of all the news.

",Summary:,en,,1.0,"['Matt Damon opined this week that the wave of sex harassment and assault claims sweeping Hollywood and society at large include ""a spectrum of behavior"" and that ""none of us came here perfect,"" and the woman he once dumped on Oprah wasted no time in shutting him down. ""Gosh it’s so interesting (profoundly unsurprising) how men with all these opinions about women’s differentiation between sexual misconduct, assault and rape reveal themselves to be utterly tone deaf and as a result, systemically part of the problem,"" Minnie Driver tweeted. She further unloaded to the Guardian: ""I’ve realized that most men, good men, the men that I love, there is a cut-off. They simply cannot understand what abuse is like on a daily level. I honestly think that until we get on the same page, you can’t tell a woman about their abuse. ... It is so individual and so personal, it’s galling when a powerful man steps up and starts dictating the terms, whether he intends it or not.” Damon was also getting zero sympathy from Alyssa Milano, reports USA Today, who tweeted that, ""as a victim of each component of the sexual assault spectrum of which you speak,"" ""they all hurt."" ""We are not outraged because someone grabbed our a---s in a picture. We are outraged because we were made to feel this was normal. We are outraged because we have been gaslighted. We are outraged because we were silenced for so long."" (Damon has said he had no idea that Harvey Weinstein routinely sexually harassed and assaulted women; his full interview this week with ABC News is here.)']","  

In late 2017, a wave of public outrage and activism surrounding sexual misconduct in Hollywood reached a new level, sparked by the #MeToo movement. The controversy centered on comments made by actor Matt Damon during an interview with ABC News, in which he suggested that there is a “spectrum” of sexual misconduct, with some behaviors—like “patting someone on the butt”—being less severe than others, such as rape or child molestation. Damon argued that society should distinguish between different levels of misconduct, with the most serious cases requiring legal consequences, while less severe actions should be addressed through shame or social condemnation.  

This statement drew sharp criticism from several high-profile women, including actress Alyssa Milano and Minnie Driver, who had previously worked with Damon. Milano responded with a series of tweets that emphasized the systemic nature of sexual harassment and abuse, arguing that all forms of misconduct are serious and that the “culture of outrage” is justified. She criticized Damon for failing to recognize the broader, institutionalized nature of the problem, which she described as a “systemic disease.”  

Minnie Driver, Damon’s former co-star in *Good Will Hunting*, also condemned his comments, calling them “tone deaf” and “Orwellian.” She argued that men, even those who are well-intentioned, often lack the lived experience to fully understand the trauma of sexual abuse. Driver emphasized that men should not be allowed to define or categorize abuse, as this can perpetuate a culture of victim-blaming. She called for men to listen and support women without attempting to judge or interpret their experiences.  

Damon’s comments were also criticized for their perceived defense of disgraced comedian Louis C.K., who had faced allegations of inappropriate behavior, including masturbating in front of women. Driver questioned why Damon would defend someone who had not been convicted of rape, suggesting that such a stance reflected a dangerous double standard.  

The controversy was part of a larger national reckoning with sexual misconduct, which had been ignited by the allegations against Harvey Weinstein. Many women, including Salma Hayek, had come forward to share their experiences of abuse, often at the hands of powerful men in the entertainment industry. Damon, who had worked with Weinstein on *Good Will Hunting*, acknowledged the seriousness of the issue but maintained that there was a distinction between different levels of misconduct.  

In a separate interview, Damon expressed support for the #MeToo movement, calling it a “watershed moment” and praising the courage of women who had come forward to speak out. He acknowledged the need for accountability and change, but he also emphasized the importance of distinguishing",4436,532,088f63f5603e5d81dbee5cbc194b1942cc6e16aec56b24c8
multi_news,multi_news,"Now, write a one-page summary of all the news.

",Summary:,en,,1.0,"['Microsoft unveiled its much-hyped Project Natal motion control system—now renamed “Kinect”—at E3 last night, in a performance long on grandiosity and short on actual revelations. After walking through a set of fake living rooms, the white-poncho-wearing audience was treated to a performance by Cirque du Soleil acrobats dressed as cavemen, as a narrator declared that “history is about to rewritten” and a boy, raising his arms, used his movements usher in the new motion-based way to play games, according to the Wall Street Journal. And what was this grand historical event all about? Well, mostly mimicking the Wii, according to CNET. Microsoft’s camera-based motion controller may have potential, but the games demoed last night mostly looked like analogues for successful Wii efforts, including a yoga game, a racing game, and a Wii Sports-esque game titled—wait for it—Kinect Sports. IGN has a full list of launch titles. Microsoft is expected to reveal more details, including pricing, at its press conference today.']"," Microsoft Unveils Kinect, a New Motion-Control System for Xbox 360

On Sunday night, Microsoft officially unveiled its long-rumored motion-control system, which had been previously known as Project Natal. The company introduced the system under the new name, **Kinect**, during a special event at the University of Southern California's Galen Center. The event, which was also a performance by Cirque du Soleil, was designed to showcase the potential of Kinect, a technology that allows users to interact with the Xbox 360 console using gestures, voice commands, and body movements, without the need for a traditional controller.

The event was highly theatrical, with attendees dressed in white ponchos and led through a mock living room setup to experience how Kinect could integrate into everyday home entertainment. The performance included a mix of acrobatics, music, and interactive demonstrations, with performers and audience members alike engaging with the technology in real-time. The show began with a dramatic narrative, suggesting that history was about to be rewritten as humans took control of technology.

During the event, Microsoft demonstrated several key features of Kinect. The system uses advanced motion-sensing technology to track body movements and voice commands, allowing users to control games and applications with natural gestures. One of the most notable demonstrations involved a young boy who interacted with a virtual Xbox logo, showcasing the system's ability to recognize and respond to human movement.

Microsoft also previewed a range of games and applications that will be compatible with Kinect. These include:

- **Kinect Sports**: A multi-sport game featuring activities like hurdles, bowling, volleyball, soccer, and track and field.
- **Kinect Adventures**: A game that includes river rafting and other physical challenges.
- **Dance Central**: A dance game developed in partnership with MTV Games.
- **Kinectimals**: A game that allows players to interact with virtual animals like lions, cheetahs, and tigers.
- **Star Wars: Kinect**: A game that lets players wield a lightsaber and battle against Darth Vader.
- **Yoga/Tai Chi Game**: A fitness application that guides users through yoga and tai chi exercises.
- **Virtual Fitness and Entertainment**: Including a yoga and fitness program, as well as interactive applications for scrolling through photos, video chatting, and sharing content.

The event also highlighted the potential of Kinect as a broader platform for digital living, beyond just gaming. Microsoft emphasized that the system could be used for a variety of applications, from entertainment to fitness, and even for interacting with services like Netflix through motion-based controls.

While the event was more of a preview than a full",2768,532,be803cfd04c14b94a7dfdbf267e4d8530333774edb9c8975
multi_news,multi_news,"Now, write a one-page summary of all the news.

",Summary:,en,,1.0,"['Get out your checkbooks, kids: There is a slew of famous and infamous items up for auction. The US Marshal\'s office\'s online auction of the Unabomber\'s personal effects ends tomorrow, and Aol\'s Weird News astutely observes that Ted Kaczynski\'s 35,000-word handwritten manifesto ($17,525) is currently going for less than the gray hoodie ($20,025) that figured so prominently into his FBI Wanted poster. Bonus: sunglasses included. Looking for more of a bargain? A bow and arrows in a Sears box is currently a steal at $743. And in other bizarre auction news: Balloon boy\'s dad is trying to auction off the infamous ""flying saucer"" balloon for $1 million. But don\'t worry, reports KTLA: Richard Heene has vowed to give all the money to charity (specifically, Japan). A bunch of celebrities are hoping JetBlue loses their luggage ... right into the hands of eager bidders. The Celebrity Baggage Auction will benefit DoSomething.org. Buy a signed Jessica Simpson-brand bag or a leather Coach bag personally used by Rosario Dawson, and get two roundtrip JetBlue tickets, too. Click for more. Maybe eBay is the place to buy stuff: Morace Park bought a film reel for $5.25 that turned out to be the only known copy of the Charlie Chaplin film Zepped. The Telegraph reports that it\'s expected to fetch six figures in a June 29 auction.']","  

This summary highlights three distinct news stories, each offering a unique perspective on the intersection of history, celebrity, and collectibles.  

The first story revolves around the online auction of the personal effects of Ted Kaczynski, the Unabomber, who was arrested in 1996 after a 17-year bombing campaign that killed three people and injured 23 others. Currently serving a life sentence in Colorado, Kaczynski’s belongings are being auctioned off to raise $15 million in restitution for his victims. Among the items up for sale are his handwritten 35,000-word manifesto, which has a current bid of $17,525, and his iconic hoodie, which has reached $20,025, along with a pair of sunglasses. Other items, such as his Smith-Corona typewriter, have also drawn interest. While some items, like a hand-bowed wood saw, have low bids, experts like art historian Elyse Luray and crime memorabilia collector Scott Michaels note that the auction reflects a fascination with historical and criminal artifacts. Michaels, who owns a collection of macabre memorabilia, believes the Unabomber’s items hold value not just for their historical significance, but also for the emotional and cultural appeal they carry.  

The second story features Kellan Lutz, a star of the *Twilight* franchise, who is participating in a celebrity baggage auction organized by JetBlue and DoSomething.org. Lutz is donating his travel luggage to raise funds for youth organizations. The auction has already raised over $15,000 in its first round, and Lutz’s items will be part of the second round, which is set to take place on May 31. This initiative highlights the growing trend of celebrities using their influence to support charitable causes through unique and creative fundraising methods.  

The third story centers on a rare film reel of Charlie Chaplin’s 1917 short film *Zepped*, which is the only known surviving copy of the work. The reel, which is believed to contain some of the earliest known animation, is set to be sold for a six-figure sum. Originally purchased by collector Morace Park for its aesthetic appeal, the film is now valued for its historical and cinematic significance, particularly as it depicts Chaplin bringing down a German Zeppelin during World War I, likely as a morale-boosting film for British troops.  

Together, these stories illustrate the diverse ways in which history, celebrity, and collectibles intersect—whether through the legacy of a notorious criminal",1551,532,e07c67df44c00106f6f042496897a8ad07ffc881bb51e615
multi_news,multi_news,"Now, write a one-page summary of all the news.

",Summary:,en,,1.0,"['A former Boston TV news anchor says that last year, when her son was 18, he was at a bar in Natucket, Mass., when he met Kevin Spacey. The actor ""bought him drink after drink after drink and when my son was drunk, Spacey made his move and sexually assaulted him,"" said Heather Unruh at a press conference Wednesday. She says Spacey stuck his hand down her son\'s pants and onto his genitals, and tried to convince him to go to a party where they could continue to drink, USA Today reports. A bystander asked the teen if he was OK and the teen said no, at which point the woman urged the teen to flee and he took her advice, Unruh said. Unruh, who appeared with an attorney, says her son filed a police report last week and handed over evidence; she says a criminal investigation has been opened but the Nantucket Police Department has not confirmed that. The attorney with Unruh noted that her son\'s accusations are ""well within"" both the civil and criminal statutes of limitations. USA Today has a list of the 14 people so far accusing Spacey of sexual assault or harassment. Meanwhile Jon Bernthal, who worked with Spacey on Baby Driver, told a SiriusXM radio show Tuesday that he lost respect for Spacey while working on the film. ""I thought he was a bit of a bully,"" Bernthal said, per People. ""I didn’t really care for the way he was behaving toward some of the other people on set.""']"," Kevin Spacey Faces Multiple Sexual Misconduct Allegations

Kevin Spacey, the acclaimed actor known for his roles in *House of Cards* and *Gone Girl*, has been embroiled in a significant scandal following a series of sexual misconduct allegations. The accusations, which span over two decades, have led to widespread public and industry backlash, prompting a reevaluation of his career and public image.

The first major accusation came from actor Anthony Rapp, who alleged that Spacey made inappropriate sexual advances toward him when Rapp was just 14 years old in 1986. In response, Spacey issued a public apology and came out as gay, a move that drew criticism from some who viewed it as an attempt to deflect from the allegations. This was followed by a wave of additional accusations from multiple men, including:

- **Roberto Cavazos**, a Mexican actor who claimed Spacey fondled him during his time at the Old Vic theater in London.
- **Daniel Beal**, a bartender who alleged that Spacey exposed himself to him in 2010 and offered him a watch in exchange for silence.
- **Justin Dawes**, a theater usher who said Spacey played pornography with him in 1988.
- **Mark Ebenhoch**, a military advisor who claimed Spacey attempted to solicit him for sex in 1995.
- **Harry Dreyfuss**, the son of actor Richard Dreyfuss, who described an incident in 2008 where Spacey groped him while his father was present.
- **Tony Montana**, a filmmaker who alleged that Spacey groped him in 2003.
- **Kris Nixon**, a bartender who said Spacey grabbed his crotch in 2007.
- **An anonymous bartender**, who claimed Spacey sexually assaulted him in 2008.
- **An anonymous New York artist**, who alleged a sexual relationship with Spacey when he was 14.
- **An anonymous production assistant**, who claimed Spacey sexually assaulted him on set of *House of Cards*.
- **An anonymous British journalist**, who described being sexually harassed by Spacey in the early 2000s.
- **""John""**, who alleged that Spacey tried to seduce him in 1984.
- **Heather Unruh's son**, who accused Spacey of sexually assaulting him in 2016 at a bar in Nantucket, Massachusetts. Unruh reported the incident to police, and a criminal investigation was opened, though it",3331,532,348357789b1ce50b1ac8e572e21e6e5b421d11ac696bd0e1
multi_news,multi_news,"Now, write a one-page summary of all the news.

",Summary:,en,,1.0,"['JK Rowling makes the case today that millions of kids around the world are living in appalling conditions—the stuff of Grimms\' fairytales—in institutions that are supposed to be caring for them. Rowling wants to change that, not by improving these orphanages with ""pretty murals"" or teddy bears, but by eliminating them altogether, she writes in the Guardian. The big challenge is providing support for often-poor families who think they have no choice but to place their child in such an institution. If a child\'s biological family isn\'t up to the task, then foster families can step in. But Rowling argues that institutions are absolutely the wrong answer. Rowling has started a charity called Lumos (yes, after one of her Harry Potter spells), and writes that it has made genuine progress in reducing new placements in countries such as Bulgaria, Moldova, and the Czech Republic. She wants to raise awareness and donations with campaigns like this one. ""I recently committed to becoming president of Lumos for life,"" writes Rowling. ""It is my dream that, within my lifetime, the very concept of taking a child away from its family and locking it away will seem to belong to a cruel, fictional world."" Click for her full column.']","  

The provided news passages cover two distinct topics: the historical contribution of Alexa Internet to the Internet Archive and the global issue of child institutionalization, as detailed through the story of the founding of the charity Lumos by J.K. Rowling.  

Starting with the first passage, it highlights the ongoing collaboration between Alexa Internet and the Internet Archive since 1996. Alexa has been donating its web crawl data to the Internet Archive, which is then preserved in the Wayback Machine after a period of embargo. This initiative plays a crucial role in maintaining an accessible historical record of the internet, allowing users to explore past versions of websites.  

The second passage is a deeply personal and impactful narrative by J.K. Rowling, detailing the founding of Lumos, a charity dedicated to ending the institutionalization of children. The story begins with a powerful image of a child in a caged bed, which sparked Rowling’s determination to act. This photograph, which she encountered while pregnant, became a catalyst for her to launch Lumos, inspired by the Harry Potter spell ""Lumos,"" symbolizing the light brought to dark places.  

Rowling explains that millions of children worldwide are separated from their families and placed in institutions due to poverty, disability, or lack of family support. These children often suffer from severe physical, emotional, and developmental harm, with many being placed in conditions that are both inhumane and detrimental to their well-being. She emphasizes that the majority of these children are not orphans but are instead placed in institutions by families who are unable to care for them.  

The passage also highlights the scientific evidence showing that institutionalization leads to long-term negative outcomes, including poor education, malnutrition, abuse, and psychological trauma. Rowling argues that the solution is not to improve conditions within institutions but to eliminate them entirely, advocating for family-based care, inclusive education, and support for vulnerable families.  

Lumos has already achieved significant success in several countries, including Moldova, the Czech Republic, and Bulgaria, where the number of children in institutions has drastically decreased. These successes demonstrate that ending institutionalization is not only morally imperative but also economically viable.  

Rowling calls on international donors, governments, and the public to support the global movement to end child institutionalization. She launched the #Letstalklumos campaign to raise awareness and encourage collective action. Her ultimate goal is to make the concept of institutionalizing children a relic of the past, a cruel and fictional practice that no longer exists in the real world.  

In conclusion, the news passages present a blend of technological history and a powerful social justice narrative, underscoring the importance",1530,532,e4b27be5d2d4a2f9518155efce2d9b5b799990bd146def3b
multi_news,multi_news,"Now, write a one-page summary of all the news.

",Summary:,en,,1.0,"['The US and Pakistan have agreed to work together in the future against ""high value targets"" in Pakistan, the countries announced in a joint statement today. The news comes after Sen. John Kerry arrived in Pakistan last night, intending to send a strong message following the death of Osama bin Laden: Cooperate more when it comes to rooting out terrorists, or face ""profound"" changes in the US-Pakistan relationship—which could include kissing billions in aid goodbye. Kerry is the most senior US official to go to Pakistan since bin Laden\'s death, but since issuing the joint pledge, he said Secretary of State Hillary Clinton will soon announce her own plans to visit, the AP reports. Kerry\'s meetings with Pakistani leaders began last night, the Washington Post reports. Many in Washington think Pakistan is harboring Islamist militants, and some members of Congress are calling for the US to sever the billions of dollars in aid it provides to Pakistan. Kerry is in Pakistan to lay out the new stakes following bin Laden\'s death, and question officials about how bin Laden was able to hide in Pakistan for years. In Kabul, Kerry said there is ""some evidence"" that the Pakistan government has knowledge of insurgent activities, calling it ""very disturbing.""']","  

The U.S. and Pakistan have taken steps to mend their strained relationship following the controversial 2011 U.S. raid that killed Osama bin Laden in Abbottabad, Pakistan. U.S. Senator John Kerry, who visited Pakistan to address the fallout, emphasized the importance of rebuilding trust and cooperation between the two nations. The raid, which was conducted in secrecy, had angered Pakistani officials and citizens, who viewed it as a violation of their sovereignty.  

Kerry announced that Pakistan had agreed to return the tail of a U.S. military helicopter that was damaged during the raid. This gesture, along with other unspecified measures, is part of a broader effort to improve U.S.-Pakistan relations. Kerry also highlighted the need for increased intelligence sharing and joint operations against ""high-value targets"" in Pakistan, signaling a potential shift in the two countries' collaboration on counterterrorism efforts.  

Despite the tensions, both nations recognize the importance of maintaining their alliance. The U.S. relies on Pakistan as a critical supply route for its military operations in Afghanistan, while Pakistan depends on U.S. aid to support its economy and military. Kerry stressed that the U.S. has ""no designs"" on Pakistan’s nuclear arsenal and assured Pakistani leaders of the U.S. commitment to their security.  

However, the relationship remains fragile. Pakistan has expressed concerns over U.S. drone strikes in the country and has called for an end to such operations. Meanwhile, U.S. officials have questioned Pakistan’s role in harboring militants, including groups like Lashkar-i-Taiba. These issues have fueled political and public discontent in Pakistan, with Parliament passing a resolution condemning the bin Laden raid and threatening to cut off NATO supply routes.  

Kerry’s visit also included discussions on the broader implications of the U.S.-Pakistan relationship, including the potential for regional instability if ties were to deteriorate. He warned that a continued downward spiral could have dangerous consequences for both nations and the region.  

In the coming days, senior U.S. officials are expected to visit Pakistan to implement the agreed-upon ""road map"" for improving relations. While the future of the U.S.-Pakistan alliance remains uncertain, both sides have acknowledged the need for cooperation in the face of shared security challenges.",1688,532,2eeba772e4954887281b316f04ac32ac8de8065274f352f4
multi_news,multi_news,"Now, write a one-page summary of all the news.

",Summary:,en,,1.0,"['Kim Jong Nam\'s assassins killed him with a banned chemical weapon, Malaysian police revealed Friday. The country\'s police chief said toxicology reports on swabs from the face and eyes of the exiled North Korean found VX nerve agent, which the BBC notes is classed as a weapon of mass destruction by the United Nations. He said that one of two women believed to have rubbed the extremely toxic substance on Kim\'s face with their hands suffered from vomiting after the attack. The New York Times reports that VX agent can be created by mixing two compounds—and police suspect the two women put the substances on Kim\'s face, one after the other, to create a deadly dose. The police chief said the airport where Kim was attacked is now being decontaminated. North Korea—which is widely suspected to have been behind the killing of leader Kim Jong Un\'s half brother—never signed the Chemical Weapons Convention that banned VX, the AP notes. Pyongyang denies involvement and says Malaysia\'s investigation is full of ""holes and contradictions."" The father of one of the two women being held, Vietnamese citizen Doan Thi Huong, tells the Times his daughter trained as a pharmacist and he has seen little of her in recent years. (Police say that after Malaysia refused to give Kim\'s body to North Korean diplomats, somebody tried to break into the morgue.)']","  

In early 2017, Kim Jong-nam, the half-brother of North Korea's leader Kim Jong-un, was assassinated at Kuala Lumpur International Airport. Malaysian authorities confirmed that he was poisoned with the highly toxic nerve agent VX, a banned chemical weapon classified as a weapon of mass destruction under the United Nations. The attack occurred when two women, one Indonesian and one Vietnamese, approached Kim and applied a substance to his face. He later collapsed and died from the poisoning.  

Malaysian police chief Khalid Abu Bakar stated that VX was detected on Kim’s face and eyes, and one of the women involved in the attack later fell ill with vomiting. The use of VX raised serious concerns about public safety at the airport, as the agent is extremely potent and can remain lethal for days or even weeks. Despite the high risk, no other passengers or airport staff were reported to have fallen ill.  

North Korea has consistently denied any involvement in the assassination, accusing Malaysia of fabricating evidence and suggesting that the country is acting under the influence of South Korea. The North Korean government has also claimed that the responsibility for Kim’s death lies with Malaysia, and has threatened to take retaliatory measures. However, Malaysia has not ruled out the possibility that North Korea was behind the attack, citing the country’s history of chemical weapons development and its possession of VX.  

North Korea is estimated to have a significant chemical weapons program, with the capacity to produce up to 4,500 metric tons of chemical agents annually, and up to 12,000 tons during a crisis. The country is believed to possess a large arsenal of chemical weapons, including VX, mustard gas, phosgene, and sarin. Despite being one of only six countries not to have signed the Chemical Weapons Convention, North Korea is thought to have one of the largest stockpiles of chemical weapons in the world.  

The assassination has sparked a diplomatic crisis between Malaysia and North Korea, with Malaysia demanding that North Korea cooperate in the investigation. North Korea has responded by expelling its envoy and accusing Malaysia of spreading false information. The case has also raised questions about the effectiveness of international efforts to prevent the proliferation of chemical weapons.  

Kim Jong-nam, who had lived abroad for years, was once considered a potential successor to his father, Kim Jong-il. However, he was bypassed in favor of his half-brother, Kim Jong-un. Kim had become a vocal critic of the North Korean regime, openly questioning its policies and leadership. His assassination has intensified speculation about the internal dynamics of the North Korean leadership and the potential",2917,532,cef9105b35619a56715bd8971c08f04183c9884ea5315029
multi_news,multi_news,"Now, write a one-page summary of all the news.

",Summary:,en,,1.0,"['San Francisco-area cops have arrested three more young men in the savage gang rape, beating, and robbery of a 15-year-old girl outside her homecoming dance while dozens more watched. Five youths are being held, ranging from a 15-year-old boy who knew the victim to a 21-year-old. The girl was drinking outside the dance Saturday night, reports the San Francisco Chronicle, and the group turned on her when she became drunk. Charges are expected today. ""This was a barbaric act. I still cannot get my head around the fact that numerous people either watched, walked away or participated in her assault,"" a Richmond cop tells the AP. ""It\'s one of the most disturbing crimes in my 15 years as a police officer."" Some students began transferring out of the school. ""It\'s not safe there at all,"" said a 16-year-old girl. ""I\'m not going back.""']"," In October 2009, a 15-year-old girl was brutally raped and beaten at Richmond High School in California after leaving a homecoming dance. The attack, which occurred on Saturday, October 24, took place in a dimly lit picnic area and lasted for over two hours. Up to two dozen people reportedly witnessed the assault but did not intervene or report it to authorities. The victim was found semiconscious and naked from the waist down near a picnic table and was hospitalized with non-life-threatening injuries.

Two suspects were initially arrested, including a 19-year-old former student, Manuel Ortega, who was charged with rape, robbery, and kidnapping. A 15-year-old student, who knew the victim, was also arrested and booked on suspicion of sexual assault. Police later indicated that as many as 10 individuals, ranging in age from 15 to their early 20s, were involved in the attack. The suspects reportedly laughed and took photos during the assault, and there were rumors that some may have recorded the incident on cell phones.

The incident has sparked outrage and raised serious concerns about campus safety and the lack of effective security measures. Richmond High School, located in a city known for high crime rates, had recently installed surveillance cameras, but none were functioning at the time of the attack. School officials stated that a new system would be in place within a few months. Despite having four police officers and several security staff present during the homecoming dance, two of the site supervisors left the event early, citing a prior commitment.

Authorities are offering a $20,000 reward for information leading to the arrest and conviction of any of the perpetrators. Police are also preparing for additional arrests and are continuing their investigation. The case has deeply affected the community, with some students choosing to transfer schools in response to the incident. Local officials have described the attack as one of the most heinous crimes they have encountered, emphasizing the need for stronger safety protocols and community support to prevent such tragedies in the future.",1576,532,b8ad3a4d5f7ed3008f93632c7880e2ddd7dc5e37f6a2088f
multi_news,multi_news,"Now, write a one-page summary of all the news.

",Summary:,en,,1.0,"['The White House on Friday declassified a partisan and bitterly disputed memo on the Russia investigation, and a House committee immediately made it public. Media outlets were just beginning to assess it. You can read the document here, via the Washington Post. The White House move came over the fierce objections of the FBI and Justice Department, which have said the document prepared by Republicans on the House intelligence committee is inaccurate and missing critical context, per the AP. The memo alleges that the FBI abused US government surveillance powers in its investigation into Russian election interference. Trump, who has called the investigation a ""witch hunt,"" has supported the release of the memo in the apparent hopes that it could help undermine the probe being led by special counsel Robert Mueller. The president, dogged by the unrelenting investigation into his campaign\'s ties to Russia, lashed out anew Friday at the FBI and Justice Department as politically biased against Republicans. ""The top Leadership and Investigators of the FBI and the Justice Department have politicized the sacred investigative process in favor of Democrats and against Republicans - something which would have been unthinkable just a short time ago. Rank & File are great people!"" Trump tweeted.']"," 

The news passages provided cover a significant political and legal controversy surrounding the FBI's use of the Foreign Intelligence Surveillance Act (FISA) during the 2016 U.S. presidential election. The central issue is the release of a classified memo by the House Intelligence Committee, led by Chairman Devin Nunes, which criticizes the FBI and the Department of Justice (DOJ) for alleged abuses of surveillance authority.

The memo, which was declassified and released by President Donald Trump on February 2, 2018, alleges that the FBI improperly obtained a FISA court order to monitor Carter Page, a former Trump campaign adviser. The memo claims that the FBI and DOJ failed to disclose key information to the FISA court, including the role of the Democratic National Committee (DNC) and Hillary Clinton's campaign in funding the Steele Dossier, a controversial report compiled by former FBI source Christopher Steele. The memo also highlights the lack of transparency regarding Steele's relationship with the media and his termination as an FBI source due to unauthorized disclosures.

The memo further criticizes the FBI's handling of the investigation, including the involvement of FBI Associate Deputy Attorney General Bruce Ohr, whose wife was employed by Fusion GPS, a firm linked to the DNC and Clinton campaign. The memo suggests that the FBI may have used biased or unverified information in its FISA applications, potentially undermining the integrity of the surveillance process.

The release of the memo was controversial, as it was seen by some as an attempt to undermine the FBI's credibility and influence public perception of the Trump campaign. The FBI and DOJ had previously opposed its release, citing national security concerns. However, the House Intelligence Committee argued that the public interest in transparency outweighed these concerns.

The memo also touches on the broader implications of the FISA process, emphasizing the need for rigorous oversight and the protection of American citizens' rights. It raises questions about the balance between national security and civil liberties, particularly in the context of political investigations.

In addition to the memo, the second passage is a brief Twitter-related note about location tagging, which appears unrelated to the main news story. It is likely included as part of a larger set of information or as a test of the summarization process.

Overall, the news highlights the intense political and legal scrutiny surrounding the FBI's actions during the 2016 election, the role of classified information in congressional oversight, and the ongoing debate over the proper use of surveillance powers in the United States.",2676,532,04ee10332dea447fd20ba0b36c23c61fc1e4bbf4009eb6b6
multi_news,multi_news,"Now, write a one-page summary of all the news.

",Summary:,en,,1.0,"[""Critics aren’t exactly howling over the new remake of The Wolfman starring Benicio del Toro, giving it mostly mediocre or failing marks. Here’s what they’re saying: “The movie is pungent with atmosphere, laying down a thick fog of creepy Victorian murk,” writes Kyle Smith of the New York Post, but the story is toothless, centering on a mystery “so simple that even Marmaduke could have sniffed it out.” “The movie is scary only as regards all its wasted potential,” laments John Anderson of the Wall Street Journal. There are good elements here, but they’re “reduced to a gruesome fondue, accessorized by actorly ham and studio cheese.” The filmmakers obviously loved the original Wolfman, but “nostalgia isn't always the best barometer,” writes James Berardinelli of ReelViews. The makeup is “inexcusably campy,” and scenes from the original are “recreated in a fashion that seems more Monty Python than unsettling.” But Ty Burr of the Boston Globe had fun. “The movie is by no means good,” he writes, “but it’s surprisingly enjoyable: a misty, moody Saturday-matinee monster-chiller-horror special.”""]","  

In 2010, *The Wolfman*, a remake of the 1941 Universal horror classic, was released, marking the latest in a series of reimaginings of the studio’s iconic monster films, including *Dracula*, *Frankenstein*, and *The Mummy*. Directed by Joe Johnston, the film attempted to bridge the gothic atmosphere of the original with the graphic violence and special effects of modern horror. However, the film was widely criticized for its uneven tone, awkward blend of old and new styles, and underwhelming performances.  

Benicio Del Toro portrayed Lawrence Talbot, the cursed protagonist, in a role that many felt was a pale imitation of Lon Chaney Jr.'s iconic performance from the original. Del Toro’s portrayal was seen as emotionally distant and lacking the depth that made Chaney’s performance so memorable. Supporting actors, including Anthony Hopkins as Sir John Talbot and Emily Blunt as Gwen Conliffe, were also criticized for underdeveloped roles, with Blunt’s character serving more as a plot device than a fully realized character.  

The film’s visual effects, while ambitious, were considered dated by modern standards, and the makeup, designed by Rick Baker, was criticized for being overly campy and lacking the authenticity of the original. The film’s attempt to modernize the story by setting it in 1890s England and incorporating elements of Victorian gothic horror was seen as a missed opportunity, resulting in a disjointed and ultimately unsatisfying experience.  

Critics noted that *The Wolfman* was not a complete failure, but rather a flawed attempt to honor the legacy of the original. While it had moments of atmospheric tension and some effective scenes, particularly the transformation sequences, the film was ultimately seen as a missed chance to create a truly compelling horror experience.  

In contrast, other films released around the same time, such as *Valentine’s Day* and *Ajami*, were also discussed. *Valentine’s Day*, a romantic comedy directed by Garry Marshall, was criticized for its clichéd plot and lack of originality, while *Ajami*, an Israeli-Palestinian drama, was praised for its powerful storytelling and political commentary.  

The film also drew comparisons to other werewolf-themed movies, such as *An American Werewolf in London* and *Wolf*, highlighting the enduring appeal of the lycanthropy myth in horror cinema. Despite its shortcomings, *The Wolfman* remains a notable entry in the genre, reflecting both the challenges and the enduring fascination with remaking classic horror films.",3747,532,c41f1472a8b70be78713deaa0e3248b28a9931fd049c6fd7
multi_news,multi_news,"Now, write a one-page summary of all the news.

",Summary:,en,,1.0,"[""Sinn Fein leader Gerry Adams, lately the very high-profile suspect in a 1972 murder, will go free without charge, Northern Ireland police officials tell the BBC. Adams has been questioned since Wednesday in County Antrim over allegations that he, as an IRA commander ordered the murder of a 37-year-old widow and mom of 10, Jean McConville. The AP confirms the report, saying that Adams will likely be freed today, but notes that police say they'll send an evidence file to their British counterparts.""]","  

In May 2014, Sinn Féin leader Gerry Adams was arrested and questioned by Northern Ireland police at Antrim Police Station over his alleged involvement in the 1972 murder of Jean McConville, a 37-year-old mother of ten. McConville was abducted, shot, and secretly buried by the IRA, and her body was discovered on a beach in County Louth in 2003. Her son, Michael McConville, expressed continued determination to seek justice for his mother, stating the family would ""stay to the bitter end"" until they received it.  

Adams, who had voluntarily met with police two months prior, was arrested under the Terrorism Act. He criticized the timing of the arrest, particularly during an election campaign, and claimed the police had used ""pernicious, coercive legislation"" to address a legacy issue. He denied any involvement in the murder and emphasized his commitment to the political process in Northern Ireland, stating, ""The IRA is gone. It is finished.""  

The police investigation included 33 taped interviews and the presentation of old photographs and interviews with individuals who were ""enemies of the peace process."" A file was sent to the Public Prosecution Service (PPS), which would decide whether to bring charges. The decision would be made by the PPS, with the director of public prosecutions, Barra McGrory QC, delegating the responsibility to his deputy.  

The case has sparked political debate, with some parties questioning the timing of the arrest and others condemning it as politically motivated. Democratic Unionist Party (DUP) leader Jeffrey Donaldson and Ulster Unionist leader Mike Nesbitt criticized the timing, while the Social Democratic and Labour Party (SDLP) leader Alasdair McDonnell expressed skepticism about the appropriate timing for such an arrest.  

The case is part of a broader effort to address the legacy of the Troubles, including the ""Disappeared""—individuals abducted, murdered, and buried by republicans. Recent arrests, including that of Ivor Bell, a former Provisional IRA leader, have been linked to the Boston College tapes, a series of interviews with former paramilitaries that have provided critical evidence in several cases.  

As the legal process unfolds, the McConville family and the wider community await the outcome, with the hope that justice will finally be served for one of the most notorious victims of the conflict.",1816,532,3a36e0fd6f9a7f242575108e48446297bb639cf08ccfc9f4
multi_news,multi_news,"Now, write a one-page summary of all the news.

",Summary:,en,,1.0,"['Two workers at a Chicago day care were fired and arrested after a disturbing incident that left five toddlers injured. Police say surveillance video captured one of the workers burning the 2-year-olds with a hot glue gun while the other woman watched and laughed, People reports. Lizandra Cosme, 32, has been charged with five counts of aggravated battery of a child causing great bodily harm, the Chicago Sun-Times reports. Susana Gonzalez, 27, faces five misdemeanor charges of causing the circumstances of child endangerment over the Dec. 1 incident at the Children\'s Place day care. It\'s not clear how seriously the children were injured. Prosecutors say Cosme, who brought the glue gun for a Christmas project, was captured on video applying the hot glue directly to the hands and arms of the three girls and two boys. ""Each of the child victims winced and some whined at the hot glue gun application,"" a prosecutor said during a Monday court appearance. Prosecutors said Cosme tried to cover up the incident, asking a father whether his child had been burned at home, ABC7 reports. They said her actions were discovered when one child\'s mother, an ER physician, saw the burns and demanded to see surveillance footage. Cosme\'s lawyer said his client ""screwed up"" but did not mean to hurt the children.']","  

Two daycare workers, Lizandra Cosme, 32, and Susana Gonzalez, 27, have been charged following an incident in which five toddlers were allegedly injured with a hot glue gun at the Children’s Learning Place daycare in Chicago. The incident occurred on December 1, 2024, and was captured on surveillance footage that has since been released to the public.  

According to the footage, Cosme applied hot glue to the hands and arms of five 2-year-old children, causing them to wince and cry in pain. Gonzalez, who was present in the room, is alleged to have laughed as the incident unfolded. The video has sparked widespread public outrage and raised serious concerns about child safety in daycare settings.  

Cosme, who was working with 16 children at the time, is accused of five felony counts of aggravated battery to a child. She was denied bail during her court appearance and is scheduled to return to court on December 26. Her defense attorney has stated that Cosme’s actions were not intentional, calling them a “screw-up” rather than an act of malice.  

Gonzalez, the daycare assistant, faces five misdemeanor charges of causing child endangerment. Both women were immediately terminated from their positions at the daycare center, which serves children from 6 weeks to 6 years of age.  

The daycare’s spokesperson, Lissa Druss Christman, confirmed that the facility has notified the Department of Children and Family Services (DCFS) and is cooperating with the ongoing investigation. DCFS has launched an inquiry into the allegations of abuse and is reviewing the case.  

Cosme is alleged to have brought the hot glue gun to the daycare for a Christmas project. Prosecutors claim that she attempted to cover up the incident by asking a child’s father if the child had been burned at home. The case has also drawn attention to the importance of child safety protocols in early childhood education settings.  

This incident has sparked a broader conversation about the oversight and training of daycare workers, as well as the need for stricter regulations to prevent such tragedies. The children involved are currently receiving medical attention, though the full extent of their injuries remains under investigation.",1272,532,994c4e5487e91bef73af6ea24878a117dc1a335f34d0ebbb
multi_news,multi_news,"Now, write a one-page summary of all the news.

",Summary:,en,,1.0,"['Texas gubernatorial candidate Wendy Davis\' new memoir is dedicated in part to daughters Amber, Dru, and Tate, and those familiar with Davis\' life story might be puzzled by the last name on that list. That\'s because Davis is revealing for the first time that Tate is the unborn child that she and her husband aborted in the second trimester, after doctors discovered a severe brain abnormality. The San Antonio Express-News and the AP obtained advanced copies, and the news is generating headlines given that Davis shot to national fame while filibustering against an abortion bill in Texas. Davis writes that she decided to abort in 1996 after doctors said the baby would be blind, deaf, and in a vegetative state if she survived the pregnancy. Davis also felt the fetus “tremble violently"" in the womb, ""as if someone were applying an electric shock to her, and I knew then what I needed to do. She was suffering."" Her doctor ""quieted"" the unborn child\'s heart and delivered her by C-section. Davis and her husband had Tate baptized. After the abortion, ""an indescribable blackness followed,"" writes Davis in Forgetting to Be Afraid, ""and when I finally did come through it, I emerged a different person."" Davis also writes of a previously disclosed procedure to terminate an earlier ectopic pregnancy in which the embryo was implanted outside the uterus. She says she opted not to talk about either case during her famous filibuster because she feared it would ""overshadow the events of the day.""']","  

Texas Democratic gubernatorial candidate Wendy Davis has revealed in her upcoming memoir, *Forgetting to Be Afraid*, that she had an abortion in the 1990s after discovering her unborn child had a severe brain abnormality. The memoir, set to be released on Tuesday, details her personal and political journey, including the difficult decision to terminate a pregnancy with her then-husband, Jeff Davis, in 1997. The child, named Tate Elise, was diagnosed with a condition that would have caused severe suffering and likely been incompatible with life. Davis describes the emotional toll of the decision, including a deep sense of grief and loss, and how it changed her life forever.  

In addition to the 1997 pregnancy, Davis also recounts the termination of an ectopic pregnancy in 1994, which she describes as a medically necessary procedure. She notes that while this pregnancy was technically classified as an abortion, it was not a choice she made but rather a life-threatening situation.  

The memoir is part of Davis' broader political narrative, as she campaigns against Republican Attorney General Greg Abbott, a staunch opponent of abortion rights. Davis has long framed the abortion issue in terms of women's access to healthcare, and her personal story adds a deeply human dimension to her campaign. She had previously considered sharing her story during her historic 13-hour filibuster in 2013, which drew national attention and temporarily stalled a restrictive abortion law. However, she chose not to do so at the time, fearing it would overshadow the broader message of the day.  

The memoir also delves into Davis' personal history, including her difficult childhood marked by her parents' turbulent relationship, her struggles as a young single mother, and her rise through the political ranks. She credits her second husband, Jeff Davis, as a key support figure in her life and career.  

Political analysts suggest that while the revelation of her past abortion may not significantly impact her campaign, it could humanize her and complicate opponents' ability to attack her on the issue. Meanwhile, abortion rights advocates have praised her for sharing her story, while some conservative groups have expressed sympathy for her decision but emphasized the value of life.  

As Davis continues her campaign, the memoir serves as both a personal reflection and a political statement, highlighting the complex intersection of personal experience, public policy, and the ongoing national debate over reproductive rights.",2373,532,7a9199c5521da5c99e3de3cb0d86abbcff0f1489e6b3f731
multi_news,multi_news,"Now, write a one-page summary of all the news.

",Summary:,en,,1.0,"['Two men have been charged with human trafficking after police arrested them for running a prostitution ring out of a senior living facility in Pittsfield, Mass. Police say Joseph Van Wert, 65, and Randy Lambach, 45, will face a hearing later this month, the New York Daily News reports. Lambach would allegedly seek out women with drug addictions and post their pictures online, then arrange meetings with clients. Some of these meetings took place in Van Wert\'s apartment in a senior facility. Van Wert offered his apartment in return for cash or drugs. The Berkshire Eagle reports that the police investigation began last spring in response to citizen complaints about increased prostitution across the city. Lambach would allegedly keep up to 90% of the money the women made, sometimes refusing them cash altogether and paying them in heroin or crack cocaine instead. At least one woman said Lambach drove her to an ""appointment"" across state lines. Police estimated one of the victims was 15 years old. They were also told that some of the women were Lambach\'s former foster children. Both men have pleaded not guilty, Lambach to four counts of human trafficking and Van Wert to conspiracy to commit human trafficking, deriving support from prostitution, maintaining a house of prostitution, and sexual conduct for a fee.']"," 

In November 2017, two men, Joseph E. Van Wert, 65, and Randy W. Lambach, 45, were arrested in Pittsfield, Massachusetts, for allegedly running a citywide prostitution ring involving multiple women, some of whom may have been as young as 15. The investigation, which began in the spring of 2017, was prompted by an increase in prostitution complaints throughout the city, particularly in areas around First, Adam, North, Linden, and Wahconah streets. 

Lambach, who was identified as the ring’s organizer, allegedly targeted women with severe drug addictions, recruited them, and used social media platforms like Backpage.com to advertise their services. He would set up meetings with potential clients, determine rates (ranging from $80 for 30 minutes to $160–$200 for an hour), and then transport the women to the agreed-upon locations. He would often wait outside or observe from a distance, and in some cases, he would pay the women in drugs instead of cash. 

Van Wert, who lived in a senior living facility, allegedly provided his third-floor apartment as a meeting place for the prostitution activities in exchange for drugs and cash. Lambach also served as a chauffeur, driving the women to and from locations, including outside of the state on at least one occasion. 

The women involved were allegedly threatened by Lambach with police involvement if they attempted to leave the ring. Some of the women were former foster children of Lambach, and he reportedly used intimidation tactics to maintain control over them. 

Both men were held on charges of human trafficking, with Lambach facing four counts, and Van Wert charged with conspiracy to commit human trafficking, deriving support from prostitution, maintaining a house of prostitution, and engaging in sexual conduct for a fee. A hearing was scheduled to determine bail. 

The investigation involved multiple law enforcement agencies, including the Pittsfield Police Department, the state police detective unit, and the District Attorney’s Office. The case remains ongoing, with the possibility of additional charges. 

This case highlights the exploitation of vulnerable individuals, including young women and those with substance abuse issues, through organized prostitution and human trafficking. It also underscores the role of online platforms in facilitating such illegal activities.",1457,532,eaa81a89e0cd98188339f02482df2c273f0bc1257f1c4a66
multi_news,multi_news,"Now, write a one-page summary of all the news.

",Summary:,en,,1.0,"['You think Stonehenge is impressive? Archaeologists in Britain are excavating a monument ten times larger than the iconic structure, though it appears to the naked eye to be little more than farmland. A henge is a circular earthwork, and the one in question is Marden Henge, which sits a few miles north of Stonehenge in Wiltshire. National Geographic reports that roughly 4,500 years ago it featured 10-foot-tall earthen berms that encompassed some 40 acres. The Guardian writes that the henge was ""far larger than the Avebury or Stonehenge circles, and too large for any imaginable practical use."" But over the ages Marden Henge\'s berms have ""slumped"" and farmers have worked the land, and archaeologists have gravitated to the more breathtaking Stonehenge. Until now. Jim Leary of the University of Reading has just kicked off a three-year study of the site; his excavations (he worked at the site in 2010, too) are the only ones to have occurred there in nearly 50 years. He hopes the berms will help explain the ""insane, utterly unsustainable"" construction boom that led to Marden Henge and four other nearby Neolithic monuments, including Stonehenge. ""Not nearly enough attention has been paid to the archaeology of the fertile valley in between these places,"" says Leary. So far he\'s found the remains of a 4,000-year-old teen wearing an amber necklace just outside Marden Henge, per the BBC; fancy arrowheads; and a stone building within the henge containing the bones of at least 13 pigs, suggesting a huge feast was held there. ""For all the attention that has been lavished on Stonehenge over the years, we may well find out that Marden was where it was really at during the Neolithic,"" he says. (There\'s a giant ""super henge"" under Stonehenge.)']"," 

Recent archaeological discoveries in Wiltshire, England, have shed new light on the Neolithic and Bronze Age cultures that once thrived in the region. Excavations at Marden Henge and Wilsford Henge, part of a larger project led by the University of Reading and supported by Historic England, have uncovered a wealth of artifacts and structures that provide insight into the lives of ancient peoples.

One of the most significant finds is a 4,300-year-old house, believed to be one of the best-preserved from the Neolithic period in the UK. The structure, located on the edge of Marden Henge, was built with white chalk imported from miles away, suggesting a level of sophistication and social organization. Inside, archaeologists have uncovered flint tools, decorated pottery, and even remnants of food, including the residue of the last meals cooked. The house appears to have been used for feasting rather than as a permanent residence, with evidence of pig bones and a charcoal firepit indicating large gatherings. After being abandoned, the site was carefully covered with earth, suggesting a deliberate act of concealment.

The surrounding Marden Henge, a massive enclosure spanning 15 hectares, is one of the largest prehistoric monuments in Britain. Its scale and complexity suggest it may have served a symbolic or status-related function, possibly as a demonstration of power and wealth. The site includes a network of ditches and banks, with some parts now hidden beneath modern farmland. The discovery of a Roman brooch and other artifacts indicates that the area was continuously occupied and modified over thousands of years.

In addition to the house, a 4,000-year-old Bronze Age skeleton, believed to be that of a child, was found at Wilsford Henge. The child was buried in a fetal position and wore an amber necklace, offering a poignant glimpse into the burial practices of the time. Scientific analysis of the remains could reveal information about the child's gender, diet, and place of origin, further enriching our understanding of the region's ancient inhabitants.

These findings, part of a broader three-year excavation, are contributing to a more comprehensive picture of life in the Neolithic and Bronze Age. The project, involving students, professionals, and amateurs from around the world, is not only uncovering the past but also highlighting the importance of preserving and studying these sites. The site is open to the public, with an open day planned as part of the National Festival of Archaeology, allowing visitors to see the discoveries and learn more about the history of the area.",1428,532,11612bf9150914c57c3107b73b864d6311c010bcfdc458f0
multi_news,multi_news,"Now, write a one-page summary of all the news.

",Summary:,en,,1.0,"['As everyone wonders whether Conan O’Brien will stay at NBC or move to Fox, the Tonight Show host offered up a few more novel ideas yesterday: Perhaps he’ll “pretend to put my son in a giant foil balloon, then sit back and watch the offers come pouring in!” Watch him deliver the rest of his options on the video above—then check out Jay Leno, who also addressed the drama last night on his show. “NBC says the show performed exactly as they expected it would, and then they canceled it,” Leno said. “Now don’t confuse that with when we were on at late night and we performed better than expected and then they canceled us. That was totally different!” Meanwhile, the Los Angeles Times takes a closer look at Fox’s early talks with Conan—who “would be a very compatible fit for our brand,” says the president of Fox Entertainment.']","  

The provided news passages discuss various aspects of financial assistance, particularly focusing on quick cash loans and their implications. The first passage emphasizes the challenges individuals face when applying for cash help, highlighting the need for formalities such as submitting filled loan forms. It underscores the importance of understanding the costs associated with emergency loans, including interest and fees, and warns against predatory lending practices. The passage also mentions that these loans can be used for urgent needs such as medical expenses, utility bills, and debt repayment. It encourages applicants to consider fast cash loans, especially those that do not require a credit check, and highlights the convenience of applying online. The passage also outlines eligibility criteria, such as being a UK resident, employed, and having a certain level of income. It concludes by emphasizing the importance of planning ahead and saving for emergencies to avoid the high costs of last-minute loans.  

The second passage shifts focus to a personal interest in cars, mentioning Jay’s love for automobiles and inviting readers to share their favorite vehicles. This passage is more lighthearted and does not contribute to the financial discussion in the first passage.  

Overall, the news highlights the importance of financial planning, the risks associated with quick cash loans, and the availability of alternative lending options. It also touches on the broader topic of personal interests, such as car ownership, which serves as a contrast to the more serious financial advice provided in the first passage.",791,532,d74bcb4b88344c46da1ff0c29dec67d014083c13f3848a87
multi_news,multi_news,"Now, write a one-page summary of all the news.

",Summary:,en,,1.0,"['Oil giant BP lost $5.2 billion last year, but the company somehow saw fit to propose maximum bonuses for 2015 for its top executives, including a 20% pay increase for CEO Bob Dudley—a proposal that 59% of shareholders roundly rejected by proxy vote at Thursday\'s annual meeting, MarketWatch reports. The company had indicated earlier in the day that it may also have to reduce its dividend, the Wall Street Journal reports. Dudley is set to receive the full bonus he was eligible for, which comes to $4.2 million (including $1.4 million in cash and a portion in deferred BP shares), per an earlier MarketWatch report. This amount was bumped up from the $3 million ($1 million in cash) he received in 2014. BP\'s CFO was also on the list to rake in his full bonus. ""We think it sends the wrong message,"" a rep for shareholder Royal London Asset Management tells the BBC. ""It shows that the board is out of touch."" Not only did BP suffer straight-up monetary losses as the price of oil fell, it also announced it will be getting rid of about 7,000 jobs and taking other belt-tightening measures. And the Financial Times notes that other energy company execs saw their pay slashed in 2015. But a BP spokesman says ""executives performed strongly in a difficult environment in 2015, managing the things they could control and for which they were accountable."" Andy Critchlow, writing for the Reuters Breakingviews blog, agrees. ""Dudley has to work harder than his predecessors,"" he writes, noting the CEO has helped the company recover from the 2010 Deepwater Horizon disaster and improved safety protocol. ""The mild-mannered American has had possibly the toughest job in the oil industry. His rewards look in line with that task."" Carl-Henric Svanberg, chairman of BP\'s board, says the nonbinding shareholder vote won\'t alter the payouts they\'ve already decided on, but that the board will take investors\' concerns into account when coming up with next year\'s compensation packages.']","  

BP PLC faced significant shareholder backlash over its executive pay policy during its annual general meeting, with a majority of investors voting against the company’s 2015 executive compensation package. The most contentious issue was a 20% increase in the total remuneration of Chief Executive Bob Dudley, which brought his total pay to $19.6 million. This decision came amid BP’s $5.2 billion loss in 2015, job cuts, and a sharp decline in oil prices. Shareholders, including major institutional investors like Royal London Asset Management and Glass Lewis, criticized the pay raise as out of line with the company’s poor financial performance and the fact that other energy executives, such as Shell’s Ben van Beurden, saw significant pay cuts during the same period.  

Despite the criticism, BP defended the pay increase, arguing that Dudley had met or exceeded performance targets related to safety, operational efficiency, and financial recovery from the 2010 Deepwater Horizon oil spill. The company also pointed to its improved safety record and strong shareholder returns over the past three years. However, the shareholder vote marked a rare and significant rebuke of executive pay in the UK, with 59% of proxy votes opposing the package.  

The controversy highlights a growing trend of institutional investors demanding greater accountability and transparency in executive compensation, especially in times of financial stress. While the pay decision was non-binding, BP’s chairman, Carl-Henric Svanberg, acknowledged the shareholder concerns and pledged to review the compensation policy in consultation with major shareholders before the next pay review in 2017.  

The situation also underscores the broader challenges facing the oil and gas industry, as falling oil prices and environmental liabilities continue to strain corporate finances. Despite the criticism, BP remains committed to its current pay structure, which was approved by 96% of shareholders in 2014. The company has also signaled that it may need to reduce its dividend in the face of ongoing financial pressures, further intensifying shareholder scrutiny.  

Overall, the BP pay dispute reflects a broader shift in corporate governance, with investors increasingly using their voting power to influence executive compensation and hold boards accountable for performance, especially in difficult economic conditions.",3225,532,b52067a71a631691a2448c313aef0dcb0870b66526c87e77
multi_news,multi_news,"Now, write a one-page summary of all the news.

",Summary:,en,,1.0,"['The Peruvian cop who claimed to have busted a crime ring that killed dozens of people to harvest their fat has been suspended for lying. Felix Murga, the country\'s top organized crime investigator, said that a gang had killed 60 people to sell their fat at $15,000 a liter. Investigators now believe there was just one victim and his murder was linked to drug trafficking, the BBC reports. Murga appears to have revived an ancient Andean legend of killers who roam the mountains extracting fat from travelers, say authorities, who blame him for damaging the police force\'s reputation and scaring tourists away. ""This has been a ruse of bad taste,"" a local politician tells Reuters.']"," 

In late November 2024, Peru's top organized crime investigator, Eusebio Felix, was placed on leave after making sensational claims that a gang of serial killers, known as the Pishtacos, had murdered up to 60 people and harvested their fat for sale to Italian cosmetics companies. The story, which included dramatic evidence such as bottles of what was claimed to be human fat and a video of body parts found in a shallow grave, was widely reported and sparked public alarm. However, the investigation was later found to be based on false information.

Following weeks of public scrutiny and growing doubts, Peru's police chief, General Miguel Hidalgo, admitted that the case had been botched. The police in the region of Huanuco, where the alleged crimes were said to have taken place, stated that there was only one confirmed murder victim, linked to the cocaine trade. They also claimed that the four suspects in custody were likely using the fat as a means of intimidation in a drug-ridden area, rather than for commercial sale.

The story was criticized by various experts and officials. Anthropologists argued that the police had misused a long-standing Peruvian myth to explain the crime, while medical professionals dismissed the idea that human fat had any commercial value, noting that it spoils quickly and is not used in the cosmetics industry. Doctors pointed out that fat could be easily obtained from plastic surgery clinics, making the alleged crime both unnecessary and implausible.

Politicians and regional leaders condemned the police for misleading the public and potentially scaring away tourists. One regional president called the story a ""ruse of bad taste,"" while others suggested that the case was part of a broader pattern of exaggerated or invented news stories used to distract from more pressing issues in Peru.

The incident has raised serious questions about the integrity of the police investigation and the responsibility of officials to provide accurate information. The suspension of Eusebio Felix and the admission of a flawed investigation have led to calls for greater transparency and accountability within Peru's law enforcement agencies.",1088,532,3b272a3cb912cb9130ace7be7a17757c1206b90893edf887
multi_news,multi_news,"Now, write a one-page summary of all the news.

",Summary:,en,,1.0,"['Hikers on the Pacific Crest Trail can expect to encounter harsh-but-beautiful landscapes, extreme fatigue, and—these days, at least—traffic. ""You can’t talk about the Pacific Crest Trail without mentioning the crowds,"" Pete Brook writes for Outside. He should know: Brook currently is trekking the 2,650-mile PCT, which runs from the Mexican border through California, Oregon, and Washington to the border with Canada. But don\'t take his word for it: The Pacific Crest Trail Association so far this year has issued more than 4,000 permits to people planning on tackling at least 500 miles of the trail. To put things in perspective: 300 people attempted to complete the entire PCT in 2006, according to the AP, with about 120 of those making it. In 2014, 1,000 people set off and about half completed the trail. More traffic means more stress on the land, more improperly disposed of poop, and more inexperienced hikers requiring rescue. So what\'s with the increase in traffic over the past few years? You can thank Cheryl Strayed and her enormously popular memoir-turned-major-motion-picture Wild. After the book came out in 2012, there was a small increase in interest in the trail, the PCTA\'s Jack Haskel told the AP in 2015. But after the movie, starring Reese Witherspoon, was released in 2014, interest in the PCT exploded. ""Millions are hearing about it now and are being inspired,"" Haskel said. Strayed, more or less unprepared for the journey, hiked 1,100 miles of the trail as a form of therapy as she grappled with personal demons. ""However for others that follow her strategy of deliberate ineptitude, things might not turn out so well,"" writes DontHikeLikeWild.org. ""Our advice to would-be hikers: Grow a spine first. Then get out there and hike the PCT."" (This female hiker is the ""biggest badass you\'ve never heard of."")']"," 

Cheryl Strayed’s memoir *Wild*, which chronicles her transformative journey along the Pacific Crest Trail (PCT), has inspired a surge in interest in hiking the trail. The book and its subsequent film adaptation have significantly increased the number of people attempting the PCT, with the Pacific Crest Trail Association (PCTA) reporting a 300% increase in website traffic following the movie's release. This rise in popularity has led to more inquiries about the trail and a notable increase in the number of long-distance hikers, with over 4,000 permits issued in 2016 alone.

While the PCT is a popular destination for those seeking personal growth and healing, there are growing concerns about overcrowding and its impact on the trail and surrounding communities. The PCTA has implemented a permit system with a daily cap of 50 hikers to manage the influx and reduce environmental damage. However, the trail is still experiencing strain, particularly in fragile desert ecosystems, where increased foot traffic has led to degraded vegetation, new camp sites, and human waste. Additionally, the rise in hikers has placed a financial burden on local services, including increased costs for helicopter rescues and emergency responses.

The PCT is not only a physical challenge but also a spiritual and emotional journey for many. The concept of *solvitur ambulando*—“it is solved by walking”—resonates with hikers who view the trail as a path to self-discovery and redemption. However, the article cautions against a mindset of deliberate helplessness, emphasizing the importance of preparation, responsibility, and respect for the trail and its environment. Hikers are encouraged to act as ambassadors of the trail, adhering to the ""leave no trace"" principle and promoting sustainable practices.

Despite the challenges, the PCT remains a symbol of resilience and transformation. As more people are inspired by stories like Strayed’s, the trail continues to evolve, balancing the need for accessibility with the responsibility to preserve its natural beauty and cultural significance. The PCTA and the hiking community are working together to ensure that the trail remains a place of inspiration and healing for future generations.",2416,532,f8ac8ff14795766c86a489e1a4175f54fdb45baab5b808e3
multi_news,multi_news,"Now, write a one-page summary of all the news.

",Summary:,en,,1.0,"['Noticed Pete Davidson\'s absence from SNL as of late? Well, there\'s a good reason behind it: The 23-year-old has been focusing on his sobriety. After telling High Times last fall that he couldn\'t function without the medical marijuana he\'s prescribed for Crohn\'s disease, Davidson now says, ""I quit drugs and am happy and sober for the first time in eight years"" in an Instagram post. Rapper Kid Cudi might have inspired that sobriety, per the New York Daily News. Last fall, Davidson told a radio station, ""I would have killed myself if I didn\'t have Kid Cudi,"" who\'d checked himself into rehab a few weeks earlier.']","  

Pete Davidson, a cast member of *Saturday Night Live* (SNL), has been in the news for both his advocacy for medical marijuana and his recent journey toward sobriety. Known for his candid and often humorous public persona, Davidson has spoken openly about using cannabis to manage his Crohn’s disease, a chronic gastrointestinal condition he was diagnosed with in his early teens. He has criticized the New York State medical marijuana program for being difficult to access and has expressed frustration with those who oppose the legalization of cannabis, stating that he would not be able to perform on SNL without it.  

Despite his advocacy for cannabis, Davidson has also made a significant personal announcement: he has entered a period of sobriety, having quit drugs for the first time in eight years. In a heartfelt post on social media, he shared that he is ""okay"" and has found support from friends, family, and fans. He emphasized the importance of hope and resilience, calling his fans a ""family"" and promising to remain a part of their lives. This revelation comes after a period of absence from both social media and the SNL stage, during which he had been struggling with substance use.  

Davidson has also credited his recovery to the influence of rapper Kid Cudi, whose music he believes helped him through a difficult time. He expressed admiration for Cudi’s openness about his own mental health struggles and his decision to seek treatment, which Davidson saw as a sign of strength.  

In addition to his personal updates, Davidson has been active in his professional life. Season 42 of *Saturday Night Live* is set to premiere on October 1st, and his first hour-long stand-up special, *SMD*, will air on Comedy Central on October 29th. Despite his past struggles, Davidson has continued to gain respect from his SNL co-workers, including show creator Lorne Michaels, who has praised his focus and dedication.  

Overall, Pete Davidson’s recent news highlights a complex mix of personal growth, advocacy, and professional success. His journey from advocating for cannabis to embracing sobriety reflects a significant and public transformation, one that has resonated with fans and peers alike.",805,532,676c95b1b4d773fc7ada84cef6392d0ce2fe2e29c50f4880
multi_news,multi_news,"Now, write a one-page summary of all the news.

",Summary:,en,,1.0,"['Bryan Singer has already been hit with two lawsuits alleging sexual abuse of minors—and the lawyer who filed both of them, plus other suits against Hollywood bigwigs, says more are coming. ""I’ve heard from victims about very recent claims of being sexually exploited in Hollywood,"" Jeff Herman said at a news conference yesterday, according to Variety. He said one coming lawsuit involves another Hollywood ""sex ring."" Herman also shared photos showing the second alleged victim (with his face redacted) and Singer at the London premiere of Singer\'s Superman Returns in 2006; John Doe, then 17, says Singer abused him after the premiere, the New York Daily News reports. As for the strenuous denials from all the Hollywood VIPs named in the various suits, Herman said, ""The pushback I’m getting reminds me of the early days of the clergy sex abuse scandal."" Meanwhile, in an interview with the Daily Beast, Herman says he himself has vague memories of being sexually abused as a child. He says he\'s worked on some 800 sex abuse cases in his career, notably involving the Catholic Church and the Boy Scouts.']"," 

Jeff Herman, a high-profile and controversial Florida attorney known for his work in sexual abuse cases, has filed multiple lawsuits against Hollywood figures, including ""X-Men"" director Bryan Singer and producer Gary Goddard. These lawsuits allege that the defendants sexually abused underage boys, with one case involving an anonymous British man who claims he was assaulted by Singer and Goddard during a 2006 event in London. The allegations include being drugged, forced into sexual acts, and subjected to psychological trauma. 

Herman, who has represented over 800 sexual abuse victims, describes his work as a ""voice for victims"" and has taken on powerful institutions such as the Catholic Church and the Boy Scouts of America. He has also faced criticism and legal challenges, including an 18-month suspension from practicing law in Florida for ethical violations. Despite this, he continues to pursue cases with fervor, believing that public exposure is essential to bringing abuse to light.

The lawsuits against Singer and Goddard are part of a broader pattern of claims against Hollywood figures, with Herman alleging the existence of a ""sex ring"" involving industry players. He has provided evidence, including photos and emails, to support his claims, though the defendants have denied the allegations, calling them ""fabricated"" and ""defamatory."" 

Herman's approach to handling child victims is described as empathetic and supportive, with a focus on empowering children to share their stories in a safe environment. He has also shared his own experiences with sexual assault, including a traumatic incident during law school, which he believes has fueled his commitment to helping others.

While Herman's methods have drawn both support and skepticism, he remains undeterred, believing that his work is crucial in exposing abuse and protecting victims. He continues to file new lawsuits, asserting that the current wave of allegations is a ""watershed"" for Hollywood, similar to the clergy sex abuse scandals in the Catholic Church.",5805,532,309b673245e2ff9762cede34389c26378423ba8e6aded612
multi_news,multi_news,"Now, write a one-page summary of all the news.

",Summary:,en,,1.0,"['The dad of the teenage lesbian shot dead in a Texas park called for justice yesterday. He immediately had a ""bad feeling"" when his 19-year-old daughter, Mollie, failed to show up for work, said Mario Olgin. “It was not like Mollie,"" he told KIII-TV. ""If she had some place to be she was going to be there.” Mollie and her 18-year-old girlfriend, Mary Kristene Chapa, had been shot in the head by an unknown assailant. Mollie died at the scene, but Chapa is making an ""amazing"" recovery, her brother told NBC Latino. Mollie has just finished her first semester of college and dreamed of becoming a psychiatrist. ""She was happy,"" Olgin recalled. Now, ""she\'s my guardian angel. I know she\'s looking down on us, in a better place."" He\'s confident police will find her killer. ""Justice will be served,"" he declared. Texas Rangers have joined Portland police in continuing to investigate the crime, but haven\'t yet discussed any progress. They haven\'t labeled the shootings a hate crime, but aren\'t ruling it out.']","  

On a Saturday in Portland, Texas, two young women, 18-year-old Mary Kristene Chapa and 19-year-old Mollie Judith Olgin, were shot in the head at Violet Andrews Park. The incident has left Chapa in critical but stable condition, with her family expressing hope for her recovery. Chapa’s brother, Hilario Chapa, shared that she is making an “amazing” recovery, despite the severity of her injuries. He noted that while she is showing progress on her right side, the left side of her body remains inactive, and doctors are cautious about using the term “paralyzed.” The family has set up a donation page to help cover her medical expenses, as they are without insurance due to their father’s job instability.  

The police investigation, led by Portland Police Chief Randy Wright, has not yet confirmed the motive behind the shooting. While the family and friends of the victims have confirmed that the two were in a same-sex relationship, there is currently no evidence to suggest the attack was a hate crime. The Texas Rangers are assisting with the investigation, and the case remains under active review.  

Mollie Olgin’s father, Mario Olgin, has expressed deep grief over his daughter’s death, calling her his “guardian angel.” He emphasized that while the community and country have shown overwhelming support, the family is focused on justice. Olgin has not yet spoken to Chapa’s family, but he plans to do so once they are ready. He remains confident that the perpetrator will be brought to justice.  

Both families are dealing with the emotional toll of the tragedy. Chapa’s mother is struggling with the loss, and the family is still in the early stages of processing the event. Meanwhile, the community has come together in support, with a planned candlelight vigil in memory of Olgin and in hopes for Chapa’s recovery. The event, which has drawn over 700 participants, highlights the outpouring of solidarity from across the country, particularly from the LGBTQ+ community.  

As the investigation continues, the families remain hopeful for answers and justice. They are also focused on ensuring that such a tragedy does not happen again. The case has sparked discussions about safety, community support, and the importance of addressing violence in all its forms.",1296,532,9e0865c920d77e5a813ed7f10720ed9fa759768e28493f1f
multi_news,multi_news,"Now, write a one-page summary of all the news.

",Summary:,en,,1.0,"['Scientists are now saying there may have been ""a more colorful Jurassic World than we previously imagined,"" thanks to the recent discovery of a fossil in China\'s Hebei province. Reuters reports that a closer look at the ""exquisitely preserved,"" almost completely intact fossil of a crow-like dinosaur that lived about 161 million years ago revealed that Caihong juji had luminous, brilliantly hued feathers that closely resembled those of hummingbirds. The study in the journal Nature Communications documenting the find explains that ""Caihong"" means ""rainbow"" in Mandarin. Scientists think the colorful plumage, which appeared to have covered the bony-crested creature\'s head, neck, and chest areas, may have kept the dinosaur warm, as well as attracted potential mates; National Geographic compares it to peacock feathers. So how were researchers able to tell what color feathers the creature had from preserved bones? They used high-tech microscopes able to home in on 66 sites on the fossil, detecting tiny cell structures called melanosomes, which underlie pigmentation. Which colors they led to can be found by their shapes, and the melanosomes in Caihong were long and flat like pancakes—similar to those found in hummingbirds, which boast iridescent plumage. Although they can\'t pick out from the Pantone wheel Caihong\'s exact colors, researchers say the creature likely sported feathers with a ""rainbow glimmer."" Study co-author Xing Zu tells National Geographic that Caihong was a predator that spent its days gliding from tree to tree. And ""glide"" is the operative word, as this dinosaur likely didn\'t fly: Its feathers were located on its tail, not on its wings like birds, Discover notes. (A study postulated that nearly all dinosaurs had feathers.)']"," A New Iridescent Dinosaur Discovery in China

In a groundbreaking paleontological discovery, scientists have identified a new species of dinosaur, *Caihong juji*, which lived approximately 161 million years ago during the Jurassic Period in what is now northeastern China. This small, bird-like theropod, named ""rainbow with a big crest"" in Mandarin, is notable for its iridescent feathers, a feature previously thought to be exclusive to modern birds. The nearly complete fossil, discovered in Hebei Province, was preserved in remarkable detail, allowing researchers to study its intricate plumage and other anatomical features.

The dinosaur, roughly the size of a chicken, had a distinctive crested head and a body covered in a mix of fuzzy and pennaceous feathers. Its most striking feature was the presence of iridescent feathers on its head, neck, and chest, which scientists believe could have shimmered and shifted colors in the light, similar to the feathers of modern hummingbirds. These iridescent feathers are thought to have played a role in social or sexual display, much like the elaborate plumage of modern peacocks.

The discovery of *Caihong juji* provides important insights into the evolution of feathers and the transition from dinosaurs to birds. The presence of asymmetrical feathers, a trait associated with flight, suggests that the dinosaur may have had some aerial capabilities, though it is unclear whether it could actually fly. The study, published in the journal *Nature Communications*, highlights the complexity of feather evolution, indicating that feathers initially evolved for display purposes before being adapted for flight.

The fossil was found by a local farmer, Yang Jan, and was later acquired by the Paleontological Museum of Liaoning. Using advanced imaging techniques, including scanning electron microscopy, researchers analyzed the microscopic structures within the feathers, identifying melanosomes—organelles responsible for pigmentation. The shape and arrangement of these melanosomes provided clues about the original coloration of the dinosaur, suggesting a rainbow-like sheen.

*Caihong juji* is not the only dinosaur with iridescent feathers; similar features have been observed in other feathered dinosaurs such as *Microraptor*. However, *Caihong* is the oldest known dinosaur to possess this specific type of iridescent plumage, offering a rare glimpse into the colorful world of prehistoric life. The discovery underscores the importance of continued research into dinosaur fossils, as they continue to reveal new information about the evolution of life on Earth.",7411,532,4b5569781c8b5ee5eb269a2146d94d32c9546088c727a6dd
multi_news,multi_news,"Now, write a one-page summary of all the news.

",Summary:,en,,1.0,"['Most teens don\'t find music history in their dad\'s stuff, but Maggie Poukkula\'s dad is Seattle musician Tony Poukkula, who was a friend of Kurt Cobain. Her find? Photos of Nirvana\'s first concert, performed by then 20-year-old Cobain and his new band in March 1987 in Tony Poukkula\'s basement. ""My dad showed me them awhile back, but he never mentioned that\'s what was going on in the photos,"" Maggie Poukkula, 19, tells Rolling Stone. ""I found out because of all the articles. I didn\'t realize it was such a historical thing. I thought they were just cool pictures of my dad and Kurt jamming together."" She tweeted the photos last week, and the post quickly went viral. That first concert featured the early Nirvana lineup of Cobain, bassist Krist Novoselic, and drummer Aaron Burckhard playing original songs and Led Zeppelin covers. Similar early-days footage of Cobain and Co. featured in the recent documentary Montage of Heck has renewed interest in the grunge band. The Emmy-nominated project includes home movies, never-before-heard music, and intimate interviews with Cobain\'s family and friends, notes SPIN. After being critically acclaimed at festivals across the country, the film will return to theaters on Aug. 7, adds Rolling Stone. (Want a little more Cobain history? Here\'s the mix tape he made at 21.)']","  

Recent news has highlighted the discovery of rare photographs from Nirvana's first concert in March 1987, shared by Maggie Poukkula, the 19-year-old daughter of Tony Poukkula. Tony was a member of the Seattle band Laytem and hosted Nirvana's initial performance in his basement. The photos, which were found in her father's biographies of Kurt Cobain and Nirvana, depict the band—then consisting of Cobain, Krist Novoselic, and Aaron Burckhard—alongside Tony, who played guitar for at least two Led Zeppelin covers. Poukkula was unaware of the historical significance of the images until she read about them in articles.  

The concert featured performances of Led Zeppelin's ""Heartbreaker"" and ""How Many More Times,"" as well as early versions of Nirvana's future songs like ""Aero Zeppelin"" and ""If You Must."" A recording of ""Heartbreaker"" was included in the 2004 box set *With the Lights Out*, and a bootleg version of ""If You Must"" is available on YouTube.  

This discovery follows a wave of rare Nirvana and Cobain artifacts, including those featured in Brett Morgen's documentary *Montage of Heck*, which provided unprecedented access to Cobain's personal archives. The documentary, which premiered on HBO, is now set to return to theaters starting August 7th.  

In a separate development, the Internet Archive has launched efforts to preserve web content by archiving pages as they are created and maintaining links to referenced pages. This initiative aims to prevent broken links by storing versions of web pages and replacing or complementing outdated links with archived content. The project, known as ""No More 404,"" is part of a broader effort to ensure the long-term accessibility of online information.",751,532,9ad3bb9f5aea6c704ffdf6d959a67966b0e67bdcde9ee4af
multi_news,multi_news,"Now, write a one-page summary of all the news.

",Summary:,en,,1.0,"['A hiker\'s fatal fall in March has been blamed on using a smartphone app map instead of an actual map. The BBC reports Jane Wilson and her husband Gary were hiking on Tryfan in Wales when it started to get dark and they decided to skip the summit. While attempting to descend the mountain, Gary was looking at an Ordnance Survey app while Jane went a short way ahead to make sure the path was safe, according to the Telegraph. The Manchester Evening News reports Gary heard his wife fall, got to safety, and called for help. Rescuers found the 53-year-old librarian\'s body at the bottom of a 30-foot cliff with a fractured skull. At a hearing Friday, Jane\'s was ruled an accidental death due, in part, to using an app instead of a map. ""Apart from potential difficulties caused by poor detail on an electronic map, batteries on mobile phones have a nasty habit of running out just when you need them most,"" the Telegraph quotes a spokesperson for Mountain Rescue England and Wales as saying. A detective says the app map ""would have been small and not as detailed"" and took the couple on a route that was not the safest. A director with Ordnance Survey says hikers should always use the app in conjunction with an actual map ""due to the nature of mobile devices when navigating the real world."" Authorities also say Jane wasn\'t wearing appropriate footwear for the hike. (Go inside the futile search for ""Inchworm"" on the trail.)']","  

On March 25, Jane Wilson, a 53-year-old experienced mountain walker and academic engagement librarian at the University of Manchester, tragically fell to her death while attempting to find a safe route down the west face of Tryfan in Snowdonia, Wales. She and her husband, Gary Wilson, had decided not to ascend the summit as dusk approached. Instead, they used Gary’s smartphone to navigate a route down the mountain.  

According to Gary Wilson, Jane had walked ahead of him to assess the path, and he had asked if it was safe. They agreed to proceed only if both were comfortable. However, Jane fell approximately 30 feet down a vertical cliff and tumbled about 150 meters further into an area known as Notch arrete. Gary, realizing the severity of the situation, climbed to a safer ledge and raised the alarm.  

Members of the Ogwen Valley Mountain Rescue Team eventually located Jane’s body, over 150 meters below where she had fallen. She had sustained a fractured skull and other severe injuries. Detective Constable Tim Bird, who led the rescue team, explained that the route they had taken was not the most advisable. He noted that while they had attempted to avoid the summit by traversing the west face, a safer option would have been to retreat the way they had come or take the North Ridge route.  

Bird also highlighted that the smartphone app used by Gary, likely an Ordnance Survey app, provided less detailed information than a traditional map. He emphasized that the terrain was particularly challenging, with loose rocks and steep inclines, and that the light boots Jane was wearing were not suitable for such conditions.  

The inquest, presided over by Coroner John Gittins, concluded that Jane’s death was accidental. Despite her experience in mountain walking and scrambling, the combination of the difficult terrain, the use of a smartphone for navigation, and the choice of route contributed to the tragic outcome.  

In response to the incident, local mountain rescue teams and officials have reiterated the importance of using traditional navigation tools such as maps and compasses alongside electronic devices. They have also urged hikers to be cautious, especially on less-traveled or more hazardous routes. Chris Lloyd, a member of the Ogwen Rescue team, noted that Tryfan is responsible for about 30% of the incidents the team responds to, underscoring the risks associated with the area.  

The incident has sparked a broader conversation about the reliance on technology in outdoor activities and the potential dangers of overconfidence in digital navigation tools. As a result, there is a renewed emphasis on",1566,532,fe6c148424a7b65c8e0600ac87fe46d72b7befcada96bb7e
multi_news,multi_news,"Now, write a one-page summary of all the news.

",Summary:,en,,1.0,"['Mitch Daniels has some advice for those who are writing Rick Perry\'s political eulogy: Hold your horses. ""It\'s way too early to know, or to issue, to pronounce last rites over one performance,"" Daniels said today. ""There\'s still many of these (debates), too many maybe. ... I\'d cut him some slack and give him a little time."" Politico notes that Daniels also had kind words for Democrat Sen. Mark Warner\'s work on the Gang of Six, saying, ""It\'s very encouraging, by the way, to hear a guy like Sen. Warner speak to it as clearly as he just did. I wish he were president."" More fun on your Sunday dial, as per Politico: Michael Bloomberg on President Obama\'s 2012 chances: ""He would be a credible, formidable candidate. You\'re going to have a real horse race no matter who the Republican nominee is."" Reince Priebus to Debbie Wasserman Schultz on 2012: ""It sounds like the new slogan is no longer \'hope and change.\' It\'s, \'Hey, it could\'ve been worse.\' Great bumper sticker Debbie, I hope it works for you."" David Plouffe on a White House shakeup: ""I don\'t expect that."" Obama is ""confident in his team, in the direction we\'ve laid out here."" Warner on Congress\' standoff over a short-term spending bill: ""It is embarrassing. The Senate is saying, \'Why should we build schools in Iraq on the credit card but expect that rebuilding schools in Joplin, Mo.,\'"" will be paid for. Warner blames ""a group, more centered in the House, in terms of some of these Tea Party Republicans, who say on every issue, \'We\'re going to make this a make-or-break.\'"" Lindsey Graham on Pakistan: ""We need to put Pakistan on notice. We\'re going to have to put all options on the table. including defending our troops. It\'s now a time of choosing, so I hope they choose wisely.""']"," 

In the lead-up to the 2012 U.S. presidential election, several key political figures and events have shaped the national conversation. New York Mayor Michael Bloomberg, an independent with a history of registering as both a Republican and a Democrat, praised President Barack Obama as a ""credible, formidable candidate"" for reelection. He also criticized the Republican field for its anti-science positions and defended candidates like Rick Perry and Mitt Romney for their policy achievements, such as Perry’s HPV vaccine mandate and Romney’s successful Massachusetts health care plan. Bloomberg, who said he would likely not endorse a candidate, also called out Obama for using Warren Buffett as a tax example, calling it ""theatrics.""

Meanwhile, Indiana Governor Mitch Daniels, who had considered a presidential run, urged Republicans to be patient with Rick Perry’s debate performances, suggesting that it was too early to write him off. Daniels also praised Virginia Senator Mark Warner for his bipartisan efforts in budget negotiations, even expressing a wish that Warner were president.

Republican National Committee Chairman Reince Priebus mocked Obama’s 2008 slogan, ""Yes, we can,"" arguing it would not resonate with voters in 2012. He also criticized Democratic National Committee Chair Debbie Wasserman Schultz, claiming her talking points had been disproven by recent GOP victories, including a win in a Democratic district.

Senator Mark Warner, a Democrat from Virginia, criticized the potential for a government shutdown due to congressional gridlock, blaming tea party-affiliated Republicans for the stalemate. He argued that the Senate’s refusal to fund disaster relief for Joplin, Missouri, was ""embarrassing."" Meanwhile, Senator Lamar Alexander (R-Tenn.) blamed Senate Majority Leader Harry Reid (D-Nev.) for creating a crisis over disaster aid, suggesting that Reid was using the issue to delay legislation.

Senator Lindsey Graham (R-S.C.), a member of the Armed Services Committee, called for the U.S. to consider all options in dealing with Pakistan after U.S. officials accused the country of aiding terrorist groups. While he did not confirm whether this included military action, he emphasized that Pakistan was engaging in ""hostile acts against the U.S."" and that the situation required a ""time of choosing.""

On the Democratic side, President Obama’s senior adviser, David Plouffe, stated that there would be no major changes to the White House staff or Cabinet ahead of the 2012 election. Plouffe expressed confidence in Obama’s team and his ""American Jobs Act"" plan. He also hinted that the U.S. might reduce aid to Pakistan if the country failed to take stronger action against",1454,532,317596c2204663c37b6785e78ac7f631dfd73eee49358fbe
multi_news,multi_news,"Now, write a one-page summary of all the news.

",Summary:,en,,1.0,"['A birthday party in California turned tragic after the guest of honor was run over and killed by his friend. Police say Jonathan Carlyle Merkley was celebrating his 34th birthday early Sunday at a hotel near San Diego when a woman decided to leave the party. Merkley wanted her to stay and reportedly walked toward her BMW and laid down in front of what the Orange County Register describes as a moving car. The woman didn’t stop, ran him over, and kept going. Police cite witnesses as saying both had been drinking, Fox 5 reports. Merkley, who suffered major chest trauma, died about 45 minutes later at a hospital. Police tracked the woman down and a car that ""may have been involved"" was impounded, cops tell the San Diego Union-Tribune. The woman was not arrested but police said on Tuesday that the investigation is continuing. ""There\'s a lot we still need to find out,"" says San Diego Police Sgt. Tim Underwood.']"," 

On the night of his 34th birthday, Jonathan Carlyle Merkley, a 34-year-old man from Garden Grove, was celebrating at the Staybridge Suites hotel in the 6600 block of Mira Mesa Boulevard in San Diego. Around 12:30 a.m., Merkley and his friends were at the hotel, where they had been drinking. According to witnesses, Merkley and an unidentified woman had been consuming alcohol with friends before the incident. 

The woman, who was a friend of Merkley, attempted to leave the party shortly after midnight. Merkley, trying to prevent her from leaving, reportedly walked into the path of her BMW and laid down in front of the moving vehicle. The woman did not stop, ran over Merkley, and continued driving. Merkley suffered severe chest trauma and later died at a hospital approximately 45 minutes after the incident.

San Diego Police, led by Sgt. Tom Sullivan and later Sgt. Tim Underwood, confirmed that the woman was identified and that the vehicle involved in the crash was in police custody. However, as of the latest update, she had not been arrested. The police investigation was ongoing, with no arrests made as of August 23, 2016. 

Sgt. Underwood noted that the woman had been located at a friend’s house and had been interviewed. A car “may have been involved” in the crash was impounded for further examination. The police emphasized that the investigation was still in its early stages, and more information was expected to be released as the case progressed.

The incident has sparked public concern and calls for accountability. A hotel guest, Gloria Williams, expressed frustration, stating that the community does not value lives and that the woman involved should turn herself in. The police have urged anyone with information about the hit-and-run to contact them or Crime Stoppers at 888-580-8477.

Overall, the case highlights the tragic consequences of alcohol consumption and the legal and ethical responsibilities of drivers, especially in situations involving impaired judgment. The ongoing investigation continues to seek clarity on the full circumstances of the incident.",885,532,1f0ed1dcfa414cfcf54092ede4021392d314cf4617efb3ca
multi_news,multi_news,"Now, write a one-page summary of all the news.

",Summary:,en,,1.0,"['It turns out missing people are pretty easy to find when they appear every week in your living room. The San Francisco Chronicle reports a 22-year-old woman reported missing in November in California was found this week—because she\'s a current contestant on The Bachelor. The strange story started when Bekah Martinez\'s mom reported her missing to the Humboldt County Sheriff\'s Office on Nov. 18. According to BuzzFeed, Martinez\'s mom said her daughter had gone to the area to work on a marijuana farm and she hadn\'t heard from her in a week. The Sheriff\'s Office was unable to find Martinez or contact anyone who might know her, so Martinez was added to the California Department of Justice\'s list of missing people. That list was the basis for a story in the North Coast Journal about the high number of missing people in Humboldt County. The newspaper shared the story Thursday on Facebook and asked readers if they recognized any of the missing people. Amy O\'Brien did. ""I was like wait a minute, she looks so familiar,"" O\'Brien tells the Chronicle. ""I instantly thought of The Bachelor."" The Journal informed the sheriff\'s office, which contacted Martinez and removed her from the list. ""MOM. how many times do I have to tell you I don’t get cell service on The Bachelor??,"" Martinez tweeted after learning she was a missing person. The Bachelor started filming in September, and it\'s unclear if Martinez was still filming when she was reported missing. She tweets ""the scariest thing"" about being a missing person ""is that my efforts to conceal The Worst Drivers License Photo Of All Time have been thwarted""']"," 

The news covers a range of topics related to missing persons in Humboldt County, California, with a particular focus on the case of Rebekah (Bekah) Martinez and the broader context of missing persons in the region. 

Rebekah Martinez, a 22-year-old from Fresno, was reported missing in November 2017 by her mother, who believed she had gone to Humboldt County to work on a marijuana farm. Her case was included in a list of 35 missing persons published by the North Coast Journal as part of an investigative piece on Humboldt County's high rate of missing persons reports. The story gained attention when a Facebook post identified Martinez as a contestant on the reality show *The Bachelor*, leading to her removal from the missing persons list after she was contacted by the Humboldt County Sheriff’s Office. Martinez had been actively posting on social media about her appearance on the show, and she humorously referred to the missing persons photo as “The Worst Drivers License Photo Of All Time.”

The article also explores the broader issue of missing persons in Humboldt County, which has the highest per-capita rate of missing persons reports in California. The county’s high number of missing persons is attributed to several factors, including the presence of a large cannabis industry, which attracts people who may disappear for extended periods, and a high number of runaway children in foster care. The article highlights the challenges of distinguishing between genuine missing persons cases and those where individuals have simply gone off the grid or are in hiding. 

Some cases, like that of the Stuart family, who disappeared in 1977, remain unsolved, while others, such as the case of Karen Mitchell, who vanished in 1997, are still being investigated. The article also discusses the role of law enforcement and the National Missing and Unidentified Persons System (NamUs) in tracking missing persons, as well as the difficulties in removing names from missing persons databases when individuals are found or when the case is resolved.

The piece also includes the story of Jeff Joseph, a dispensary owner from Los Angeles who disappeared in 2014 while visiting his cannabis farm in Humboldt County. His case remains unsolved, and his family has been actively involved in the search, highlighting the emotional toll of missing persons cases on families and the challenges of navigating the legal and investigative processes.

Overall, the news highlights the complex and often frustrating reality of missing persons in Humboldt County, where the intersection of social, economic, and legal factors contributes to a high rate of missing persons reports. The stories of individuals like Rebekah Martinez and Jeff",4630,532,6c46adce88e2967d7f47b60afd409758f2fd778d1fdd6453
multi_news,multi_news,"Now, write a one-page summary of all the news.

",Summary:,en,,1.0,"['Myrna Arias didn\'t like the GPS app on her phone that constantly tracked her, so she uninstalled it. The problem: Arias\' iPhone was issued by her employer, which required her to run the app constantly, and after she removed it, the California woman was fired. Now she\'s suing her former employer, money transfer service Intermex, for invasion of privacy, unfair business practices, and retaliation, among other things, Ars Technica reports. Arias started researching the app, then called Xora—its website touts the app\'s ability to let employers ""instantly see where their employees are and where they have been""—and eventually she and some of her colleagues asked a trainer from the app company to clarify. Boss John Stubits then, per the suit, ""admitted that employees would be monitored while off duty and bragged that he knew how fast she was driving at specific moments."" Arias says she has no problem being monitored while at work, but she complained to Stubits about being tracked in her free time; he was unsympathetic and said she should have no problem because of how much she was being paid by Intermex. ""Her manager made it clear that he was using the program to continuously monitor her, during company as well as personal time,"" the complaint states, noting that he told Arias she needed to keep her phone on at all times in case a customer called. Arias\' attorney tells Courthouse News that there was no way to turn the app off, as it would constantly run in the background. ""She found it very offensive that they were treating her like a felon,"" the attorney says. Arias says her boss ""scolded"" her for uninstalling the program last year, and fired her soon after. (Elsewhere, a woman got fired over a text mistakenly sent to the boss.)']"," 

A Central California woman, Myrna Arias, has filed a lawsuit against her former employer, Intermex Wire Transfer LLC, alleging that she was fired for uninstalling a company-mandated app that tracked her location 24/7, including during her personal time. The app, developed by Xora (now part of ClickSoftware Solutions), was required for all employees and included a GPS function that monitored their movements continuously. Arias, a sales executive, claims that her boss, John Stubits, admitted to monitoring her location even when she was off duty and even boasted about knowing her driving speed at specific times. She objected to the constant surveillance, comparing it to a ""prisoner's ankle bracelet"" and stating that the monitoring was an illegal invasion of her privacy. 

Arias claims that she met all her job performance metrics and earned around $7,250 per month. However, after she uninstalled the app to protect her privacy, Stubits scolded her and she was subsequently fired. The lawsuit alleges multiple violations, including invasion of privacy, retaliation, unfair business practices, and wrongful termination. It also claims that Intermex retaliated against her by interfering with her employment at a rival company, NetSpend, through a phone call from Intermex's CEO, Robert Lisy, which led to her termination at NetSpend as well. 

The lawsuit seeks damages exceeding $500,000 and an injunction to prevent further violations. Arias' attorney, Gail Glick, argues that while employers may legally monitor employees during work hours, the continuous tracking of personal time without the employee's consent violates both California and federal privacy laws. She also highlights that the app could not be disabled, even when the phone was turned off, and that the monitoring was conducted without any prior disclosure or consent from employees. 

The case has drawn attention to the growing issue of workplace surveillance and the legal boundaries of employee monitoring. Intermex has not yet responded to the allegations. Meanwhile, the StreetSmart app, a similar management tool, is marketed as a solution for businesses to track employee locations, manage work hours, and optimize performance. It is available on a wide range of devices and is offered on a monthly basis at a cost of approximately $1 per day per user. 

This case underscores the tension between employer monitoring for operational efficiency and the employee's right to privacy, raising important legal and ethical questions about the extent to which employers can track their workers.",1970,532,88292edcdf81828250e22165aa865b7311de51849e7827d5
multi_news,multi_news,"Now, write a one-page summary of all the news.

",Summary:,en,,1.0,"['A judge on Tuesday allowed a man charged in freeway shootings that rattled Phoenix last year to be released from jail amid questions about evidence authorities say links him to the crimes. The judge overseeing the case of Leslie Merritt Jr. reduced his bond to zero and said he can return to his home under electronic monitoring, the AP reports. He was expected to be released later in the day. The reduction of the bond—once $1 million—was a major victory as defense lawyers contend that ballistic tests cast doubt on the claim by authorities that Merritt was behind four of the freeway shootings. ""With all due respect your honor, there\'s no evidence against him to show he\'s responsible for this,"" defense lawyer Jason Lamm said. ""He is no more the I-10 shooter than, respectfully, you are."" Merritt lifted up his shackled arms in celebration as he walked from the courtroom. After the hearing, family members hugged and shook the hands of defense lawyers. Merritt has pleaded not guilty to drive-by shooting, aggravated assault, and other charges. The shootings caused panic on Phoenix-area freeways, where 11 vehicles were hit in August and September. Detectives took Merritt into custody on Sept. 18; in court the next day, Merritt adamantly denied shooting any cars, telling the judge, ""I\'m the wrong guy."" His lawyers immediately began raising questions about the evidence, citing ballistics information and phone records they say provided an alibi for their client. (Also Tuesday, a motorist suspected of shooting at other vehicles on an Alabama highway died after a shootout with officers.)']","  

In recent news, two separate incidents involving shootings have captured public attention, highlighting ongoing concerns about gun violence and law enforcement responses.  

In Phoenix, Arizona, a man named Leslie Allen Merritt Jr. was released from jail after a judge reduced his bond to zero, allowing him to return home under electronic monitoring. Merritt was charged with being involved in a series of freeway shootings that occurred in August and September 2015, which caused panic among drivers and led to the destruction of 11 vehicles. The Arizona Department of Public Safety had previously labeled the shootings as the work of a domestic terrorist. However, Merritt’s defense team argued that ballistic evidence and phone records cast doubt on his involvement, suggesting he was not the perpetrator. Despite being arrested in September 2015 and initially branded as a public enemy, Merritt was released after a court hearing. His attorneys emphasized that the case was based on questionable evidence, and they expressed relief at his release. The judge imposed a gag order, preventing the release of specific details about the evidence.  

In a separate incident in Brooksville, Alabama, a suspect was killed during a high-speed pursuit with law enforcement. The incident began when a driver was reported to be firing a gun at motorists on U.S. Highway 278. Troopers responded and located a matching vehicle, which the suspect then fled from officers, leading to a chase. The suspect eventually crashed the vehicle and engaged in a shootout with law enforcement before being pronounced dead. Details about the suspect’s identity, the officer involved, and the circumstances of the shooting were not immediately released.  

These two events underscore the complex and often tragic nature of gun-related crimes in the United States, where both legal challenges and violent confrontations with law enforcement continue to shape public safety discussions.",955,532,405458acd6900ae99c9ab88f590a016896dc550abf4b6622
multi_news,multi_news,"Now, write a one-page summary of all the news.

",Summary:,en,,1.0,"['Bill Cosby was labeled a ""violent sexual predator"" by the judge who sentenced him to three to 10 years in prison on Tuesday, but his publicist had a different description: one of the ""greatest civil rights leaders"" in history and one of the ""greatest educators of men and boys."" Outside the courtroom in Norristown, Pa., publicist Andrew Wyatt claimed the 81-year-old Cosby had faced the ""most racist and sexist trial"" in American history, the New York Times reports. Wyatt claimed that three psychologists who testified against Cosby in the sexual assault trial were trying to ""make money off of accusing black men of being sexual predators."" He also read a statement from Camille Cosby, the disgraced entertainer\'s wife, alleging that an audio recording played in the trial had been doctored. Wyatt, who previously called Cosby\'s trial a ""public lynching,"" accused Judge Steven O\'Neill of being part of a ""sex war"" and linked the sentencing to the treatment of Supreme Court nominee Brett Kavanaugh. Vox reports that the strangest moment came when Wyatt likened his client to Jesus. ""They persecuted Jesus, and look what happened,"" he said. ""Not saying Mr. Cosby is Jesus, but we know what this country has done to black men for centuries."" Cosby, who left the Montgomery County Courthouse in handcuffs, spent his first night behind bars at SCI Phoenix, a state prison that opened two months ago in suburban Philadelphia, reports WPVI. (Cosby\'s mug shot was released Tuesday afternoon.)']"," Bill Cosby's Legal and Personal Fallout

Bill Cosby, the once-beloved comedian and actor, was sentenced to three to ten years in prison on September 25, 2018, for drugging and sexually assaulting Andrea Constand at his home in 2004. The sentencing, which took place in Montgomery County, Pennsylvania, was a culmination of a highly publicized trial that sparked significant debate over the justice system, the #MeToo movement, and the treatment of high-profile individuals accused of sexual misconduct.

Cosby's defense team, led by publicist Andrew Wyatt, vehemently criticized the trial, calling it ""the most racist and sexist trial in the history of the United States."" Wyatt framed the case as part of a broader ""sex war"" in Washington, drawing parallels to the controversy surrounding Supreme Court nominee Brett Kavanaugh, who faced allegations of sexual misconduct from multiple women. Wyatt also claimed that the evidence against Cosby was fabricated, including the audio footage presented in court, and that the trial was a form of public lynching.

In a particularly controversial moment, Wyatt compared Cosby's situation to the persecution of Jesus, suggesting that the country had a long history of targeting black men. This rhetoric was met with strong criticism, as it was seen as an attempt to deflect from the serious nature of the allegations against Cosby.

Following his sentencing, Cosby was transported to SCI Phoenix, a new 3,830-bed state prison in suburban Philadelphia, where he will serve his sentence. The prison, which opened two months prior, is equipped to handle inmates with special needs, including those who are elderly or require long-term care. Cosby, who is legally blind, will be housed in a single cell near the infirmary and will have access to phone calls, visitation, and exercise during the classification process.

The case has also raised questions about the legal and ethical implications of prosecuting high-profile individuals, particularly in the context of the #MeToo movement. While Cosby's conviction was based on the testimony of Andrea Constand and other evidence, his defense team's arguments have highlighted the complexities and controversies surrounding sexual misconduct allegations, especially when they involve public figures.

The sentencing has had a profound impact on Cosby's personal life, as he is now serving time for a crime that has tarnished his legacy. The case has also sparked broader discussions about accountability, justice, and the role of the media in shaping public perception of sexual misconduct cases. As Cosby begins his sentence, the case remains a significant moment in the ongoing conversation about gender, power, and the legal system.",1313,532,fccf27d8f48e0ad99942550cea832e514ab98d4b18732e01
multi_news,multi_news,"Now, write a one-page summary of all the news.

",Summary:,en,,1.0,"['A day after being accidentally introduced as ""President Clinton,"" Hillary seems to be taking pains to kill talk of a future run in New Zealand\'s media, reports Reuters. Asked whether she\'d ""ruled out"" running through 2016, she replied, ""Oh yes, yes. I\'m very pleased to be doing what I\'m doing as secretary of state."" Asked in another interview whether she could be the first female president, she answered, ""Well, not me. But it will be someone ..."" The significance? Probably not much, writes Laura Rozen in Politico, noting how one of Clinton\'s answers is tied to her being secretary of state—a post she likely won\'t hold in 2016. On another front, Clinton said the midterm losses were ""big—but not out of the pattern of historical political elections."" She added, ""I think the president made very clear was he made decisions which were essential for the well-being of the American people.""']"," 

In late 2010, U.S. Secretary of State Hillary Clinton made clear during a visit to New Zealand that she had no intention of running for president in 2012 or 2016. Speaking to New Zealand media, including TV3 and TV New Zealand, Clinton emphasized her satisfaction with her current role as Secretary of State and ruled out a future presidential bid. She expressed hope that the United States would be ready for a female president, but made it clear that it would not be her. Her comments came amid a backdrop of Democratic losses in the U.S. midterm elections, which many saw as a referendum on President Barack Obama’s leadership and raised questions about the party’s future presidential candidates.

Clinton’s remarks were part of a broader Asia-Pacific tour, which included stops in New Zealand and Australia. The visit also highlighted the political dynamics between the U.S. and its allies, as well as the ongoing discussions around trade agreements such as the Trans-Pacific Partnership (TPP). During a joint press event with New Zealand Prime Minister John Key and Foreign Minister Murray McCully, Key inadvertently referred to Clinton as “President Clinton” before correcting himself. This moment of miscommunication underscored the high profile of Clinton’s visit and the public’s familiarity with her political career.

While Clinton’s comments were interpreted by some as a definitive ruling out of a presidential run, others noted that her statements did not entirely eliminate the possibility of a future bid. She emphasized her current enjoyment of her role and the importance of her work in foreign policy, but also acknowledged that her tenure as Secretary of State would likely end by 2016. Her remarks also included a defense of President Obama, who faced criticism for the Democratic Party’s poor performance in the midterms. Clinton argued that Obama’s policies, such as the economic stimulus, were necessary and had long-term benefits, even if they were not immediately popular.

Overall, the news highlights Clinton’s continued influence in U.S. politics, the shifting political landscape following the midterms, and the international attention her role as Secretary of State continues to receive. Her visit to New Zealand not only served as a diplomatic engagement but also as a platform for addressing domestic and international political questions.",1038,532,6387bd7048692c0d8352a7064b552c5406e6a386a2d2cbd2
multi_news,multi_news,"Now, write a one-page summary of all the news.

",Summary:,en,,1.0,"['Amy Schumer took the long way around to announce she\'s pregnant with husband Chris Fischer. The comedian and actress broke her baby news Monday on the Instagram stories of friend and journalist Jessica Yellin, the AP reports. Yellin, of the site NewsNotNoise.org, showed at the end of a list of Schumer\'s recommended congressional and gubernatorial candidates the line: ""I\'m pregnant-Amy Schumer."" Schumer had teased the announcement on her own Instagram page, captioning a photo of hers and Fischer\'s heads atop Prince Harry\'s and Meghan Markle\'s bodies, ""About to announce some exciting news on @jessicayellin insta page. Please follow her for up to the minute #newsnotnoise she breaks down what’s really going on. She agreed to post a lil noise today for me! Follow her and VOTE!!"" ""We are 15 days out from the midterms and there is a lot going on,"" Yellin explained before going into Schumer\'s ""lengthy"" list of recommendations, per Bustle. ""I wanted to share some news from our community. Maybe it\'s noise, but it\'s happy noise,"" Yellin continued. ""These are the recommendations of Amy Schumer, one of the most consistent and early supporters of #NewsNotNoise. Now, read all the way to the bottom. You\'ll see there\'s some news down there. Congratulations, Amy."" Schumer is known for her liberal politics: She was recently arrested protesting the confirmation of Judge Brett Kavanaugh to the US Supreme Court. The 37-year-old married Fischer, a chef, in February. (Here\'s why Schumer won\'t appear in any Super Bowl ads.)']","  

Amy Schumer, the acclaimed comedian and actress, has been making headlines for her recent public stances on a variety of social and political issues. In one development, she has decided not to participate in the Super Bowl LIII commercials, a move she has explained as a form of protest against the NFL's stance on social justice issues. Schumer has aligned herself with Colin Kaepernick’s kneeling protest against racism and police brutality, and she has publicly challenged white NFL players to join the movement, stating that those who do not participate are “complicit.” She emphasized her decision to avoid the Super Bowl ads as a personal sacrifice, noting that it is a way to “hit the NFL with the advertisers,” a strategy she believes can pressure the league to address its role in systemic issues.  

In addition to her activism, Schumer has also shared exciting personal news. She is expecting her first child and has used her platform to encourage her fans to engage in civic duty by voting in the upcoming midterm elections. She announced her pregnancy through a strategic social media campaign in collaboration with journalist Jessica Yellin, who runs the #NewsNotNoise initiative. The campaign aims to educate the public on political terminology and encourage informed voting. Schumer’s announcement was not only a personal milestone but also a call to action, reflecting her ongoing commitment to political engagement and social justice.  

Schumer’s activism extends beyond the Super Bowl and her pregnancy announcement. She has been a vocal advocate for gun control, supporting the transgender community, and speaking out against policies she deems harmful. Most recently, she was reported to have been detained and arrested for protesting the confirmation of Brett Kavanaugh to the Supreme Court. Her consistent engagement with political and social issues underscores her role as a public figure who uses her influence to promote change and awareness.  

In summary, Amy Schumer continues to be a prominent voice in both entertainment and activism, using her platform to address pressing social and political matters while also sharing personal milestones that resonate with her audience. Her actions reflect a commitment to justice, equality, and civic responsibility.",1133,532,e8f1a46473d0ac4e79d38b9dc21352d31b8e6b104a4794a4
multi_news,multi_news,"Now, write a one-page summary of all the news.

",Summary:,en,,1.0,"['Chicken giant Tyson Foods says it will retrain all of its workers who deal with live birds after an animal rights group released hidden footage from within its facilities on Wednesday, USA Today reports. According to the Washington Post, the video from Compassion Over Killing shows workers choking, punching, and kicking chickens, plus running them over with forklifts and leaving them in piles to die. One worker in the video says it\'s ""inhumane"" to kill a chicken by stepping on its head while he kills a chicken by stepping on its head. Tyson calls the behavior ""inexcusable"" and says it fired 10 employees at the Virginia facilities shown in the video. Animal rights activists have infiltrated Tyson Foods to film such videos at least five times in a little over a year.']"," 

In late 2016, the animal rights organization Compassion Over Killing released undercover footage from Tyson Foods’ chicken processing facilities in Virginia, revealing severe mistreatment of chickens. The video, filmed by an investigator working undercover, showed workers engaging in violent and inhumane practices, including stomping, kicking, and suffocating chickens by standing on their heads. Some workers were seen using plastic rods to “bone” chickens, a method that involves inserting the rods into the birds’ beaks. Others were observed running over injured birds with forklifts and leaving them to die in “dead piles.” 

The video also captured a worker warning the investigator that such behavior could be reported to authorities, stating, “You can’t let nobody see you do that.” This incident led to at least two animal control investigations in Virginia. Compassion Over Killing criticized the actions as a violation of Virginia’s animal protection laws and called for accountability, emphasizing that Tyson Foods, as a major player in the industry, was “literally crushing the life out of birds.”

In response, Tyson Foods condemned the behavior, calling it “inexcusable,” and stated that it had fired 10 employees depicted in the video. The company also announced that it would discontinue the use of “boning” at two of the facilities shown in the video, a practice it described as outdated. Tyson’s vice president of sustainable food production, Christine Daugherty, expressed outrage and emphasized the company’s commitment to humane treatment of animals, stating that all workers should be trained in proper animal handling.

This incident was not the first time Compassion Over Killing had exposed abuse at Tyson facilities. Over the past year, the group had conducted multiple undercover investigations, revealing similar mistreatment of chickens. The organization argued that such practices were systemic and not isolated to a few “bad apples.” It called for broader changes in the industry, including a shift away from animal agriculture and toward vegetarian diets.

The video also highlighted the broader debate over animal welfare in the meat industry. While some companies, like Perdue, have introduced more humane methods of slaughter, such as using carbon dioxide or argon gas, Compassion Over Killing questioned whether any method of killing animals could truly be humane. The group’s narrator urged consumers to consider the ethical implications of eating meat and to “leave them off our plates.”

Tyson has since announced plans to retrain all live poultry workers on its animal welfare policies and has held meetings with management to address the issue. However, the company has not disclosed whether it intends to pursue legal action against the workers involved in the video. Meanwhile, animal control officials in",1671,532,06b3fb0b25173880e23af5143d315de2600756441e18d3e8
multi_news,multi_news,"Now, write a one-page summary of all the news.

",Summary:,en,,1.0,"['Donald Trump\'s lawyer has apparently decided that it\'s his turn to make the gaffes. In an interview with CNN Wednesday, notoriously combative Trump Organization attorney Michael Cohen interrupted host Brianna Keilar when she said that the campaign was ""down,"" Politico reports. ""Says who?"" he asked. ""Polls. Most of them. All of them?"" she replied. ""Says who?"" Cohen asked again. When she repeated it was polls, he responded, ""OK, which polls?” and Keilar said: “All of them."" USA Today reports that Twitter users were quick to mock Cohen and are now replying ""Says who?"" to all his tweets. Cohen, in what Law Newz calls ""typical lawyer fashion,"" also took issue with Trump\'s overhaul of campaign staff being called a ""shake-up,"" insisting it was actually a ""change-up."" Cohen also raised eyebrows when he told Kielar that Trump knows about ""the African-American problem in this country,"" the Independent reports. ""What I meant to say is the problem that exists in the African-American community,"" he later said. (Michael Moore says he ""knows for a fact"" that Trump never really wanted to be president.)']","  

In late 2016, as the U.S. presidential election approached, Donald Trump’s campaign faced mounting pressure due to his declining poll numbers compared to Hillary Clinton. This tension came to a head during an interview with CNN’s Brianna Keilar, where Michael Cohen, Trump’s lawyer and special counsel, found himself in an awkward exchange. When Keilar suggested that Trump’s campaign had undergone a “shake-up” with the hiring of new senior officials like Kellyanne Conway and Steve Bannon, Cohen responded with characteristic defensiveness, asking, “Says who?” This phrase, “Says who?” became a viral moment, sparking widespread discussion and even a Twitter trend.  

Cohen’s frustration stemmed from his belief that the media was mischaracterizing the campaign changes as a sign of weakness. He argued that the hiring of Conway and Bannon was a positive move, emphasizing that Conway was a “brilliant individual” who understood the data. However, the interview also revealed internal tensions within Trump’s campaign. The shake-up followed a major reorganization, with Bannon and Conway joining the team, while former campaign manager Paul Manafort remained in a leadership role. Roger Ailes, the former head of Fox News, also joined as an adviser.  

The interview highlighted the broader context of Trump’s campaign struggles. Despite the new hires, Trump’s poll numbers remained low in key swing states like Virginia and Colorado, where Clinton had a significant lead. However, Trump still managed to win some polls, such as a Monmouth University poll in Indiana, where he led by 11 points.  

The “Says who?” exchange not only became a cultural moment but also underscored the deepening divide between Trump’s campaign and the media. Cohen’s defensive and often combative responses reflected the broader strategy of the Trump campaign to challenge media narratives and control the narrative around his performance.  

In the aftermath, the phrase “Says who?” was widely used on social media, with users jokingly applying it to various topics, from politics to pop culture. The incident also drew attention to the role of Michael Cohen as both a legal representative and a key figure in shaping the campaign’s public image.  

Overall, the news passages illustrate the high-stakes environment of the 2016 presidential race, the internal dynamics of Trump’s campaign, and the media’s role in shaping public perception. The “Says who?” moment remains a notable example of how political rhetoric and media interactions can create unexpected cultural phenomena.",1533,532,0be98f81f4be6b430895a33274ee163bda21ed649554d9ce
multi_news,multi_news,"Now, write a one-page summary of all the news.

",Summary:,en,,1.0,"['See, this is why all those Twitter profiles are sure to note that retweets do not equal endorsements. CBS News reports the Pentagon\'s official Twitter account on Thursday retweeted a tweet calling for President Trump\'s resignation. ""GOP: Stop making sexual assault a partisan issue,"" tweeted ""Proud Resister"" while calling for Roy Moore, Sen. Al Franken, and Trump to all resign or step aside due to allegations of sexual misconduct. The tweet was retweeted—and then soon deleted—by the Department of Defense Twitter account. According to Politico, Pentagon spokesperson Col. Rob Manning confirmed the retweet was made by the ""authorized operator"" of the department\'s Twitter account. In her own tweet, Pentagon spokesperson Dana White said the call for Trump\'s resignation was ""erroneously retweeted"" and contained ""content that would not be endorsed by the Department of Defense.""']","  

On November 16, 2017, the U.S. Department of Defense (Pentagon) faced public scrutiny after its official Twitter account, @DeptofDefense, mistakenly retweeted a controversial message calling for the resignation of President Donald Trump, Alabama Senate candidate Roy Moore, and Senator Al Franken. The original tweet, posted by the account @proudresister, was a broadside against several public figures accused of sexual misconduct. It urged Moore to step down from the Senate race, Franken to resign from Congress, and Trump to resign from the presidency, while also criticizing the GOP for making sexual assault a partisan issue.  

The Pentagon’s official account reposted the tweet before quickly deleting it. Pentagon spokesman Col. Rob Manning and press secretary Dana White both issued statements clarifying that the retweet was an ""error"" made by an ""authorized operator"" of the account. They emphasized that the Department of Defense does not endorse the content of the original tweet and that the operator had immediately corrected the mistake.  

The incident raised questions about the Pentagon’s social media policies, particularly the lack of a disclaimer on its account that retweets do not constitute an endorsement. In contrast, many other Twitter accounts include such disclaimers. The @proudresister account, which was linked to a website selling anti-Trump merchandise, was also noted for its political activism.  

The retweet occurred amid a broader context of sexual misconduct allegations against public figures, including Trump, who had previously faced accusations of inappropriate behavior. The controversy also highlighted the ongoing debate about how political figures and institutions respond to such allegations.  

In a related development, White House press secretary Sarah Huckabee Sanders reiterated the administration’s stance that the women who had accused Trump of misconduct were lying, a position that had been consistent with Trump’s own public statements.  

Overall, the Pentagon’s accidental retweet underscored the importance of careful content management on official social media accounts and the potential for even minor errors to generate significant public and political fallout.",707,532,44916c0c85c6e879c4857c68d32509354e7fcfffe6447efa
multi_news,multi_news,"Now, write a one-page summary of all the news.

",Summary:,en,,1.0,"['Connor Cummins\' family describes him to WABC-TV as a photography devotee—and that enthusiasm may have cost him his life. The New Jersey man, said to be either 20 or 24 years old, and an 18-year-old pal ascended the scaffolding outside NYC\'s Four Seasons hotel Wednesday night in search of the perfect panoramic picture—but Cummins may have slipped on railings made slippery by the rain and fell nine stories to his death, cops tell NJ.com. An NYPD spokesman tells the New York Daily News that the initial investigation suggests the men weren\'t guests of the hotel. Cummins, who originally hails from Rockaway and whose Facebook page indicates he\'s now a student at the University of Massachusetts Amherst, per ABC, landed on one of the hotel\'s lower-level rooftops around 11:15pm and was pronounced dead at the scene, reports the New York Post. His friend wasn\'t injured and was questioned by authorities to fill in the blanks; he was released Thursday morning without being charged. ""He was a loving boy, that\'s all I can say,"" one of Cummins\' relatives tells the Post. ""I don\'t know what happened."" (There\'s more suspicion surrounding a Muslim teen\'s fatal fall off a Seattle building.)']","  

On Wednesday, a tragic incident occurred at the 52-story Four Seasons Hotel in Manhattan, where 20-year-old Connor Cummings of Rockaway, New Jersey, fell to his death while attempting to take photographs from the hotel’s rooftop. Cummings and his 18-year-old friend, Dimitri Olivares, had climbed scaffolding in an interior shaft of the hotel on 57th Street. According to multiple reports, the pair had accessed the rooftop using the hotel’s elevator and climbed stairs to reach the area.  

Cummings, who was a sophomore psychology major at the University of Massachusetts Amherst and also took photography courses, was described by friends and family as a passionate photographer and a kind-hearted individual. He and Olivares were not hotel guests but managed to reach the restricted rooftop area.  

The incident occurred around 11:15 p.m. when Cummings slipped while descending a ladder or stepping off the scaffolding, falling approximately nine stories to a lower rooftop or catwalk. The fall was exacerbated by wet conditions due to recent rain. Cummings was pronounced dead at the scene, while Olivares, who had climbed down to seek help, was later interviewed by police and released without charges.  

Olivares, from Dover, New Jersey, initially fled the scene but later returned to the hotel to inform security of the incident. He was in shock and reportedly traumatized by the event.  

The hotel’s management stated that they were cooperating with the investigation and emphasized the importance of safety for all individuals. Police have not yet released a full account of the incident, and the family of Cummings expressed confusion and concern over the circumstances, noting that the young man was not a daredevil and had no history of risky behavior.  

Cummings’ death has sparked an outpouring of grief from friends, family, and colleagues, with many remembering him as a dedicated student, a talented photographer, and a compassionate person. His fraternity brothers at the University of Massachusetts Amherst posted a heartfelt tribute on Facebook, highlighting his passion for photography and his commitment to helping others.  

This tragic event has once again raised concerns about safety in high-rise buildings and the risks associated with unauthorized access to restricted areas. As the investigation continues, the community mourns the loss of a young man with a promising future.",1299,532,6ed6a5b5c77beb9660bff83ef79b79ff803e3382c7d5e2a3
multi_news,multi_news,"Now, write a one-page summary of all the news.

",Summary:,en,,1.0,"['Protesting truckers are planning a shutdown of their own—on Washington\'s beltway. Starting on Friday morning, they intend to fill the road ""three lanes deep"" with tractor-trailers, an organizer of ""Truckers Ride for the Constitution"" tells US News and World Report. In a demonstration against what they view as violations of the Constitution, planners like Earl Conlon are calling for ""the arrest of everyone in government who has violated their oath of office."" Their grievances include truckers\' wages, industry regulations, and NSA spying, the Hill reports. They\'re also accusing President Obama of treason for allegedly putting weapons in the hands of rebels with ties to al-Qaeda. Organizers have received some 3,000 RSVPs, says one. Moving at the 55mph speed limit, they\'ll leave a lane open for emergency vehicles; vehicles with ""T2SDA,"" or ""Truckers to Shut Down America,"" displayed will also be allowed to pass. ""Everybody that doesn\'t have a supporter sticker on their window, good luck: Nobody in, nobody out,"" says Conlon. A Facebook page for the event has more than 55,000 ""likes.""']"," 

A group of truck drivers, organized under the name ""Truckers for the Constitution,"" is planning a protest in Washington, D.C., to draw attention to their grievances with federal regulations, political climate, and government overreach. The protest, scheduled to begin on October 11, involves truckers intentionally backing up the Capital Beltway, a major highway around the nation's capital. The group claims to be motivated by a desire to restore the U.S. Constitution and to hold lawmakers accountable for what they describe as unconstitutional behavior.

The truckers are frustrated with a range of issues, including low wages, high fuel costs, and burdensome regulations from the Obama administration. They also express discontent with government surveillance programs and the national debt. The protest is framed as a necessary action to pressure lawmakers into compliance with the Constitution, with the group suggesting that a credible threat of a government shutdown could compel politicians to act in the public interest.

The protest is not without controversy. Organizers, including Earl Conlon and Zeeda Andrews, have stated that they plan to seek the arrest of members of Congress who they believe have violated their oaths of office. They have also accused President Barack Obama of treason for allegedly supporting Syrian rebels, and have named several high-profile politicians, including Nancy Pelosi and Dianne Feinstein, as potential targets. However, it is important to note that attempting to arrest members of Congress would likely result in legal consequences for the protesters.

The group has also called for the formation of a citizens' grand jury to investigate and potentially indict government officials. While the protest is intended to be peaceful, organizers have warned that they may take more aggressive actions if necessary. The event has drawn significant attention, with over 50,000 people liking a Facebook page promoting the ride, and the number of participants reportedly growing rapidly.

Despite the group's claims of patriotism and constitutional duty, the protest has raised concerns about the potential for civil unrest and the legality of their actions. The organizers have emphasized their commitment to peaceful protest, but the scale and nature of the event suggest that it could have a significant impact on both local traffic and national politics. As the protest approaches, the situation remains closely watched by media and government officials alike.",1638,532,46101830d9c9f6601eb5059912d3f5ef280380fe5fa8b7ed
multi_news,multi_news,"Now, write a one-page summary of all the news.

",Summary:,en,,1.0,"['Power: One day you have it, the next you don\'t. No one likely knows that better than the world\'s 50 ""least powerful"" people, described by 24/7 Wall St. as ""well-known individuals around the world who have recently experienced a precipitous loss in stature."" The top 10: Anthony Scaramucci: Where to begin? Try here, here, and here. Chris Christie: The former head of Donald Trump\'s transition team has the lowest approval rating of any governor in New Jersey\'s history. James Comey: The former FBI director lasted not even five months under Trump. Mark Fields: The Ford CEO was canned after shares fell almost 40% during his tenure. Tiger Woods: Blame his DUI arrest and 899th ranking in men\'s pro golf. Kendall Jenner: Remember that Pepsi commercial? Montgomery Moran: After a wave of issues at Chipotle, the co-CEO stepped down last year. Tomi Lahren: The conservative media personality was suspended from the Blaze after announcing she was pro-choice. Park Geun-hye: The former president of South Korea was impeached and jailed after a corruption scandal involving Samsung. Mitch McConnell: As Senate majority leader, McConnell failed to repeal and replace the Affordable Care Act. Click for the full list, which also includes Sean Spicer, R. Kelly, and Theresa May. (See last year\'s ranking here.)']"," The news passages highlight the transient nature of fame, fortune, and power in the public eye, using the examples of 50 individuals who have recently experienced a significant decline in their status. These individuals span various fields, including politics, business, and entertainment, illustrating how even the most prominent figures can fall from grace due to a range of factors such as scandal, poor decision-making, or shifting public opinion.

Anthony Scaramucci, the former White House Communications Director, had a brief and tumultuous tenure. Appointed in late 2017, he was fired less than two weeks later, citing the need for a ""clean slate"" for the new Chief of Staff. His time in the administration was marked by controversy, including alleged protocol breaches, conflicting statements, and a profanity-laced interview. His personal life also suffered, as his wife filed for divorce during his short stint in the White House.

Chris Christie, the former Governor of New Jersey, faced a decline in both public and political standing. Known for his support of Donald Trump during the 2016 election, Christie was later seen as a ""damaged goods"" candidate. His reputation was further tarnished by the Bridgegate scandal, in which his allies created a traffic jam on the George Washington Bridge to target a political rival. His controversial behavior, such as lounging on a state beach during a government shutdown, further damaged his image.

James Comey, the former Director of the FBI, was a polarizing figure. His public criticism of Hillary Clinton during the 2016 election and his decision to announce an FBI investigation into her just days before the election contributed to Donald Trump's victory. Trump later fired Comey, citing conflicting justifications, which added to the controversy surrounding his tenure.

Mark Fields, the former CEO of Ford Motor Company, was let go in 2017 despite a long career with the company. His leadership was marked by a significant drop in stock prices, despite rising corporate revenue. His strategy to compete with Tesla by investing in electric and autonomous vehicles did not resonate with shareholders, leading to his dismissal.

Tiger Woods, the legendary golfer, has faced a series of personal and professional scandals. His infidelity scandal in 2009 led to a decline in his public image and performance. A recent DUI arrest, attributed to a dangerous combination of prescription medications, further damaged his reputation. His current ranking in professional golf is at its lowest ever, reflecting the lasting impact of these controversies.

Overall, these stories underscore the fragility of public success and the various factors that can lead to a swift and dramatic fall from grace.",1240,532,29048d7f5f49ba0be1e0f6793ad344e06baacaf39e84575f
multi_news,multi_news,"Now, write a one-page summary of all the news.

",Summary:,en,,1.0,"['Washington is braced for the first government shutdown in 17 years, which will happen at midnight tonight unless lawmakers manage to break the deadlock over funding and hammer out a deal. Here\'s what to expect from a day of drama in DC: The House has passed legislation to delay ObamaCare for a year and repeal a tax on medical devices, so the measure will return to the Senate this afternoon, just hours before the shutdown is due to kick in. Harry Reid is expected to table the anti-ObamaCare amendments with a simple Democratic majority and quickly send it back to the House—but if any opportunity arises for Senate Republicans to use delaying tactics, expect Ted Cruz to lead the way, the Wall Street Journal predicts. There\'s a chance of a straight up-or-down vote in the House, but if it becomes clear that it will be impossible to break the deadlock by midnight—which appears to be the likeliest scenario—the partial shutdown could still be averted if lawmakers pass a short-term funding bill to buy another week or so of debating time. So who will blink first? Neither Reid nor John Boehner appears likely to give way. Reid is determined to play hardball and not give an inch on ObamaCare, Politico reports. Reid and his allies believe that giving any concessions now will only lead to bigger concessions to avoid a debt default next month—and they think the backlash from a government shutdown will hit the GOP hardest. Boehner, meanwhile, will face the wrath of his party\'s conservatives if he gives way too soon—but polls show the public will blame his House Republicans if there is a shutdown. If there is a shutdown, it won\'t be an abrupt halt to government, but more ""like a spending freeze that will gradually spread through the government like ice forming in water,"" Quartz explains. Federal employees, 800,000 of whom will be sent home without pay, will be the first affected, and the shutdown will also affect scientific research, trade negotiations, and the federal programs that guarantee home loans and provide capital to business. Air traffic controllers will still be at work, however, and agencies that deal with national security and law enforcement are exempt from the shutdown. A shutdown of a few days might not do too much damage, but experts warn that the national economy will take a serious hit if it is prolonged. In Washington, DC, however, even a brief shutdown will cost the district an estimated $200 million a day—and affect basic services like trash collection. ""This is serious,"" the director of George Mason University’s Center for Regional Analysis tells the Washington Post. ""The national economy may not notice a shutdown much unless it lasts three or four weeks. But for the Washington area, this is a tsunami.""']"," Government Shutdown Crisis and Regional Impact

As the U.S. government approaches a potential shutdown, Congress is in a critical race against time to pass a funding bill before the midnight deadline. The impasse centers on the Republican-led House's attempt to delay the implementation of the Affordable Care Act (ACA), also known as Obamacare, and repeal its medical device tax. The House has approved a plan to fund federal agencies through December 15, which includes these provisions. However, Senate Democrats, led by Senate Majority Leader Harry Reid, have vowed to reject any changes to the ACA, and President Barack Obama has indicated he would veto such a bill. This has created a deepening divide between the two chambers, with the threat of a government shutdown looming.

The Senate is not scheduled to reconvene until Monday afternoon, and Democratic leaders are preparing to block the House's provisions. If the Senate successfully removes the anti-Obamacare amendments, the House may be forced to either pass a clean funding bill or risk a partial shutdown. A shutdown would have severe consequences, particularly for the Washington, D.C., region, which is home to the largest concentration of federal workers and contractors in the nation.

Economists and local officials warn that a shutdown could result in an estimated $200 million in daily economic losses for the region, with over 700,000 jobs potentially affected. Federal services such as Medicare, Social Security, and child-care subsidies would be disrupted, and federal agencies would be forced to furlough non-essential staff. The impact would extend beyond the federal government, affecting local businesses, tourism, and public services. The D.C. area, which relies heavily on federal spending, could face significant financial strain, with local governments setting aside emergency funds to mitigate the effects.

The political stakes are high, with both parties facing potential backlash from constituents. Democrats, led by Reid, are pushing for a hardline stance, believing that a shutdown will ultimately pressure Republicans to compromise. Meanwhile, Republicans, including House Speaker John Boehner, are under pressure from conservative members of their own party to continue the fight over the ACA. The situation highlights the deepening partisan divide and the potential for a government shutdown to have far-reaching economic and social consequences. As the deadline approaches, the nation watches closely to see if a compromise can be reached before the government is forced to shut down.",3547,532,fe95b01ef6da0d7227679dff2cea623ca72453fb84011590
multi_news,multi_news,"Now, write a one-page summary of all the news.

",Summary:,en,,1.0,"['NASA is going to the sun. More specifically, it\'s launching an unmanned probe next year that will travel closer to the star than any spacecraft has done previously. ""It\'s a spacecraft loaded with technological breakthroughs that will solve many of the largest mysteries about our star,"" says Nicola Fox of the Johns Hopkins University Applied Physics Laboratory. In less scientific terms, per the Telegraph: ""We will finally touch the sun."" The nuts and bolts: The mission: The 10-foot probe will launch in July or August of 2018 and eventually get to within 3.7 million miles of the sun, about seven times closer than any previous spacecraft. Eventually, it will be whizzing around the sun at a speed of 450,000 miles per hour, reports CNN. The mission ends in 2025. Corona: The probe will actually fly into the outermost part of the sun\'s atmosphere, called the corona, per a mission overview at NASA that touts ""humanity\'s first visit to a star."" The heat: The probe will rely on a 4.5-inch-thick carbon-composite solar shield to help it withstand temperatures up to 2,550 degrees Fahrenheit, reports Orlando\'s WKMG. Instruments will remain at room temperature. The name: The probe\'s name has been changed to the Parker Solar Probe to honor astrophysicist Eugene Parker, who\'s credited with discovering solar wind. Parker, who turns 90 in June, is a professor emeritus at the University of Chicago, and the Guardian recounts that the theory he put forward in 1958 about a stream of charged particles flowing from the sun was once thought to be ""crazy."" A first: This is the first time NASA has named a mission after a living scientist. ""I\'m certainly greatly honored,"" said the man himself, per Space.com. Two puzzles: Scientists hope to better understand two things in particular: ""How is the solar wind accelerated, and why is the ... corona so much hotter than the solar surface?"" (It\'s 3 million degrees Fahrenheit vs. 10,000 degrees Fahrenheit.) Why it matters: Generally, solar storms are relatively harmless when they reach Earth, but these particle bursts occasionally wreak havoc on satellites and here on Earth, and they have the potential to be devastating. ""The more we know about how these processes work, the better we can get at predicting when they will happen,"" writes Loren Grush at the Verge.']"," NASA's Parker Solar Probe

NASA has renamed its upcoming mission to study the Sun, originally called Solar Probe Plus, to the **Parker Solar Probe**, in honor of the late astrophysicist **Eugene Parker**, who first predicted the existence of the **solar wind** in 1958. This mission marks the first time NASA has named a spacecraft after a living individual, recognizing Parker's groundbreaking work that revolutionized our understanding of the Sun and its effects on space weather.

The Parker Solar Probe, set to launch in July 2018, will be the first spacecraft to ""touch the Sun,"" flying within **3.7 million miles (6.2 million kilometers)** of the solar surface—**seven times closer** than any previous mission. It will travel **within 9 solar radii** of the Sun, making it the closest human-made object to our star. The probe will endure extreme conditions, including temperatures of up to **2,500°F (1,370°C)** and solar radiation 475 times stronger than on Earth.

To survive these conditions, the probe is equipped with a **7.5-foot-wide (2.3 m)** **heat shield** made of advanced **carbon-composite material**, which will protect the spacecraft's sensitive instruments. The probe will also feature **retractable solar arrays** that will be extended and retracted as it orbits the Sun to maintain power and temperature stability.

The mission's primary objectives include:

- **Understanding the solar wind**: How it is accelerated and what causes it to reach speeds of up to **400 miles per second**.
- **Investigating the Sun's corona**: Why it is **millions of degrees hotter** than the Sun's surface.
- **Studying space weather**: To improve forecasting of solar storms that can disrupt satellites, power grids, and communications systems.

The Parker Solar Probe will perform **24 flybys of Venus** over the course of its seven-year mission, using the planet's gravity to gradually reduce its orbit around the Sun. This will allow the probe to get progressively closer to the Sun, enabling unprecedented observations of the solar atmosphere.

The mission is expected to provide **critical insights** into the physics of stars and the mechanisms that drive solar activity. It also aims to **protect modern technology** from the potentially devastating effects of space weather, which could cause **billions of dollars in damage** and **long-term power outages**.

The probe will carry a **chip** with **photographs of Parker** and a **copy of his",10147,532,9be57ba61a999b76bd50af15e31946bb634beb32d7e8d31e
multi_news,multi_news,"Now, write a one-page summary of all the news.

",Summary:,en,,1.0,"['It looks like the hackers that hit Target had lots of other, well, targets. The Department of Homeland Security recently sent retailers and financial service companies a secret memo warning that the Target hit appeared to be part of a larger international campaign, the Wall Street Journal reports, an insight gleaned with the help of Dallas cybersecurity firm iSight Partners. Yesterday, iSight released its own report, saying that a virus it\'s calling KAPTOXA ""has potentially infected a large number of retail information systems""—and noting that the ""intrusion operators displayed innovation and a high degree of skill,"" particularly in terms of the ""operational sophistication"" of the hack. The Journal shares this feature by way of example: The virus focused on stealing data during the peak hours of 10am and 5pm; the data was housed in a Target server that the hackers later accessed. The virus attacks point-of-sale systems in a way that is ""new to eCrime,"" subverting traditional efforts to protect consumer data, the report warns, according to NBC. Parts of the code, which is impervious to all known antivirus software, have been online since last spring. It\'s partly in Russian, which US officials think may indicate a link to organized crime in the former Soviet Union. The finding follows reports of similar breaches at Neiman Marcus. That breach had gone unnoticed since July, the New York Times reports today; Neiman\'s system was only fully secured Sunday.']","  

In late 2013, both Neiman Marcus and Target Corp. experienced major data breaches that compromised the personal and financial information of millions of customers. The Neiman Marcus breach, which was discovered in mid-December and officially disclosed in early January 2014, involved hackers gaining access to the company’s computer network as early as July. The breach was not fully contained until late December, and the company faced criticism for delaying its public disclosure until after the holiday shopping season. Neiman Marcus stated that while some customer payment cards were used fraudulently, Social Security numbers and birth dates were not compromised. The company offered one year of free credit monitoring to affected customers, similar to the offer made by Target.  

Target Corp. also suffered a significant breach, with hackers stealing credit and debit card data from 40 million customers, as well as encrypted PINs and personal information from 70 million people. The breach was discovered in late November 2013 and publicly disclosed in December 2013. A 17-page report from iSight, a cybersecurity firm, provided detailed insights into the attack, revealing that the breach was carried out using sophisticated malware that targeted point-of-sale (POS) systems. The malware was able to capture unencrypted card data during the authorization process. The report also noted that the attack was part of a broader, highly sophisticated international hacking campaign, with the malware and tactics used being ""new to eCrime"" and designed to evade detection.  

Both breaches are believed to be linked to criminal groups based in Eastern Europe, though no definitive connection has been established between the two incidents. A growing number of state attorneys general are investigating both breaches to determine if they are related and to assess potential regulatory or legal consequences.  

The timing of Neiman Marcus’s disclosure, just after the holiday season, has raised questions about the company’s decision-making process. While Neiman Marcus claimed the delay was due to the need for confirmation of the breach, critics argue that the company could have acted sooner, similar to Target, which faced a significant drop in sales following its own breach disclosure.  

Overall, the two breaches highlight the growing threat of cybercrime in the retail sector and the importance of timely and transparent communication with customers in the event of a data breach. Both companies are now under increased scrutiny from regulators and the public, as well as from law enforcement agencies investigating the origins of the attacks.",1464,532,56455fb505b8dc0c26292ce43f92b16decf2d920597ee47c
multi_news,multi_news,"Now, write a one-page summary of all the news.

",Summary:,en,,1.0,"['An escaped lion, a taunting crowd, and an ill-prepared first-response team came together in Kenya to cause what some are saying was the unnecessary, senseless death of the lion, the country\'s Star reports. Mohawk, a 13-year-old lion who was one of Nairobi National Park\'s most well-known creatures due to his trademark mane and rep as somewhat of a ""ladies\' lion,"" had escaped from an unfenced section of the park and ended up in the town of Isinya, where he was promptly surrounded by a jeering group of men, the Washington Post reports. Mohawk became upset by the noise and the growing crowd—Kenya Wildlife Service officials tell the AP about 400 had surrounded him—and lunged at a 27-year-old man, who was sent to the hospital with bruises and severe lacerations on his back. The wildlife service already had an animal management team on the scene, but those rangers had only rifles, not tranquilizers. After Mohawk pounced on the bystander, the rangers felt they couldn\'t wait for a second team on its way with tranqs—so they unleashed what the Star says was nine bullets, leaving the animal ""roaring and writhing in pain"" as he died. ""If the rangers had the right equipment, this lion would not have died,"" a local resident tells the paper. ""You can\'t keep a lion in the midst of people for so many hours without stressing it. We blame them for this heinous act."" The shooting has prompted plenty of backlash on social media, including a #JusticeForMohawk hashtag, but the wildlife service says it had no choice once the lion started attacking humans. ""This action was taken as a last resort after an escalation of the situation and a concern for public safety,"" the Kenya Wildlife Service says, per CNN. A bunch of lions have busted out of the park lately, driven by what conservationists say is the noise from development projects, including a highway being built through the park. (Same ending, different means for Cecil the lion.)']","  

In early March 2016, a male lion named Mohawk, one of Kenya’s most famous and beloved big cats, was shot dead by rangers from the Kenya Wildlife Service (KWS) after straying from Nairobi National Park. The incident occurred in Isinya, a town near the park, following a series of events that led to the lion’s death. Mohawk had escaped from the park two days prior due to a territorial dispute with another lion. He wandered into a populated area, where he was surrounded by a crowd of onlookers. Some residents reportedly taunted, stoned, and harassed the lion, causing it to become agitated. When the lion attacked a man on a motorcycle, rangers arrived and, citing the immediate threat to public safety, decided to shoot the animal.  

The killing of Mohawk sparked widespread public outrage in Kenya. Many citizens and conservationists criticized the KWS for not using tranquilizers, which could have safely subdued the lion without causing harm. Social media platforms were flooded with reactions, with hashtags like #JusticeforMohawk gaining traction. Critics argued that the decision to kill the lion was unnecessary and that the KWS should have prioritized non-lethal methods.  

The incident highlighted the growing challenges of human-wildlife conflict in Kenya, particularly in and around Nairobi National Park. The park, which is home to a variety of endangered species, is under increasing pressure due to urban expansion and infrastructure development. Construction projects, including a new highway, have been cited as contributing factors to the lion’s escape. The park’s southern section, which is not fenced, has become a common route for animals to migrate, raising concerns about the effectiveness of current conservation measures.  

The death of Mohawk was not an isolated event. In the same month, there had been at least two other incidents involving stray lions in Kenya. One lion had attacked a pedestrian in Nairobi before being captured, and another had been found in a military barracks. These incidents underscored the broader issue of lions straying from protected areas and the difficult decisions wildlife officials must make when balancing human safety with conservation efforts.  

In South Africa, a similar situation was unfolding. A lion named Sylvester had escaped from Karoo National Park, prompting a search and debate over whether to kill or relocate the animal. Wildlife officials in South Africa had initially considered killing the lion but later expressed openness to other options, including relocation or improved fencing. The case of Sylvester, like that of Mohawk, sparked public concern and online petitions calling for the lion’s protection.  

Both incidents reflect a global trend of increasing human-wildlife",3189,532,78473fa18bef2d731dde4141dffd5a7d69d71b5e2aaf66dc
multi_news,multi_news,"Now, write a one-page summary of all the news.

",Summary:,en,,1.0,"['A horrifying story out of Uganda, where a toddler was grabbed and eaten by a leopard Friday at the Mweya Safari Lodge in Queen Elizabeth National Park. The 2-year-old boy\'s mother is a game ranger at the park and was working, and the boy was with his nanny in the kitchen of the family\'s home in the park\'s staff quarters, near a doorway. ""He was seated with the maid when the leopard grabbed and ran with him,"" the boy\'s father tells the Kampala Post. But a spokesperson for the Uganda Wildlife Authority (UWA) says the boy followed the nanny outdoors: ""The maid was not aware the child followed her. She heard the kid scream for help, she intervened but it was too late the leopard had vanished with it in the bush."" The staff quarters are reportedly in a protected area that is popular with tourists, USA Today reports, but the family\'s home is said to be unfenced. A search team ultimately found some of the boy\'s bones, including his skull, and they were buried over the weekend. The boy\'s father says he expects compensation from the UWA and that the organization should do more to protect staff and their families. ""UWA gave us the coffin,"" he says. ""I have not talked to them about the incident but I would expect something reasonable to compensate me, although my son\'s life is gone."" Leopard attacks on humans are rare in Uganda. The UWA spokesperson says efforts are being made to locate the leopard and possibly relocate it. ""The hunt is on with the intention of capturing the leopard and removing it from the wild because once it has eaten human flesh, the temptations are high to eat another human being, it becomes dangerous,"" he says, per the Telegraph.']","  

A tragic incident has occurred in Queen Elizabeth National Park in Uganda, where a two-and-a-half-year-old child was attacked and killed by a leopard at the Mweya Safari Lodge. The child, the son of Elisha Nabugyere, a park ranger, was reportedly sitting with a maid at the staff quarters when the leopard attacked. The child was dragged into the bushes by the animal, and despite efforts to rescue him, he was not found alive. His remains, including a skull and some bones, were later recovered.  

The child’s father, SSP Francis Manana Nabugyere, expressed his grief and called for compensation from the Uganda Wildlife Authority (UWA), stating that he expects a reasonable amount to be provided for the loss of his son. He also emphasized the need for improved security measures to protect staff and their children within the park.  

UWA communications manager Bashir Hangi confirmed the incident, calling it ""unfortunate"" and stating that efforts are underway to track down the leopard. He mentioned that the animal may be relocated to a safer area, as it has now preyed on a human, which could make it more dangerous in the future.  

The incident has shocked the local community, as leopard attacks on humans are rare in the region. This tragedy comes amid a series of unfortunate events involving wildlife in the park, including the deaths of 11 lions in early April, a French tourist’s death, and another lion’s death in late April.  

Authorities are currently conducting a search to locate the leopard and are considering options for its removal to prevent further incidents. The case has sparked discussions about wildlife management and the safety of park staff and visitors in the area.",1170,532,e938aa4da9ec12d68b474d25c4054b1cae4b847e686490f8
multi_news,multi_news,"Now, write a one-page summary of all the news.

",Summary:,en,,1.0,"['Expecting parents wondering which company offers the best maternity and paternity leave in the US need look no further. Netflix announced yesterday that it is upping the ante, offering new parents unlimited, fully-paid maternity and paternity leave for the first year after having or adopting a child. The streaming video company based in Los Gatos, Calif., also offers unlimited paid vacation, and it\'s all toward fostering ""a \'freedom and responsibility\' culture that gives our employees context about our business and the freedom to make their own decisions along with the accompanying responsibility,"" writes Tawni Cranz, chief talent officer. The new policy ""deserves high marks for extending leave to fathers,"" reports Fortune, ""as well as understanding that the entire first year after childbirth can be challenging."" It\'s a ""landmark perk,"" reports TechCrunch, noting that Yahoo doubled its maternity and paternity leave in 2013 (to 16 paid weeks for moms and eight paid weeks for dads) to compete with packages offered by Facebook and Google because ""the talent is growing up."" A decade ago big company perks included free lunch and ping pong tables, but now the major moves are about helping employees balance work and home life because ""experience shows people perform better at work when they’re not worrying about home,"" Cranz adds. Of course, employees will have to plan their leave with managers and coworkers in advance to make sure their absence isn\'t disruptive—behaving, you know, like adults. (See who beat Netflix to the punch.)']","  

Netflix has recently announced a significant update to its employee benefits, introducing an **unlimited maternity and paternity leave policy** for all employees. This policy allows new parents to take as much time as they need during the first year following the birth or adoption of a child. The company emphasizes that this initiative aligns with its broader ""freedom and responsibility"" culture, which empowers employees to make decisions about their work-life balance while still being held accountable for their responsibilities.  

Under the new policy, employees can return to work part-time, full-time, or even take additional time off later in the year, all while receiving **full pay**. This eliminates the need for employees to navigate complex disability or state leave systems, which can be both time-consuming and stressful. The policy is designed to support new parents in managing the challenges of early parenthood, ensuring they can return to work **more focused and dedicated**.  

This move is part of a broader trend in the tech industry, where companies are increasingly prioritizing **work-life balance** and **employee well-being**. While Netflix already offers **unlimited time off**, this new policy further reinforces its commitment to attracting and retaining top talent. The company notes that employees perform better when they are not stressed about personal matters, and this policy is intended to foster a more supportive and productive work environment.  

However, the policy also comes with potential challenges. Unlimited leave can place additional pressure on managers and teams to coordinate coverage and ensure that projects remain on track. There is also the risk that some employees may overuse the benefit, potentially leading to disruptions in workflow. Despite these concerns, the policy is widely seen as a **landmark perk** that reflects Netflix’s evolving approach to employee care and its recognition of the changing needs of the modern workforce.  

In comparison to other major tech companies, such as Yahoo and Google, which have also expanded parental leave benefits, Netflix’s approach is seen as both innovative and forward-thinking. By offering **flexibility, support, and financial security**, the company is positioning itself as a leader in the ongoing shift toward more family-friendly workplace policies.  

Overall, Netflix’s new unlimited parental leave policy is a strategic move that not only supports its employees but also strengthens its competitive edge in the talent market. As the workforce continues to evolve, companies that prioritize work-life balance and employee well-being are likely to see long-term benefits in terms of productivity, loyalty, and innovation.",1112,532,8a254b08dcd8d491f6110fcc85d9728f2af7ef3db72b8153
multi_news,multi_news,"Now, write a one-page summary of all the news.

",Summary:,en,,1.0,"['A Nazi drinking game played by students from the London School of Economics sparked a brawl and ended with a broken nose, reports the Guardian. The row occurred during a ski trip taken by 150 members of the school\'s athletic union to Val D\'Isere in France. The confrontation occurred after a Jewish student objected to the drinking game, according to the school\'s Jewish Society. The game involved playing cards arranged on a table in the shape of a swastika. Players were required to ""salute the führer,"" according to the student newspaper. ""Nazi glorification and anti-semitism have no place in our universities,"" said the head of the Jewish Society. A video of the drinking game was briefly posted on Facebook. The school is investigating. ""These are disturbing allegations relating to events which took place on a foreign trip organized by the students\' union,"" said a school statement, which added that officials are ""prepared to take disciplinary action. Students must abide by clear standards of behavior. We do not tolerate anti-semitism or any other form of racism.""']","  

The Internet Archive has been receiving daily crawl data from Alexa Internet since 1996, which is then added to the Wayback Machine after an embargo period. This data helps preserve the history of the web for future access.  

Separately, the London School of Economics (LSE) is investigating allegations of antisemitism and misconduct that occurred during a skiing trip to Val d'Isère, France. The incident involved a Nazi-themed drinking game, a variation of the Ring of Fire, which included playing cards arranged in the shape of a swastika and the phrase ""salute the Führer."" A Jewish student reportedly objected to the game and was later assaulted, with their nose broken. The attack, while not serious enough to involve French police, has sparked significant concern.  

The LSE has stated that it is conducting an investigation into the events and is prepared to take disciplinary action if the allegations are proven true. The university has emphasized its commitment to upholding standards of behavior and rejecting antisemitism and all forms of racism.  

Jay Stoll, president of the LSE's Jewish Society, condemned the incident, calling it a ""spiteful, collective attack on a community."" The Jewish student who was injured described the experience as deeply upsetting, noting that the antisemitic remarks and the use of Nazi imagery were the real offense.  

Alex Peters-Day, general secretary of the LSE students' union, called the incident ""so at odds with everything the LSE and the union stand for."" Brendan Mycock, president of the LSE athletics union, also condemned the actions of a ""small group of individuals,"" emphasizing that the union upholds values of openness, tolerance, and respect.  

This incident is not isolated; it follows similar reports, such as the Daily Telegraph's coverage of antisemitic songs sung by members of the Oxford University Conservative Association in November. These events highlight ongoing concerns about the presence of antisemitism and extremist ideologies in academic and social settings.  

The LSE has reaffirmed its commitment to ensuring that all students feel safe and respected, and that such behavior is not tolerated within its community. The case underscores the importance of addressing and preventing hate speech and discriminatory actions in educational institutions.",803,532,a4d1ff0e9c2cee86be614078adfd7d7d99edf5ef30a091de
multi_news,multi_news,"Now, write a one-page summary of all the news.

",Summary:,en,,1.0,"[""A Kansas City couple who went to check out a car they saw on Craigslist were shot and robbed Wednesday night, USA Today reports. They had wanted to purchase the vehicle for their 16-year-old son, who was with them but not injured. Police say the 53-year-old dad and his son had test-driven a 2007 Hyundai Sonata and were discussing payment when the seller said he had to call his wife and momentarily walked away, according to KCTV. That’s when two other men reportedly approached the family and demanded cash, then started shooting. As the dad tried to keep his wife and son out of the barrage of bullets, he was shot four times in the chest, stomach, and legs, while his 55-year-old wife took a bullet to her upper right arm, which was “shattered,” reports the TV station. The men took the wife's purse, which had $3,000 in cash for the car purchase, say police. Authorities believe the incident may be related to an earlier armed robbery that day in which a Kansas City man says he tried to sell his Xbox and gaming accessories to a man who saw his ad on Craigslist, reports the Kansas City Star. As the potential buyer was examining the wares, two other men reportedly arrived sporting a gun; the three men then lifted the Xbox and other items and ran into nearby woods, police say.""]"," 

On Wednesday night, a violent robbery and shooting occurred in southeast Kansas City, involving a couple and their 16-year-old son who were attempting to purchase a used car listed on Craigslist. The incident, which took place around 7:30 p.m. at an apartment complex on East 84th Street, was part of a series of crimes linked to online sales advertised on the platform. 

The couple, identified as a 53-year-old father and 55-year-old mother, had met with a man who introduced himself as “AJ” to view a 2007 Hyundai Sonata. After a test drive, the family returned to the apartment complex where the suspect allegedly needed to call his wife. As the couple discussed the purchase, two armed men approached, brandishing black handguns. The suspects demanded money, and when the family claimed they did not have any, the robbers escalated the situation by opening fire. 

The father, in an act of bravery, stepped in front of his wife to shield her from the gunfire. He was shot four times in the chest, stomach, and legs, while his wife sustained a severe injury to her right upper arm, with a bullet shattering the bone. Their son, who witnessed the attack, was not harmed. The suspects then grabbed the woman’s purse, which contained $3,000, and fled in the Hyundai Sonata, which was later found abandoned nearby. 

This incident is believed to be connected to an earlier robbery that occurred around 4:20 p.m. on the same day. In that case, a man was robbed while attempting to sell an Xbox and accessories on Craigslist. Both crimes involved three individuals armed with black handguns and took place within two miles of each other. 

Detectives are currently investigating both cases and have identified four individuals of interest, though details about their identities or custody status remain unclear. The police report notes that the suspects are described as three black men in their late 20s or early 30s. 

In response to the crimes, Liberty-based Ferrellgas has contributed $5,000 toward a reward for information leading to the arrest of the suspects, bringing the total reward to $7,000. The public is urged to contact the TIPS Hotline at 816-474-8477 or 816-474-TIPS for any information. 

Eyewitnesses, including a couple from the Stone Haven Apartments, assisted the injured victims by providing first aid until police arrived. One witness described the harrowing experience of",1819,532,1d2336536bfc7b2330bd0415195b17da5eef58e6d2f7107f
multi_news,multi_news,"Now, write a one-page summary of all the news.

",Summary:,en,,1.0,"['Secretive data companies are tracking almost every American\'s every move online—and compiling and selling disturbingly targeted lists based on that spying, a new Senate Commerce Committee report concludes. That includes lists of rape victims, people suffering from ailments including HIV, AIDS, and dementia, and people with substance abuse problems, a privacy group said in a hearing yesterday, as per CNN. Mailing addresses for police officers and domestic violence shelters—the latter of which are usually protected by law—are also for sale, as are lists based on demographics and economics, including ""Ethnic Second-City Strugglers,"" and ""Rural and Barely Making It."" The World Privacy Forum urged Congress to act to ""remove unsafe, unfair, and overall just deplorable lists from circulation."" The Direct Marketing Association released a statement saying that while the lists are occasionally ""used to disparage certain groups,"" they represented a ""tiny minority"" of marketing products. Overall the committee looked at nine companies, some of which refused to explain how they got their data or who they sold it to, Gawker reports. One company admitted it had sold social security numbers and banking information to an alleged identity theft ring.']","  

The Senate Commerce Committee has released a report highlighting the alarming extent of data collection and sale by major data brokers, raising serious concerns about consumer privacy and the potential for misuse of personal information. The report, based on an investigation of nine major data companies, reveals that these firms are amassing vast amounts of highly personal data, including sensitive information such as medical conditions, financial details, and even personal behaviors. This data is being sold to third parties, including identity thieves, and is being used for targeted marketing and other purposes.  

The report details how companies like Acxiom, Experian, and Equifax collect and sell data on a massive scale, often without transparency or consumer consent. For example, Equifax was found to have data as specific as a consumer’s purchase of soft drinks or shampoo, their use of laxatives, and the number of OB/GYN visits they’ve had. Some data brokers are even selling lists of rape victims, people with HIV/AIDS, and individuals with mental health conditions, which can put these individuals at risk of further harm.  

The investigation also uncovered the sale of lists containing sensitive information such as the home addresses of police officers, domestic violence shelters, and individuals with addictive behaviors. These lists, if misused, could endanger lives or expose vulnerable populations to exploitation. Despite these findings, there are currently no comprehensive federal laws protecting consumer privacy in the data industry.  

Privacy advocates, including the World Privacy Forum, have called for stricter government regulations to address these issues. They argue that the current legal framework is inadequate and that lawmakers must take action to prevent the sale of highly sensitive data. Meanwhile, some data brokers, like Acxiom, have attempted to improve transparency through initiatives such as ""aboutthedata.com,"" but these efforts are often insufficient, as many consumers remain unaware of the data being collected about them.  

The Senate hearing, which followed a year-long investigation, has drawn strong criticism from lawmakers, including Committee Chairman John ""Jay"" Rockefeller, who called the findings ""a dark underside of American life."" He emphasized the need for greater oversight and transparency in the data industry. The Federal Trade Commission has also urged data brokers to increase transparency in their practices.  

Overall, the report underscores a growing crisis in data privacy, with powerful corporations collecting and selling deeply personal information without adequate safeguards. As the data industry continues to expand, the lack of legal protections leaves consumers vulnerable to exploitation, identity theft, and other harms. The call for stronger regulations and greater transparency has never been more urgent.",1392,532,a1a8c2073ee3adf93ab2fdfb6c5b9021787e2cf9ff80c7a3
multi_news,multi_news,"Now, write a one-page summary of all the news.

",Summary:,en,,1.0,"['Troops loyal to Moammar Gadhafi massacred some 150 detainees last week, according to volunteers who cleared charred bodies from the warehouse that had apparently served as the detainees’ prison. An escaped prisoner told his story to CNN: He and his brother were handcuffed and blindfolded for no apparent reason while out walking earlier this month. They were thrown into the warehouse with 60 others ages 17 to 70. The number inside quickly reached 175 as loyalists continued to imprison people. The detainees were given no food or water for days, said Muneer Own. Finally, the troops said they would set them free—but instead hurled a grenade at them and opened fire. About 25 people were able to escape, Own said; his brother apparently was not one of them. The mass of bodies was discovered when rebels eventually took over the area. Many remain unidentified, part of a growing number of prisoners whose whereabouts remain unknown, notes the Washington Post. Thousands—some of whom have been jailed for decades—could be in underground prisons or mass graves, rebels fear. Click through for one family’s story.']","  

The news passages provide a harrowing account of the human toll and suffering experienced during the conflict in Libya, particularly under the regime of Moammar Gaddafi. The conflict, which began as peaceful protests against Gaddafi’s rule, escalated into a full-scale war, resulting in widespread violence, displacement, and loss of life.  

One of the key stories is that of Faraj, a 25-year-old rebel fighter who disappeared during the battle on the eastern coast in March. His experience is emblematic of the many Libyans who went missing during the six-month-long conflict, with rebel leaders estimating that nearly 60,000 people had disappeared. Despite the rebels’ efforts to free prisoners, including the opening of Gaddafi’s prisons in Tripoli, only about 10,000 have been accounted for, leaving families in despair and fearing that thousands may still be held in underground prisons or mass graves.  

The story of Abdul Rauf, a man who was held for 48 days in the notorious Abu Salim prison, highlights the brutal conditions within Gaddafi’s detention system. He described being subjected to daily beatings, forced to share a small cell with 70 others, and surviving on minimal rations. His eventual release and reunion with his family marked a moment of both relief and emotional catharsis.  

Another tragic account comes from Muneer Masoud Own, a 33-year-old manual laborer who was detained by pro-Gaddafi forces and held in a warehouse with approximately 175 other prisoners. The conditions were deplorable, with no food or water for three days before the guards, under the pretense of releasing the prisoners, launched a brutal attack by throwing a grenade and opening fire. The result was the deaths of dozens, with many bodies left to rot in the warehouse and surrounding area. Muneer managed to escape, but his brother is presumed dead, and the bodies of many others remain unidentified, adding to the sense of loss and unresolved grief among the families.  

These stories collectively illustrate the immense human cost of the conflict in Libya. They underscore the brutality of Gaddafi’s regime, the suffering of those who were imprisoned, and the ongoing struggle for justice and closure for the families of the disappeared. As the conflict comes to an end, the challenge remains to uncover the fate of the missing and to provide answers to those who have waited in vain for news of their loved ones.",1196,532,d59d8c7d8e894fb70f061ed788ab0d0afbb6e7efab3795e7
multi_news,multi_news,"Now, write a one-page summary of all the news.

",Summary:,en,,1.0,"['Losing weight is one thing, keeping it off quite another. And now researchers are finding that among those with coronary heart disease (CHD)—which the Mayo Clinic reports develops from damaged or diseased blood vessels typically caused by blockage and inflammation—yo-yo dieting may dramatically increase the risk of stroke, heart attack, and death. Reporting in the New England Journal of Medicine, researchers say they followed nearly 10,000 men and women with CHD between the ages of 35 and 75 for about five years, monitoring changes in body weight and other health outcomes. The takeaway? ""It\'s important to lose weight, but this data says you have to keep it off,"" lead researcher Dr. Sripal Bangalore at the New York University School of Medicine tells the New York Times. The highest weight fluctuation was on average 8.6 pounds over five years, while the smallest body weight changes averaged closer to two pounds, reports Medical News Today. Those who were already overweight or obese at the beginning of the study and who experienced the highest level of weight fluctuation experienced 124% more deaths, 136% more strokes, and 117% more heart attacks, meaning these CHD patients were more than twice as likely to suffer these negative outcomes in just a few years than people with CHD whose weight only fluctuated two pounds. This doesn\'t pinpoint a cause, as pre-existing heart problems could be the culprit, but researchers hope to study this correlation further. (Yo-yo dieting is bad for women\'s hearts in general.)']","  

Recent studies have highlighted the significant health risks associated with ""yo-yo"" dieting—repeated cycles of weight loss and gain—particularly for individuals with coronary artery disease (CAD). A large-scale study published in *The New England Journal of Medicine* followed 9,509 men and women with stable CAD over a five-year period, tracking their weight changes and health outcomes. The research found that individuals with the highest weight variability had a significantly increased risk of adverse cardiovascular events. Specifically, they were 78% more likely to develop new-onset diabetes, 117% more likely to experience a heart attack, 136% more likely to have a stroke, and 124% more likely to die compared to those with the lowest weight fluctuations.  

The study, led by Dr. Sripal Bangalore of New York University School of Medicine, emphasized that while weight loss is beneficial for those with CAD, maintaining that weight is crucial. Many individuals struggle to keep weight off after initial success, which can lead to repeated cycles of weight loss and gain. The findings suggest that such fluctuations may exacerbate existing cardiovascular conditions, leading to more severe health consequences.  

Coronary artery disease, the most common form of heart disease in the U.S., occurs when plaque builds up in the coronary arteries, narrowing blood flow and increasing the risk of heart attacks and strokes. While lifestyle changes such as diet and exercise can help prevent and manage CAD, the study underscores the importance of avoiding weight fluctuations, especially for those already at high risk.  

Other research has also linked yo-yo dieting to increased mortality from heart disease, with some studies suggesting that the repeated stress of weight cycling may contribute to metabolic and cardiovascular damage. Although the current study is observational and cannot establish a direct cause-and-effect relationship, it raises important concerns about the long-term health impacts of weight cycling in individuals with pre-existing heart conditions.  

Dr. Bangalore and his team call for further research to better understand the mechanisms behind these associations and to develop strategies that help individuals maintain a stable, healthy weight. They also note that future studies should explore the role of gut microbiota in triggering yo-yo dieting, as this could offer new insights into the biological factors influencing weight management.  

In conclusion, the findings reinforce the importance of consistent, sustainable weight management for individuals with coronary artery disease. While weight loss is beneficial, the study highlights the dangers of weight cycling and the need for long-term strategies to support healthy weight maintenance.",1368,532,9836ad80b96e0be4f0ac7d88ccec4f9d884e9db61ab0cd17
multi_news,multi_news,"Now, write a one-page summary of all the news.

",Summary:,en,,1.0,"['A Texas woman was caught on surveillance video stealing a wedding ring off the finger of a dead woman Friday, the Odessa American reports. The body of Lois Hicks, 88, was in an open casket at Odessa\'s Sunset Funeral Home. The woman\'s family had just left the funeral home after a visitation service when a stranger parked outside, came in, and asked to use the restroom. Instead, the funeral home\'s manager says, she walked into the room with Hicks\' coffin, grabbed the ring off her finger, and left. Hicks\' daughter says some of her mother\'s skin was actually torn off during the theft. ""I can\'t believe someone would be that low,"" she says. The surveillance video captured the alleged thief\'s license plate, and the family is pressing charges. The incident is being investigated as a felony, KOSA reports. The suspect is described as a heavy-set white woman who was wearing a brown long-sleeved sweater, black sweat pants, and black sandals at the time; she drove off in a red or maroon four-door Saturn.']"," 

A disturbing incident occurred at Sunset Memorial Gardens & Funeral Home in Odessa, Texas, where a woman allegedly stole a wedding ring from the body of a deceased woman during a visitation service. The victim, Lois Hicks, had recently passed away at the age of 88. The theft took place on April 8th, when an unknown female entered the funeral home and removed the ring from Hicks’ left hand, tearing part of the skin in the process. The suspect is described as a heavy-set white female wearing a brown long-sleeve sweater, black sweat pants, and black sandals, and was seen fleeing the scene in a red or maroon 4-door Saturn.

The family of the deceased, including Vel McKee, daughter of Lois Hicks, reported the incident and shared video footage of the theft. The video shows the suspect entering the funeral home, asking for the restroom, and then approaching the casket. The family had left the funeral home for a short time before the theft occurred, and upon returning, they discovered the missing ring. The video footage has been released to aid in the investigation, and the family is considering pressing charges.

Odessa Police have confirmed the incident and are actively investigating. They have released higher-quality video footage of the suspect and have provided a description of the vehicle used in the crime. The police are urging anyone with information to come forward and contact either the Odessa Police Department or Odessa Crime Stoppers at 432-333-TIPS. 

This incident has shocked the community, as it represents a brazen and despicable act of theft against a grieving family. The funeral home manager, Bill Vallie, noted that while jewelry theft from the deceased is not uncommon, the manner in which this crime was committed was particularly shocking. He emphasized that this is the first such incident at the funeral home since its operation began in 1999. 

The family is still in mourning and is seeking justice for the loss of their mother’s wedding ring, which held deep sentimental value. They hope that the public will assist in identifying the suspect and bringing the perpetrator to justice. The case remains under investigation, and the police continue to seek any additional information that could lead to the arrest of the suspect.",989,532,775a1ae2423f47d7647839eba2ab883edce0226be80bc3fc
multi_news,multi_news,"Now, write a one-page summary of all the news.

",Summary:,en,,1.0,"['Drugs are likely to blame for the death of Finley Boyle, the 3-year-old Hawaii girl who died a month after going into cardiac arrest during a root canal at a Kailua dentist\'s office on Dec. 3, according to the official autopsy report. The report says the combination of sedatives and anesthesia Finley received during the procedure probably caused her death, the AP reports. The report noted that Finley was healthy, and ruled out any signs of an underlying heart condition or an allergic reaction. The medical examiner\'s office ruled the toddler\'s death an accident, and no charges have been brought against Dr. Lilly Geyer, KHON reports; however, Finley\'s family has filed a lawsuit claiming Finley was not monitored for 26 minutes while she was under sedation. Geyer\'s office has since shut down, but Geyer\'s attorney calls the Boyle family\'s allegations ""unproven."" (Meanwhile, a young mother in Hawaii is in a coma following wisdom teeth surgery.)']"," A 3-year-old girl from Kailua, Hawaii, named Finley Puleo Boyle, died in January 2014 after suffering a heart attack during a dental procedure at Island Dentistry for Children. The incident occurred on December 3, 2013, when she was undergoing a root canal and cavity fillings. According to the Honolulu Chief Medical Examiner, Dr. Christopher Happy, the girl's death was likely caused by the combination of sedatives and local anesthetics administered during the procedure. The medical examiner classified the death as an accident, noting that the child had no pre-existing heart conditions or allergic reactions to the drugs. The drugs given included Demerol, hydroxyzine, chlorohydrate, laughing gas, and lidocaine with epinephrine. The autopsy report indicated that the girl became unresponsive and went into cardiopulmonary arrest immediately after receiving the lidocaine injection.

Finley's parents, Ashley and Evan Boyle, filed a negligence lawsuit against the dentist, Dr. Lilly Geyer, and her office. The lawsuit alleges that the child was not properly monitored during sedation, with oxygen levels not checked for 26 minutes, and that no CPR was administered until someone had to call for help from another office. Dr. Geyer's attorney, John Nishimoto, has called the allegations ""unproven"" and declined to comment further due to the ongoing legal proceedings. 

Dr. Geyer had been licensed to practice dentistry in Hawaii since 2005, and there were no prior complaints against her or her practice at the time of the incident. In January 2014, new state rules were implemented to tighten oversight of dental sedation in Hawaii, following the incident. Despite the medical examiner's ruling of an accident, no criminal charges have been brought against Dr. Geyer. The case has raised concerns about the safety and regulation of sedation practices in pediatric dental care.",736,532,06cd46f7837045391d9579b1f09cc12e8cd8e5b14c440512
multi_news,multi_news,"Now, write a one-page summary of all the news.

",Summary:,en,,1.0,"['It\'s one of the most famous weather forecasts of the modern era, and it came out exactly 13 years ago to the day. That would be Aug. 28, 2005, one day before Hurricane Katrina devastated New Orleans. National Weather Service meteorologist Robert Ricks issued a forecast so dire that some news agencies thought it was a hoax, writes meteorologist James Spann in a tweet commemorating the Ricks forecast. As it turns out, Ricks was spot on. ""Most of the area will be uninhabitable for weeks…perhaps longer,"" he wrote. ""At least one half of well constructed homes will have roof and wall failure. All gabled roofs will fail…leaving those homes severely damaged or destroyed."" And this: ""Water shortages will make human suffering incredible by modern standards."" (Spann\'s tweet includes the full text.) The forecast has been credited with saving lives, and it is now in the Smithsonian Museum of American History, as noted by Slate on the 10-year anniversary. Ricks told Brian Williams of NBC News on Sept. 15, 2005, that he went through the warning line by line to verify each doomsday-sounding statement before making it public. He ended up removing nothing. ""I would much rather have been wrong in this one,"" he told Williams. ""I would much rather be talking to you and taking the heat and crying wolf. But our local expertise said otherwise. You know, \'Hey, let\'s gear up for the big one, this is going to be the big one.\'"" (Read about what JJ Watt\'s crowdsourced fundraiser accomplished in the wake of Hurricane Harvey.)']"," 

Ten years after Hurricane Katrina made landfall, meteorologist Robert Ricks, who was the forecast coordinator for the National Weather Service in Slidell, Louisiana, is still remembered for his bold and dire warning issued the day before the storm. On August 29, 2005, Ricks issued an extraordinary bulletin titled ""URGENT... SPECIAL MESSAGE,"" which warned of a powerful hurricane with unprecedented strength. The message predicted widespread destruction, including uninhabitable conditions for weeks, severe damage to homes, and catastrophic tree loss. Ricks also warned of water shortages that would lead to ""incredible human suffering by modern standards.""

This message, considered one of the most effective and dire weather forecasts ever issued by the National Weather Service, is now preserved in the Smithsonian Museum of American History, along with a rosary from Ricks’ grandmother, which he held during the storm. Ricks’ warning was part of a broader effort by the National Weather Service to improve communication during weather emergencies, using more emotionally resonant language to convey urgency.

Ricks, a lifelong resident of New Orleans and a native of the hard-hit Lower Ninth Ward, had personal experience with previous hurricanes, including Betsy and Camille. He emphasized that while he would have preferred to be wrong, the data and his professional judgment led him to issue the warning. Despite the accuracy of his forecast, the devastation that followed was heartbreaking, as many of his colleagues and neighbors were left without homes.

Today, Ricks remains at work, alongside co-workers who are still recovering from the storm. His story highlights the critical role of meteorologists in disaster preparedness and the emotional toll of issuing warnings that ultimately prove to be accurate. Ricks’ message serves as a powerful reminder of the importance of clear, urgent communication in the face of natural disasters.",1046,532,18e338848390140808eded1006b81aaa4159051658380680
multi_news,multi_news,"Now, write a one-page summary of all the news.

",Summary:,en,,1.0,"['Twitter has promised to take a look at its policies after some sickening abuse over her father\'s death forced Zelda Williams off the site. After she tweeted a touching tribute to her father, the grieving daughter received messages on Twitter and Instagram blaming her for her father\'s death, as well as images of her father Photoshopped to show bruises around his neck, Forbes reports. ""We will not tolerate abuse of this nature on Twitter,"" a Twitter exec said in a statement. ""We have suspended a number of accounts related to this issue for violating our rules and we are in the process of evaluating how we can further improve our policies to better handle tragic situations like this one."" Twitter says the changes will include ""expanding our policies regarding self-harm and private information, and improving support for family members of deceased users."" An activist who has worked with Facebook to help protect people facing online abuse says the site needs to do more to tackle persistent abusers. ""While I am truly sorry for what the Williams family is experiencing during this time, I am concerned that it takes an event like this to bring heightened attention to a problem that so many face every day,"" she tells the Washington Post. ""As is often the case, it is Williams, the target of abuse, and not her abusers, who\'s left Twitter,"" she adds.']","  

This summary compiles key points from three distinct news passages, each highlighting different aspects of social media usage, policy changes, and user experiences on platforms like Twitter.

The first passage introduces a new feature on Twitter that allows users to add location data to their tweets. This feature enables users to toggle location settings before posting and to manage their location history, including the option to delete it. This update reflects Twitter's ongoing efforts to enhance user control over personal data and privacy settings.

The second passage delves into a significant incident involving the bullying of Robin Williams' daughter, Zelda Williams, on social media platforms such as Twitter and Instagram. Following her father's death, Zelda became a target of online harassment, including messages blaming her for his suicide and altered images of him. This led her to temporarily leave the platforms. In response, Twitter announced plans to improve its policies, particularly regarding self-harm, private information, and support for families of deceased users. However, the passage also highlights the broader issue of online harassment, citing the experiences of Imani Gandy, a reproductive health journalist who faces persistent abuse due to her race, gender, and medical condition. Gandy's account illustrates the limitations of current Twitter tools in addressing such harassment, as well as the challenges users face in reporting and blocking abusive accounts. The article also mentions the need for more robust solutions, such as the third-party tool ""Block Together,"" which automatically blocks new accounts that engage in harassment. Experts like Soraya Chemaly argue that Twitter's commitment to free speech may be hindering its ability to effectively protect users from harassment, emphasizing the need for stronger community protections.

The third passage provides a brief historical note about Alexa Internet and its ongoing contribution to the Internet Archive. Since 1996, Alexa has been donating its web crawl data to the Wayback Machine, allowing for the preservation of web content over time. This highlights the importance of digital archiving in maintaining a record of the internet's evolution.

In conclusion, the news passages collectively underscore the evolving landscape of social media, from new user features to the persistent challenges of online harassment and the need for improved platform policies. They also touch on the broader implications of digital archiving in preserving internet history.",1200,532,fac3398343e3cb6e8f80ca413eb16ade6f02441d3a7e9fdd
multi_news,multi_news,"Now, write a one-page summary of all the news.

",Summary:,en,,1.0,"['Australian DJs Michael Christian and Mel Greig have broken their silence on their royal prank call gone horribly wrong, reports the Guardian, tearfully telling an interviewer that they\'re ""shattered, gutted, heartbroken"" over the death of nurse Jacintha Saldanha. ""No one could\'ve imagined this to happen,"" Christian said. ""Naturally, we\'re shattered. We\'re people, too."" ""There\'s not a minute that goes by that I don\'t think about what (Saldanha\'s) family is going through, and the thought that we may have contributed to it is gut-wrenching,"" says Greig. The DJs meant no harm, adds Christian: ""At every single point it was innocent on our behalf."" Innocent or not, Greig and Christian ""will not return to the airwaves until further notice,"" says parent company Southern Cross Austereo, which has also axed their show, halted all prank calls, and nixed ads amid an internal review, CNN reports. But the station is doubling down on its decision to air the prank, saying that it had tried to contact King Edward VII\'s Hospital no fewer than five times to talk about the recording before airing it. ""It is absolutely true to say that we actually did attempt to contact those people on multiple occasions,"" says Southern Cross\' CEO. It\'s not clear if the hospital responded, notes the AFP, but it has mounted a withering assault against the station in the aftermath of Saldanha\'s death.']"," 

In a tragic incident that sparked global outrage, Australian radio hosts Mel Greig and Michael Christian, known for their prank call to a London hospital where the Duchess of Cambridge, Kate Middleton, was receiving treatment, have been at the center of a major controversy. The prank call, which they made impersonating Queen Elizabeth II and Prince Charles, was recorded and later broadcast by their station, 2Day FM. The call was answered by nurse Jacintha Saldanha, 46, who was working at King Edward VII Hospital. Saldanha, who was a mother of two, was found dead shortly after the call, and while the cause of death is still under investigation, it has been reported that she may have taken her own life.

The incident has led to widespread condemnation, with many calling for stricter regulations on media content. The Australian radio station, owned by Southern Cross Austereo, has since suspended all prank calls, canceled the show hosted by Greig and Christian, and halted all advertising on the station. The company has also initiated a comprehensive review of its policies and procedures. The station's CEO, Rhys Holleran, expressed deep regret over the incident and stated that the company does not believe the broadcast violated any laws or regulations.

Greig and Christian have publicly apologized, expressing their remorse and offering their deepest sympathies to Saldanha's family. They have been in hiding and undergoing counseling since the incident. Both have spoken about the emotional toll of the event, with Greig stating that she has not stopped thinking about Saldanha since the tragedy occurred. Christian described the situation as a ""tragic turn of events"" that no one could have predicted.

The hospital where Saldanha worked has also issued a strong condemnation of the prank call, calling it ""truly appalling."" The hospital's chairman, Simon Glenarthur, criticized the radio station for its actions, stating that the incident not only humiliated the nurses but also had long-term consequences that are ""tragic beyond words.""

The Australian Communications and Media Authority (ACMA) has not yet commented on the case, but it has indicated that it will be engaging with the station to discuss the incident. Meanwhile, the British Metropolitan Police have confirmed that they are investigating the matter, though they have not disclosed details of their inquiries.

Saldanha's family has requested privacy and has directed questions to the police. They have expressed their deep sorrow over the loss of their loved one, who was described as an ""excellent nurse"" and well-respected by her colleagues. The hospital has stated that it has been supporting Saldan",3531,532,93e8810d0a734c54479486a4b3e62b5037a567e1798bb611
multi_news,multi_news,"Now, write a one-page summary of all the news.

",Summary:,en,,1.0,"['She wasn\'t a Target employee, but a woman who sure seemed like one allegedly made off with around $40,000 worth of iPhones from a Virginia store. NBC Washington reports Fairfax County cops are looking for the retail impostor, who they say donned attire resembling a worker\'s getup, waltzed into the stockroom of the Alexandria location with a box, and loaded the box with dozens of iPhones before taking off. WTOP reports the woman, whose image was caught on tape, seemed to be familiar with how things worked at the store, including employee hours and where the iPhones were stored. Police say the theft occurred March 15, but posted about it on Facebook Monday with a call to ""help us nab an iPhone thief."" (Target recently had a Boston problem.)']","  

Fairfax County police are actively searching for a woman suspected of impersonating a Target employee and stealing over $40,000 worth of iPhones from a store located at 6600 Richmond Highway in Alexandria, Virginia. The incident occurred earlier this month, and the suspect gained access to the stockroom by posing as a legitimate employee.  

According to police, the woman was familiar with the store's procedures, employee hours, and the specific location of the iPhones within the stockroom. This knowledge allowed her to navigate the store undetected and place the stolen devices into a box before leaving the premises. Surveillance footage, released by the police, shows the suspect exiting the store and getting into a Volvo station wagon.  

Detectives have confirmed that the woman is not an actual employee of Target and that she used deception to carry out the theft. Surveillance cameras captured images of the suspect, and police are urging anyone with additional information to contact them at 703-691-2131.  

The case highlights the importance of security measures in retail environments and the potential risks posed by individuals who exploit their appearance to gain unauthorized access to restricted areas. As the investigation continues, authorities are working to identify and apprehend the suspect, who remains at large.  

This incident serves as a reminder of the need for heightened vigilance in stores and the value of employee training in recognizing and preventing such fraudulent activities.",438,532,d80c94e46a531d82db264ffd18fd03828a7069b78b87c00a
multi_news,multi_news,"Now, write a one-page summary of all the news.

",Summary:,en,,1.0,"[""Apparently there are places even South Park fears to tread. After getting a death threat from the jihadist website RevolutionMuslim.com, the show pulled the prophet Mohammed out of this week's episode, bleeping out all mention of his name, putting “censored” banners over parts of the episode and, where necessary, replacing him with Santa Claus in a bear suit, the Huffington Post reports. Here's the deal: last week's episode (which you can see a clip of here) mocked the taboo against showing the prophet Mohammed, having him show up first hidden inside a U-Haul, and then inside a bear costume. This week's episode was to continue that story. It's unclear whether the extra censorship is intended to appease the irony-challenged folks at RevolutionMuslim or mock them. South Park, incidentally, has tackled the issue before, and even depicted Mohammed on screen once with impunity.""]","  

This summary provides an overview of two distinct news passages, each covering different topics.  

The first passage discusses the long-standing contribution of Alexa Internet to the Internet Archive. Since 1996, Alexa has been donating its crawl data to the Internet Archive, a nonprofit organization dedicated to preserving digital content. This data is continuously added to the Wayback Machine, a digital archive of the internet, after a specified embargo period. The Wayback Machine allows users to access historical versions of web pages, providing a valuable resource for researchers, historians, and the general public. The ongoing collaboration between Alexa Internet and the Internet Archive highlights the importance of data preservation in the digital age, ensuring that internet content remains accessible for future generations.  

The second passage is a fictional story titled ""Cartoon Wars Part I,"" which features characters from the animated series *South Park*. In this storyline, the characters Cartman and Kyle are engaged in a conflict over the popular cartoon ""Family Guy."" The conflict escalates when the show's creators announce that an episode will feature an image of the prophet Muhammad, prompting the network to consider banning the episode. Cartman, seeing this as an opportunity, plots to have ""Family Guy"" removed from the air permanently. In response, Kyle and Cartman embark on a cross-country race to Hollywood, with the outcome of the race determining the fate of the show. The story blends humor with themes of censorship, free speech, and the power of media, reflecting the satirical tone often associated with *South Park*.  

In summary, the first passage highlights the importance of digital archiving and data preservation, while the second passage offers a fictional narrative that explores contemporary issues through the lens of animated characters. Together, they represent a range of topics, from technological contributions to cultural commentary, illustrating the diverse nature of news and media content.",258,532,0c21154627a66c4d1637d693dd17d1faabac04bc69badcd0
multi_news,multi_news,"Now, write a one-page summary of all the news.

",Summary:,en,,1.0,"['Following North Korea\'s most powerful weapons test yet on Sunday, a South Korean lawmaker tells CNN his country\'s intelligence service believes the North has an intercontinental ballistic missile (ICBM) on the move. Things get pretty vague beyond that: He didn\'t know the method of transport or when the movement was noticed. But Reuters does pick up some alleged details on those fronts, via an unnamed source quoted by South Korea’s Asia Business Daily. Its source says the ICBM started moving Monday, is only being moved at night, and is headed toward the nation\'s west coast. Reuters notes there\'s some likelihood that another test could come on or around Saturday: Sept. 9 is the country\'s founding day holiday. CNBC notes North Korea conducted a nuke test on Sept. 9, 2016. Two more details that allegedly came from the South\'s National Intelligence Service briefing: word that additional tunnels have been dug out at the North\'s nuclear test site that would facilitate future detonations, and suspicions that the next ICBM test firing might be directed toward the North Pacific but aimed at a lower angle, which would in theory allow it to fly further than previous tests, which had more of an upward trajectory. Meanwhile, the White House tells Reuters it has given ""in-principle approval"" to a request by South Korean President Moon Jae-in to abolish a limit regarding warhead weights, a move that would strengthen the power with which it could attack the North, if necessary. Meanwhile, Vladimir Putin on Tuesday gave his take on the situation: North Korea ""will eat grass but will not give up the (nuclear) program if they don\'t feel safe.""']","  

Recent news highlights a period of heightened tension on the Korean Peninsula, marked by North Korea's continued nuclear and missile activities, as well as the responses from South Korea, the United States, and other international actors.  

North Korea is believed to be moving an intercontinental ballistic missile (ICBM), according to a South Korean lawmaker briefed by the National Intelligence Service (NIS). The exact timing, direction, and method of transport remain unclear. This follows North Korea's sixth nuclear test on Sunday, which experts say was the most powerful ever conducted by the country. North Korean state media claimed the test involved a hydrogen bomb, which could be mounted on a long-range missile capable of reaching the United States. However, experts note that verifying the successful pairing of a nuclear warhead with an ICBM is nearly impossible without a live test.  

In response to the nuclear test, South Korea's Navy conducted live-fire drills off the east coast of the Korean Peninsula, signaling readiness to counter any potential North Korean provocation. The South Korean military has been conducting joint exercises with the Air Force and Army, demonstrating a unified stance against North Korean aggression.  

At the United Nations, U.S. Ambassador Nikki Haley called for strong sanctions against North Korea and urged a resolution to address the country's nuclear program. Meanwhile, South Korean lawmakers were informed that North Korea may soon test-fire an ICBM toward the North Pacific, potentially at a lower angle than previous tests. Additionally, intelligence reports suggest that North Korea has been digging new tunnels at its nuclear test site, raising concerns about the possibility of another test.  

Despite the ongoing tensions, South Korean President Moon Jae-in and U.S. President Donald Trump agreed to lift restrictions on the payload weight of South Korea's ballistic missiles during a phone call. However, signs of a growing rift between the two leaders have emerged, with Trump criticizing South Korea for what he perceives as excessive appeasement toward North Korea. Moon, on the other hand, has long advocated for diplomacy and dialogue with North Korea, a stance that has put him at odds with Trump's more confrontational approach.  

Meanwhile, South Korea's President Moon and Japan's Prime Minister Shinzo Abe are set to attend an economic summit in Vladivostok, Russia, alongside Russian President Vladimir Putin. Putin has called for an end to North Korea's nuclear tests but emphasized the need for dialogue. He also criticized the effectiveness of sanctions, suggesting that they fail to deter North Korea's nuclear ambitions.  

Looking ahead, analysts warn that North Korea may test another ICBM on September 9, the country's founding day, following a similar test in",1277,532,aaedc4c55373ce5ed84ada218f9aac1eadb5256699622f19
multi_news,multi_news,"Now, write a one-page summary of all the news.

",Summary:,en,,1.0,"['Sheriff\'s deputies shot and killed a 6-year-old boy Thursday in Texas, WOAI reports. Bexar County Sheriff Javier Salazar says four deputies opened fire on 30-year-old Amanda Jones, a suspected car thief, after they ""cornered"" her outside a mobile home occupied by Kameron Prescott and his family in the town of Schertz. One of the bullets went through the mobile home and hit Kameron in the abdomen. According to CNN, Salazar says deputies performed first aid on the boy, but he was pronounced dead at the hospital. Jones was also killed. ""The deputies are, of course, understandably shaken up,"" Salazar says. He says the shooting is under investigation, but in his opinion the boy\'s death is ""a tragic accident."" Salazar says one deputy is ""adamant"" he saw Jones with a gun and that she threatened to shoot him. He says Jones threatened both police and Kameron\'s family, who didn\'t know her, just before deputies opened fire. But investigators haven\'t been able to locate a gun despite the use of a helicopter and dive team. Salazar says they have found a pipe with Jones\' blood on it near the scene of the shooting. One deputy at the scene was wearing a body camera, but he blocked it with his rifle during the shooting. Meanwhile, Kameron is being remembered by those who knew him. ""Kameron was a ball of energy, happy, smart, and could strike up a conversation with anyone,” school counselor Maria Morales tells KSAT. “He also had a great sense of humor and caring heart.""']"," A Tragic Deputy-Involved Shooting in Schertz, Texas

In Schertz, Texas, a tragic deputy-involved shooting has left a 6-year-old boy, Kameron Prescott, and a suspect, Amanda Lene Jones, dead. The incident, which occurred on Thursday, has shocked the local community and raised questions about the use of force by law enforcement.

According to Bexar County Sheriff Javier Salazar, the shooting took place during a two-hour manhunt for Jones, a 30-year-old woman with a history of felony arrests, including car theft and drug possession. Deputies were initially called to a report of a stolen vehicle and encountered Jones, who they believed was armed. She fled the scene and was later found in a wooded area, where she was pursued by officers. Jones was then discovered at a mobile home park, where she had broken into a house and threatened the occupants, including Kameron Prescott.

During the confrontation, Jones allegedly told a deputy, ""I have a weapon, I'm gonna shoot you."" The deputy pursued her into the woods, and after losing sight of her, called for backup. Jones was eventually found on a porch, where she was confronted by five deputies. She again threatened to shoot them, and the deputies, fearing for their lives, fired multiple shots. One of the bullets struck Kameron in the abdomen, leading to his death at the hospital.

Sheriff Salazar described the incident as a ""tragic accident,"" stating that the deputies followed protocol and believed they were in direct danger. A dark-colored object with Jones' blood on it was found near her body, and investigators are still searching for a possible weapon. Video footage from a body camera and helicopter footage was released, though the exact moment of the shooting was not captured due to the officer's position.

The community has been deeply affected by the tragedy. Kameron, a first-grader at Wiederstein Elementary School, was described by his teacher, Shanda Ince, as a ""kind-hearted"" and ""loving"" child who brought joy to everyone he met. The school district has expressed its condolences and has established a memorial fund to support Kameron's family.

The four deputies involved in the shooting have been placed on administrative leave, and the local district attorney is conducting an investigation. The incident has sparked discussions about the use of force by law enforcement and the need for transparency and accountability in such cases. As the community mourns the loss of Kameron, efforts are being made to honor his memory and support his family during this difficult time.",2048,532,b291e27b2c82d5b18bd19a93bfa5571ab5284fc5f3c6d107
multi_news,multi_news,"Now, write a one-page summary of all the news.

",Summary:,en,,1.0,"['A judge in Florida has allowed a vegan mom who defied a doctor\'s orders to regain custody of her infant son, reports WFTV. The strange case began in June when police in Casselberry charged Sarah Markham with neglect and took away 2-week-old Caleb. The charges came after a pediatrician diagnosed Caleb as dehydrated and underweight, and told Markham to take him to the hospital immediately, recounts WKMG. Instead, Markham bought soy formula to supplement her breast milk. When she didn\'t show up at the hospital, police came to her house, and she told them she wanted a second doctor\'s opinion and stressed that she did not want her son getting formula from animal products. Today, a Seminole County judge granted her custody again with the provision that she provide a nutritionist\'s report in 10 days. ""There\'s no case, there\'s no abuse, there\'s no neglect—there\'s simply a doctor who has been challenged by a mother, and he didn\'t like it,"" says Caleb\'s grandfather, Bo Markham. The child has been with his grandparents since he was taken out of his mother\'s care, and now weighs about 17 pounds. ""He\'s still on a soy formula,"" says Bo Markham. The criminal neglect charges are still pending, though Sarah Markham\'s attorney—Mark O\'Mara, who defended George Zimmerman—says he expects they will be dismissed now. (PETA wants an Indiana sheriff to feed an alleged cannibal a vegan diet.)']"," A Seminole County mother, Sarah Markham, has been at the center of a controversial case involving her newborn son, Caleb. The situation began when a doctor diagnosed Caleb with dehydration and weight loss, urging Markham to take him to the hospital immediately. However, Markham, a vegan, refused to comply, citing her belief that animal products should not be used on her child. Instead, she opted for a soy-based formula from Whole Foods, believing it to be safe and suitable for her newborn.

Markham's refusal to take Caleb to the hospital led to her arrest on charges of child neglect. Police were called after a tip was received through the Florida State Hotline for child abuse. When officers arrived at her home, they found her uncooperative and unwilling to comply with their requests. After a locksmith was used to gain entry, Markham was interviewed and claimed she had sought a second opinion from a ""vegan"" or ""natural"" doctor. However, she could not provide the name or details of the physician, raising concerns about the validity of her claim.

Caleb was taken to the hospital and placed in state custody. Markham was later released on bail and has since bonded out of jail. Despite the initial arrest, the case has seen a reversal. In a recent court hearing, a Seminole County judge ruled in favor of Markham, granting her custody of Caleb with the condition that she provide a nutritionist's report within 10 days. The judge found no evidence of neglect or abuse, stating that the case was simply a disagreement between a mother and a doctor.

Markham's attorney, Mark O'Mara, expressed hope that the criminal case against her would be dismissed. The family has since been reunited, with Caleb now weighing 17 pounds and reportedly thriving on a soy-based formula. The case has sparked a broader discussion about the intersection of personal beliefs, medical advice, and child welfare, highlighting the complex nature of parental rights and responsibilities.",1292,532,56b04e68a1831f7022c05c0813687ac156f795123ecf1b84
multi_news,multi_news,"Now, write a one-page summary of all the news.

",Summary:,en,,1.0,"['Britney Spears\' father, Jamie, has been in charge of her since she was placed under conservatorship in 2008, and he thinks it\'s about time for a raise, Radar reports. ""I continue to perform services to protect and care for Britney’s person and to administer her estate in good faith and in her best interests. I continue to have significant oversight duties relating to her visitation with her children,"" he writes in a new petition to the court. In addition to the $16,000 he gets for those duties per month, he also gets $1,200 for office rent, and he wants that amount bumped to $2,000, plus $7,200 in back pay for the increased rent he\'s paid since last year. Brit is apparently also under strict control when it comes to interviews. She\'s been promoting her upcoming Vegas residency, and her handlers told radio interviewers that during the five-minute interviews, they could only ask about Vegas or Britney\'s new album or single, sources tell the New York Daily News. ""So everyone is clear,"" the stations are being informed, ""no personal questions and no funny business."" But apparently the interviews still aren\'t going well: One was pulled entirely after DJs deemed it ""a one-sided conversation,"" and during another, the hosts needed to ask a distracted Spears one of their questions twice.']","  

This week’s news highlights a range of celebrity updates, legal matters, and cultural happenings. Britney Spears continues to be in the spotlight, with her handlers closely managing her public appearances and interviews. Her team has set strict guidelines for radio interviews, limiting topics to her Las Vegas residency, new single, and album. Despite these rules, some interviews have turned into awkward or unproductive exchanges, with one Houston radio segment being pulled due to its lack of entertainment value. There are also rumors that Spears may be lip-syncing during her Vegas shows, though she has denied this. Additionally, behind-the-scenes footage of her “Work Bitch” music video suggests digital editing to alter her appearance.  

Meanwhile, Britney’s legal situation remains ongoing. Her father, Jamie Spears, has been her conservator since 2008 and is now seeking a raise in his monthly compensation. He is requesting an additional $800 per month for his office rent and an increase in the amount he can spend on office expenses. Jamie argues that his role involves managing Britney’s business affairs, including her upcoming concert series at Planet Hollywood, which will keep her under his control for at least two more years.  

Other celebrity news includes Martha Stewart’s comments on cleanliness and her dating life, as well as Beyoncé’s recent Instagram post featuring a photo of her and her daughter Blue Ivy. Charlie Hunnam, star of *Sons of Anarchy*, has been avoiding public appearances due to backlash over his decision to leave *50 Shades of Grey*. Meanwhile, Arnold Schwarzenegger, Sylvester Stallone, and Jim Caviezel were spotted together in New York, and Elvis Duran and Eric Trump are participating in a charity walk to support St. Jude Children’s Research Hospital.  

The Off-Broadway musical *Bayside! The Musical!*, a parody of *Saved by the Bell*, has been extended due to its unexpected popularity. Other celebrity sightings include Rod Stewart and the Arctic Monkeys dining at a New York restaurant, A$AP Rocky and model Chanel Iman at a London hotspot, and celebrity chefs Bobby Flay and Guy Fieri cooking for a charity event.  

Overall, the news reflects a mix of personal, professional, and legal updates from a variety of high-profile individuals, showcasing the ongoing lives and careers of today’s celebrities.",1845,532,33e27e6e0cb58aa828cba57977ac39767855f3dfe1addfb2
multi_news,multi_news,"Now, write a one-page summary of all the news.

",Summary:,en,,1.0,"[""Snapchat found itself with a marketing sensation on its hands late last year when it began selling funky-looking sunglasses called Spectacles. The trick is they allow users to record quick videos and photos and send them directly to their Snapchat accounts, but the catch was they were available only through vending machines that would turn up in random locales or through a now-shuttered pop-up store in Manhattan, notes New York. Now, however, parent company Snap is selling them online at Spectacles.com for $129. Just how crazy did demand get? CNBC notes that the glasses were selling for up to $5,000 on secondary markets, adding that its own reporters stood in line for 18 hours to get them. (There's a limit of six per household for the new online purchases.) Snap has said the glasses haven't been big money-makers, but TechCrunch thinks the new move is designed to show prospective IPO investors that they could be. The vending machines will go on hiatus for awhile, but they're expected to resurface eventually.""]","  

Snap Inc. has made a significant move by making its Spectacles available for purchase online in the United States, marking a shift from its previous limited distribution strategy. The $130 sunglasses, which allow users to record circular videos and post them directly to Snapchat, were previously only available through vending machines and a pop-up store in New York City. This new online availability aims to make the product more accessible to a broader audience, especially those who were unable to locate a Snapbot or visit the physical store.  

The change in distribution strategy comes as Snap prepares for its upcoming initial public offering (IPO). The company has emphasized the importance of proving to investors that Spectacles can generate revenue, not just serve as a brand promotion. While the product has not yet generated significant income, Snap hopes that increased sales and broader adoption will help support its financial goals.  

Despite the limited success in generating revenue, Spectacles have been well-received by users. The unique circular video format has become a key feature that differentiates Snapchat from its competitors, such as Instagram. Users have generally expressed satisfaction with the product, though there have been some issues, such as a charging case that melted.  

Snap’s decision to sell Spectacles online also reflects a strategic effort to avoid the negative stigma associated with wearable technology like Google Glass. By initially targeting its most dedicated fans and using a limited release approach, Snap was able to create buzz and maintain a sense of exclusivity. Now, with the product more widely available, the company hopes to expand its user base and encourage more content creation on the Snapchat platform.  

The move to online sales also comes with new restrictions, including a limit of six pairs per household and a two to four-week shipping time. Additionally, Snap is no longer selling charging cases and cords on Amazon, instead offering them directly through its website.  

While the company acknowledges that the Spectacles launch has not yet turned a profit, it remains optimistic about the product’s potential. With the recent IPO filing revealing a $514.6 million loss last year, Snap is under pressure to demonstrate financial viability. The success of Spectacles could play a crucial role in bolstering investor confidence and supporting the company’s long-term growth strategy.  

In conclusion, the shift to online sales for Spectacles represents a strategic evolution for Snap, balancing brand innovation with financial responsibility. As the company continues to explore new product lines, the success of Spectacles will be closely watched as an indicator of its ability to generate sustainable revenue in the wearable technology space.",1089,532,1fb2491dae07f8c4874240e388bc27c7061b49911f56ba9a
multi_news,multi_news,"Now, write a one-page summary of all the news.

",Summary:,en,,1.0,"['The seven men accused of the 2014 hazing of a SUNY Albany student that caused his death are already in trouble with the school and the police. Now they\'ve got a new problem on their hands: a lawsuit set to be filed by the fraternity whose name they apparently appropriated. Zeta Beta Tau\'s national office says the ""rogue"" group of SUNY Albany students charged in the death of 19-year-old Trevor Duffy used the frat\'s name without authorization and isn\'t linked to the actual recognized chapter on campus, NBC News reports. ""Zeta Beta Tau is retaining counsel for the purposes of filing suit against these individuals who falsely represented themselves, deceiving the public and damaging the otherwise exceptional reputation of our Fraternity,"" a fraternity statement reads, per News10. Duffy died after allegedly being made to consume nearly half a gallon of vodka in a case that made headlines; his BAC was seven times the legal limit, notes NBC. The national fraternity says its intellectual property—including its name, the ZBT initials, and other materials—are protected under copyright rules, WRGB reports. That means anyone who falsely claims to be affiliated with the frat is fair game for legal action, a move the attorney for one of the accused says he\'s baffled by. ""It\'s certainly novel, and I\'m not sure why they\'d take that step,"" the lawyer for Joseph Angilletta, one of two men arrested just last week in the case, tells the station. ""Clearly one aspect here is they seem to want to distance themselves from this tragic event."" (Five Baruch College frat members may face up to 20 years behind bars for allegedly taking part in the ""glass ceiling."")']","  

In 2014, a tragic hazing incident at the University at Albany resulted in the death of student Trevor Duffy. Seven men have been charged in connection with the incident, which allegedly involved forcing Duffy to drink a 60-ounce bottle of vodka, leading to his death. The men are accused of being part of a rogue group that falsely claimed affiliation with the Zeta Beta Tau (ZBT) Fraternity.  

The ZBT Fraternity, which was founded in 1898 in New York City and has chapters on over 90 campuses across North America, has denied any connection to the group involved in the incident. In a formal statement, the fraternity clarified that the accused individuals were not members of the recognized Epsilon Gamma chapter at the University at Albany. The fraternity has retained legal counsel to file a lawsuit against the individuals, alleging that they misrepresented their affiliation with ZBT, thereby damaging the fraternity’s reputation.  

The fraternity emphasized that its name, symbols, slogans, and materials are protected by U.S. copyright and trademark laws. Unauthorized use of these elements, including falsely representing oneself as a member of the fraternity, could result in legal action.  

Legal representation for one of the accused, Joseph Angilletta, is being handled by attorney Paul DerOhannesian. He noted that the fraternity’s decision to sue is unusual and that the case raises new legal challenges. While the details of the accused’s defense remain unclear, the fraternity’s lawsuit underscores the seriousness with which it is treating the misuse of its name and the potential legal consequences for those who engage in such behavior.  

This case highlights the ongoing issue of hazing in collegiate fraternities and the legal and reputational risks associated with misrepresentation. The ZBT Fraternity’s response reflects a broader effort to protect its identity and ensure that its members and chapters are held to high standards of conduct.",968,532,b2c280c5ff87004e00fb7dcdfd0cf4d4d8fc01572fc61a7e
multi_news,multi_news,"Now, write a one-page summary of all the news.

",Summary:,en,,1.0,"['Elon Musk wasn\'t blowing smoke. The BBC reports on a three-sentence statement issued by six of Tesla\'s nine board members saying the board had ""met several times over the last week"" to discuss Musk\'s proposal to take the company private, which he announced via an unexpected tweet Tuesday. The talks ""included discussion as to how being private could better serve Tesla\'s long-term interests"" and the statement ends by saying the board ""is taking the appropriate next steps to evaluate this."" The three board members who did not sign the statement are Musk, brother Kimbal Musk, and a board member who is on leave, reports the Wall Street Journal. At MarketWatch, Steve Goldstein flags some unresolved points: The statement didn\'t elaborate on Musk\'s claim of ""funding secured"" and raised but didn\'t answer a question of timing. ""\'Last week\' predates Tesla\'s filing on Monday of its 10-Q with the Securities and Exchange Commission, which didn\'t mention such discussions. News of a takeover would certainly be considered material,"" he writes. Shares of Tesla are currently down about 1%.']","  

Elon Musk’s unexpected tweet announcing his intention to take Tesla private has sparked significant debate and scrutiny. The proposal, which would value the company at over $70 billion, has led to a flurry of activity among Tesla’s board of directors, who have begun evaluating the possibility. According to a statement from six of Tesla’s nine board members, the company has met several times in recent weeks to discuss the potential move. The board members acknowledged that the discussion included how going private could better serve Tesla’s long-term interests and addressed the funding required for such a transaction. However, the statement did not confirm whether the board has approved the plan or is satisfied with Musk’s proposed funding structure.  

Notably, two board members—Steve Jurvetson and Kimbal Musk—did not sign the statement. Jurvetson, a venture capitalist, has been on leave from Tesla following allegations of sexual harassment, while Kimbal Musk, Elon’s brother, has been critical of the proposal. The board’s lack of a clear response has raised questions about the legitimacy of Musk’s claim that funding for the buyout is “secured.”  

The timing of the announcement has also drawn criticism. Musk revealed his plan via a social media post, bypassing the usual process of formal disclosure to investors and regulatory authorities. This has led to concerns about transparency and compliance with securities laws. Legal experts have pointed out that while companies can use social media for announcements, they are typically required to file a regulatory disclosure simultaneously. The lack of such a filing has raised questions about Musk’s intent and whether the proposal is genuine or a strategic move to influence the stock price.  

Tesla’s stock has experienced significant volatility in response to the news. Shares initially surged by over 11% following Musk’s tweet but later dropped more than 1% after the board’s statement. The stock has risen by 21% this year, outperforming major market indices, despite ongoing short selling pressure.  

Musk has defended the proposal, arguing that being a public company subjects Tesla to “wild swings” in stock price and the pressures of quarterly earnings cycles. He also claimed that Tesla is the most shorted stock in history, making it vulnerable to attacks from investors who bet against the company. However, critics, including financial experts, have questioned the feasibility of the plan, particularly given Tesla’s current financial state. The company has not yet turned a profit and is cash-flow negative, making it difficult to secure the necessary funding for a private buyout.  

Regulators, including the U.S. Securities and Exchange Commission (SEC), have already begun investigating the matter. The structure of the",1589,532,6b8491517bafcca99ef3f76092c43d19d5d36405219ef6f4
multi_news,multi_news,"Now, write a one-page summary of all the news.

",Summary:,en,,1.0,"['Guess who\'s back? Serena Williams. And she made sure her return to the tennis court Tuesday was a stylish one, the Miami Herald notes, tweeting a picture of herself in a hot pink body suit. ""Look who I spotted on the court. Her first day back,"" Williams wrote. She hadn\'t played since July thanks to health problems; click here to catch up on what\'s been going on. Her agent says Williams is ""progressing well"" and has the OK from doctors to do light cardio, but still has not set an exact date for her return to the WTA Tour.']","  

This week in tennis, several notable developments have taken place across the sport, highlighting both the return of a legendary player and the challenges faced by others.  

Serena Williams, one of the greatest players in tennis history, has made a significant comeback after a prolonged absence. The 13-time Grand Slam champion, who had not played since July due to a combination of injury and illness, returned to training in Palm Beach Gardens. Her return was marked by a social media post featuring a photo of her serving in a hot pink body suit, signaling her re-entry into the sport. Williams, who had undergone an emergency procedure for a pulmonary embolism in February, is still on blood thinners and has avoided long flights. While her exact return to competition remains uncertain, her agent, Jill Smoller, noted that she is progressing well and will return when she feels ready, likely at Wimbledon or the U.S. Open.  

Williams’ absence was partly due to a foot injury sustained in Germany, which required two surgeries and kept her out of action for much of the fall and winter. Her recovery has been complicated by the blood clots, which were discovered after a flight from New York to Los Angeles. Despite her current status, Williams remains ranked No. 10 in the latest rankings and has not officially withdrawn from the French Open, though her return is expected to be later in the year.  

Meanwhile, world No. 2 Kim Clijsters also faced a setback, suffering a severe ankle injury during a fall at her cousin’s wedding while wearing high heels. The Belgian player sustained a significant ligament tear and will require at least four to six weeks of recovery, likely keeping her out of the French Open.  

In a more positive development, 23-year-old Ryan Sweeting of Fort Lauderdale made history by winning his first ATP title at the U.S. Clay Court Championship in Houston. Entering as a wild card, Sweeting defeated top-seeded Kei Nishikori in a hard-fought match, improving his ranking from No. 93 to No. 71. His victory was celebrated with a traditional pool jump, a long-standing tournament tradition. Sweeting, who was born in the Bahamas and moved to Florida at age 12, had previously lost to Nishikori in Delray Beach earlier this year.  

On the junior and national team front, the U.S. Fed Cup team will rely on two young talents, 18-year-old Christina McHale and 19-year-old Melanie Oudin, in a crucial world group playoff in Germany. McHale",770,532,cad98a082a403a4d23b00bd658ebe9da5d5492c0b7aee6a2
multi_news,multi_news,"Now, write a one-page summary of all the news.

",Summary:,en,,1.0,"['Watch out for stars moving across galaxies or losing power—it could be aliens gathering energy before the lights go out. Dan Hooper, an astronomy and astrophysics professor at the University of Chicago, posted a paper in the preprint journal arXiv.org arguing that aliens in far-off galaxies may be sucking energy from stars to offset risks posed by an expanding universe, LiveScience reports. ""The presence of dark energy in our universe is causing space to expand at an accelerating rate,"" writes Hooper. ""As a result, over the next approximately 100 billion years, all stars residing beyond the Local Group [of galaxies including the Milky Way] will fall beyond the cosmic horizon and become not only unobservable, but entirely inaccessible, thus limiting how much energy could one day be extracted from them."" Therefore, he argues, an advanced civilization may use something like ""Dyson spheres""—an imagined solar-powered satellite dating back to 1930s science-fiction, notes LiveScience—to harvest a star\'s energy or use that energy to move it closer to home. Hooper hinges his case on the work of Russian astronomer Nikolai Kardashev, who argued in 1962 that technologically advanced civilizations would expand via three steps: harvesting resources of their planet, then the nearest star, then all stars in the galaxy and nearby galaxies. So how to spot energy-grabbing aliens? Massive stars emanate certain light wavelengths, which will appear in galaxies\' light signatures if stars are drained energy—that is, when humans have powerful enough instruments to detect it.']","  

The provided news passages explore the concept of advanced alien civilizations and their potential methods of energy harvesting, drawing on both scientific theory and science fiction. The central idea revolves around the Kardashev scale, a framework proposed by Russian astronomer Nikolai Kardashev in 1962, which classifies civilizations based on their energy consumption. The scale consists of three types:  

- **Type I**: A civilization that harnesses all the energy available on its planet.  
- **Type II**: A civilization that harnesses all the energy from its star.  
- **Type III**: A civilization that harnesses all the energy from its galaxy.  

Recent research by physicist Dan Hooper, published in a preprint journal, has reinvigorated Kardashev’s model and introduced a new perspective: the urgency of harvesting energy from distant stars to prevent them from becoming inaccessible due to the accelerating expansion of the universe, driven by dark energy. Hooper argues that as the universe expands, stars will eventually fall beyond the cosmic horizon, making them unreachable. Therefore, advanced civilizations would need to act quickly to secure energy from other galaxies before it is too late.  

To achieve this, Hooper suggests the use of **Dyson spheres**—a concept first proposed by physicist Freeman Dyson in 1960. Dyson theorized that advanced civilizations might construct vast networks of satellites or megastructures around stars to capture and utilize their energy. These structures, often depicted in science fiction, could take the form of a spherical shell or a swarm of satellites, known as **statites**, which hover in space and collect energy from their host star.  

Hooper also highlights the potential for detecting such civilizations by observing unusual light signatures from galaxies that have had their most energy-rich stars harvested. These galaxies would exhibit a spectrum dominated by massive stars, indicating the presence of advanced technology. However, current observational tools may not be sensitive enough to detect these signals, and further advancements in astronomy are needed.  

The passage also references **Olaf Stapledon’s** 1937 novel *Star Maker*, which imagined alien civilizations using massive energy-trapping structures to harness stellar power. This idea has been echoed in both scientific speculation and science fiction, including works like Larry Niven’s *Ringworld* and *Star Trek: The Next Generation*.  

In addition to the scientific and speculative content, one of the passages briefly mentions **WARCZone**, a collection of outsider-uploaded web archives, highlighting the role of digital preservation in maintaining access to historical and scientific information.  

Overall, the news passages collectively present a vision of",1741,532,0719f54af86b9059cf3c25c1d2a59782de2839ed82814db5
multi_news,multi_news,"Now, write a one-page summary of all the news.

",Summary:,en,,1.0,"[""Police have arrested one of Disneyland's own employees after yesterday's dry-ice explosion in the Toontown section of the park, reports the Los Angeles Times. Christian Barnes, a 22-year-old vendor who sold soda and water from a cart, is being held on $1 million bond. Police say he filled a bottle with dry ice and dropped it in a trash can. The ensuing blast caused a lot of noise and chaos, but no injuries or serious damage, reports AP. No word on motive, but police don't think it's related to previous dry-ice bombs in the Anaheim area.""]","  

A 22-year-old Disneyland employee, Christian Barnes, has been arrested for allegedly placing a ""dry ice bomb"" in a trash can at the park, leading to a small explosion that forced the evacuation of the Mickey's Toontown area. The incident occurred on Tuesday, and no one was injured, though it caused temporary disruption and concern among visitors. Barnes, who worked as an outdoor vendor, was arrested on Wednesday and is being held on $1 million bail. He is cooperating with investigators, according to Anaheim Police Sgt. Bob Dunn.  

The explosion, which occurred in a trash can, was believed to have been caused by dry ice placed in a plastic bottle. Detectives found fragments of a water bottle at the scene and are investigating the incident further. While the event was described as an ""isolated incident"" by police, it has raised questions about safety and security at the park.  

Disneyland has stated that it is working closely with authorities and taking the matter seriously. The park's Toontown area, known for its whimsical, cartoon-like design, was briefly evacuated as a precaution. The incident has also sparked public reactions, with some visitors expressing surprise and concern over the occurrence of such an event in a family-friendly environment.  

Authorities have confirmed that the incident does not appear to be connected to similar dry-ice explosions in Anaheim in recent months. The explosion occurred around 5:30 p.m. and led to a two-hour evacuation. While no significant damage was reported, the event has prompted discussions about the importance of safety and vigilance in public spaces.  

Overall, the arrest of Barnes and the incident at Disneyland highlight the unexpected nature of such events and the need for continued efforts to ensure the safety of visitors in large, public attractions.",650,532,45738a474abdd937b862f7bec332b4c6ebd457223b3c2ed3
multi_news,multi_news,"Now, write a one-page summary of all the news.

",Summary:,en,,1.0,"['A former well-known Canadian TV sports anchor is in jail after police say he robbed two banks in as many days in the western province of Alberta last week. Police in the small city of Medicine Hat say Steve Vogelsang robbed a Royal Bank of Canada on Thursday, Oct. 19, and then turned around the next day and robbed a Bank of Montreal, CBC reports. He entered both banks without a disguise and after demanding money, left with an undisclosed sum. Police finally arrested Vogelsang at a nearby hotel at around 3am on Saturday. Per CTV Winnipeg News, Vogelsang, 53, was a longtime news director and sports broadcaster at CKY, now CTV Winnipeg. He also taught journalism at Red River College in Winnipeg from 2002 to 2011. Conor Lloyd, a spokesman for the college, says, “I can confirm he is no longer an employee here.” Vogelsang is scheduled to appear in provincial court on Tuesday.']","  

Steve Vogelsang, a former Winnipeg broadcast personality and journalism instructor at Red River College, has been charged with two counts of robbery in connection with bank heists in Medicine Hat, Alberta. The 53-year-old, who previously served as a news director and sports anchor at CTV Winnipeg (formerly CKY-TV), was arrested on October 28 at a hotel in Medicine Hat, just days after the alleged crimes. Police released surveillance footage of the suspect, who walked into a Royal Bank on October 19 and a Bank of Montreal the following day, demanding money and leaving with an undisclosed amount of cash. No weapons were reported during the incidents, though the police emphasized the threat posed by the note passed to the tellers.  

Vogelsang’s legal troubles extend beyond the robbery charges. He is also facing multiple other allegations, including a sexual assault charge from 2016 that was later stayed, and three counts of disobeying a court order related to a protection order issued in March 2017. The protection order was granted after a former student, with whom he had a long-term relationship, alleged that he continued to contact her despite being asked to stop by police. She described how he persistently reached out through text, email, and voicemail, even after she changed her number and blocked him. Vogelsang has denied the allegations, claiming the woman has “repeatedly misled police” and that he has never committed a violent act.  

Financially, Vogelsang is in a difficult position. He and his ex-wife, with whom he separated in 2015, owned three properties in Nelson, B.C., which were sold at a total loss of $85,000. He was supposed to take full ownership of a Winnipeg home in September 2023 after removing his ex-wife’s name from the mortgage, but this did not happen. Instead, she alleges he forged her signature and renewed the mortgage in both their names, leading to a failed sale and eventual foreclosure. In September, he reportedly described sleeping in his vehicle due to financial strain.  

Vogelsang had returned to Red River College in 2014 on a part-time basis after moving back to Winnipeg from Nelson, B.C., but left in the summer of 2023. His former students have expressed shock at the allegations, with one describing him as a “tough but fair” teacher who challenged students to improve. As of now, Vogelsang remains in custody in Alberta and is expected to appear in court to face the robbery charges.",1543,532,e5a4b2ff98489f486be435f2362f21d5f6b94f4ed1a81add
multi_news,multi_news,"Now, write a one-page summary of all the news.

",Summary:,en,,1.0,"['An Oklahoma girl diagnosed with ""super"" E. coli is facing a life-or-death battle—and worse, she\'s only 11 months old. ""With this strain of E. coli, it can get in her brain, it can get in her spinal cord, basically cause her to go into cardiac arrest,"" her grandfather, Chris Curtis, tells KFOR. ""And we heard that it was a very, very scary situation."" Her family says it\'s not clear how Oakleigh Nance got the infection, which appears resistant to antibiotics, but the CDC is investigating. It all started when Oakleigh was born premature at only 3 pounds and ""started off on 4 liters of oxygen,"" according to a GoFundMe page to help pay her medical bills. ""In the NICU, they used to call her Miss Sassy because of her ability to express her displeasure with her circumstances,"" the page says. Then she went home and was fine for months until a 104-degree temperature and severe urinary tract infection sent her back to the hospital. Since then, she\'s been diagnosed with moderate ASD and pulmonary stenosis of the heart, stage 3 kidney reflux, and ""a dangerous, antibiotic resistant strain of Pseudomonas,"" says the GoFundMe page. Now doctors are planning a 4 1/2-hour procedure on her kidney, which is functioning at 22%, to possibly prevent other infections. ""I know that God is in control of all else, and when I think about what’s going on in her life, I think about my faith in God,"" says Curtis. ""That’s what sustains me and gets me through it."" (Read about a brain-eating bacteria that has returned to Louisiana.)']","  

Oakleigh Ryan Nance, a 11-month-old infant from Oklahoma, has been fighting for her life after being diagnosed with a severe, antibiotic-resistant infection. Born prematurely at just 3 pounds, Oakleigh spent time in the NICU and was initially healthy, growing and developing normally. However, her health took a turn when she developed a high fever and was later diagnosed with a severe urinary tract infection (UTI) that had spread to her kidneys. Despite treatment with antibiotics, the infection returned, leading to further hospitalization.  

Tests revealed that Oakleigh has stage 3 kidney reflux, a condition where urine flows backward from the bladder to the kidneys, increasing the risk of infection. The bacteria involved in her infection was identified as a dangerous, antibiotic-resistant strain of *Pseudomonas aeruginosa*, which is known for its ability to resist many common antibiotics. This has made treatment more challenging, especially since Oakleigh has already been exposed to multiple antibiotics for previous health issues.  

In addition to her kidney condition, medical tests found that Oakleigh has a moderate atrial septal defect (ASD) and pulmonary stenosis, both of which are heart conditions that require further evaluation. Her upcoming surgery, scheduled for the end of the month, will focus on repairing the kidney reflux by removing a portion of the kidney and ureters to prevent future infections. Following the surgery, she will need to meet with a cardiologist for further assessment of her heart condition.  

Oakleigh’s family is also dealing with the added stress of a critical *E. coli* infection, which has been linked to a ""super strain"" that can lead to life-threatening complications, including brain and spinal cord involvement, and even cardiac arrest. The family is relying on their faith and community support to help them through this difficult time. They have also launched a GoFundMe campaign to help cover the costs of her medical treatments.  

While Oakleigh faces a long and challenging road ahead, her family remains hopeful and determined. They are working closely with medical professionals to ensure she receives the best possible care and treatment. With ongoing support from the community and continued medical intervention, there is hope that Oakleigh will recover and continue to grow and thrive.",1463,532,3df8184414fb6c8fd721cbc56a5772b93fbf43a6f99f585d
multi_news,multi_news,"Now, write a one-page summary of all the news.

",Summary:,en,,1.0,"[""A homeless man was arrested after hopping the White House fence Tuesday night in an incident captured by CNN's John King USA program, which was filming from the North Lawn. The man was quickly taken into custody by Secret Service agents who approached him with guns drawn. Security officers locked the area down after finding a backpack that had been thrown over the fence nearby. The 41-year-old intruder was charged with unlawful entry and contempt of court for breaking a judicial order requiring him to stay away from the White House. It's not uncommon for the White House fence to be breached, notes the Washington Post: A 6-year-old girl made it onto the White House lawn over the weekend by slipping through the fence instead of going over it. Secret Service agents returned her to her parents.""]","  

On Tuesday night, a 41-year-old man named James Dirk Crudup was apprehended after climbing over the White House fence. The incident was captured live on CNN’s ""John King USA"" program, which was being broadcast from the North Lawn of the White House. Secret Service officers, who are responsible for the security of the White House, responded swiftly. They approached Crudup with guns drawn, ordered him to lie down, and then handcuffed him before taking him into custody.  

According to the White House spokesman, Ed Donovan, Crudup was charged with unlawful entry and contempt of court. The contempt charge was related to a previous court order that required him to stay away from the White House. Authorities stated that Crudup was not armed at the time of the incident, and a backpack found near the fence was being examined. The area was locked down as a precaution, and the situation was resolved shortly after 9 p.m. ET when an all-clear was issued.  

This incident is not unusual, as the Secret Service has previously dealt with similar situations. For example, on Sunday night, a 6-year-old girl managed to reach the White House lawn by slipping through the fence and was subsequently escorted out by Secret Service officers.  

While the exact reason Crudup climbed the fence was not immediately clear, the Secret Service confirmed that he is homeless. There was no immediate indication that the incident posed a security threat. The White House remained on high alert, and the event highlighted the ongoing efforts of security personnel to maintain the safety of the presidential residence.  

Overall, the incident underscores the challenges of managing public access to a highly secure location and the importance of maintaining strict security protocols. The White House and Secret Service continue to monitor and respond to any potential threats to the safety of the President and the facility.",536,532,01932b64e57168c97287e2ac84b4097f0f56099a0c67abb2
multi_news,multi_news,"Now, write a one-page summary of all the news.

",Summary:,en,,1.0,"['A North Carolina woman allegedly locked in the trunk of a moving car by her boyfriend was saved by a quick-thinking 911 dispatcher and a lowly flip phone, ABC News reports. The 29-year-old woman called 911 around 4am Jan. 14. The woman had gotten in a fight with her boyfriend, who was ""jealous,"" according to WRAL. Before dispatcher Tim Medlin could get much information from the woman, the call was dropped. He was unable to get her to answer when he called back. Then Medlin remembered a flip phone the 911 communications center keeps around in case the phone lines go down, WTVD reports. He says texting was the only way he could think to contact her without getting ""her in trouble."" The woman texted Medlin back, letting the dispatcher know she was in a red Mustang headed toward Fayetteville. Verizon provided the location of the woman\'s phone, and police stopped her and her boyfriend, Nicholas Mattevi, in Fayetteville. Mattevi, 32, was arrested and charged with false imprisonment. ""I can go to bed,"" Medlin recalls feeling upon hearing of the arrest. ""We\'ve done our job."" He says he\'s planning to buy a smartphone for the office to replace the old flip phone and make it easier to text if there\'s a next time. Medlin\'s boss tells ABC the dispatcher ""really stood by our motto: Failure is not an option."" (This 911 dispatcher was accused of hanging up on callers.)']"," A Woman Rescued from a Car Trunk by a Quick-Thinking 911 Dispatcher

On January 14, 2017, a 29-year-old woman in Johnston County, North Carolina, found herself in a dangerous situation when her jealous boyfriend locked her in the trunk of a moving car. The incident began when the woman called 911 around 4 a.m., reporting that she had been forced into the trunk of a red Mustang. The call was difficult to understand due to the woman's emotional state, and it eventually disconnected. Despite multiple attempts to call her back, the woman did not respond.

Recognizing the urgency of the situation, Tim Medlin, a 911 supervisor at the Johnston County Emergency Communications Center, took an unconventional approach. Using an old flip phone available in the dispatch center, Medlin sent a text message to the woman, asking if she could text back. She responded positively, and the conversation quickly escalated. She confirmed that she was in a red Mustang heading toward Fayetteville.

With this critical information, Medlin coordinated with the Cumberland County Sheriff's Office and Verizon Wireless to track the vehicle's location. Using the data provided by the cellphone provider, Fayetteville police were able to locate the car and rescue the woman. The boyfriend, Nicholas Mattevi, was arrested shortly after and charged with false imprisonment, a misdemeanor. He was released on a $10,000 bond.

The incident highlighted the importance of technology in emergency response. While 911 centers can receive text messages, they are not currently equipped to initiate them. Jason Barbour, the director of the Johnston County 911 Communications Center, praised Medlin's quick thinking and called for updated systems that would allow 911 centers to send text messages proactively. He also noted that the team is planning to replace the old flip phone with a smartphone to improve communication capabilities in the future.

The successful rescue was a testament to the dedication and resourcefulness of the dispatchers, who followed the motto, ""Failure is not an option."" The woman was found unharmed, and the incident served as a reminder of the critical role that emergency responders play in saving lives during crises.",1325,532,86cc5c31dee93bddcae9bda95f926d8266b6663aafdd82cb
multi_news,multi_news,"Now, write a one-page summary of all the news.

",Summary:,en,,1.0,"['Police in Stanislaus County, Calif., say a 20-year veteran of the force was ""executed"" early Sunday after investigating a stolen van and a suspicious person outside Modesto. Sheriff\'s Deputy Dennis Wallace was shot twice in the head. Police say a suspect was arrested more than 150 miles away later in the day after allegedly carrying out a carjacking, an armed robbery at a convenience store, and an attempted purse-snatching, the Los Angeles Times reports. David Machado, a 37-year-old described by police as a ""known criminal,"" was connected to the Wallace killing after police in Tulane County recognized his tattoos. Wallace, who was married with children, ""was executed,"" Sheriff Adam Christianson told reporters. ""We believe that Dep. Wallace was killed outside of the car and we know for a fact that the gun used in this crime was in direct contact with his head when the trigger was pulled twice."" He said Wallace, 53, had been involved in programs including youth soccer and early intervention, NBC News reports. ""We need to keep the Wallace family in our thoughts and prayers. We need to keep law enforcement in our thoughts and prayers,"" he said. The Bradenton Herald reports after a knee injury in 2007, Wallace was off for two years without pay and fought a long legal battle to get his job back.']","  

The Internet Archive is actively working to preserve the integrity of the web by archiving pages as they are created and maintaining links to pages that may later be removed or altered. This initiative, known as ""No More 404,"" aims to ensure that even if a webpage is deleted or modified, users can still access a version of the page that was available at the time it was originally created. The archive also seeks to replace broken links with references to these preserved versions, allowing users to view the original content intended by the page's authors. This effort is particularly important for websites that are at risk of being lost due to changes in web content or the removal of pages. The Internet Archive's crawls are focused on supporting these ""No More 404"" sites, helping to maintain a more permanent and accessible record of the internet.

In a separate news event, on October 19, Modoc County Sheriff's Deputy Jack Hopkins was tragically killed while responding to a disturbance call. The incident occurred approximately eight miles south of Alturas, where Hopkins was confronted and shot by Jack Lee Breiner, a 47-year-old man. According to authorities, Breiner shot and killed Hopkins instantly. In the aftermath, Breiner attempted to flee the scene but was engaged in a gun battle with another deputy. During this confrontation, Breiner was shot and wounded. He has since been charged with murder and other related crimes in connection with the deputy's death. The incident has raised concerns about public safety and the risks faced by law enforcement officers in the line of duty. The case is currently under investigation, and further details are expected to emerge as the legal process unfolds.",420,532,bd055a3f0452f7edde9adca712d720fc631bd09ebc59f476
multi_news,multi_news,"Now, write a one-page summary of all the news.

",Summary:,en,,1.0,"['Fresh off his loss to Mitt Romney at CPAC, Rick Santorum hit the talk shows this morning, and he\'s downplaying the victory, reports Politico: ""You have to talk to the Romney campaign and how many tickets they bought—we\'ve heard all sorts of things,"" Santorum told CNN. ""Ron Paul has won those (straw polls) because he trucks in a lot of people, pays for their ticket, and they come in and vote. I don\'t try to rig straw polls."" Elsewhere on the Sunday dial, as per Politico: Santorum on his chances: ""I think we can do well (in Michigan). I think we can do reasonably well in Arizona, and really make this a two-person race."" Sarah Palin on Romney: He\'s ""a great candidate,"" but ""his idea of conservatism is evolving, and I base this on a pretty moderate past that he has had, even in some cases a liberal past. Now that’s a problem. He’s still in the 30 percentile mark ... because we are not convinced."" Obama chief of staff Jack Lew on the birth control ruckus: The Friday ""accommodation"" is as far as the White House will go. ""There are others who don\'t have the same objective, they will have to speak for themselves, (but) this is our plan."" Ron Paul on \'severe conservative\' Romney: ""That was the first time I’ve heard that definition, so I guess Mitt will have to tell us exactly what it means. Obviously, he means he’s a serious conservative, and he was trying to defend himself, or portray himself as such, but I don’t know exactly what he was meaning by that.""']","  

The recent news highlights several key developments in the political landscape, particularly within the Republican Party and the ongoing discussions around policy and religious freedom.  

Rick Santorum, a prominent Republican presidential candidate, expressed disappointment with his third-place finish in the CPAC straw poll, where Mitt Romney secured 38% of the vote. Santorum criticized the poll's outcome, suggesting that Romney's success may have been influenced by the latter's campaign efforts to attract attendees, a tactic Santorum claimed they did not employ. He emphasized that his campaign did not pay for supporters to attend the event, unlike some other candidates. However, Romney's campaign dismissed Santorum's comments as unfounded, asserting that Romney's victory was well-earned and that his policies align with conservative values.  

Meanwhile, Ron Paul, another GOP contender, questioned Romney's claim of being a ""severe conservative."" Paul expressed confusion over the term, suggesting that Romney's self-description was unclear and that he would need to define it further. This exchange underscores the ongoing debate within the Republican Party about what constitutes true conservatism and how candidates position themselves to appeal to different factions of the base.  

On the Democratic side, newly appointed White House Chief of Staff Jack Lew addressed the administration's stance on birth control and Catholic institutions. He stated that President Obama's position on the issue has been ""consistent"" and that the recent ""accommodation"" regarding the HHS contraceptive mandate was the extent of the administration's willingness to engage with the Catholic bishops. Lew also noted that while the administration would not go further, other entities or individuals with differing views would have to speak for themselves. When asked whether health insurers would cover the cost of birth control for church-affiliated institutions, Lew responded with a surprising affirmation, suggesting that such coverage could lead to cost savings for insurers due to reduced pregnancy-related expenses.  

Overall, these developments reflect the complex interplay of political strategy, ideological positioning, and policy debates shaping the current political climate. From the internal dynamics of the Republican Party to the ongoing negotiations on religious freedom and healthcare policy, the news underscores the challenges and controversies facing political leaders as they navigate the demands of their respective bases and the broader public.",788,532,cd5fba73cf0b38e75ea2e39da56340e1dfa26ae1f746b866
multi_news,multi_news,"Now, write a one-page summary of all the news.

",Summary:,en,,1.0,"['For decades, the human story was one told through signs of modernity—art, tools, burials—found only after Homo sapiens left Africa. Recent discoveries pushing back the date of departure are helping to change that narrative, as are three new studies in Science. Together, they describe the earliest stone tools of their kind in East Africa as well as the earliest evidence for long-distance transport of raw materials in the region, per Science News. Researchers previously believed the Early Stone Age marked by large, primitive tools (hand axes and cleavers) made way for the Middle Stone Age and its smaller tools (spearpoints and blades) around 280,000 years ago. But stone tools found in Kenya\'s Olorgesailie Basin show hominin groups—it\'s not clear which species is responsible—had developed these more advanced tools approximately 320,000 years ago. ""We see a smaller technology, a more diverse series of stone tools … designed for specific purposes,"" researcher Rick Potts tells NPR. An expert not involved in the study says the tools are so ""prepared and retouched"" they suggest the Middle Stone Age likely started even earlier. What drove it? Microscopic and chemical analyses of the region\'s soil show the landscape was rapidly shifting between wet and dry conditions, meaning hominins might have been forced to adapt. But as the technology also coincides with the emergence of Homo sapiens in Africa, it\'s possible that the human mind deserves credit. The tools themselves suggest the development of trading networks, too. Some were made of rocks carried from 55 miles away, says Potts. Others were made of obsidian from as far as 30 miles away, per the Conversation. (These stone tools are also making waves.)']"," Recent archaeological discoveries in the Olorgesailie Basin of southern Kenya have provided significant insights into the technological and cultural evolution of early humans, particularly Homo sapiens and their close relatives, during the Middle Stone Age (MSA). These findings, published in the journal *Science*, challenge previous assumptions about the timeline and nature of human cognitive and social development.

The research, led by scientists such as Rick Potts and Alison Brooks, reveals that the transition to the Middle Stone Age, characterized by smaller, more specialized tools, occurred as early as 320,000 years ago. This is much earlier than previously believed, with some tools dating back to around 300,000 years ago. The tools, including small, sharp blades and projectile points, suggest a shift from the earlier Acheulean technology, which involved large hand axes. This change is linked to environmental pressures, particularly the dramatic and frequent shifts in climate in East Africa, which forced early humans to adapt by expanding their foraging ranges and developing more sophisticated tool-making techniques.

One of the most significant findings is the use of obsidian, a volcanic glass, for tool-making. The presence of obsidian at sites far from its source indicates long-distance trade and social interaction among hominin groups. This suggests the emergence of complex social networks and the exchange of resources, which may have been crucial for survival in a changing environment. Additionally, the discovery of red ochre pigment, with evidence of grinding and cutting, points to the use of color for symbolic purposes, such as marking identity or status.

The study also highlights the role of climate change in driving innovation. Repeated cycles of drought and heavy rainfall in the region created unpredictable conditions, prompting early humans to develop new strategies for resource acquisition and social cooperation. These adaptations, including the development of more efficient tools and the establishment of trade networks, are seen as key factors in the evolution of human behavior and cognition.

While the exact species responsible for these tools remains uncertain, the evidence suggests that Homo sapiens or a closely related hominin group was involved. The findings challenge the earlier ""human revolution"" theory, which posited that complex behaviors such as symbolism and art emerged only around 40,000 to 50,000 years ago. Instead, the research indicates that such behaviors may have developed much earlier, with roots in the Middle Stone Age.

Overall, the discoveries from Olorgesailie provide a critical window into the cognitive and social evolution of early humans, demonstrating that the foundations of modern human behavior were laid long before the migration of Homo sapiens out of Africa. These findings underscore",3668,532,9f364b72d418b0b3e9c6dbb3de18ea7b07c749b2882f9033
multi_news,multi_news,"Now, write a one-page summary of all the news.

",Summary:,en,,1.0,"['Could it be? A Chinese ship searching for Flight 370 has picked up a ping in the southern Indian Ocean, reports CNN and the BBC. Both cite a report in China\'s Xinhua news agency. The pulse is 37.5 kHz, the frequency for the Malaysian plane\'s black-box data recorders, says the president of the beacon\'s manufacturer. All the reports caution that it could turn out to be yet another false hope, however. ""This could be a variety of things,"" says one oceanographer, noting that the frequency is used by lots of instruments. For the record, the Chinese ship detected the signal at 25 degrees south latitude and 101 degrees east longitude, says the state-run Xinhua. ""It is yet to be established whether it is related to the missing jet,"" the report says. The development comes as dozens of ships and planes intensify their sweeps in the search zone, given the finite battery life of the data recorders.']"," 

The search for Malaysia Airlines Flight 370, which disappeared on March 8, 2014, with 239 people on board, continues to be a global effort involving multiple countries and advanced technology. As of the latest reports, a Chinese ship, the Haixun 01, has detected a signal that may be related to the missing plane's black box. The signal, with a frequency of 37.5 kHz, matches the standard frequency used by aircraft black box recorders. However, there is no confirmed link between the signal and Flight 370, and the signal was described as ""fleeting"" and not continuous, which raises questions about its authenticity.

The Australian-led search operation, coordinated by the Joint Agency Coordination Centre, is deploying up to 10 military planes, two civil aircraft, and 13 ships to investigate the signal. The search area spans approximately 216,000 square kilometers, located about 2,000 kilometers northwest of Perth, Australia. The signal was detected in an area that is considered a ""high probability"" zone for the plane's location, based on satellite data analysis.

The Chinese ship's detection of the signal was corroborated by the Australian Maritime Safety Authority, which is also using a U.S. Navy towed pinger locator on the ship *Ocean Shield*. This advanced equipment is capable of detecting underwater signals from black box recorders, which are expected to stop transmitting after 30 days. The search is now in its most intensive phase, with the batteries of the black boxes nearing the end of their operational life.

Despite the promising signal, experts caution that the findings must be treated with care. The signal could be a false lead, and there is a need for further verification. The search has faced numerous challenges, including the vast search area, the depth of the ocean, and the difficulty of detecting faint underwater signals. While there have been several promising leads in the past, many have turned out to be false, leading to a cautious approach by investigators.

In addition to the signal, white objects were sighted near the search area, raising hopes that they could be related to the missing plane. However, previous sightings of debris have not been conclusively linked to Flight 370. The search has also involved international cooperation, with Malaysia setting up three ministerial committees and a new investigation team that includes representatives from Australia, China, the U.S., the UK, and France.

The search for Flight 370 remains one of the most complex and challenging in aviation history. While the recent",3925,532,b4edb673ab78ecd823ee1354849fa4d58d9d3366d7e54561
multi_news,multi_news,"Now, write a one-page summary of all the news.

",Summary:,en,,1.0,"['President Trump escalated his Twitter war with CNN on Sunday, and in the process sparked more concern that he is advocating the use of violence against members of the media, the Hill reports. The president tweeted a modified video of a 2007 WWE wrestling match he took part in, obscuring his opponent\'s head with the CNN logo, which he proceeds to beat with his fists. Trump tweeted the video with the hashtags ""#FraudNewsCNN"" and ""#FNN."" A CNN spokesman called it ""a sad day when the president of the United States encourages violence against reporters."" But on ABC News, Homeland Security adviser Tom Bossert suggested CNN and other critics were overreacting. ""No one would perceive that as a threat,"" he said, adding that Trump is ""beaten up in a way on cable platforms that he has a right to respond to."" The new video comes just a few days after Trump posted two tweets in which he talked about MSNBC\'s Morning Joe co-host Mika Brzezinski ""bleeding badly from a face-lift."" Those tweets sparked condemnation from all over the political spectrum, with even Trump\'s fellow Republicans calling them unpresidential. On Saturday, however, Trump took to Twitter once again to address the backlash, writing, ""My use of social media is not Presidential – it\'s MODERN DAY presidential,"" Politico reports. At a press conference Thursday, Deputy White House Press Secretary Sarah Huckabee Sanders said Trump ""no way, form or fashion has ever promoted or encouraged violence,"" the Washington Post reports. ""In fact quite the contrary.""']","  

The news passages highlight a range of recent developments involving President Donald Trump, particularly focusing on his use of social media and the reactions it has generated.  

In one instance, a personal anecdote is shared about a woman who insisted on joining the President at Mar-a-Lago for three nights around New Year's Eve, despite being severely injured from a face-lift. The narrator refused her request, indicating a personal boundary.  

Another passage discusses a controversial tweet by Trump, in which he body-slammed and punched a person representing CNN, using a GIF from a 2007 WWE incident where he had physically confronted Vince McMahon. Homeland Security Adviser Tom Bossert defended the tweet, stating that it was a form of direct communication with the American people and that no one would perceive it as a threat. However, this defense drew criticism from CNN contributor Ana Navarro, who called the tweet an incitement to violence and questioned the adviser’s commitment to principles.  

Additionally, Trump has continued to face criticism for his incendiary tweets, which have sparked controversy since his presidency began. He has repeatedly asserted that his use of social media is a modern and necessary part of presidential communication. In one instance, he criticized the media for attempting to dissuade lawmakers from allowing him to continue using Twitter, claiming that his success in the 2016 election was due in part to his social media presence.  

Several Republican lawmakers, including Nebraska Senator Ben Sasse and Alaska Senator Lisa Murkowski, have expressed concerns about the tone and frequency of Trump’s tweets, suggesting that they may not reflect the dignity expected of a presidential office.  

Overall, the news underscores the ongoing debate over the role of social media in political communication and the potential for such platforms to provoke controversy and division. Trump’s use of Twitter has remained a central feature of his public engagement, despite the criticism it has generated.",1036,532,4fa82967bc98a888bd0399cb741555758892ec4316d2bdf1
multi_news,multi_news,"Now, write a one-page summary of all the news.

",Summary:,en,,1.0,"['Frightened North Carolinians fleeing Irene are jamming highways as the East Coast steels for what could be the biggest hurricane in decades. At least seven states have now declared a state of emergency, and hundreds of flights are being canceled. Gas stations are running out of fuel and ATMs have been emptied of cash as Americans hit the road for a bumper-to-bumper trip out of Irene\'s angry path. The Category 3 storm is expected to hit the Southeast sometime tomorrow, and hundreds of thousands of residents have been ordered out of their homes in three North Carolina counties. Norfolk, Va., is also ordering residents to evacuate, and Washington, DC, has been forced to postpone Sunday\'s planned MLK Memorial dedication. ""This is a very, very serious situation,"" a spokeswoman for Dare County told ABC News. ""We have not seen anything like this in the lifetimes of most our residents. Once the storm hits, it will be very difficult to respond to distress calls."" Irene is some 700 miles wide now and moving at a slow 12mph, which means it can wreak extensive damage in a region over a long period of time; it could cause up to $13.9 billion in damage on the East Coast. The storm is expected to barrel into New York City on Sunday, packing winds of up to 90mph. New Jersey communities are already being evacuated, and hundreds of street fairs have been canceled and elder care facilities and hospitals in low-lying area will be evacuated in New York today. NYC Mayor Michael Bloomberg says residents in low-lying parts of the city should get out today as the transit system is planned to be shut down tomorrow.']"," Hurricane Irene, a Category 3 storm with winds up to 115 mph, was moving north along the East Coast, threatening the U.S. from North Carolina to New England. The storm, which had previously passed over the Bahamas, was expected to make landfall on the Outer Banks of North Carolina on Saturday, bringing with it heavy rain, strong winds, and potentially dangerous storm surges. The National Hurricane Center warned of up to 10 feet of tidal surges in North Carolina and 6 to 15 inches of rainfall in some areas, leading to significant flooding and damage.

In response to the storm, governors in North Carolina, Virginia, Maryland, New Jersey, New York, and Connecticut declared states of emergency. Evacuation orders were issued for coastal areas, including Ocean City, Maryland, and parts of North Carolina. Thousands of residents and tourists fled the coast, with traffic on major highways like Route 168 in North Carolina becoming gridlocked as people rushed inland. Some, like Melissa Cook, who had planned a wedding, were forced to cancel their events due to the mandatory evacuations.

New York City Mayor Michael Bloomberg warned residents in low-lying areas to evacuate before the storm hit, as the city prepared to shut down its mass transit system. The city also deployed over 80 boats and helicopters to prepare for emergencies, and hospitals tested their emergency generators. Amtrak canceled all train service south of Washington, D.C., and airports anticipated flight delays and cancellations.

The storm’s path raised concerns about potential widespread damage, with estimates of insured losses reaching up to $13.9 billion and overall economic losses potentially exceeding $20 billion. The National Weather Service upgraded the storm warning for the D.C. area, and the Martin Luther King Jr. Memorial dedication, originally scheduled for August 28, was postponed indefinitely due to safety concerns.

Authorities also warned of the risk of power outages, with utility companies preparing for emergency restoration work. In Virginia, Governor Robert F. McDonnell authorized local officials to issue mandatory evacuation orders, emphasizing the need for preparedness. The storm’s slow movement and large size increased the risk of prolonged flooding and wind damage, particularly in the Northeast.

As Hurricane Irene approached, officials and residents alike were urged to take the storm seriously, with many preparing for the worst. The storm was expected to be remembered as a major event affecting millions of people across the East Coast, with potential long-term impacts on infrastructure, communities, and the economy.",4070,532,7226efab4c9cafdc60df3b0caf454eca376069edec7aa82c
multi_news,multi_news,"Now, write a one-page summary of all the news.

",Summary:,en,,1.0,"['A Florida police chief got arrested Friday for allegedly soliciting a prostitute and was promptly fired just 10 months into his tenure, NBC Miami reports. According to an arrest report, Miami Gardens Police Chief Stephen Johnson called a number in a ""two-girl special"" prostitution ad and negotiated a $100 deal for two women for 30 minutes. Only problem: The woman he allegedly paid at a motel was really a sheriff\'s detective. ""The stress overwhelmed me, and I made a very bad decision,"" Johnson tells the Miami Herald in his apology. He was hired last May to repair community relations after former top cop Matthew Boyd resigned amid allegations of harassment and illegal tactics. ""It was one of the most painful things I\'ve ever heard as a manager,"" says the city manager who fired Stephens, the Sun-Sentinel reports. ""It\'s like a punch in the stomach.""']","  

Miami Gardens Police Chief Stephen Johnson was arrested on February 27, 2015, for soliciting a prostitute during an undercover sting operation conducted by the Broward Sheriff’s Office. The operation involved placing an escort ad on Backpage.com, with two detectives posing as prostitutes. Johnson called the number, negotiated a price of $100 for a ""threesome,"" and arrived at a Dania Beach hotel, where he was arrested after paying the amount. He was held on a $300 bond and released the following day.  

Johnson, 53, was immediately fired from his position as police chief by City Manager Cameron Benson. His arrest followed a period of public scrutiny for the Miami Gardens Police Department, which had faced criticism over allegations of racial profiling and misconduct, including a high-profile shooting of 25-year-old Lavall Hall. Hall’s family had protested and demanded answers following the incident.  

Johnson had been hired in May 2014 to help restore the department’s reputation after a scandal at the 207 Quikstop convenience store, where officers were accused of harassing minority employees. Despite his efforts to improve community relations—such as being more accessible and attending local events—his arrest has once again placed the department in the spotlight.  

In a statement, the city emphasized its commitment to integrity and vowed to move forward, with Assistant Chief Antonio Brooklen serving as interim chief. Johnson apologized to the community and cited job-related stress as a factor in his poor judgment. However, the incident has raised further concerns about the department’s leadership and accountability.  

This event underscores the challenges faced by the Miami Gardens Police Department, which continues to navigate public trust issues while striving to serve its residents effectively.",2365,532,37c63596ba279ad8d0b73451686e7d31f90d690c08f998ac
multi_news,multi_news,"Now, write a one-page summary of all the news.

",Summary:,en,,1.0,"[""Google's parent company appears to be satisfied with how Sundar Pichai has performed during his four months as Google CEO, judging by the gargantuan $199 million equity award revealed in a securities filing. Alphabet stated that Pichai was awarded 273,328 Class C Google stock units on Feb. 3, bringing his holdings to around $650 million, reports the Wall Street Journal. The award makes Pichai the highest-paid CEO in America, according to the Guardian, which notes that Pichai's fortune is dwarfed by those of Google founders Larry Page and Sergey Brin, who are worth around $34 billion each, and by that of previous CEO Eric Schmidt, who's sitting on around $3 billion. (A former Google employee was awarded exactly $6,006.13.)""]","  

In 2014, Sundar Pichai, the CEO of Alphabet Inc. (formerly Google), received a significant equity award valued at $199 million, making him one of the highest-paid executives in the United States. The award consisted of 273,328 Class C Google stock units, which were granted on February 3, 2014. At the time, the value of the award was $199 million, though it has since declined slightly to approximately $182 million due to market fluctuations. The shares will vest in quarterly increments over the next four years, provided Pichai remains employed by Alphabet.  

This award increased Pichai’s total equity stake in Alphabet to over $650 million. While this is a substantial sum, it still pales in comparison to the net worth of Google’s co-founders, Larry Page and Sergey Brin, who are estimated to be worth $34.6 billion and $33.9 billion, respectively. It is also significantly less than the $3 billion in shares held by former CEO Eric Schmidt.  

Pichai’s compensation package is part of a broader trend of high executive pay at Alphabet. Other executives, such as Ruth Porat, the CFO, and Diane Greene, head of Google’s cloud computing division, also received large equity awards. Porat was granted shares worth $38 million, on top of a $30 million signing bonus, while Greene received shares valued at $42.8 million, adding to her previous $148 million award.  

In addition to his financial rewards, Pichai celebrated the award by attending the Super Bowl and meeting NFL legend Ronnie Lott. The award has also sparked some public commentary, particularly in light of Google’s tax practices. Critics have pointed out that Google generated significant revenue in the UK, yet paid a much lower effective tax rate than the country’s headline rate.  

Overall, Pichai’s $199 million equity award highlights the growing wealth of top executives at Alphabet, while also drawing attention to broader issues of corporate taxation and executive compensation.",773,532,aedb655320f6a23ffbcaeb9f4c504674e467e678e30bb8e7
multi_news,multi_news,"Now, write a one-page summary of all the news.

",Summary:,en,,1.0,"['After a social media campaign—and an avalanche of bad publicity—a drug company has done a U-turn and agreed to give a dying 7-year-old boy an experimental drug that could save his life. The FDA allows ""compassionate use""of unapproved drugs in such cases, but the Chimerix pharmaceutical company had insisted that giving the drug to Josh Hardy, who developed a bone marrow disorder after cancer treatment, would delay efforts to get it to market, CNN reports. Chimerix president Kenneth Moch says Josh will be the first patient in a pilot trial for the drug. ""Being unable to fulfill requests for compassionate use is excruciating, and not a decision any one of us ever wants to have to make,"" says Moch, who tells the Fredericksburg Lance-Star that he and his employees have received death threats amid a flood of pleas to help the Virginia boy. Josh is expected to receive the drug within 48 hours, though his mother fears he is running out of time. ""Even though he is frail, he has a very strong will about him,"" she tells Fox News. ""But things just keep stacking against him, and we just want to do everything we can to give him the opportunity to make a full recovery.""']","  

Josh Hardy, a 7-year-old boy from Fredericksburg, Texas, is on the brink of life and death after battling a rare and aggressive form of adenovirus. Diagnosed with a rare form of kidney cancer at just 9 months old, Josh has endured multiple cancer treatments, including a bone marrow transplant that left him with a severely weakened immune system. In February, he developed a life-threatening adenovirus infection that has now left him in critical condition, with doctors at St. Jude Children’s Research Hospital reporting that he is suffering from heart and kidney failure, vomiting blood multiple times an hour, and requiring intensive care.  

Josh’s parents, Aimee and Todd Hardy, have been fighting tirelessly to secure access to brincidofovir, an experimental antiviral drug developed by pharmaceutical company Chimerix. Initially, Chimerix denied the request, citing concerns that providing the drug to Josh would delay its approval process and hinder its development for broader use. However, after a nationwide campaign led by Josh’s family, supporters, and media outlets—including CNN, Fox News, and ABC’s *Good Morning America*—Chimerix reversed its decision.  

On Tuesday, Chimerix announced that it had reached an agreement with the U.S. Food and Drug Administration (FDA) to initiate a new clinical trial, with Josh set to be the first patient. The company will provide the drug as part of an open-label study, with plans to expand the trial to 20 patients. The FDA has also committed to working closely with Chimerix to design a pivotal Phase 3 study to further evaluate the drug’s safety and efficacy.  

The decision has been hailed as a victory for Josh and his family, with Aimee Hardy expressing gratitude on social media, writing, “Glory to GOD! They are releasing the drug for Josh!!!!” The campaign to support Josh, known as “Josh’s Army,” has mobilized thousands of people across the country, with social media, online petitions, and public demonstrations playing a key role in pressuring Chimerix to change its stance.  

Despite the positive outcome, the situation remains complex. While the drug is now available, its safety and effectiveness for children have not yet been fully established. St. Jude Children’s Research Hospital has emphasized that Josh’s condition remains critical, and the family continues to seek the best possible care.  

The case has sparked a broader conversation about the ethics of pharmaceutical companies, the role of compassionate use programs, and the power of public advocacy in medical decision-making. Chimerix’s CEO, Kenneth Moch, acknowledged the support",1614,532,f5cb169ccbed4f8d2dd290c668baa88540aa0d870e377a5d
multi_news,multi_news,"Now, write a one-page summary of all the news.

",Summary:,en,,1.0,"['The latest disturbing Hollywood sexual misconduct allegation involves Tom Sizemore, an actor who has already faced drug and domestic violence charges. Multiple cast and crew members tell the Hollywood Reporter that Sizemore, best known for roles in war films including Black Hawk Down, was kicked off a Utah movie set in 2003 for allegedly touching an 11-year-old girl\'s genitals. They say the day after a Born Killers scene in which the girl sat on Sizemore\'s lap, she told her parents that he had touched her inappropriately, possibly putting his finger inside her. ""At one point her eyes got just huge, like she could\'ve vomited. I was watching her,"" co-star Robyn Adamson says. ""Later, when I was told about what happened, I knew exactly what it was."" ""There was never any doubt. He was this guy who was already known for making inappropriate comments, being drunk, being high,"" says production assistant Roi Maufas. ""Then this happens. Guys reached for hammers,"" he says. Producers say Sizemore, who was ordered to leave the set, denied the allegations. Crew members say the girl\'s parents spoke to police, but ended up not pressing charges, possibly out of fear of ruining her film career. She is now 26 and says she is considering legal action against both Sizemore and her parents. Sizemore, 55, was dropped by his management firm soon after the incident. Former manager Charles Lago tells USA Today that he is ""not surprised"" by the allegations. ""He\'s the most abhorrent person I\'ve ever met in my life,"" Lago says.']"," 

Actor Tom Sizemore, known for his roles in films such as *Saving Private Ryan* and *Black Hawk Down*, is facing a new allegation of sexual misconduct from 2003. According to a report by *The Hollywood Reporter*, Sizemore was accused of touching the genitals of an 11-year-old girl during a photo shoot for the crime thriller *Born Killers* (also known as *Piggy Banks*), which was filmed in Utah. The incident reportedly occurred during a second-unit still portrait session where the young actress was seated on Sizemore’s lap for a holiday tableau. 

The alleged incident led to Sizemore being sent off the set, and the production team reportedly took the matter seriously. However, the girl’s parents chose not to press charges, and Sizemore was later invited back for reshoots in Malibu. The case remained unpublicized for years, but it has now resurfaced in the wake of the Harvey Weinstein scandal, which has prompted greater industry transparency regarding sexual misconduct allegations.

The report includes accounts from multiple cast and crew members, including production manager Cassidy Lunnen, who noted the girl’s distress during the photo session. Robyn Adamson, who played the wife in the film, described the girl’s reaction as “huge,” suggesting she was deeply affected. Casting director Catrine McGregor filed a complaint with the Screen Actors Guild (SAG) and pushed for Sizemore’s immediate dismissal. 

Despite the allegations, Sizemore denied the claims and was eventually dropped by his management firm and talent agency. His agent, Stephen Rice, has maintained a “no comment” stance. Sizemore, who has a history of drug use and legal troubles, including a 2003 conviction for abusing his ex-girlfriend Heidi Fleiss, has not previously been accused of molestation. 

The incident has sparked renewed scrutiny of Sizemore’s behavior, with some casting members and crew members describing him as a “sleazebag” and noting his pattern of inappropriate conduct. While the film’s producers took the allegation seriously and considered legal action, they ultimately decided not to pursue charges, citing the lack of conclusive evidence. 

Sizemore, now 55, has continued to work in both film and television, including roles in *Shooter* and *Twin Peaks*. However, the new allegations have added to his already extensive history of controversy. The case highlights the ongoing challenges of addressing and reporting sexual misconduct in the entertainment industry, especially in light of recent movements toward greater accountability",2624,532,ff3706cd43d8912cb61743c359e10bcec4a3e62b6436aeb7
multi_news,multi_news,"Now, write a one-page summary of all the news.

",Summary:,en,,1.0,"['An operation in London has given 9-year-old Kieran Sorkin a pair of ears—made from his ribs, no less. Born deaf with no ears, Kieran was able to hear because of an implanted hearing aid, but he still wanted ears. ""I want people to stop asking me questions,"" he told the BBC. ""I\'d like just to look like my friends. I\'d also like to be able to wear sunglasses and earphones."" So surgeons traced an outline of Kieran\'s mom\'s ears, removed cartilage from the boy\'s ribs, and sliced, contoured, and sewed the cartilage. Then they put it in two skin pockets and vacuumed them into the shape of ears. They don\'t perform any function, but Kieran\'s plastic surgeon says they can deliver a huge confidence boost: ""If you can change the confidence of a patient at this young age, you can change their whole trajectory in life,"" he said. The ears should last, too, because they\'re made of cartilage rather than prosthetics, the Guardian reports. Every year about 100 British newborns lack one or both ears (it\'s called microtia), and the hospital Kieran went to performs the operation about 40 times a year. Scientists hope to one day make ears from the fat tissue of patients, instead of ribs. Kieran might have liked that, since he got so excited on seeing his new ears that he cried ""Wow!"" and giggled—which made his ribs hurt from the operation. (Click to read about a man who needed surgery to remove a tooth growing in his nose.)']","  

A nine-year-old boy named Kieran Sorkin, born with a rare condition called bilateral microtia, has undergone a groundbreaking reconstructive surgery at Great Ormond Street Hospital in London. Kieran was born without fully formed ears, only having small earlobes, and also suffered from hearing loss. However, through several previous surgeries and the use of a hearing aid, he has been able to hear, though he remains approximately 90% deaf.  

The recent surgery, which took six hours, involved harvesting cartilage from Kieran’s ribs and shaping it into new ears. The procedure was primarily cosmetic, aimed at improving Kieran’s appearance and self-esteem. His parents, David and Louise Sorkin, were instrumental in the decision, as Kieran had long expressed a desire for the surgery, inspired by a TV program he saw at age six.  

The operation was performed by Dr. Neil Bulstrode, a consultant plastic and reconstructive surgeon at the hospital. To ensure the new ears matched Kieran’s family’s features, Dr. Bulstrode used an outline of Louise’s ears as a template. The new ears were then grafted onto Kieran’s head and shaped using a vacuum. The surgery was successful, and Kieran was thrilled with the results, expressing his joy with a “Wow!” and even taking a “side selfie” with his new ears.  

Kieran had previously faced social challenges at school due to his appearance, but he has since moved to a school with a deafness unit in every year group, where he feels more accepted. His parents hope the surgery will significantly boost his confidence and improve his quality of life.  

While the current procedure is effective, researchers at the University College London Institute for Child Health are exploring future advancements in tissue engineering. They are working on methods to grow new ear frameworks using a child’s own stem cells, which could potentially make the procedure less invasive. This research is still in its early stages, but it holds promise for the future of reconstructive surgery.  

Kieran will require a follow-up operation in six months to further refine the shape of his ears, but for now, he is happy with the outcome. His story highlights the importance of both medical innovation and the psychological impact of such procedures on children’s lives.",1651,532,44aa93b71b0589215f0d2f14d34c7827db5533d0755e898e
multi_news,multi_news,"Now, write a one-page summary of all the news.

",Summary:,en,,1.0,"['It looks like the honeymoon is over between Trump and Obama. ""Doing my best to disregard the many inflammatory President O statements and roadblocks. Thought it was going to be a smooth transition—NOT!"" Trump tweeted Wednesday. The Los Angeles Times notes Trump\'s use of ""1990s-style sarcasm."" Trump had previously commended Obama on his commitment to a smooth transition of power, but a number of things have changed since then, the Washington Post reports. Many saw comments made by Obama during Tuesday\'s Pearl Harbor anniversary as directed at Trump. The president urged the US not to ""turn inward"" and to ""resist the urge to demonize those who are different."" Trump is also upset with the Obama administration for allowing the UN to pass a resolution condemning Israeli settlements, as well as with Obama personally for saying in an interview he could have beaten Trump and won a third term. In addition, the White House is defending the Department of Energy for not complying with a request from Trump\'s transition team for the names of employees involved in climate policy, ABC News reports. Transition team spokesperson Sean Spicer at first said Trump\'s tweets ""speak for themselves, very clearly,"" but later complimented members of the Obama administration for being ""helpful and generous with their time.""']","  

In late December 2016, as President-elect Donald Trump prepared to take office, tensions emerged between him and outgoing President Barack Obama over the transition of power. Initially, both leaders had expressed mutual respect and optimism about a smooth handover. However, Trump soon began criticizing Obama, accusing him of placing “roadblocks” in his path and undermining the transition process.  

Trump’s criticism was largely expressed through a series of tweets, in which he called Obama’s statements “inflammatory” and claimed that the transition was not going as smoothly as expected. He specifically targeted Obama’s foreign policy decisions, particularly regarding Israel and the Iran nuclear deal. Trump argued that the Obama administration had been disrespectful toward Israel and that the Iran deal had damaged U.S.-Israel relations.  

Obama, in turn, had made remarks that some interpreted as critical of Trump, including a comment on a podcast that suggested he could have defeated Trump in a hypothetical election. This led to a public backlash from Trump, who denied the claim and accused Obama of interfering with the transition.  

Despite the public disagreements, Trump later claimed to have had a “very nice conversation” with Obama, stating that they had discussed a range of topics. He also hinted at holding a press conference in early January, signaling a shift in tone. Meanwhile, the White House maintained that the transition was proceeding smoothly and that Obama was committed to a peaceful handover.  

The transition period also saw some notable developments, including the Obama administration’s refusal to veto a U.N. Security Council resolution condemning Israeli settlements in the West Bank. This decision was criticized by Trump, who called for stronger support for Israel.  

Overall, the transition from Obama to Trump was marked by a mix of public criticism and behind-the-scenes cooperation. While the two leaders publicly clashed on several issues, both acknowledged the importance of a smooth transition and expressed a commitment to working together as the nation prepared for a new era in leadership.",1615,532,71466da28c57d2a01ee3a47f2905b6ac5d0d62a713e2454f
multi_news,multi_news,"Now, write a one-page summary of all the news.

",Summary:,en,,1.0,"['Pandas may prefer their meals in the form of bamboo, but that doesn\'t mean their bite is toothless. A man in China recently received a harsh reminder of that after a wild panda bit his leg after authorities pursued the critter onto his lawn, reports AFP via Yahoo. The creature had made its way into a northwestern village, which is near a sanctuary that\'s home to about 100 wild pandas. ""I saw a panda jump out in front of me, its body completely covered in mud,"" the man told local news. A struggle ensued, in which the bear wouldn\'t release the man\'s leg until a rescuer wrapped a coat around the animal\'s head. Finally, it fled—but not before causing injuries which, China Daily reports, led to eight surgeries over the past year and may lead to amputation. The man sued three government departments and won an $83,000 payout that will cover his medical costs, his lawyer says. (China Daily has a pretty gruesome photo of the injury.) ""As cuddly as they may look, a panda can protect itself as well as most other bears,"" the World Wildlife Fund notes, per AFP. Indeed, panda attacks have led to some nasty consequences in the past.']","  

A Chinese farmer, Guan Quanzhi, has received compensation of 520,000 yuan (approximately $83,000) after being attacked by a wild panda in Gansu province. The incident occurred in March 2014 when the panda, which had been chased by local villagers, ran onto Guan’s farmland. The animal bit him on the leg, causing severe injuries that required multiple surgeries. Guan’s son filed a lawsuit against local forestry officials and the Baishuijiang National Nature Reserve, which is home to over 100 wild pandas. After negotiations, the officials agreed to the compensation, which Guan said would cover his medical expenses, though he may need further treatment.  

Despite their seemingly gentle appearance, pandas are members of the bear family and are known to be powerful and potentially dangerous. The incident highlights the risks associated with human-panda encounters, especially in areas where pandas are found in the wild. While pandas are a symbol of conservation success in China, with their population increasing by nearly 17% over the past decade, they are still capable of inflicting serious harm.  

Pandas play a significant role in China’s tourism and conservation efforts. They are also a source of revenue for the country, as they are often loaned to foreign zoos. However, their natural habitat is under threat due to habitat loss, and their low reproductive rate makes them vulnerable. Conservation groups, such as the World Wildlife Fund (WWF), emphasize that while pandas are beloved for their appearance, they are also capable of defending themselves with their strong jaws and powerful build.  

The case of Guan Quanzhi underscores the complex relationship between humans and wildlife, particularly in regions where conservation efforts and human activity intersect. It also raises questions about the responsibilities of local governments in managing wildlife and ensuring the safety of nearby communities.",794,532,7bf0be1466a51afab44b9e12dcfa4a1694b6804309e6eb87
multi_news,multi_news,"Now, write a one-page summary of all the news.

",Summary:,en,,1.0,"['Authorities are combing through more than 1,200 leads in a desperate search for a 9-year-old girl they say was abducted by her uncle May 4, WATE reports. According to the Knoxville News Sentinel, 57-year-old Gary Simpson picked Carlie Trent up from her Tennessee school, telling staff her father had been in an accident. Shortly before, he purchased a child\'s nightgown, bikini, girls\' underwear, lipstick, and nail polish at an area Walmart. The Tennessee Bureau of Investigation has pictures of those items. Carlie\'s mother Shannon Trent tells People she felt ""sick to my stomach"" when she heard about those purchases. ""I don\'t know what he\'s done to her,"" she says. ""I don\'t think he would hurt her, but if he\'s capable of kidnapping a child he\'s capable of anything."" Authorities believe Carlie is in ""imminent danger."" Simpson also purchased camping supplies and nonperishable groceries, and authorities think he may be hiding with Carlie in an isolated area. The TBI says there have been rumors online that Simpson is trying to protect Carlie, but it says that couldn\'t be further from the truth. ""This was not an innocent camping trip, this was a crime,"" a spokesperson tells WATE. Simpson, Carlie\'s uncle by marriage, and his wife once had custody of Carlie, but her father James Trent had custody at the time of her abduction. Shannon Trent, who hasn\'t had custody of Carlie in two years, says she ""always had a bad feeling"" about Simpson. ""I should have stuck with my gut,"" she tells People. (This boy\'s summer with his dad turned into his kidnapping.)']"," 

On May 4, 2016, 9-year-old Carlie Trent from Rogersville, Tennessee, was allegedly abducted by her uncle by marriage, Gary Simpson, who claimed her father had been in a car accident. Simpson, 57, picked up Carlie from her elementary school under false pretenses and left with her. The Tennessee Bureau of Investigation (TBI) issued an Amber Alert, stating that Carlie is in imminent danger. 

Simpson was seen purchasing a variety of items at a local Walmart, including girls' clothing, a child's camping chair, a nightgown, and toiletries, which authorities believe were intended for a remote location. He later bought non-perishable food and toiletries at a Save-A-Lot grocery store. Surveillance footage showed Carlie appearing calm, but the TBI emphasized the severity of the situation, noting that Simpson had no legal authority to take Carlie and that the abduction was premeditated.

Two Knoxville banking executives, Matt Daniels and Tim Williams, offered a $10,000 reward for information leading to Carlie's safe return, as did Dr. Chris Calendine, Carlie's pediatrician, and the U.S. Marshals Service, which offered a $5,000 reward. The TBI is investigating leads across 11 states, including Tennessee, North Carolina, Virginia, and Kentucky, and has reached out to state park officials and private campgrounds. 

Carlie's mother, Shannon Trent, expressed deep concern and stated she had always had a ""bad feeling"" about Simpson, who had been part of the family for 34 years. She believes Simpson may have a ""lair"" or shelter and that the kidnapping was planned. Carlie's father, James Trent, suggested Simpson may have an obsession with his daughter. 

A Missouri Amber Alert was issued after Simpson and Carlie were reportedly seen in the Otterville area, but it was later canceled. The TBI continues to urge the public to report any sightings of Simpson or Carlie, emphasizing the urgency of the situation. The suspect is described as balding, 5 feet 10 inches tall, and weighing 157 pounds, and was last seen driving a white 2002 Dodge Conversion Van with Tennessee license plate 173GPS. 

Authorities are working closely with the public and law enforcement across multiple states to locate Carlie and bring her home safely. The case has sparked widespread concern and a coordinated effort to ensure the child's safe return.",2314,532,9bf2345cf303a45d45bc2e3692f6277785f850e0be2e1ecd
multi_news,multi_news,"Now, write a one-page summary of all the news.

",Summary:,en,,1.0,"[""CBS is scrapping its Early Show team, replacing co-hosts Harry Smith and Maggie Rodriguez with the anchors of the show's Saturday edition, Chris Wragge and Erica Hill. Other more minor players also are leaving in the switch, which takes place early next year, the LA Times reports. The show has been consistently stuck in third place, well behind Today and Good Morning America. Smith, who survived the last major overhaul of the show in 2002, will stick with the network as Katie Couric's main backup on the CBS Evening News, notes AP. Click here for more.""]","  

The provided news passages cover a range of topics, from a technical error message to a significant overhaul of CBS News' morning show, ""The Early Show."" Below is a concise one-page summary of all the news:

---

**Summary of News Passages**

Passage 1 describes a technical error message from Yahoo!, indicating that a requested page was not found. It advises users to check the URL for spelling and capitalization, and suggests visiting the Yahoo! homepage or using the search function for assistance.

Passage 2 and Passage 3 both discuss a major restructuring of CBS News' ""The Early Show."" The show, which has long struggled to compete with NBC's ""Today"" and ABC's ""Good Morning America,"" is undergoing a complete change in its on-air team. Co-hosts Harry Smith and Maggie Rodriguez, along with weather forecaster Dave Price, are being replaced. The new team includes Chris Wragge and Erica Hill, who have previously anchored the Saturday edition of the show. Jeff Glor will serve as the regular news reader, and Marysol Castro, a former weather anchor at ABC's ""Good Morning America,"" will take over as the new weather forecaster.

Harry Smith, who has been with the show since its inception in 2002, is leaving the program but will remain with CBS as a news reporter and substitute anchor for other programs. Maggie Rodriguez, who had been a co-host, is also leaving, though her future role within the network is yet to be determined. Dave Price, who had been the show's weather anchor, is being replaced, and he will be sent on a challenge to earn his way back to New York City.

CBS News President Sean McManus and executive producer David Friedman expressed confidence in the new team, believing they have the right energy and chemistry to improve the show's ratings. However, some critics, like television analyst David Bianculli, have questioned the sudden nature of the changes, suggesting it may be a sign of desperation.

The overhaul is part of CBS's broader strategy to revitalize its morning news lineup, which has consistently ranked behind its competitors. The new team is set to debut on January 3, with the hope that it will help ""The Early Show"" break into the top ranks of morning news.

---

This summary encapsulates the key points from all three news passages, highlighting the technical error, the significant changes to CBS's morning show, and the mixed reactions to the restructuring.",1319,532,8f512ff62ab4a69b196b31f8fe334c4a31765f3ac13c5841
multi_news,multi_news,"Now, write a one-page summary of all the news.

",Summary:,en,,1.0,"['With George HW Bush dead at 94, coverage of the life of the 41st president is plentiful. Here are some early highlights: The broad strokes: For a thorough obituary and assessment, start with the Washington Post. Its story notes that while Bush served just one term as president, it was a consequential one. ""The Berlin Wall fell; the Soviet Union ceased to exist; the communist bloc in Eastern Europe broke up; the Cold War ended."" And Bush\'s ""firm, restrained diplomatic sense helped assure the harmony and peace with which these world-shaking events played out, one after the other."" Great detail: In its obituary, the Wall Street Journal notes that Bush flew 58 missions in the Pacific as a Navy pilot in WWII, all with the name of his girlfriend—Barbara—on the side of the plane. He once got shot down, with this video capturing the rescue. Bush is also the only American besides John Adams to be both president and the father of a president. Read his lips: The Guardian recounts some of his Bush\'s famous quotes, including his ""read my lips"" pledge to not raise taxes. He also dissed broccoli.']","  

George H.W. Bush, the 41st President of the United States, passed away at the age of 94, marking the end of a life dedicated to public service. He was the last U.S. president to have served in World War II, an experience that profoundly shaped his early life and career. Born in 1924 in Milton, Massachusetts, Bush joined the Navy at 18 and became one of the youngest pilots in the Pacific Theater during the war. He flew 58 missions, was shot down, and was rescued by a submarine, earning the Distinguished Flying Cross. After the war, he married Barbara Pierce, and together they built a life of public service.

Bush's political career began in Texas, where he became a successful businessman in the oil industry before entering politics. He served in the U.S. House of Representatives and later as a U.S. ambassador to the United Nations, as well as a key figure in the Republican Party. In 1980, he was chosen as Vice President under Ronald Reagan, and in 1988, he succeeded Reagan as President. His presidency was marked by significant international events, including the swift and decisive victory in the Persian Gulf War (1990–1991) and the peaceful dissolution of the Soviet Union and unification of Germany.

Despite his foreign policy successes, Bush faced challenges at home. His administration was plagued by a weak economy, high unemployment, and a political base that was increasingly divided. His famous ""Read my lips: No new taxes"" pledge, made during his 1988 campaign, ultimately backfired when he was forced to raise taxes in 1990, leading to a loss of support among conservatives and contributing to his defeat in the 1992 election to Bill Clinton.

Bush was known for his diplomatic skills, his commitment to family, and his ability to work across political lines. He maintained a strong relationship with his son, George W. Bush, who later became president, making him the only U.S. president to have a son also serve as president. After leaving office, Bush remained active in public life, engaging in humanitarian efforts and maintaining friendships with former political rivals, including Bill Clinton and Bob Dole.

His wife, Barbara Bush, died at the age of 92 earlier in the year, and he expressed deep personal sorrow over her passing. Throughout his life, Bush was a devoted family man, a respected leader, and a symbol of American resilience and service. His legacy endures through his contributions to international diplomacy, his role in",2660,532,34a7c94a11115d983402087b3ac74dbd269616cfa1e193e3
multi_news,multi_news,"Now, write a one-page summary of all the news.

",Summary:,en,,1.0,"['OJ Simpson\'s parole hearing in Nevada will be broadcast live at 1pm EDT Thursday and there\'s a strong chance that his path to freedom will be clear by the end of the afternoon. Nobody has registered to testify against the 70-year-old Simpson, who has been in prison for nine years on 12 convictions related to a Las Vegas robbery and will appear before the Nevada Parole Board via videolink, NPR reports. Thursday\'s hearing will cover four concurrent sentences for use of a deadly weapon and two consecutive sentences for assault with a deadly weapon, the Las Vegas Review-Journal reports. Four board members will vote after the hearing and Simpson could be free by Oct. 1 if they are all in favor of parole. If Simpson is indeed released this fall—which appears almost certainly to be the decision—it will ""renew the rabid curiosity"" in the case and ""produce a spectacle unlike anything we’ve seen since he went behind bars,"" Nancy Armour at USA Today predicts. There has even been talk that Simpson might end up with a reality TV show, but Armour wants Simpson to avoid the spotlight unless he wants to return to the ""toxic mentality that landed him in prison in the first place."" If the former NFL star does end up with a TV show, the money is likely to go to the families of murder victims Nicole Brown Simpson and Ronald Goldman, CBS News reports. He will still receive an NFL pension estimated at $25,000 per month.']"," O.J. Simpson, the former NFL star and actor, is set to face a parole hearing in Nevada on Thursday, which could lead to his release from prison as early as October 1. Simpson, now 70, has been incarcerated since 2008 for his role in a 2007 armed robbery and kidnapping of sports memorabilia collectors in Las Vegas. The case involved Simpson and five others who broke into the hotel room of Bruce Fromong, a collector, and stole items Simpson believed were his. He was convicted on 12 charges, including armed robbery, assault, and kidnapping with a deadly weapon, and received a sentence of nine to 33 years in prison.

Simpson was acquitted in 1995 of the murders of his ex-wife, Nicole Brown Simpson, and her friend Ronald Goldman, which became one of the most famous trials in American history. However, he was later found liable in a civil case and ordered to pay $33.5 million to the families of the victims. Despite this, the families have only collected a small fraction of the judgment. Simpson's net worth has significantly declined over the years, with estimates placing his current wealth at around $250,000.

Simpson's parole hearing is drawing significant media attention, with over 30 news organizations expected to cover the event. The Nevada Parole Board has indicated it will make a decision on the same day as the hearing, a departure from the usual process. Simpson's legal team argues that he has been a model prisoner, has shown remorse, and has maintained good behavior during his time in prison. His defense attorney, Yale Galanter, suggests that the jury's anger over Simpson's 2007 book, *If I Did It*, may have influenced the criminal conviction.

If granted parole, Simpson will be released from Lovelock Correctional Center, where he has been serving his sentence. He is expected to live on his NFL pension, which is estimated at $25,000 per month, though the families of the murder victims may still pursue legal action against him. Simpson's release has sparked debate about his potential return to public life, with some urging him to avoid the spotlight and others speculating about his future, including possible media appearances or a reality TV show.

Simpson's case continues to captivate the public, reflecting the enduring fascination with his life, his legal battles, and the cultural impact of the 1995 trial. As he prepares for his parole hearing, the nation watches closely to see if he will be granted freedom",3982,532,e9aca7cfa87e9c3e7c0631b6af034d1a1dd0a297983b070e
multi_news,multi_news,"Now, write a one-page summary of all the news.

",Summary:,en,,1.0,"['Search teams in Indonesia may have found the main fuselage of the AirAsia plane where most of the remaining victims and the plane\'s black boxes are expected to be. Authorities found ""four big parts of the plane we\'re looking for,"" says the official in charge of the search in the Java Sea, reports Reuters. The biggest of the pieces is about 59 feet long and 18 feet wide, reports AP. The pieces have only been detected, not recovered, and divers hope conditions will permit them to reach the objects tomorrow. So far, only 30 of 162 bodies have been recovered, and most of the victims are believed to be still strapped in their seats. Authorities also said today that AirAsia was in violation of its license by flying to Singapore on a Sunday, the day of the crash, reports the Telegraph. As a result, the airline might have its license revoked in Indonesia. There\'s still no conclusions yet in what caused the crash, but theories continue to center on stormy conditions. ""Flight 8501 appears to have been trapped in bad weather that would have been difficult to avoid,"" says a report by Indonesia\'s Meteorology, Climatology and Geophysics Agency.']","  

On December 28, 2014, AirAsia Flight QZ8501, an Airbus A320 carrying 162 passengers and crew, crashed into the Java Sea shortly after departing from Surabaya, Indonesia. The crash, which occurred during a monsoon season with intense tropical thunderstorms, resulted in no survivors. Search and rescue operations, involving a multinational task force of ships, planes, and helicopters, have been ongoing to locate the wreckage and recover victims.  

Authorities confirmed that the airline had violated its operating license by flying the Surabaya to Singapore route on a Sunday, a day not permitted under its license. As a result, the Indonesian Transport Ministry suspended all AirAsia flights on that route and initiated a full review of the airline’s schedules. AirAsia’s Indonesian subsidiary, AirAsia Indonesia, confirmed the suspension and pledged cooperation with the investigation.  

Search teams have located four large parts of the plane on the sea bed, including a significant section measuring 18 meters long. Despite poor underwater visibility and strong ocean currents, divers and remote-operating vehicles (ROVs) are working to investigate the wreckage. However, the crucial black box recorders—flight data and cockpit voice recorders—have not yet been found, delaying the full understanding of the crash.  

Weather conditions are believed to have played a role in the accident. A 14-page meteorological report from Indonesia’s Meteorology, Climatology, and Geophysics Agency suggested that the plane may have encountered severe weather, including potential engine icing, which could have contributed to the crash. The pilot had requested to climb to a higher altitude before losing contact, but was denied due to heavy air traffic.  

As of the seventh day of the search, only 30 bodies have been recovered from the water, with officials noting that the chances of finding more floating bodies are low. Some bodies have been found on beaches, and small debris has been scattered. The search continues with the hope of recovering more victims and the plane’s black boxes to determine the exact cause of the crash.  

The tragedy has deeply affected the families of the victims, including a 15-year-old girl who lost her entire family in the crash. As the search progresses, authorities and the international community remain hopeful that the wreckage will be found intact, providing critical insights into the incident and aiding in the investigation.  

The incident has also raised questions about aviation safety, regulatory compliance, and the importance of weather monitoring in flight operations. With the involvement of multiple countries and advanced search technologies, the search for the missing plane and its black boxes continues,",2887,532,60e83cb150d2208659417f01bbf493c5035d314d87cf398c
multi_news,multi_news,"Now, write a one-page summary of all the news.

",Summary:,en,,1.0,"['The Telegraph reported yesterday on a crazy court case in the UK: After a pregnant Italian woman, in town for business, had a panic attack, social service workers in Essex got a court order allowing the woman to be forcibly sedated and undergo a C-section so they could take her baby. Fifteen months later, the little girl is still with social service workers, who won\'t return her to her mother. The case is now ""an international legal row,"" the Telegraph says, and the anonymous woman\'s lawyers call it ""unprecedented."" The woman was in Britain in July 2012 for an airline training course, and called police when she suffered the panic attack. They arrived while she was on the phone with her mother, who told police the woman suffered from bipolar disorder and was off her medication, according to a Telegraph columnist. Police took her to a psychiatric facility, and restrained her under the Mental Health Act when she said she wanted to go back to her hotel. She underwent the C-section after having been there five weeks. The case is ongoing; the mother says she has made a full recovery, but a judge nonetheless ruled that her daughter should be put up for adoption. More on the case here and here.']","  

The Internet Archive has launched a new initiative to address the issue of broken links on the web by systematically archiving web pages as they are created. This effort aims to preserve the content of web pages even after they are removed or modified, ensuring that users can still access the original version of a page when it is referenced. The project, known as ""No More 404,"" involves regular crawls of supported websites to capture and store their content.  

The primary goal of this initiative is to maintain the integrity of online information by providing a permanent record of web pages. When a page is updated or deleted, the Internet Archive will attempt to replace broken links with links to the archived version of the page. This not only helps users find the information they are looking for but also supports the long-term preservation of digital content.  

By creating a comprehensive archive of web pages, the Internet Archive is working to improve the reliability and accessibility of the internet. This initiative is particularly important in an era where digital content is constantly changing, and many websites are no longer available. The project represents a significant step toward ensuring that the web remains a useful and navigable resource for future generations.  

In addition to preserving content, the Internet Archive is also promoting the use of archived links as a way to enhance the user experience. By providing a companion link to the original page, users can see what the page's authors intended, even if the original page is no longer available. This approach not only helps to reduce the number of broken links on the web but also encourages the use of more durable and reliable web references.  

Overall, the ""No More 404"" initiative is a valuable contribution to the field of digital preservation. It highlights the importance of maintaining access to online information and demonstrates the potential of archival efforts to improve the functionality and usability of the internet. As the project continues to expand, it is expected to have a lasting impact on how we interact with and preserve digital content.",325,532,c2d65128a71757d11ddd48b466d7056e772b736e27e30a74
multi_news,multi_news,"Now, write a one-page summary of all the news.

",Summary:,en,,1.0,"['The writ of habeas corpus lets prisoners appear in court to make their captors justify why they\'re being held. Until now in the US, those who\'ve used this legal tactic have been human. But a New York judge yesterday ruled that the writ may be used by two lab chimpanzees at Stony Brook University, Science magazine reports. NY Supreme Court Justice Barbara Jaffe ordered a university rep to address a suit filed by the Nonhuman Rights Project by appearing in court May 6 to argue why the college is holding Hercules and Leo. The group, which says the animals are being detained for biomedical experiments, says its ultimate goal is to have the animals released to the Save the Chimps sanctuary in Fort Pierce, Fla., per the NhRP\'s website. ""This is a big step forward to getting what we are ultimately seeking: the right to bodily liberty for chimpanzees and other cognitively complex animals,"" Natalie Prosin, the project\'s executive director, tells Science. The case kicked off in December 2013 with lawsuits that also included two chimps held on private property; each case was struck down, sending the NhRP down the appeals path. Not everyone\'s convinced the upcoming hearing will mean liberation for the chimps. A Pepperdine University law professor tells Science that the judge likely just wants to hear both sides of the story: ""It would be quite surprising if the judge intended to make a momentous substantive finding that chimpanzees are legal persons"" without doing so, he notes. Prosin, meanwhile, says her group isn\'t stopping with the chimps and will also target the release of other animals. (Click to read about what chimps talk to each other about.)']","  

Habeas corpus, often referred to as the ""Great Writ,"" is a fundamental legal principle that prevents the government from detaining individuals indefinitely without just cause. It allows detainees to challenge their imprisonment before a neutral judge, ensuring that the executive branch cannot hold people without legal justification. This right has been a cornerstone of Western law since the signing of the Magna Carta in 1215 and was enshrined in the U.S. Constitution as a safeguard against tyranny.  

However, the legal foundation of habeas corpus has been significantly weakened by the 2006 Military Commissions Act (MCA), which revoked the right to habeas corpus for individuals detained at Guantánamo Bay and for any foreigner labeled an ""enemy combatant."" This provision allows the government to detain non-citizens, including legal residents, without due process or the ability to challenge their detention in U.S. courts. The MCA has been criticized for enabling a system of justice that is fundamentally unequal and undermines the constitutional rights of all Americans.  

The implications of this law are particularly severe for detainees at Guantánamo, where the U.S. government has held nearly 800 men for years with little or no evidence against them. Most of these detainees were not captured on the battlefield but were instead handed over by warlords in exchange for bounties. Only a small number have ever been charged with a crime. Despite numerous legal challenges, including those brought by the Center for Constitutional Rights, the Bush administration has managed to prevent these detainees from receiving a fair hearing.  

In 2007, the Supreme Court agreed to hear a case challenging the legality of Guantánamo detentions, marking a critical moment in the ongoing struggle to uphold habeas corpus. The court's decision could determine whether the government's actions violate constitutional protections and whether the right to challenge detention remains intact.  

Beyond Guantánamo, the MCA has also expanded the executive's power to detain non-citizens without judicial oversight, raising serious concerns about the erosion of civil liberties and the rule of law. If left unchallenged, this system could set a dangerous precedent for the future of American justice.  

In a separate but related development, a New York court has taken a groundbreaking step by granting two chimpanzees, Hercules and Leo, the right to a habeas corpus hearing. This ruling, which marks the first time in U.S. history that an animal has been granted this legal protection, could signal a shift in the legal recognition of non-human rights. The Nonhuman Rights Project (NhRP),",1721,532,87539dc9e35cf94ea5f148dc8b4bed8111d6df1edfb2c283
multi_news,multi_news,"Now, write a one-page summary of all the news.

",Summary:,en,,1.0,"['Police in three states are still hunting for a Range Rover whose occupants opened fire on another car on the Vegas Strip this morning and set off a deadly chain reaction. Cops don\'t know most of the details, but they say it started with a dispute of some kind in one of the nearby hotels, then spilled into the street, reports the Las Vegas Sun. When the Range Rover caught up to a Maserati at a stop light, shots were fired from the SUV that sent the Maserati crashing into a taxi, which exploded upon impact. Three people—the Maserati driver, the taxi driver, and a taxi passenger—were killed, and three others were injured, reports the LA Times. Police are hoping to piece together more details by interviewing a passenger in the Maserati, who was injured in the melee. Earlier reports that gunfire came from both vehicles as part of a moving shootout were incorrect. The AP collects this quote from a tourist visiting from Manchester, England: ""This doesn\'t happen where we come from, not on this scale. We get stabbings, and gang violence, but this is like something out of a movie. Like Die Hard or something.""']"," On February 21, 2013, a violent incident occurred on the Las Vegas Strip, resulting in three deaths and at least six injuries. The attack began with a dispute at a hotel, which escalated into a car-to-car shooting. A black Range Rover, described as having tinted windows, custom black rims, and paper dealer plates, opened fire on a silver-gray Maserati. The Maserati then collided with a taxi, causing it to burst into flames. The taxi driver, Michael Boldon, and his passenger were killed, while the Maserati driver, Kenneth Wayne Cherry, also died. A passenger in the Maserati was injured and taken to the hospital.

The Range Rover fled the scene, prompting a manhunt. Police contacted authorities in three neighboring states to assist in locating the vehicle. Witnesses reported that the confrontation began at a valet area of the Aria resort and spilled onto Las Vegas Boulevard. The incident occurred near the intersection of Las Vegas Boulevard and Flamingo Road, a location known for major hotels such as Bellagio, Caesars Palace, and Bally's.

Authorities confirmed that the shooting was not a rolling gun battle but rather a single incident where gunfire was fired from the Range Rover. The Maserati, after being struck, lost control and crashed into the taxi. The taxi, which was affiliated with Desert Cab, was not fueled by propane or natural gas, as previously speculated. The crash resulted in a fiery explosion, with the taxi driver and passenger perishing in the flames.

The area was closed off for several hours as police and crime scene investigators collected evidence. Tourists and local residents were affected, with some unable to navigate the Strip due to traffic disruptions. The incident marked another in a series of violent events on the Strip, including a shooting at a parking garage and a stabbing in an elevator. Despite these incidents, officials reassured the public that Las Vegas remains a safe destination, with advanced security measures in place.

The case remains under investigation, with police seeking to determine the motive and identify the individuals involved. The incident has sparked discussions about safety and security in the city, with some residents expressing surprise at the level of violence. The event has also drawn comparisons to scenes from action movies, highlighting the unexpected nature of the attack in a city known for its entertainment and tourism.",3450,532,f5f3a7e4beff536299a26f339ef6838c1abe5cabc5b67680
multi_news,multi_news,"Now, write a one-page summary of all the news.

",Summary:,en,,1.0,"['Allegations of illegal wood imports prompted the Justice Department to raid Gibson Guitar facilities in Tennessee last week. NPR aired the complicated story involving the 100-year old Lacey Act, which prohibits imports of endangered species, including plants, into the US. No formal charges have been pressed, but it appears the issue lies with Gibson possibly importing banned Madagascar ebony. Gibson insists the wood confiscated by marshals was legally acquired rosewood from India. Adding some gusto to the story, right-leaning sites assert that Gibson rival CF Martin uses the same wood in some of its guitars, but the company was never investigated. The Landmark Report thinks that\'s fishy, given that Martin\'s CEO is a Democratic donor and Gibson\'s CEO is a GOP backer. Raising the octave even higher, it is possible Michelle Obama ran afoul of the Lacey Act when she presented France\'s Carla Bruni with a Gibson guitar that may have contained banned wood. However the story plays out, many are frustrated with the retroactive aspect of the law. ""It\'s a nightmare,"" says a dealer. ""I can\'t help it if they used Brazilian rosewood on almost every guitar made prior to 1970.""']"," 

In September 2011, the U.S. Justice Department raided the Gibson Guitar Corporation in Tennessee, marking the second such raid since 2009. The government alleged that Gibson had been trafficking in illegally obtained wood, particularly from Madagascar, under the Lacey Act—a law that prohibits the trade of illegally sourced plant and animal products. The raids, which involved federal marshals and the seizure of wood and production equipment, were part of an ongoing investigation into Gibson's supply chain practices.

Gibson's CEO, Henry Juszkiewicz, described the situation as unprecedented, noting that the company had not been formally charged with any wrongdoing, yet had suffered significant financial losses. The company denied the allegations, claiming that all its purchases from Madagascar had complied with U.S. and Malagasy law and that it had ceased importing wood from the country in 2009. Gibson also argued that the recently seized wood was legally obtained from India.

The Lacey Act, which was amended in 2008 to include plants, requires end users of endangered wood to certify the legality of their supply chain. Andrea Johnson of the Environmental Investigation Agency (EIA) stated that Gibson had knowingly imported wood linked to illegal timber harvesting, despite being aware of the ban on ebony and rosewood exports from Madagascar. However, Johnson later clarified that she had misstated the purpose of a trip to Madagascar, which was intended to explore legal sourcing options, not illegal ones.

The guitar industry has been deeply affected by the Lacey Act. While some, like C.F. Martin Guitar's CEO Chris Martin, support the law as a necessary measure to combat illegal logging, others, such as attorney Ronald Bienstock, argue that the law is retroactive and burdensome, particularly for vintage instrument dealers. George Gruhn, a top dealer of old guitars, expressed concern that the law could lead to the seizure of historic instruments, forcing him to limit his business dealings with overseas buyers.

Andrea Johnson of the EIA emphasized that the Lacey Act aims to reduce illegal logging and promote responsible sourcing, but acknowledged that the law's implementation has created challenges. She noted that the full impact of the law will only become clear once Gibson faces formal charges and has the opportunity to defend itself in court. The case highlights the growing intersection between environmental regulation and the music industry, as well as the complexities of enforcing international trade laws in a globalized economy.",1352,532,7c4df519e75e117bb448122ca241a3375f4cdf97025e22fc
multi_news,multi_news,"Now, write a one-page summary of all the news.

",Summary:,en,,1.0,"['Rachel Borch was out for a jog in the woods near her home in Hope, Maine, when a ""ferocious-looking"" attacker with beady eyes and tiny teeth made a beeline for her, reports the Camden Herald. Borch, 21, knew immediately that something was wrong with the raccoon that was charging toward her. ""Imagine the Tasmanian devil,"" she tells the Bangor Daily News of the ""terrifying"" June 3 incident. Yanking out her headphones, she began ""dancing"" around the animal on the narrow path, but she tells the Herald she knew that, one way or another, the animal was going to bite her. She figured her hands would be the best spot, so she offered them up. The raccoon chomped down on her thumb and stayed there, scratching at her legs and arms as she screamed. Now on her knees, she spotted her phone lying submerged in a mud puddle, and had an idea: drown it. ""With my thumb in its mouth, I just pushed its head down into the muck,"" she tells the News. When the raccoon finally stopped moving, she yanked out her finger and raced the three-quarters of a mile home. Two days later, the state confirmed the animal was infected with rabies. Borch got rabies shots, and an animal control officer adds an unpleasant footnote: The infected raccoon may not be alone. ""Not to scare people,"" Heidi Blood tells the News, but ""when there’s one, there’s typically another."" (Normally nocturnal like raccoons, a crazed beaver attacked a woman paddle-boarder.)']","  

On June 3, 2017, Rachel Borch, a 21-year-old woman from Hope, Maine, encountered a rabid raccoon while jogging on a wooded trail near her home. The raccoon, which was acting aggressively and unusually during the day, lunged at her as she ran. Borch, who had no means of defense, quickly realized the animal was rabid and decided to use her bare hands to subdue it.  

In a desperate attempt to protect herself, Borch managed to grab the raccoon by the throat and, noticing a nearby puddle of water, dragged the animal into the muddy water. She held the raccoon underwater until it stopped moving, at which point she fled the area. Despite the intense struggle, Borch was able to escape unharmed, though she suffered injuries to her thumb and arms.  

Borch immediately sought medical attention and was taken to Pen Bay Medical Center. She received a series of rabies vaccinations, immunoglobulin, and tetanus shots. The raccoon was later confirmed to be rabid by the Maine Center for Disease Control and Prevention.  

Hope Animal Control Officer Heidi Blood emphasized the dangers of rabies, noting that the presence of one infected animal often indicates others in the area. She warned that rabies is 100% fatal if left untreated and that even dead animals can carry the virus for up to 24 hours.  

This incident is not isolated. Earlier in the summer of 2017, a man in Wiscasset was bitten by a rabid fox, and as of June 7, 20 animals, including raccoons, red foxes, and skunks, had tested positive for rabies in Maine. In 2016, 64 animals tested positive, highlighting a growing concern for public health.  

Borch, a vegetarian, described the experience as both terrifying and life-changing. She now views raccoons differently and has no advice for others facing similar situations, stating that such an encounter is unpredictable and not something that happens in real life.  

The incident serves as a stark reminder of the dangers of rabies and the importance of vigilance, especially in areas where wildlife is prevalent. It also underscores the need for proper vaccination of pets and the importance of reporting any suspicious animal behavior to local authorities.",1996,532,f43f9ce2fa78f95ac1828a5344740662285ef3db08df7ba1
multi_news,multi_news,"Now, write a one-page summary of all the news.

",Summary:,en,,1.0,"['Imagine all the water in the Arctic Ocean. Now, imagine all that and more on Mars. If you visited the Red Planet roughly 4.3 billion years ago, that\'s what you likely would have found, say NASA scientists. Their new study arrived at that ""solid estimate ... by determining how much water was lost to space,"" says lead author Geronimo Villanueva. The Guardian reports the scientists used three powerful infrared telescopes to analyze two forms of water in Mars\' atmosphere: H2O and HDO, in which deuterium (aka ""heavy"" hydrogen) has taken the place of one hydrogen atom. As National Geographic explains, Mars\' gravity is weaker than our own; that allowed hydrogen to escape from the atmosphere and into space over time, boosting the amount of deuterium in its water. Scientists compared the ratio of HDO to H2O in Martian water today with that in water from a 4.5 billion-year-old Mars meteorite to arrive at their conclusions, a press release states. They ultimately calculated that Mars was once home to 20 million cubic kilometers of ocean. It could have covered every inch of the planet in water 450 feet deep, but the scientists think a different scenario is more likely: that the ocean covered roughly a fifth of the planet, was located in the northern hemisphere, and was as much as a mile deep. While National Geographic observes the findings back up ""reams of earlier evidence that water once existed on the surface"" of Mars, another study author points out the assessment of the degree of water lost indicates something new. ""The planet was very likely wet for a longer period of time than was previously thought, suggesting it might have been habitable for longer,"" a scientist says. (Mysterious plumes on Mars are stumping scientists.)']"," Recent scientific studies have significantly advanced our understanding of Mars' ancient climate and potential for life. Using data from powerful infrared telescopes, researchers have mapped the distribution of water and its deuterated form (HDO) across the Martian surface. These maps reveal that water in the polar regions is highly enriched in deuterium, indicating that Mars once had a much greater amount of water than it does today. The high D/H ratio suggests that a significant portion of the planet's water has been lost to space over billions of years, primarily due to the planet's weak gravity and thin atmosphere.

Evidence from these studies points to the existence of a vast ancient ocean that once covered nearly half of Mars' northern hemisphere. This ocean, which could have been up to a mile deep in some areas, was likely a key factor in making Mars a more habitable environment in its early history. The volume of water required to form such an ocean is estimated to be equivalent to more than six times the current amount of water locked in the polar ice caps. This suggests that Mars may have had a global water layer at least 137 meters deep during its early history.

The presence of long-standing bodies of water, such as lakes and river deltas, further supports the idea that Mars was a warm and wet planet for a significant period. This challenges previous assumptions that water on Mars was a rare and episodic phenomenon. Scientists believe that the planet's atmosphere, which was once much denser and warmer, allowed for the existence of liquid water for millions of years. Over time, however, the atmosphere thinned, leading to the evaporation and loss of much of this water.

The discovery of a high D/H ratio in Martian water also provides insights into the planet's water cycle. As lighter hydrogen atoms escape into space, the remaining water becomes increasingly enriched in deuterium. This process has allowed scientists to estimate the total amount of water that once existed on Mars. The findings suggest that Mars may have had enough water to cover the entire planet to a depth of 137 meters, with the majority of it concentrated in the low-lying northern plains.

These discoveries have important implications for the search for life on Mars. The presence of a long-standing ocean, combined with a potentially habitable environment, increases the possibility that life could have emerged on the planet in its early history. While there is no direct evidence of past life, the conditions that once existed on Mars make it a compelling target for further exploration. Upcoming missions, such as the European Space Agency's Exomars rover, aim to search for chemical signatures of life, including potential microbial life beneath the",1999,532,f525eb46942a990f7fc284f7ed92f0b3330cbf0b7e92821e
multi_news,multi_news,"Now, write a one-page summary of all the news.

",Summary:,en,,1.0,"['Four years ago, a chemistry professor got a text from her grad student: If I\'m not back in a week, cut me from the doctoral program. Charlotta Turner called him right away: ""He was very sad and crying,” the 48-year-old prof at Lund University in Sweden tells NBC News. ""I could hear that the situation was hopeless and they had to flee."" The student, Firas Jumaah, was visiting his native Iraq to help family members during a brutal 2014 ISIS attack targeting Yazidis—a religious minority that includes his family. The terror group had just enslaved and massacred Yazidis by the thousand in nearby Sinjar. Now Jumaah and family were planning to flee to the mountains. ""I had no hope at all,"" says Jumaah, per the Local. ""I was desperate."" But Turner took action. She spoke to Lund University\'s then-security chief, who contacted a company that sent mercenaries into northern Iraq. Only days later, four armed mercs on two Landcruisers blazed into the place where Jumaah was hiding, and rushed him to Erbil Airport with his wife and two young kids. ""I have never felt so privileged, so VIP,"" he says. ""But at the same time I felt like a coward as I left my mother and sisters behind me."" Seeing his colleagues back in Sweden, he was speechless: ""I just cried,"" he says. Yet Jumaah finished his PhD and found work at a Malmo pharmaceuticals company, and his family survived. The bill: roughly 60,000 kroner ($6,613), which his family has nearly finished paying. “If they told me to pay 200,000 kronor, I would,” says Jumaah. (The UN is finding fresh ISIS horrors.)']"," 

In 2014, Swedish chemistry professor Charlotta Turner found herself in an extraordinary situation when her doctoral student, Firas Jumaah, sent her a text message from Iraq. Jumaah, a member of the Yazidi ethnic and religious group, had returned to his home country to be with his family, who had been living in Iraq for a family wedding. However, the situation quickly deteriorated as ISIS launched a brutal offensive in northern Iraq, targeting the Yazidis. Jumaah’s wife and children were in danger, and he feared for their lives.

In a desperate move, Jumaah informed Turner that he would not return to Sweden within a week and requested that she remove him from his PhD program. What he didn’t realize was that he was in a life-threatening situation. His family was under siege by ISIS, and they were forced to take refuge in a disused bleach factory, with the sounds of gunfire echoing around them. Jumaah had decided to return to Iraq to rescue his family, but the borders were closed, and he was unable to reach the airport.

Turner, deeply moved by Jumaah’s plight, refused to let him face the danger alone. She reached out to the university’s security chief, Per Gustafson, and together they arranged a daring rescue operation. A team of armed mercenaries was deployed to extract Jumaah and his family from the war zone. The operation was successful, and the family was safely evacuated to Erbil Airport and eventually returned to Sweden.

Jumaah completed his PhD in Sweden and now works for a pharmaceutical company in Malmö. The family has since repaid the university for the rescue operation, which was described as a unique and unprecedented event. Turner and Gustafson emphasized the importance of acting swiftly in the face of humanitarian crises, even when the situation was outside the university’s usual scope.

This incident highlights the power of individual action and the role of academic institutions in responding to global crises. It also underscores the ongoing threat posed by ISIS to vulnerable communities, particularly the Yazidis, and the resilience of those who fight to survive and rebuild their lives.",1173,532,4d3783115f3756945540fe966195e80fcaa62aa7c3e58b4a
multi_news,multi_news,"Now, write a one-page summary of all the news.

",Summary:,en,,1.0,"['A ""gun joke"" involving palace sis-in-law Pippa Middleton is causing a royal stir. The driver of a car that Pippa, 28, was riding in smilingly pointed what looked like a gun at pestering paparazzi in Paris over the weekend. Now he says he was just goofing around, and the gun wasn\'t real. ""It was not a real gun. It was just a stupid joke,"" said a representative. The French aren\'t laughing, though, especially in the wake of the shocking shootings in Toulouse last month. Paris authorities warned that everyone in the car (including grinning Pippa) could face arrest and even two years in prison. ""Anybody involved in the illegal use of a handgun in public is liable to arrest and interrogation,"" a source told the Sun. But so far, no one has filed a complaint, and the ""targeted"" photographer didn\'t feel threatened, reports ABC. The driver hasn\'t yet been identified. Her Royal Hotness was in the front passenger\'s seat, and sitting in the back were two men, including aristocrat fashion designer Viscount Arthur de Soultrait, whose wild birthday party Pippa attended (for photos, check here). Buckingham Palace reps are keeping mum, saying Pippa is a ""private individual"" and not their concern.']"," Pippa Middleton, the sister-in-law of Prince William and future Queen Consort Kate, found herself at the center of a media storm after a controversial incident in Paris. The event occurred during a weekend when she was attending a lavish 18th-century-themed party hosted by her close friend, the French aristocrat and fashion designer Arthur de Soultrait. The party, held at a Parisian nightclub, featured elaborate costumes, a stripper emerging from a cake, and a range of eccentric guests, including a Marquis de Sade impersonator and a nun who later danced with a dwarf.

Following the party, Pippa and her companions were photographed in a black Audi convertible as they traveled to the Gare du Nord to catch the Eurostar back to London. During the drive, the car's driver, who was identified as one of de Soultrait's friends, allegedly reached into the glovebox and pulled out a realistic-looking semi-automatic pistol, pointing it at a paparazzi photographer following them. The image, which showed Pippa grinning as the driver aimed the gun, sparked international media attention and raised concerns about the safety of the public.

Initially, there were reports that Pippa could face criminal charges, with the Paris Judicial Police indicating they were ""poised"" to launch an investigation. However, it was later revealed that the gun was a fake, and the photographer had always known it was not real. Friends of the driver confirmed that the weapon was a toy, and the incident was described as a ""stupid joke."" Despite this, the French authorities have not ruled out the possibility of an investigation, and the incident has the potential to overshadow the upcoming Diamond Jubilee celebrations of Queen Elizabeth II.

Pippa, who is known for her high-profile social life and her role as a party planner, has been a frequent target of paparazzi since her appearance at her sister's wedding to Prince William. She has also been involved in legal actions against media outlets that distribute her photographs. While the Royal Family has not officially commented on the incident, there are indications that they are concerned about the potential fallout, especially given the recent wave of high-profile shootings in France.

The incident has sparked a broader discussion about the challenges Pippa faces as a public figure who is not a member of the royal family. Despite her fame and social connections, she lacks the official protection and support that other members of the royal family receive. The event has also highlighted the complexities of her relationship with de Soultrait, who is a key figure in her social circle and has been a frequent host for her events.

In the wake of the incident,",3726,532,f29dd7b68a1d950a581a11a274ae8966472c4f273a1ee60c
multi_news,multi_news,"Now, write a one-page summary of all the news.

",Summary:,en,,1.0,"['A woman believed to be in her 20s or 30s held employees of a Jared Vault jewelry store in Mebane, NC, at gunpoint on Monday before making off with jewelry piled into a shopping bag. But this wasn\'t her first rodeo: The FBI says the same brunette has robbed five other jewelry stores across the South since April, including in Florida, Georgia, South Carolina, and Tennessee, netting more than $450,000 worth of bling, per WNCN. A black man in his 30s or 40s, weighing about 250 pounds, was spotted by cameras during three of the robberies, reports NBC News. The FBI says both suspects ""are considered armed and dangerous.""']"," 

A series of jewelry store robberies across the southeastern United States has led to the FBI and local law enforcement issuing a joint alert for two suspects. The primary suspect is a woman described as a brunette, in her 20s or 30s, approximately 5 feet 8 inches tall, and weighing around 130 pounds. She is believed to have committed six separate robberies in Florida, Georgia, South Carolina, Tennessee, and North Carolina since April. The most recent incident occurred on Monday at a Jared Vault in Mebane, North Carolina, where she allegedly forced two employees into a back room at gunpoint, tied them up with zip ties, and stole an undisclosed amount of jewelry. No injuries were reported in this or any of the previous incidents.

The FBI has confirmed that the woman is working with a male accomplice, described as a black man in his 30s or 40s, standing about 6 feet tall and weighing 250 pounds. Surveillance footage from three of the robberies has captured the man, who is believed to be an accomplice. Both suspects are considered armed and dangerous, and authorities are urging the public to come forward with any information.

The pattern of the robberies includes the use of a firearm, the tying up of employees, and the theft of high-value jewelry. The total estimated value of the stolen goods is over $450,000. The first known robbery took place at a Jared Vault in Woodstock, Georgia, followed by a Zales store in Dawsonville, Georgia, where $13,000 worth of jewelry was taken. Subsequent robberies occurred at a Reeds Jewelers in Panama City Beach, Florida, where over $400,000 was stolen, and at a Jared Vault in Bluffton, South Carolina, where the suspect was seen wearing a blue or purple striped skirt and a lavender and black brimmed hat.

Authorities are investigating similar incidents in other states and are seeking public assistance in identifying the suspects. Contact information has been provided for both Mebane Police and Alamance County Crime Stoppers. The FBI has also released photographs of the suspects and is encouraging anyone with information to call 1-800-CALL-FBI (225-5324). The ongoing investigation highlights the need for public vigilance and cooperation in bringing the suspects to justice.",786,532,9a80a9ec70584025030b77bd8d6e353068e24603ace24e3d
multi_news,multi_news,"Now, write a one-page summary of all the news.

",Summary:,en,,1.0,"['Modern Family star Ariel Winter has words for those who criticized the gold minidress she wore to an event for the show Wednesday night, People reports. Photos from the screening of the season eight finale showed that Winter\'s outfit stood out among the clothes worn by the other cast members who attended (Julie Bowen, for example, wore black slacks with a simple top, while Ty Burrell showed up in jeans). USA Today describes Winter\'s outfit like so: ""Mesh panels showed off her cleavage as well as the tops of her thighs."" But some of the commentary on Winter\'s outfit went beyond simply calling the teen overdressed, with some going so far as to say she looked ""slutty."" On Thursday night, Winter responded on Instagram. ""Why TF does anyone care that I didn\'t dress casual like everyone else for the panel? Why do I have to be like everyone else? Why can’t people just let other people feel good about themselves and do what they want?"" the 19-year-old wrote. ""WEAR WHATEVER YOU WANT PEOPLE! As long as you feel good about yourself that’s what matters. I know I did. Don’t ever let anyone stifle who you are and how you express yourself. Rant over."" (Winter says her ""baby voice"" makes her boyfriend uncomfortable.)']","  

Ariel Winter, the 19-year-old star of *Modern Family*, has been in the news for her bold and unapologetic approach to both her personal life and public image. Known for her confident presence on social media, where she frequently shares scantily clad photos, Winter has cultivated a reputation for not caring about public opinion. She has spoken openly about her stance on self-acceptance, emphasizing the importance of focusing on personal relationships and self-worth over external validation. In an interview with *Elite Daily*, she stated, “If I can't win, I'm going to work on a relationship with myself, which I also think is the most important thing we can teach young women and men today.” She encourages others to embrace their true selves and not let negativity from haters affect their confidence.

However, Winter has also faced criticism for her choices, both in terms of her appearance and her voice. During an appearance on *Conan*, she was reportedly ridiculed for her baby voice, which some found unsettling. The incident sparked a wave of online reactions, with many finding the sound disturbing. Despite the backlash, Winter has remained unshaken, continuing to express her individuality without apology.

Recently, Winter faced another round of criticism when she attended a *Modern Family* event in a bold, glamorous outfit—a gold minidress with a high neckline, mesh panels, and a cold-shoulder design. Some fans and critics took issue with her choice, with one user claiming she was “trying too hard to look slutty” and another suggesting she was “2 minutes away from being like or worse than Lindsay Lohan.” In response, Winter took to Instagram to defend her fashion choices, stating, “Why TF does anyone care that I didn’t dress casual like everyone else for the panel? Why do I have to be like everyone else?” She emphasized that people should be free to express themselves and that self-confidence should not be dictated by others. Her message resonated with many, as she encouraged others to “wear whatever you want” and “never let anyone stifle who you are.”

Winter’s responses to criticism highlight her strong personality and her commitment to self-expression. Whether it’s her fashion choices, her social media presence, or her voice, she continues to challenge societal norms and inspire others to embrace their authenticity. Her unfiltered approach has made her a polarizing but influential figure in the entertainment industry.",1415,532,32350309f0cb915ff04aed26ed124c6533fe32573b42dd4b
multi_news,multi_news,"Now, write a one-page summary of all the news.

",Summary:,en,,1.0,"['Tonight\'s Mega Millions prize could end up being the biggest US jackpot ever. It\'s already hit $636 million; by tonight, it could rise past the $656 million record, Reuters notes. Let\'s say, for the sake of argument, that you win it (you won\'t). When you can breathe again, you\'ll want to take quick action to ensure that you deal with your newfound millions safely and effectively. At CNN, Steve Almasy offers a checklist: First, sign the ticket. You don\'t want to risk losing it, or having a ""friend"" claim it. While you\'re at it, you might want to take a selfie with the ticket, then drop it in a safe deposit box. Then, seek out financial experts, but not too many—you want to keep the news quiet as long as possible. ""Start with one experienced attorney and look for a seasoned certified financial planner,"" Almasy writes. Big question: Is there any way you can legally remain anonymous? If you live in South Carolina or a handful of other states, the answer is yes, but generally you\'ll have a tough time hiding. You might want to hire a PR person. In fact, you might want to slip out of the country until the hubbub over the prize has died down. Didn\'t win? Don\'t forget to check if you\'ve qualified for runner-up cash. Last year saw $800 million in unclaimed lottery winnings. Click for Almasy\'s full piece.']","  

A record-breaking $636 million Mega Millions jackpot was won by at least two individuals in the United States, marking one of the largest lottery prizes in the country's history. The winning numbers were 8, 20, 14, 17, and 39, with a Megaball of 7. The jackpot, which had been growing due to a surge in ticket sales, was expected to reach as high as $950 million if no one claimed it, with the next drawing scheduled for Friday.  

Winners are advised to take immediate steps to protect their newfound wealth. First, they should sign their lottery tickets to prevent disputes over ownership. It is also recommended to take a photo of the ticket and store it securely, such as in a safe deposit box. Winners should also consider consulting with experienced professionals, including a financial planner and attorney, to manage their money wisely. These experts can help with decisions about whether to take the lump-sum cash prize or the annuity option, as well as with estate planning and tax strategies.  

Maintaining anonymity is another important consideration. While only a few states allow lottery winners to remain anonymous, others require public disclosure. Winners may need to hire a public relations team or a media consultant to manage their public appearances and protect their privacy.  

Winners are also encouraged to consider taking a trip or relocating temporarily to avoid media attention and potential harassment. Some winners have chosen to travel abroad, such as to South America or the U.S. Virgin Islands, to keep their identities private.  

It is also worth noting that not all lottery winners claim their prizes. In fact, millions of dollars in unclaimed prizes are left uncollected each year, with some winners discarding their tickets without realizing their winnings. This highlights the importance of checking all lottery tickets, especially those that match five numbers, as even smaller prizes can add up to significant sums.  

The recent Mega Millions jackpot has sparked a frenzy of ticket purchases, with sales reaching a fever pitch just days before the drawing. The growing prize has drawn attention from media and the public, with many hoping for a winner who could change their lives. As the drawing approaches, the anticipation continues to build, with the potential for a historic win that could set a new record for the largest U.S. lottery jackpot.",1747,532,e614f7f571505896fb9a084fbb7fe96b749f84279cc1d950
multi_news,multi_news,"Now, write a one-page summary of all the news.

",Summary:,en,,1.0,"['Cary Heath was arrested Monday at the Texas middle school where he teaches eighth-grade science a day after police say he murdered two of his neighbors, NBC DFW reports. According to the Fort Worth Star-Telegram, shots were fired shortly before 4am Sunday at a home down the street from where Heath lives. Police arrived to find two men dead in the home\'s driveway. ""From my understanding, the guy had an assault rife,"" a neighbor who woke up to gunshots tells NBC. ""From the looks of it, due to the shell casings, he unloaded the whole clip."" Police aren\'t discussing a motive for the killings, though the first 911 call from the scene was regarding a robbery. The 35-year-old Heath is being held on $1 million bond and has been placed on administrative leave. The school notified parents of the situation via automated phone messages, WFAA reports. One mother says ""it\'s very scary"" that someone suspected of murder was teaching children. ""They should be safe over there to get their education and come home,"" she says. Heath served in the Air Force for 13 years before recently becoming a teacher.']"," 

The provided news passages cover a range of topics, from technological contributions to a tragic criminal incident. Here is a concise one-page summary of all the news:

---

**Summary of News Passages**

**1. Internet Archive and Alexa Internet Collaboration**  
Since 1996, Alexa Internet has been donating its web crawl data to the Internet Archive. This data is continuously added to the Wayback Machine, a digital archive of the internet, after a specified embargo period. This collaboration has played a significant role in preserving the historical data of the web, allowing researchers and the public to access and study past versions of websites.

**2. Tragic Shooting in Fort Worth, Texas**  
In early October 2016, a tragic double murder occurred in Fort Worth, Texas. Two neighbors were found fatally shot in their driveway at approximately 4 a.m. on Sunday, October 23, 2016. The initial call to police was for a robbery, but upon arrival, officers discovered the bodies of the victims. The incident sparked a community response, with a neighbor, Jordan Milner, providing a detailed account of the events. He reported that a man, later identified as Cary Joseph Heath, had used an assault rifle to kill the couple. 

**3. Arrest and Investigation of Cary Joseph Heath**  
Cary Joseph Heath, a 35-year-old middle school science teacher at Permenter Middle School in Cedar Hill, Texas, was arrested on a capital murder charge the following day. Heath was booked on a $1 million bond and was placed on administrative leave by his school district. The school district had initially notified parents via an automated message, but many were unaware of the incident. Parents expressed concern over the safety of students, given Heath's proximity to the school and his potential access to children. 

The motive for the shooting remains unknown, and the identities of the victims have not been officially released. Police are continuing their investigation into the incident, which has raised questions about the safety of the community and the background checks for individuals working with children.

---

In summary, the news passages highlight both a technological contribution to digital preservation and a tragic criminal event that shocked a local community. The incident involving Cary Joseph Heath underscores the importance of vigilance and the need for thorough background checks, especially for individuals in positions of responsibility around children.",875,532,00b5ebc7a259107bbfa5817da07bde0fa0ec3fad53ef8d30
multi_news,multi_news,"Now, write a one-page summary of all the news.

",Summary:,en,,1.0,"['A classy move by a Florida cop is making headlines: Laurie Graber, an officer in Plantation, got the call for a particularly low-level crime—someone had ripped the engagement ring off the finger of an 87-year-old woman bedridden with Alzheimer\'s in a hospital, reports Fox News. By the bruises on Betty Wagner\'s finger, it wasn\'t an easy job, and no wonder—the ring had been there for 67 years. ""I just couldn\'t imagine what kind of depravity you would have to have to take something off of someone so vulnerable,"" Graber tells WSVN. Upon leaving the hospital, Graber went to JCPenney and shelled out for a replacement ring with her own money. She brought it back to the nurses\' station with a note, reports AOL.com: ""It\'s not much, it\'s not the same. But 67 years of a promise kept should be recognized."" Husband Arthur, who placed the original on his soon-to-be wife\'s hand in 1946, says the gesture has helped him deal with the theft. (Another Florida officer bought groceries for a mom caught shoplifting.)']"," A Heartwarming Act of Kindness by a Florida Police Officer

In a touching and heartwarming story, a Florida police officer went above and beyond her duty to help an elderly woman who had lost her cherished engagement ring. The incident took place at a hospital in Plantation, Florida, where Betty Wagner, an 80-something-year-old woman suffering from Alzheimer's, had her engagement ring stolen. The ring, which had been on her finger for 67 years, was a symbol of her enduring love for her husband, Arthur Wagner, whom she married in 1946.

Arthur Wagner, who had purchased the ring for $400 in 1946, discovered the theft when he visited Betty in the hospital. He found the ring missing and noticed bruises on her finger, indicating that someone had forcibly removed the ring. Despite the emotional toll of the loss, Arthur and Betty remained at the hospital, where Betty was sedated due to her advancing Alzheimer's.

Upon learning of the situation, Plantation Police Officer Laurie Graber took it upon herself to help. Moved by the couple's story, she decided to replace the stolen ring. Using her own money, she purchased a new engagement ring from J.C. Penney and delivered it to Betty, along with a heartfelt note expressing her admiration for the couple's enduring love.

Officer Graber emphasized that the act was not about recognition but about honoring a promise that had lasted for decades. She described how Betty still looked at Arthur with the same affection as the day they first met, and how Arthur still treated her as his young bride. The new ring, while not the same as the original, brought some comfort to Betty and her husband.

The police are still investigating the theft, reviewing surveillance footage from the hospital in hopes of identifying the thief. Authorities have also urged anyone with information to come forward, offering a reward for assistance in the case.

This incident highlights the power of compassion and the impact of small, thoughtful gestures. Officer Graber's actions not only restored a piece of Betty's past but also reminded everyone of the value of love, commitment, and kindness. The story has resonated with many, serving as a reminder that even in the face of loss, there is always hope for healing and connection.",1212,532,e67008dd5afa06246bb5871bc99578da12bec422c6f04932
multi_news,multi_news,"Now, write a one-page summary of all the news.

",Summary:,en,,1.0,"['Not a huge surprise: Lawyers for Boston marathon bomber Dzhokhar Tsarnaev today appealed his death-penalty conviction, arguing that ""continuous and unrelenting publicity"" biased jurors and made a fair trial in Boston impossible, NBC News reports. ""Put simply, prejudicial media coverage, events, and environment saturated greater Boston, including the social networks of actual trial jurors, and made it an improper venue for the trial of this case,"" say the papers. The lawyers want another trial at a new location, the AP reports. Earlier this year, the Guardian reminded us that Tsarnaev\'s appeals will likely delay his punishment for ""at least a decade."" The April 15, 2013, bomb strike in Boston left three dead and more than 200 maimed or injured.']","  

Dzhokhar Tsarnaev, the Boston Marathon bomber, is facing a legal battle over his conviction and death sentence. His defense team has argued that the trial should not have taken place in Boston due to the intense public outrage surrounding the 2013 bombing, which killed three people and injured over 260. They claim that jurors were unable to remain impartial, as they were exposed to extensive media coverage, including social media posts from friends and family of the victims and the defendant. The defense also cites a recent Supreme Court ruling that questions the definition of a ""crime of violence,"" which was used to justify Tsarnaev’s death sentence.  

In addition to the venue issue, Tsarnaev’s legal team has appealed his death sentence, arguing that the death penalty is unconstitutional and constitutes ""cruel and unusual punishment,"" a stance echoed by Justice Stephen Breyer in a recent dissent. However, the majority of the Supreme Court has upheld the constitutionality of capital punishment.  

Tsarnaev, who was 19 at the time of the bombing, was sentenced to death in June 2015, making him the youngest person on federal death row. He is now the 62nd inmate on federal death row, joining a group of individuals whose cases have been pending for years. Despite the high-profile nature of his case, experts estimate that it will take at least 10 years before he could face execution, given the lengthy appeals process.  

The defense has already outlined two key legal arguments: first, that the trial should have been moved out of Boston due to prejudicial publicity, and second, that the prosecution did not provide the defense with sufficient time to present mitigating evidence.  

Federal death row has become increasingly rare in practice, with only three executions carried out in the past 50 years. While most death penalty cases are handled by individual states, particularly in the South, the federal system has seen a decline in the use of capital punishment. Tsarnaev’s case, involving a public act of terrorism, has drawn national attention, setting it apart from the more routine cases that make up the majority of federal death row inmates.  

As the legal process continues, Tsarnaev’s fate remains uncertain, with his case likely to be one of the most closely watched in the history of the U.S. justice system.",1067,532,d30be80c0ac46bf18e40be8f115604ca446a1e7680d6ddef
multi_news,multi_news,"Now, write a one-page summary of all the news.

",Summary:,en,,1.0,"[""InterContinentalExchange Inc. has agreed to buy NYSE Euronext, the company that owns the New York Stock Exchange, for $8.2 billion, the two companies announced this morning. ICE, an Atlanta-based commodity exchange, says it intends to leave the NYSE's branding alone, and would explore an IPO for Euronext, spinning it off into a continental European entity, the Wall Street Journal reports. It will pay $33.12 a share for the elder exchange, or about a 37% premium on yesterday's close. You might remember ICE from its last attempt to buy the NYSE, which failed thanks to antitrust concerns from regulators. While the 12-year-old company may lack the name recognition of the iconic NYSE, it's much larger in terms of market capitalization, at $9.3 billion to NYSE Euronext's $5.8 billion—a sign, the New York Times observes, of how completely commodity trading has outpaced stock trading in relevance.""]","  

The New York Stock Exchange (NYSE), a historic institution in American finance, is reportedly in the process of being acquired by IntercontinentalExchange (ICE) in an $8 billion merger. This deal highlights the shifting dynamics in the global financial markets, where the derivatives sector is growing in importance compared to traditional stock trading.  

According to the news, ICE, a commodities and derivatives trading platform based in Atlanta, is expected to offer approximately $33 per share of NYSE Euronext, with two-thirds of the value in stock. This represents a 37% premium over the company’s recent stock price. The potential merger could be announced as early as Thursday, though there are still uncertainties, as the talks may not proceed as planned.  

The NYSE, while still a symbol of traditional stock trading, has seen its market share decline significantly. It now accounts for only about 11% of all U.S. stock trading, with its electronic platform, Arca, contributing an additional 12%. In contrast, ICE’s focus on commodities and derivatives has positioned it as a fast-growing player in the financial sector.  

This proposed merger would mark a significant shift in the industry, as it would combine ICE’s strengths in commodities and derivatives with NYSE Euronext’s legacy in stock trading. The deal would also be the first major consolidation between two U.S.-based exchanges, potentially avoiding the nationalist concerns that have derailed similar international mergers in the past.  

The merger is expected to bring several benefits, including cost savings from combining operations, increased scale, and greater market reach. However, it may also face regulatory scrutiny, particularly from the CME Group, which is a major competitor in the derivatives market.  

If approved, the merged entity would control 14 stock and futures exchanges and five clearing operations, making it the largest and most diversified exchange operator in the world. This would also signal the continued decline of traditional ""open outcry"" floor trading, as the industry moves toward fully electronic platforms.  

The announcement has already led to a significant rise in NYSE Euronext’s stock price, with shares surging over 21% in after-hours trading. The deal, if completed, would represent a major milestone in the ongoing consolidation of financial markets and the growing dominance of derivatives trading over traditional stock exchanges.",1042,532,8fcab0ef4e02147eb2cb3ac99b3023dfe9db11b3f3fe68d1
multi_news,multi_news,"Now, write a one-page summary of all the news.

",Summary:,en,,1.0,"['Apparently still smarting from some of Chris Rock\'s Oscars barbs, the Academy of Motion Picture Arts and Sciences invited 683 people—many of them women and minorities—to join in an unprecedented move Wednesday, Reuters reports. The voting group behind the Oscars is largely old, white, and male and was lambasted this year with the hashtag #OscarsSoWhite after two years in a row of all-white acting nominees. In response, the academy is attempting to—as the AV Club puts it—"" add seemingly goddamn everyone it had, for one reason or another, forgotten to invite into its membership.” The actors, directors, and others invited Wednesday include Idris Elba, Eva Mendes, Oscar Isaac, John Boyega, Ice Cube, Greta Gerqig, Michael B. Jordan, Vivica A. Fox, the Wachowskis, James Wan, Luis Guzmán, Kate Beckinsale, Park Chan-wook, James Hong, Michelle Rodriguez, and not one, not two, but three Wayans brothers. Of the new invitees, 46% are women and 41% are people of color. If all 683 accept their invite, women would account for 27% of the more than 7,000 academy members (up from 25%) and minorities would total 11% (up from 8%). “I\'m especially happy to be part of such a diverse group. I actually want to hang out and watch movies with most of the people on this list,"" Arab-German director Lexi Alexander tells the Los Angeles Times. “To be honest, I cried a few tears when I started to get congratulation tweets in Arabic.” Other invitees took to Twitter to share similar sentiments. “Excited to use my vote to nominate talent that reflects the real world we live in—DIVERSITY,"" tweets Brie Larson, who won best actress at this year\'s Oscars.']","  

In response to growing criticism over its lack of diversity, the Academy of Motion Pictures Arts and Science (AMPAS), the organization behind the Oscars, has taken significant steps to expand its membership. The Academy, long criticized for its predominantly older, male, and white membership, has launched a major overhaul aimed at increasing representation across gender, race, and other demographics.  

As part of this initiative, the Academy has sent out an unprecedented 683 membership invitations, with nearly half of the invitees being women and 41% being people of color. The list includes a wide range of industry professionals, from established Hollywood figures to international directors and emerging talent. Notable names in the director category include Catherine Breillat, Park Chan-wook, Lucrecia Martel, Julia Loktev, Abbas Kiarostami, Hou Hsiao-Hsien, Karyn Kusama, Kiyoshi Kurosawa, Mary Harron, Mia Hansen-Løve, Lynne Ramsay, the Wachowskis, Apichatpong Weerasethakul, James Wan, Maren Ade, Nuri Bilge Ceylan, Souleymane Cissé, Patty Jenkins, So Yong Kim, Ryan Coogler, Ramin Bahrani, and Ken Loach.  

The acting invitees include prominent figures such as Luis Guzmán, Adam Beach, Kate Beckinsale, Morris Chestnut, Idris Elba, Bruce Greenwood, Oscar Isaac, James Hong, Tessa Thompson, Greta Gerwig, Alicia Vikander, Michelle Rodriguez, Tom Hiddleston, Michael B. Jordan, Regina King, Eva Mendes, Vivica A. Fox, and Ice Cube. The list also features the Wayans brothers, highlighting the Academy’s effort to include a broad spectrum of talent.  

This move comes in the wake of the #OscarsSoWhite hashtag, which gained widespread attention after the 2015 and 2016 Oscar nominations featured all-white acting categories. The hashtag, created by April Reign, sparked a national conversation about diversity in Hollywood and prompted the Academy to commit to doubling the number of women and people of color in its membership by 2020.  

The latest round of invitations marks the Academy’s first major step toward fulfilling this commitment, signaling a shift in its approach to inclusivity and representation. While the changes are a positive development, the long-term impact of these efforts will depend on the Academy’s continued commitment to diversity and the broader industry’s response to these initiatives.",682,532,604c0b723e4c77d2814cae6b70f452e09711db9412c90869
multi_news,multi_news,"Now, write a one-page summary of all the news.

",Summary:,en,,1.0,"['The three American hikers detained by Iran weren’t captured in Iraq, says Sarah Shourd: They were beckoned over the border by an armed soldier, she tells the New York Times in an effort to set the WikiLeaks version of the story straight. “We did not actually enter Iran until he gestured to us. We were confused and worried and wanted to go back."" In Shourd\'s fullest account of her ordeal to date, she goes into detail about their fateful overnight camping trip, describing ""scores of campfires"" near the waterfall they were hiking to—which abutted Iran. “I think we were extremely unlucky,” says Shourd. “I guess I never believed there would be so many hundreds of people close to a border.” Her interview with the Times comes ahead of a court date for her fellow hikers, which was set for Saturday but has been delayed by Iran until Shourd “can return to Iran or,” if she refuses, her case can “be dealt with differently,” said an Iranian official. But her lawyer says the trial should go forward; neither he nor Shourd, he tells Reuters, were notified of the change.']"," 

In May 2010, Iranian authorities delayed the trial of three American hikers—Shane Bauer, Josh Fattal, and Sarah Shourd—who had been arrested near the border of Iraq and Iran in July 2009. The delay was attributed to the absence of Sarah Shourd, who had been released on bail in September 2009 and returned to the United States. Iranian judiciary spokesman Qolamhossein Mohseni-Ejei stated that the trial could not proceed without her presence, though the hikers’ lawyer, Masoud Shafiee, expressed confusion over the postponement, claiming he had not been informed.

The case has become a focal point in the ongoing tensions between the United States and Iran, particularly in the context of broader diplomatic discussions regarding Iran’s nuclear program. The U.S. and other world powers were attempting to encourage Iran to return to negotiations, which had previously stalled. Meanwhile, Iran had suggested that the hikers’ release might be part of a prisoner exchange, citing the case of an Iranian woman who had been detained in the U.S. and claimed to have been tortured.

Sarah Shourd, who had been released on humanitarian grounds due to health concerns, denied the espionage charges against her. She and the other two hikers had been on a hiking trip in the Kurdish region of Iraq, unaware that they had crossed into Iranian territory. According to Shourd, the group had no intention of agitating or creating publicity, and the U.S. State Department had not previously suggested that the hikers were involved in any such activity. The U.S. government maintained that it did not know how the hikers had been captured, and the incident was described as a tragic accident rather than a deliberate act.

The case has drawn international attention, with some in Iran calling for the release of the hikers as part of broader diplomatic efforts. However, the Iranian government has not confirmed any plans for a prisoner exchange, and the trial of the two remaining hikers remains pending. The situation highlights the complex and often tense relationship between the United States and Iran, with the hikers’ case serving as a symbol of the broader geopolitical struggle.",1346,532,32ad84c5a1c78671e7a47697f0efb8dbb89950488e273e13
multi_news,multi_news,"Now, write a one-page summary of all the news.

",Summary:,en,,1.0,"[""A military coup is under way in Mali, as renegade soldiers stormed the presidential palace in the capital of Bamako today, and soon afterward appeared on state TV to announce that they had booted the president and taken over the country, the BBC reports. The soldiers said they were suspending the constitution, dissolving its institutions and instituting a nationwide curfew. They said they were taking power because of President Amadou Toumani Toure's failure to defeat a rebellion by the Taureg tribes in the north, the AP reports. The military “has decided to assume its responsibilities and end the incompetent and disavowed regime of Amadou Toumani Toure,” the troops said, adding that it “does not in any way aim to confiscate power, and we solemnly swear to return power to a democratically elected president as soon as national unity and territorial integrity are established.” The mutiny comes just a month before Toure was set to leave office legally.""]","  

In March 2012, a military coup took place in Mali, a country that had been considered one of the few established democracies in Africa. The coup was led by mutinous soldiers who stormed the presidential palace in Bamako, ousting President Amadou Toumani Toure just one month before his scheduled term ended. The soldiers, part of the National Committee for the Reestablishment of Democracy and the Restoration of the State (CNRDR), announced the suspension of Mali’s constitution and the dissolution of its institutions. They claimed the civilian government had failed to address the growing ethnic Tuareg rebellion in the north, which had intensified since mid-January.  

The Tuareg rebels, a traditionally nomadic group, had been emboldened by the return of armed fighters from Libya, where they had fought under the late leader Moammar Gadhafi. The rebellion had led to significant displacement, with thousands fleeing into neighboring countries. The Malian government was criticized for its inadequate response, including insufficient military support and supplies for troops.  

The coup was marked by widespread violence, including gunfire in the capital and the imposition of a nationwide curfew. Soldiers surrounded key government buildings, including the state television and radio stations, cutting off communication. The mutiny was led by Captain Amadou Sanogo, who appeared on state TV to announce the takeover. While some soldiers supported the coup, others, including the elite Red Berets, reportedly remained loyal to President Toure.  

The West African regional bloc, ECOWAS, condemned the coup as ""reprehensible"" and ""misguided,"" especially given the ongoing efforts to resolve the Tuareg rebellion. President Toure’s whereabouts were unknown, though a loyalist source claimed he was safe. The coup was a major setback for Mali’s democratic institutions, which had been in place for over two decades.  

The situation raised concerns about the stability of the region and the potential for further unrest. The government had refused to postpone the upcoming presidential election, despite the ongoing crisis. International actors, including the U.S. and France, called for a peaceful resolution. The coup underscored the deepening political and security challenges facing Mali, as well as the fragility of its democratic governance.",2184,532,b098061a149726a9be0bb34d5f72548ba9df5aab9608c344
multi_news,multi_news,"Now, write a one-page summary of all the news.

",Summary:,en,,1.0,"['The internet loves obsessing over Game of Thrones, so Hello Giggles wants to know why more people aren\'t talking about the fact that ""Tommen is also his own cousin."" Dean-Charles Chapman currently plays King Tommen Baratheon on the show, a role he took over from a younger actor in 2014. But he also played Tommen\'s cousin, Martyn Lannister, in a few episodes of the show back in the third season, Mashable explains. Hello Giggles thinks the recasting makes complete sense. “Given the Lannister family’s penchant for incest, having several people in that lineage look the same (like exactly the same) would not be a surprise.” Poor Martyn was killed off after being taken hostage by Robb Stark, and Bustle thinks Chapman better hope for a third role as Tommen is ""probably doomed just like his look-alike cousin.""']","  

This summary compiles key information from three distinct news passages, each covering different topics.  

The first passage discusses the long-standing collaboration between Alexa Internet and the Internet Archive. Since 1996, Alexa has been donating its web crawl data to the Internet Archive, which is then added to the Wayback Machine after a period of embargo. This initiative helps preserve the history of the internet, allowing users to access and explore past versions of websites.  

The second and third passages are related, both focusing on the actor Dean-Charles Chapman and his role in the television series *Game of Thrones*. Chapman is best known for portraying King Tommen Baratheon, who ascended to the throne in Season 4 following the death of his brother Joffrey. However, the passages reveal that Chapman also played a different character earlier in the series: Martyn Lannister, a minor character in Season 3. Martyn was a Lannister squire who was taken hostage by Robb Stark’s forces and later murdered by Rickard Karstark as revenge for the death of his son.  

The revelation that the same actor played both Tommen Baratheon and Martyn Lannister has sparked discussion among fans, particularly regarding the Lannister family’s complex and often incestuous relationships. The similarity in appearance between the two characters has led to speculation about the family’s genetic traits, with some fans suggesting that the Lannisters’ tendency for inbreeding may explain why multiple family members look nearly identical.  

While the connection between the two characters is more of a casting coincidence than a plot point, it has added an interesting layer to the lore of *Game of Thrones*, highlighting the show’s intricate character relationships and the actor’s versatility in portraying multiple roles.  

In summary, the news passages cover a range of topics, from internet archiving to the casting of a *Game of Thrones* actor, each offering unique insights into their respective subjects.",827,532,16a2f856042ce42ee1ecefe6b73868e858ef0f93c7164a93
multi_news,multi_news,"Now, write a one-page summary of all the news.

",Summary:,en,,1.0,"[""It's all up to President Trump now. The House Intelligence Committee voted along party lines Monday to release a controversial memo that alleges wrongdoing on the part of the Justice Department and the FBI in regard to the Russia investigation, reports Politico. Democrats are fuming over the decision. Trump now has five days to decide whether to allow the memo to be released; his approval is necessary because it's a classified document. The memo alleges that the FBI and the Justice Department improperly used government surveillance during the investigation into Russian election interference and contacts with Trump's campaign, per the AP. The vote to release the memo comes after committee Republicans, led by chairman Rep. Devin Nunes, pushed for its disclosure. The memo addresses a dossier of allegations against Trump compiled by a former British spy, and questions over whether it was improperly used to obtain surveillance warrants. The panel's ranking Democrat, Rep. Adam Schiff, announced the vote results Monday while criticizing the Republicans' decision. Democrats generally say the memo cherry-picks facts and presents a distorted view of things.""]","  

In late January 2018, the House Intelligence Committee, led by Republican Chairman Devin Nunes, voted to release a classified memo that alleges misconduct by senior FBI officials during the investigation into Russian election interference and potential ties between the Trump campaign and Russian entities. The memo, which was written by Republicans, claims that the FBI and Justice Department improperly used government surveillance, particularly through the Foreign Intelligence Surveillance Act (FISA), in their probe. The document also questions the use of a dossier compiled by former British spy Christopher Steele, which detailed alleged connections between Trump and Russia.  

Democrats, led by Rep. Adam Schiff, opposed the release, arguing that the memo mischaracterizes the investigation and could undermine the work of Special Counsel Robert Mueller, who was investigating Russian interference in the 2016 election. Schiff criticized the move as an attempt to politicize the intelligence process and suggested that the memo was a distortion of the facts.  

The memo was shared with FBI Director Christopher Wray and Deputy Attorney General Rod Rosenstein, who were given the opportunity to review its contents. However, both expressed concerns about its implications, with Wray stating that the review did not alleviate the FBI’s worries. The memo also revealed that Rosenstein had approved an application to extend surveillance on former Trump campaign aide Carter Page.  

President Trump has not yet decided whether to authorize the release of the memo, though the White House has expressed support for transparency. The memo’s release has intensified partisan tensions, with some Republicans, including Sen. Lindsey Graham and Sen. Susan Collins, urging Trump to remain silent on the ongoing investigation to avoid political fallout.  

The situation highlights the deepening divide between the Trump administration and the intelligence community, as well as the growing scrutiny of the FBI’s role in the Russia probe. The release of the memo has also raised concerns about national security and the potential for leaks that could compromise sensitive operations.  

As the House moves forward, the memo’s full contents and implications continue to fuel debate, with both parties and the public closely watching the developments. The outcome of this controversy could have significant consequences for the integrity of the investigation and the trust between the executive and legislative branches.",1655,532,896ac529049c799018f04d0e8498d7a88ffb6d5ebfe334b9
multi_news,multi_news,"Now, write a one-page summary of all the news.

",Summary:,en,,1.0,"['The US in early July hit $34 billion of Chinese goods with an extra 25% tariff; China responded in kind. CNN reports round two could see the US slap tariffs on another $16 billion in goods as soon as this week, but it\'s a much bigger figure that\'s attracting attention Wednesday. Bloomberg cites sources who say the White House is thinking about upping the ante and imposing not an additional 10% tariff on $200 billion worth of Chinese goods but an additional 25%. CNN echoes that news via its source. Bloomberg frames the move, which would be revealed in the next couple of weeks, as intended to ""force officials back to the negotiating table through threats of even higher tariffs""; the last high-level negotiations took place nearly two months ago. A Chinese foreign ministry rep responded to the news thusly, per the AP: ""If the United States takes further measures that escalate the situation, China will definitely fight back. We are determined to safeguard our legitimate and lawful rights and interests.""']","  

The U.S. and China are locked in an ongoing trade war, with both nations imposing tariffs on each other’s goods and threatening further retaliatory measures. The Trump administration has announced plans to increase tariffs on an additional $200 billion in Chinese imports, raising the rate from 10% to 25%, according to reports from Bloomberg and CNN. This move follows the U.S. imposition of 25% tariffs on $34 billion in Chinese goods, which China has matched with its own tariffs on U.S. imports. The potential new tariffs are set to take effect as early as this week, with the U.S. Department of Commerce working to finalize the list of products targeted for the additional duties.  

In response, China has vowed to retaliate, with officials emphasizing that the U.S. must engage in ""dialogue and consultation"" on the basis of ""mutual respect and equality."" A Chinese Foreign Ministry spokesperson, Geng Shuang, warned that if the U.S. escalates the situation, China will ""definitely fight back"" to protect its ""legitimate and lawful rights and interests."" However, there is no indication that the two sides are preparing to resume formal negotiations, despite private efforts by U.S. Treasury Secretary Steven Mnuchin and Chinese Vice Premier Liu He to restart talks.  

While there is some optimism that a resolution may be possible, the trade dispute remains deeply entrenched. U.S. Trade Representative Robert Lighthizer, who oversees the 301 investigation that led to the tariffs, has taken a hard line, arguing that China’s actions—such as intellectual property theft and forced technology transfers—justify the measures. Meanwhile, Chinese officials have accused the U.S. of ""extortion"" and described the trade tensions as a ""chronic problem.""  

The trade war has had significant economic consequences, with U.S. stocks rising in response to hopes of a trade deal, and with both nations’ economies feeling the strain of escalating tariffs. The situation has also complicated diplomatic efforts, as seen in the recent ZTE and Qualcomm-NXP deal fiasco, where the U.S. imposed sanctions on ZTE but failed to secure a major business deal with China.  

As the U.S. and China continue to navigate this complex and high-stakes dispute, the path forward remains uncertain. While there are signs of cautious engagement, the deepening trade tensions and mutual accusations suggest that the road to resolution will be long and fraught with challenges.",1393,532,517d590c630dd425aca22990641cd6d3a0633596e7eb9b8e
multi_news,multi_news,"Now, write a one-page summary of all the news.

",Summary:,en,,1.0,"['Sony today unveiled its next-generation gaming system, PlayStation 4, saying the console will be part of a new ecosystem focused on hardware, software, and ""the fastest, most powerful gaming network."" The new console is the Japanese electronics giant\'s first major game machine since the PlayStation 3 went on sale in 2006. Today\'s unveiling is Sony\'s attempt to steal the spotlight, at least until Microsoft unveils its next Xbox in June at the E3 video game expo in Los Angeles. Among the PS4\'s revisions is an updated controller that adds a touchpad, motion control, and a ""share"" button. The controller also features a light bar, which means a new PlayStation camera can more easily track the device. Sony has struggled lately to keep up with Microsoft and other rivals such as Apple and Samsung. The company is promising nifty mobile devices, sophisticated digital cameras, and other gadgetry as part of its comeback effort. More details at Gizmodo and TechCrunch.']"," PlayStation 4 Launch and Key Features

Sony officially launched the PlayStation 4 (PS4) at a recent event, marking the next generation of its gaming platform. The PS4 is designed to shift the focus from the traditional living room setup to a more flexible gaming experience, allowing players to game anywhere and anytime. This new approach emphasizes user experience over raw technical specifications, a philosophy that echoes Apple's earlier strategies in the mobile industry.

The PS4 is built on an x86 architecture, making it more accessible for developers and enabling easier game creation. This is a significant change from the PS3, which was based on a custom cell processor. The new system includes an 8-core CPU and 8GB of GDDR5 memory, offering substantial improvements in performance. The hardware is also expected to support high-quality graphics, with demos showcasing impressive visuals, including realistic lighting effects and detailed facial animations.

The PS4 will feature a redesigned DualShock 4 controller, which includes a touchpad, a share button, and a light bar for motion tracking. This controller aims to enhance the gaming experience with features like gesture-based controls and improved connectivity. Additionally, the PS4 will support background downloading, allowing users to play games while they are still downloading, and instant boot-up from sleep mode.

Social features are a key component of the PS4, with functions such as the ability to pause and upload gameplay videos, and spectator mode for watching others play. The system also integrates with social media platforms like Facebook and supports mobile apps for staying connected with friends. The PS4 will also introduce PlayStation Cloud, enabling users to stream old titles without needing physical discs.

Despite these advancements, the PS4 does not support backward compatibility with PS3 games. However, it aims to provide a more seamless and integrated gaming experience through improved networking, personalization features, and remote play capabilities. The Vita handheld will also be able to stream PS4 games, though this will initially require a wired connection.

Overall, the PS4 represents a significant evolution from the PS3, offering enhanced performance, better developer tools, and a more social and flexible gaming environment. While it may not be a revolutionary leap, it builds upon the strengths of its predecessor, aiming to provide a more enjoyable and accessible gaming experience for a broader audience. The exact price and design of the PS4 remain undisclosed, but it is expected to launch in the holiday 2013 season.",1594,532,67411d502fad1746554e177dac9bda7b3fbbf22ee9040ac4
multi_news,multi_news,"Now, write a one-page summary of all the news.

",Summary:,en,,1.0,"['Scientists at UC Berkeley have made a major advancement in the field of mind reading, reconstructing YouTube videos based on brain scans from people who’d seen them. Researchers would put subjects into an MRI machine and track their brain activity as they viewed videos. Once they’d build a model of how a subject’s mind processed the video, “we could read brain activity for that subject and run it backward … to try to uncover what the viewer saw,” one study coauthor tells ABC News. Using the scans they were then able to reproduce the videos—though they’re blurry. “This is a major leap,” the co-author says. He thinks the technique could eventually be used to reconstruct dreams or memories, if it turns out the brain processes those things similarly to how it processes movies. “It’s our next line of research.” (More details on how the experiment worked, along with a video, at PC Magazine.)']","  

Recent advancements in neuroscience and computer science have brought us closer to understanding and even reconstructing the visual experiences that occur in the human mind. Researchers from the University of California, Berkeley, have developed a groundbreaking technique that allows them to reconstruct YouTube videos based on the brain activity of their subjects. This technology, which uses functional magnetic resonance imaging (fMRI) to measure blood flow in the visual cortex, has enabled scientists to create a ""movie reconstruction algorithm"" that translates neural patterns into visual content.  

In the study, participants watched a series of YouTube videos while inside an MRI machine. The data collected from their brain activity was used to train a computer model that could match specific visual elements—such as colors, shapes, and movements—with corresponding neural responses. Once the model was developed, researchers were able to use it to reconstruct the videos that the participants had viewed, resulting in abstract, dream-like interpretations of the original content. These reconstructed videos, while blurry and fragmented, represent a significant step forward in the field of brain-computer interfaces.  

The implications of this research are vast. While the current technology is limited to reconstructing visual experiences that have been directly observed, scientists believe it could eventually be used to decode internal imagery such as dreams, memories, and even abstract thoughts. This could have applications in both medical and scientific fields, including helping individuals with paralysis to control their environment through imagined movements.  

However, the ethical and legal implications of such technology are still being debated. While the idea of ""reading minds"" may seem like science fiction, the potential for misuse—such as in law enforcement or legal proceedings—raises important questions about privacy and consent. Researchers like Shinji Nishimoto and Jack Gallant emphasize that while the technology is still in its early stages, it represents a major leap toward understanding how the brain processes and interprets visual information.  

As the field continues to evolve, scientists are working to improve the resolution and accuracy of these reconstructions by developing more sophisticated models and analyzing larger datasets. The ultimate goal is to create a comprehensive understanding of the brain's visual processing system, which could lead to breakthroughs in treating neurological disorders and enhancing human-computer interaction.  

In conclusion, this research marks a significant milestone in the intersection of neuroscience and technology, offering both exciting possibilities and important ethical considerations for the future.",1188,532,cde1b291ab8ec7aea147dfb03144af2cf42f0febadd89ea7
multi_news,multi_news,"Now, write a one-page summary of all the news.

",Summary:,en,,1.0,"['We shouldn\'t be too worried about the sequester—after all, Congress doesn\'t exactly seem to be recoiling at the thought. And Roger Simon has a theory on why: Lawmakers\' own salaries aren\'t getting cut, he explains at Politico. Sure, their staffers are facing furloughs that amount to a 20% pay decrease, but members of Congress will keep collecting six-figure salaries. Of course our lawmakers ""might have to figure out how to put those plastic coffee pods in the machines themselves, but these people are not fools,"" he writes. ""They will order out. If they can figure out how to work the telephones."" In fact, House Republicans are positively excited about the sequester, writes Dana Milbank in the Washington Post, noting their agenda yesterday consisted only of renaming a California NASA research center. They\'re ""pursuing a considered strategy of deliberate idleness,"" after finally realizing that doing nothing means they get ""a 2.5% cut in all federal spending without coughing up a single dollar in tax increases. They have learned to stop worrying and love the sequester."" Click for Milbank\'s full piece; Simon\'s humorous take is here.']"," 

In early 2013, the U.S. House of Representatives engaged in a series of symbolic and procedural actions that highlighted the political stalemate and inaction within Congress. One notable event was the passage of H.R. 667, a bill to rename the Dryden Flight Research Center in California after Neil A. Armstrong, the first man to walk on the moon. This renaming, sponsored by House Majority Whip Kevin McCarthy (R-Calif.), was part of a broader strategy by House Republicans to engage in deliberate inaction, particularly as they prepared for the automatic spending cuts known as sequestration, which were set to take effect on March 1, 2013.

The sequester, a result of the 2011 Budget Control Act, was designed to force Congress into a fiscal compromise by threatening across-the-board spending cuts. However, House Republicans, led by Speaker John Boehner (R-Ohio), had come to accept the sequester as a preferable alternative to further negotiations that might result in tax increases or more spending cuts. Boehner criticized President Obama for advocating additional tax hikes and urged Senate Democrats to engage in discussions to find a solution.

Despite the gravity of the sequester, the House spent much of its time on symbolic gestures and procedural votes. For example, on March 1, 2013, the House held a brief session that included a ceremonial vote on the journal of proceedings, a speech by Rep. Joe Wilson (R-S.C.) about national security, and a discussion on the renaming of the NASA facility. The renaming of the Dryden Center to honor Armstrong was passed with a voice vote, though it consumed significant time in the chamber, with several lawmakers offering speeches in support of the measure.

Meanwhile, critics, including Rep. Donna Edwards (D-Md.), pointed out the irony of the House’s actions, as the same body that was renaming a NASA facility was set to cut $894 million from NASA’s budget in the coming days. This contrast underscored the perceived disconnect between symbolic gestures and substantive policy decisions.

The broader context of the sequester also revealed the political realities of the time. While the sequester threatened to cut funding for a wide range of programs, including national defense, border security, and public health, it did not affect the salaries of members of Congress. This disparity highlighted the perceived inequity in how the cuts were applied, with many arguing that the real beneficiaries of the status quo were the lawmakers themselves.

Overall, the events of early 2013 reflected a pattern of political inaction and symbolic post",1365,532,4a14994bceab965b7070de143a561309499b57c1a1fcd1ab
multi_news,multi_news,"Now, write a one-page summary of all the news.

",Summary:,en,,1.0,"['Sen. Elizabeth Warren went after Wells Fargo CEO John Stumpf during a Senate hearing Tuesday with the kind of heat she usually reserves for Donald Trump tweetstorms. ""You should resign ... and you should be criminally investigated,"" NPR quotes Warren as saying. Stumpf was in front of the Senate banking committee after Wells Fargo employees created millions of fake accounts for customers without their permission in order to charge them extra fees. Stumpf said he was ""deeply sorry"" for what happened, New Republic reports. But—according to CNBC—he maintained it wasn\'t a ""scam""—Warren\'s word—but a ""way of deepening relationships"" with customers. Warren accused Stumpf of ""gutless leadership"" for passing responsibility for what happened away from himself and other senior executives while blaming ""thousands of $12-an-hour employees who were just trying to meet cross-sell quotas that made you rich."" The employees\' cross-selling scheme was at least partially responsible for Wells Fargo stock going up, making Stumpf\'s shares alone gain $200 million in value. While more than 5,000 Wells Fargo employees were fired, none of the senior executives are losing their jobs. Warren said the only way Wall Street will be reformed is if CEOs like Stumpf start seeing jail time. She\'s one of only a few members of the Senate banking committee that hasn\'t gotten money from Wells Fargo\'s PAC.']","  

This week, Senate Majority Leader and presidential candidate Elizabeth Warren took a strong stance against Wells Fargo during a congressional hearing, directly confronting CEO John Stumpf over the bank's controversial cross-selling scandal. The scandal, which dates back to at least 2011, involved the creation of millions of fake customer accounts to meet aggressive sales targets. As a result, the bank has paid $185 million in penalties and has fired over 5,300 employees.  

Warren accused Stumpf of ""gutless leadership"" and called for his resignation, as well as a criminal investigation by the Department of Justice and the Securities and Exchange Commission. She argued that the bank's actions were not just unethical but fraudulent, and that Stumpf personally benefited from the scheme, with his stock holdings increasing by over $200 million during the period of the scandal.  

Warren also challenged Stumpf's justification for cross-selling, which he described as a way to ""deepen relationships,"" while she pointed to internal earnings calls where he explicitly tied the practice to stock price growth. She emphasized that the bank's culture of pressure and greed led to widespread employee misconduct, with thousands of workers forced to create fake accounts to meet unrealistic quotas.  

Other senators, including Richard Shelby and Patrick Toomey, also questioned Stumpf about the bank's accountability and the potential for a broader scheme. Toomey expressed skepticism about the claim that the misconduct was entirely the result of individual employee actions, suggesting that the bank may have played a role in fostering the fraudulent behavior.  

The hearing came as Wells Fargo's stock price dipped slightly following Warren's sharp criticism, underscoring the public and political fallout from the scandal. Warren, known for her advocacy on consumer rights and financial reform, used the opportunity to push for stronger accountability measures in the financial industry, arguing that executives must face real consequences for their actions.  

Separately, President Donald Trump is expected to announce his decision to recognize Jerusalem as Israel’s capital, a move that has drawn significant international criticism. While the administration has stated that the U.S. will continue to move its embassy to Jerusalem, Trump will issue a six-month waiver, effectively delaying the change. This decision has been met with strong opposition from the Vatican and Palestinian leaders, who argue that it undermines the prospects for peace in the region.  

The announcement comes amid broader geopolitical shifts, including a reported Saudi peace plan that favors Israeli interests over Palestinian ones. With growing alignment between the U.S. and Saudi Arabia, and a shift in U.S. foreign policy toward Israel, the prospects for a fair and balanced",1931,532,7d455b3437ab0d3ca49a258878db1a3bbba5d7788a9f496b
multi_news,multi_news,"Now, write a one-page summary of all the news.

",Summary:,en,,1.0,"['A hacker going by The Dark Overlord claims to have stolen and released 10 episodes of the new season of Orange Is the New Black more than a month before its official release on Netflix. Variety reports the hacker was demanding an unspecified ransom from Netflix, uploading the first episode of the upcoming fifth season to a file-sharing site Friday as proof. The next nine episodes were uploaded early Saturday morning after The Dark Overlord claims Netflix refused to pay them. The hacker says they\'re ""quite ashamed to breathe the same air"" as Netflix, as they were being entirely ""reasonable and merciful"" with their ransom offer. Neither Variety nor the AP have been able to—legally—confirm the authenticity of the episodes uploaded by The Dark Overlord. The new Orange Is the New Black episodes were apparently stolen months ago. Netflix says a production vendor ""had its security compromised""; Variety identifies that vendor as Larson Studios, a post-production facility. The Dark Overlord says they weren\'t able to steal the final three episodes of the season because they weren\'t finished yet. The Dark Overlord told the AP in February they wouldn\'t release any of the stolen episodes; it\'s unclear why that changed. The hacker also claims to have stolen TV series from ABC, National Geographic, Fox, and IFC via the hack at Larson Studios. They\'re reportedly seeking a ""modest"" ransom for those as well. The leak of new Orange is the New Black episodes could hurt Neflix\'s subscriber numbers and stock price. The FBI is investigating.']","  

A major cybersecurity incident has unfolded involving the popular Netflix series *Orange Is the New Black* (OITNB), as a hacker group known as ""The Dark Overlord"" has allegedly leaked the upcoming season five episodes online. The hacker, who previously threatened to release stolen content unless a ransom was paid, has now carried out the threat after Netflix allegedly failed to respond to their demands. The first 10 episodes of season five were reportedly uploaded to the Pirate Bay, a well-known file-sharing site, on Saturday, with the total file size reaching 11.46 gigabytes. The hacker also claimed to have stolen unreleased content from other networks, including ABC, Fox, National Geographic, and IFC, in a cyberattack on Larson Studios in late 2016.  

Netflix, which had planned to release season five on June 9, has not yet confirmed whether it will move up the premiere date in response to the leak. The company has stated that a production vendor used by multiple studios was compromised, and that law enforcement, including the FBI, is involved in the investigation. The breach has raised concerns about the potential impact on Netflix’s subscriber growth and stock price, as the show is one of its most-watched original series.  

The Dark Overlord, in a public message, expressed frustration with Netflix, claiming that the company could have avoided the situation by paying a ""modest"" ransom. The hacker also warned other networks that they still had time to pay ransoms to prevent the release of their stolen content. However, the authenticity of the leaked episodes has not been independently verified, and the broader implications of the breach remain uncertain.  

This incident highlights the growing threat of cybercrime in the entertainment industry, where hackers are increasingly using ransomware tactics to extort money from major studios and streaming services. As the situation develops, Netflix and other affected companies will need to navigate both the legal and reputational consequences of such a high-profile data breach.",1236,532,1a3aae0f474e588f3121889de2dd78aee5aa2291944d2a7e
multi_news,multi_news,"Now, write a one-page summary of all the news.

",Summary:,en,,1.0,"['Damascus has been rocked by bombings for the past two days, with at least two large blasts hitting Syria\'s military headquarters there this morning. The Free Syrian Army claimed responsibility for the attack, said to be the largest since July explosions killed President Bashar al-Assad\'s brother-in-law and other key aides; the BBC reports that Assad would have been able to hear today\'s explosions from his palace. Gunfire broke out afterward, and Maya Nasser, a TV correspondent for the Iranian Press TV, was shot dead by sniper fire during a live broadcast, report the New York Times and Press TV. Other government facilities were hit by bombs yesterday, proving the opposition can still get past government security, but the regime is downplaying the scope of the attacks while the opposition says many of Assad\'s forces have been killed. In other news from Syria: UN Secretary-General Ban Ki-moon called for international action at the General Assembly yesterday, calling the conflict ""a regional calamity with global ramifications,"" the AP reports. Click for more from the General Assembly on Syria. Clashes have also been reported near Syria\'s border with Israel, leading the Israel Defense Forces to issue a statement declaring that ""fire from Syria leaking into Israel will not be accepted.""']","  

On September 25, 2012, twin bombings targeted Syria's army command headquarters in Damascus, triggering hours of intense gun battles and a large fire at the heavily guarded site. The explosions, which occurred near Omayyad Square, were followed by sporadic gunfire and chaos in the area. According to state-run media and witnesses, the blasts were caused by a car bomb and an explosive device, with the army claiming no military commanders or personnel were injured. However, Iranian Press TV reported that one of its correspondents, Maya Nasser, a Syrian national, was killed in the crossfire.  

The attacks marked another escalation in the ongoing civil war, as rebels increasingly targeted government security sites in an effort to weaken President Bashar Assad's regime. The violence in Damascus, which had already seen several high-profile bombings, including one that killed three top officials in July, continued to draw international attention. The U.N. General Assembly convened in New York during this period, with U.N. Secretary-General Ban Ki-moon calling for global action to address the escalating conflict. However, the U.N. Security Council remained deadlocked, with Russia and China blocking Western-backed resolutions aimed at pressuring Assad.  

Meanwhile, the U.S. under President Barack Obama expressed support for the Syrian opposition, condemning Assad as a dictator responsible for civilian casualties. The conflict, which began in March 2011 with peaceful protests, had since turned into a brutal civil war, with activists reporting over 30,000 deaths.  

The attacks also had a personal impact, as Press TV, an Iranian news network, mourned the death of Maya Nasser, who had covered the conflict extensively. Press TV blamed Turkey, Saudi Arabia, and Qatar for providing weapons to militants, which they claimed led to the killing of journalists and civilians. The network vowed to pursue justice for Nasser, emphasizing the importance of protecting media freedom in the region.  

Overall, the bombings in Damascus highlighted the deepening violence and international tensions surrounding the Syrian conflict, with no clear path to resolution in sight.",1465,532,29e70d6cc78b4178681b654108953ce8ea90ff6f069d160f
multi_news,multi_news,"Now, write a one-page summary of all the news.

",Summary:,en,,1.0,"['A strong smell outside a California supermarket turned out to be someone who had decomposed in one of the store\'s entrance columns, ABC 7 reports. Police were called Saturday to the WinCo Foods in Lancaster after a plumber, told it was likely a septic problem, helped knock brick from the column and saw a shoe and a leg inside. ""It\'s been over 100 degrees up here every day,"" says LA County Sheriff\'s Lt. John Corina. ""I can\'t imagine being inside that column and just baking. It\'s a strange development, and if he died that way, it\'s a horrible way to die."" Police say the victim may be a man who was stopped for a fake license plate Monday night, NBC Los Angeles reports. He crashed the vehicle, ran away from deputies, and got into the supermarket. The man ""ran up the steps where the managers [are],"" an eyewitness tells CBS Los Angeles. ""And somehow he got on the roof. Last I heard, he got away."" From up there, he could have reached the store fascia and descended into the column. Whether he died from the fall or baked inside is unclear; he was found on his feet with an arm stuck behind his head. ""I saw some gooey liquid and it smelled really foul ... it was oozing out of the pillar onto the pavement,"" says a witness. ""It smelled like death.""']"," A Decomposing Body Found in a Supermarket Column in Lancaster

On August 11, 2018, a decomposing body was discovered inside a column of a WinCo Foods supermarket located at the 700 block of West Avenue K in Lancaster, California. The body was found around 2:40 p.m. by store employees who had reported a strong, foul odor emanating from the column. Initially, the store manager believed the smell was due to a possible sewer leak and called a plumber to investigate. During the inspection, the plumber and a handyman removed some bricks from the column and discovered a leg and a shoe inside. Further investigation led to the discovery of a fully decomposed body, which was later identified as Raymundo Rivera, 35.

Authorities believe the body may belong to a suspect who had fled from law enforcement during a high-speed chase that occurred on Monday, August 6, 2018. The suspect, who was involved in a traffic stop for a fake license plate, crashed the vehicle and attempted to evade capture by running into the WinCo store and onto its roof. Despite a thorough search, the suspect was never located. It is suspected that the suspect may have entered the column, possibly through an access point on the roof, and became trapped, leading to his death.

The body was found in a state of severe decomposition, with the coroner noting that the cause of death was still under investigation. It is unclear whether the man died from exposure, suffocation, or other factors. The extreme heat in the area, with temperatures exceeding 100 degrees Fahrenheit, added to the grim nature of the discovery. The store was temporarily closed for the investigation, and the body was being recovered and examined by the Los Angeles County Coroner’s Office.

The case has been described as one of the most unusual and disturbing in recent memory. Law enforcement officials, including Lt. John Corina of the Los Angeles County Sheriff’s Department, expressed shock at the circumstances of the discovery. The incident has also raised concerns among local residents and shoppers, many of whom had been frequent customers of the store. The case remains under active investigation, and anyone with information is encouraged to contact the Los Angeles County Sheriff’s Homicide Bureau at (323) 890-5500 or Crime Stoppers at (800) 222-TIPS (8477) to remain anonymous.",1484,532,183d3bfe46647cd7ab69bd3de79e9e6edee9e4f5fbbb565d
multi_news,multi_news,"Now, write a one-page summary of all the news.

",Summary:,en,,1.0,"['A New Orleans judge officially approved Robert Durst\'s February plea deal on a gun charge and sentenced him to seven years in prison on Wednesday, Reuters reports. For more than a year, the real estate heir has languished in a New Orleans prison after being nabbed with a handgun in his hotel room. He was busted for that felony just one day before the series finale of HBO\'s The Jinx, in which he famously appeared to confess to three murders by saying, ""What the hell did I do? Killed them all, of course."" US District Judge Kurt Engelhardt also agreed that Durst can be transferred to a low-security prison with medical facilities in San Pedro, Calif., where the 73-year-old\'s attorneys say his ""advanced age and poor health"" can be better addressed, per the Advocate. In California, Durst will face a murder charge in the 2000 death of friend Susan Berman, the AP reports. (A Texas judge believes Durst once dumped a cat\'s head on her doorstep.)']","  

Robert Durst, a wealthy New York real estate heir and long-time suspect in multiple high-profile crimes, has been sentenced to seven years in federal prison for a gun charge in New Orleans. The 73-year-old, who has been in and out of legal trouble for decades, pleaded guilty in February to being a felon in possession of a firearm. The sentence, approved by U.S. District Judge Kurt Engelhardt, includes 85 months in prison followed by three years of supervised release.  

Durst, who has been held in Louisiana since his March 2015 arrest, has been seeking to transfer to California to face a separate murder charge in the 2000 death of his close friend and confidante, Susan Berman. His attorneys have argued that he is innocent of Berman’s murder and that he needs to be in California to defend himself in the case. The judge has agreed to recommend that Durst serve his time at a low-security federal prison in California, specifically FCI Terminal Island, near Los Angeles.  

Durst’s legal troubles date back to the 1980s, when his first wife, Kathleen, disappeared under mysterious circumstances. He was later acquitted in the 2003 murder of his Texas neighbor, Morris Black, despite being found with his dismembered body. The HBO documentary *The Jinx* brought renewed public attention to Durst, with its final episode featuring a controversial audio clip of him muttering, “I killed them all.”  

Durst has a history of legal issues, including previous convictions for jumping bail and carrying a weapon across state lines. He has been a fugitive for years, evading prosecution in multiple states. His current plea deal with federal prosecutors clears the way for him to focus on the murder trial in California, where he faces charges related to Berman’s death.  

Durst’s attorneys insist he is innocent of Berman’s murder and that the case remains unsolved. They believe the evidence against him is circumstantial and that the true killer has yet to be identified. As he prepares to move to California, the case continues to draw public and legal scrutiny, with the possibility of further revelations as the trial proceeds.",2091,532,8d81e972c4b7b8b46086d8e4b71001781506aeb0578c8e68
multi_news,multi_news,"Now, write a one-page summary of all the news.

",Summary:,en,,1.0,"['A former police bloodhound handler told a court on Monday that during the search for UVa student Hannah Graham, the animal detected her scent outside the car and apartment of suspect Jesse Matthew—and the scent of ""fear and adrenaline"" where she was allegedly attacked. The handler was testifying during a pretrial hearing where lawyers for Matthew, who is already serving three life terms in prison for a 2005 sexual assault, unsuccessfully challenged the search warrants police obtained for Matthew\'s home and vehicle, the AP reports. He said the 7-year-old dog, Shaker, traced Graham\'s scent from downtown Charlottesville to a mulch pile at an industrial site, where the smell of fear was strongest. Matthew, 33, faces a capital murder charge in the 2014 death of Graham, whose body was found on an abandoned property around six weeks after she disappeared. He has also been charged with the 2009 murder of a Virginia Tech student. At Monday\'s hearing, another police witness testified that, contrary to what the defense claimed, the scent trail was consistent with surveillance videos that showed Graham wandering around, reports WSET. The officer shared text message records indicating that she was lost the night she disappeared.The Washington Post notes that Matthew is seen walking alongside Graham in some of the surveillance videos.']","  

The case of Hannah Graham, an 18-year-old University of Virginia student who disappeared in September 2014 and was later found dead, continues to unfold in court. Jesse Matthew Jr., the man charged with her capital murder, is set to appear in pretrial hearings. The prosecution is seeking the death penalty, and Matthew also faces first-degree murder charges in the 2009 killing of Morgan Harrington, a Virginia Tech student. He is currently serving a life sentence for a 2005 attempted murder and sexual assault.  

During a recent pretrial hearing in Albemarle County, a former detective, Buck Garner, testified about his involvement in the early stages of the investigation. He described how a bloodhound named Shaker, trained to detect human scent, played a key role in the search for Graham. The dog traced Graham’s scent from the downtown area of Charlottesville to an industrial site about a mile away. The bloodhound also detected Graham’s scent on the passenger side door of Matthew’s car, at the entrance to his apartment, and near a dumpster at his apartment complex.  

Detective Garner explained that the dog’s alert indicated ""fear and adrenaline,"" suggesting that Graham may have been attacked near the mulch pile at the industrial site. Surveillance footage from the area showed Graham walking alongside Matthew, and her remains were later found on an abandoned property approximately 12 miles from campus.  

The defense, led by attorney Doug Ramseur, challenged the validity of the search warrants obtained for Matthew’s car and apartment, arguing that the bloodhound’s findings were inconsistent with other evidence and that detectives may have misled a magistrate. However, Judge Cheryl Higgins ruled that there were no deliberate misstatements in the affidavit supporting the search warrants. She noted that witness accounts, including video surveillance, indicated a connection between Graham and Matthew, and that Matthew had used his debit card to buy drinks for Graham at a downtown bar.  

The case remains ongoing, with further developments expected as the trial approaches. The court is closely examining the evidence, including the role of the bloodhound and the credibility of the search warrants, in determining the next steps in the legal proceedings.",1203,532,87bddfc509607ad666d144d18ab35ae277eac05a10771fc9
multi_news,multi_news,"Now, write a one-page summary of all the news.

",Summary:,en,,1.0,"['A white-collar crook is facing extra prison time for having his son shoot him in the legs with a 20-gauge shotgun, the BBC reports. Shannon Egeland, 43, was already facing 10 years for taking part in a vast mortgage-fraud scheme when he had his 17-year-old son shoot him by a road in Caldwell, Idaho, in an attempt to avoid prison. ""The psychological and emotional destruction defendant caused this minor child is unimaginable,"" US attorney Scott Bradford wrote in a sentencing memo. Back in 2009, Egeland was co-owner of an Oregon development company that defrauded banks out of $20 million in loans that he and a partner used to fund a lavish lifestyle. Facing prison, Egeland took out disability insurance and had his son aim for his legs. Egeland told police he\'d been attacked after stopping to assist a pregnant driver, but investigators got suspicious when his pricey BMW, his wallet, and his cellphone weren\'t taken, the Idaho Statesman reports. Then they learned about his recent insurance, and the whole thing unravelled. Now Egeland is facing an extra 3 years and 10 months for his roadside scheme and had his leg amputated from the shotgun blast. Bradford called him a ""self-absorbed, opportunistic narcissist,"" the Oregonian reports, but Egeland—who is now on three medications for mental health—has cast his own judgment. ""What bothers me the most is my son—the pain is on him,\'\' he says. ""If I could take it all back, I would, but I can\'t. That will haunt me the rest of my life.\'\'']","  

Shannon Egeland, a convicted white-collar criminal, has been sentenced to an additional three years and 10 months in prison for orchestrating a staged insurance scam that involved his teenage son. The incident occurred in July 2014, just days before Egeland was set to begin a 10-year federal prison term for his role in a high-profile mortgage fraud case.  

Egeland, 43, directed his 17-year-old son, Rylan, to shoot him in the leg with a shotgun along a roadside in Caldwell, Idaho. The act was part of a scheme to delay his prison sentence and fraudulently claim disability benefits from Standard Insurance. Egeland had submitted a disability insurance application just seven days prior, falsely claiming he had no criminal history in the past decade.  

After the shooting, Egeland called 911, claiming he had been attacked while helping a pregnant motorist. He told authorities he had been hit in the head and shot, but the truth was that he had orchestrated the attack. As a result of the injury, Egeland’s left leg was amputated. He now stands on a prosthetic leg during court proceedings.  

U.S. District Judge Anna J. Brown called the insurance scheme and the staged shooting “an unthinkable kind of situation.” She added the three years and 10 months to Egeland’s existing 10-year sentence for mortgage fraud, which was part of the 2009 Desert Sun housing scandal. Egeland was a co-owner of the company that defrauded local banks by presenting false business plans and falsified loan applications.  

Prosecutors had sought a five-year sentence for the insurance fraud, while Egeland’s defense attorney argued for a two-year sentence to be served consecutively. Assistant U.S. Attorney Scott Bradford described Egeland as a “menace to society” and a “self-absorbed, opportunistic narcissist” who had been on a crime spree since 2004. He emphasized the psychological and emotional harm caused to Egeland’s son, noting that the teenager was left to deal with the consequences of the scheme.  

Egeland has since admitted to needing mental health counseling and is currently taking three mental health-related medications. He expressed remorse during the sentencing hearing, stating that the pain he caused his son would haunt him for the rest of his life.  

In addition to the extended prison sentence, Egeland was ordered to pay $90,011 in unpaid child support. The judge also urged him to seek mental health treatment while in prison and to undergo a",1541,532,cb7da78da0b824d72fa0aad8d6d586da50252635c871518f
multi_news,multi_news,"Now, write a one-page summary of all the news.

",Summary:,en,,1.0,"['The Tesla Model X that slammed into a highway barrier in California last week and killed the 38-year-old Apple engineer at the wheel had been on autopilot at the time of the crash, Tesla confirms in a blog post. But the company says driver Walter Huang ""received several visual and one audible hands-on warning earlier in the drive,"" adding that ""the driver’s hands were not detected on the wheel for six seconds prior to the collision."" Tesla also laid some blame on state highway officials, asserting that ""the reason this crash was so severe is because the crash attenuator, a highway safety barrier which is designed to reduce the impact into a concrete lane divider, had been crushed in a prior accident without being replaced."" The fact that the vehicle was on autopilot is likely to be controversial because, as ABC News notes, driver Huang had reportedly been concerned about it. His brother told KGO that Huang had brought his Model X back to the dealership complaining that when he used the feature, the car kept swerving toward the very same barrier that it eventually struck in the fatal collision. The NTSB is investigating the crash, including the fire that broke out after the collision. The accident follows another in Arizona in which a self-driving Uber struck and killed a pedestrian.']"," 

A fatal crash involving a Tesla Model X occurred on March 23, 2018, on the 101 Highway near Mountain View, California. The 38-year-old driver, Walter Huang, was killed when his vehicle collided with a damaged crash attenuator, a highway safety barrier designed to reduce the impact of a collision. The crash took place while the vehicle was in Autopilot mode, which was engaged with adaptive cruise control set to the minimum follow distance. 

According to Tesla, the driver had received several visual and one audible warning about not keeping hands on the wheel, and his hands were not detected on the wheel for six seconds before the collision. The severity of the crash was exacerbated by the fact that the crash attenuator had been crushed in a prior accident and was not replaced. This level of damage to a Model X had never been seen before.

Walter Huang, an Apple engineer, had previously complained to a dealership about the vehicle's Autopilot system veering toward the same barrier multiple times. His brother, Will, confirmed that Walter had reported the issue to the dealership, but the problem could not be duplicated during the test. The family provided this information to investigators, highlighting the potential safety concerns with the Autopilot system.

The National Transportation Safety Board (NTSB) and California Highway Patrol (CHP) are investigating the incident. They have recovered data from the vehicle's control and infotainment modules to analyze the events leading up to the crash. The California Department of Transportation (CalTrans) stated that replacement work for damaged barriers was scheduled, though weather conditions can delay repairs.

Tesla emphasized that Autopilot is designed to improve safety, reducing crash rates by up to 40% in its early iterations. The company noted that vehicles equipped with Autopilot have a lower fatality rate compared to those without, with one fatality occurring every 320 million miles for Tesla vehicles versus one every 86 million miles for all vehicles. Tesla maintains that while Autopilot does not prevent all accidents, it significantly reduces the likelihood of fatal incidents and makes the world safer for all road users.

The incident has sparked renewed scrutiny of autonomous vehicle technology, especially following the recent fatal crash involving an Uber autonomous vehicle in Tempe, Arizona. This has led to increased calls for regulation and safety improvements in the development and deployment of self-driving cars. 

In the wake of the tragedy, Walter Huang's family and friends have expressed their grief and shared memories of his contributions to the gaming industry and his role as a devoted father. A fundraising effort has been initiated to support his wife and",2070,532,a888a9938ab8858b8f2c1c1c46da57a1bb2932d4bb2cd9b3
multi_news,multi_news,"Now, write a one-page summary of all the news.

",Summary:,en,,1.0,"['After Robin Williams\' sudden death, the tributes are rolling in, with many recalling a comic genius grappling with private challenges. A sampling: When it comes to comedy, ""there wasn\'t a faster brain on the planet,"" writes Tony Hicks in the Contra Costa Times. We\'ll be hearing ""a litany of tributes about one of the great comedians who ever lived. Much of it will be some of the same adjectives used when any great performer dies—especially before their time. But in Williams\' case, most of it will be true."" Early in his career, ""it was clear that Mr. Williams was one of the most explosively, exhaustingly, prodigiously verbal comedians who ever lived,"" AO Scott writes in the New York Times. And beyond that, ""his essential persona as an entertainer combined neediness and generosity, intelligence and kindness, in ways that were charming and often unexpectedly moving."" Williams may have gotten his start long before Aladdin, but he gave a ""generous and humble"" gift to the millennial generation, writes Daniel D\'Addario at Salon. ""Williams will be remembered for his edgy comedy and for dramatic turns, but for people my age, Williams was our childhood,"" from Mrs. Doubtfire to Jumanji to Flubber. In the Los Angeles Times, Kenneth Turan recalls a moment when, facing an onslaught of photographers, Williams asked him—in the voice of a fly from a 1950s sci-fi flick—to ""help me, Ken. Help me."" The experience stuck with him and seems particularly resonant today, he writes.']","  

Robin Williams, the iconic comedian and actor who passed away at the age of 63, left an indelible mark on both the entertainment industry and the lives of countless fans. Known for his rapid-fire wit, emotional depth, and ability to seamlessly transition between comedy and drama, Williams was a multifaceted talent whose work resonated across generations.  

Throughout his career, Williams was celebrated for his roles in films such as *Good Will Hunting*, for which he won an Academy Award, and *Dead Poets Society*, as well as his early stand-up performances that showcased his genius. However, it was his work in children's entertainment that had a particularly profound impact on a generation. From his role as the Genie in *Aladdin* to his portrayal of a childlike father in *Mrs. Doubtfire*, Williams brought a unique blend of humor, heart, and innocence to his characters. His performances in films like *Jumanji* and *Flubber* not only entertained but also connected with young audiences on a deeply personal level, making him a beloved figure in the lives of many.  

Williams' ability to ""erase"" himself for the sake of his characters—whether through makeup, voice, or physical transformation—demonstrated his dedication to his craft. He was not just an entertainer but a storyteller who could make audiences feel seen and understood. His work in children's films became a formative part of the cultural landscape for many, shaping the way they viewed the world and their place in it.  

Beyond his professional achievements, Williams was also known for his personal warmth and generosity. His early encounters with journalists and fans, such as the memorable meeting at the Comedy Store in 1978, highlighted his magnetic personality and the deep connection he formed with those around him. Even as he gained fame, he remained grounded, often expressing a desire to stay connected with his audience.  

Tragically, Williams' life was cut short by suicide, a loss that shocked the world and left many grappling with the complexity of his mental health struggles. His death served as a stark reminder of the importance of mental health awareness and the need for support systems.  

In the years following his passing, Williams' legacy continues to inspire. His films remain cultural touchstones, and his performances are still celebrated for their creativity and emotional resonance. He was not just a comedian or actor—he was a storyteller who brought joy, laughter, and a sense of wonder to millions. His work, both on and off the screen, will be remembered as a testament to the power of art to connect, heal, and",1921,532,062c9939593b01ca67c73f59d496ee3a329a32ad6788b96f
multi_news,multi_news,"Now, write a one-page summary of all the news.

",Summary:,en,,1.0,"[""Police in the country's smallest state capital are investigating something that hasn't happened there in living memory: a murder. Police in Vermont say they have issued an arrest warrant for 29-year-old Jayveon Caballero, who is accused of fatally shooting Markus Austin in Montpelier early Sunday after an altercation, the Times Argus reports. Witnesses told investigators that Austin, 33, assaulted Caballero’s girlfriend, Desiree Cary, during the altercation outside a bar in the nearby city of Barre early Sunday. Police say Caballero later confronted Austin outside his apartment and shot him dead. The body was found in the parking lot of Austin's apartment complex. A Vermont State Police spokesman says Caballero, who knew Austin before the shooting, fled the town and probably the state after the shooting, WCAX reports. The police spokesman says Caballero is believed to have boarded a Greyhound bus bound for New York City on Sunday morning, which made numerous stops in other states along the way. Later Sunday, Cary, 22, was arrested on apparently unrelated charges of selling heroin and crack cocaine. With around 7,500 residents, Montpelier has the smallest population of any state capital, the AP notes. Police Chief Anthony Facos says this is the city's first murder since a woman shot her husband in the 1920s.""]"," A murder case has emerged in Montpelier, Vermont, following a fatal shooting that has left the community in shock. Jayveon Caballero, 29, is the suspect in the killing of Markus Austin, 33, a former Vermont Frost Heaves basketball player. The incident occurred early Sunday morning when Austin was shot outside his apartment at 191 Barre Street. According to police, the shooting followed a night out at Gusto's bar in Barre, where Caballero and Austin were friends. An altercation broke out, during which Austin allegedly assaulted Caballero's girlfriend, Desiree Cary, 22. This led to a confrontation between Caballero and Austin outside the apartment, resulting in Austin's death.

Caballero is charged with second-degree murder and remains at large. Police believe he may have boarded a Greyhound bus in White River Junction, heading south toward New York City. While the bus route includes multiple stops, authorities are still uncertain of his exact location. A search for Caballero has been ongoing, with police raiding his apartment in Barre early Monday, but he was not found there. Neighbors reported ongoing issues with the property, including drag racing and frequent vehicle traffic.

Desiree Cary, Caballero's girlfriend, was arrested on unrelated drug charges on Sunday evening. She is currently in custody and faces charges of selling crack cocaine and heroin. She had been the target of an ongoing drug investigation by the Vermont Drug Task Force. 

This incident marks the first murder in Montpelier, Vermont, in nearly a century. The city, with a population of about 7,500, has not experienced a homicide since the 1920s. Police Chief Anthony Facos noted the significance of the event, emphasizing the rarity of such a crime in the nation's smallest capital. 

Authorities are urging anyone with information about Caballero's whereabouts to come forward. The case continues to draw attention, not only for its tragic nature but also for its implications in a community that has long been relatively crime-free. As the search for the suspect intensifies, the community remains on high alert, hoping for a swift resolution to this disturbing event.",1264,532,bad1e3a60dbc532a3c829bc6d719d48e7746e0096f668c38
multi_news,multi_news,"Now, write a one-page summary of all the news.

",Summary:,en,,1.0,"['America\'s ambassador to Syria visited one of the cities worst-hit by the crackdown against anti-government protesters yesterday, reports CNN. Robert Ford went to the city of Hama ""to make absolutely clear with his physical presence that we stand with those Syrians who are expressing their right to speak for change,"" an embassy spokeswoman says. An estimated 500,000 people joined an anti-government rally in the city last Friday. The Syrian government accused Ford of going to the city without authorization, saying the visit is ""clear evidence of the US involvement in the ongoing events in Syria and its bids to aggravate the situations which destabilize Syria.\'\' An embassy spokeswoman says the Syrian government was told a delegation would be visiting Hama, although no Syrian ""handlers"" were taken and officials weren\'t informed about the ambassador\'s presence. The city has been a symbol of opposition since 1982, when a crackdown ordered by the present Syrian leader\'s father killed around 20,000 people, al-Jazeera notes.']","  

The U.S. ambassador to Syria, Robert Ford, visited the city of Hama in late April 2011, marking a significant diplomatic move in support of the Syrian opposition. The visit, which took place amid escalating violence and protests, was described by the U.S. State Department as an effort to show solidarity with Syrians demanding democratic change. Ford met with local residents, visited a hospital treating the injured, and expressed U.S. concern over the harsh security crackdowns by President Bashar al-Assad’s government. His presence in Hama, however, drew criticism from the Syrian government, which accused the U.S. of interfering in Syria’s internal affairs and attempting to destabilize the country.  

Hama, a city with a long history of political tension, has been a focal point of the uprising. The area has seen violent crackdowns by security forces, including the killing of at least 60 protesters in a previous incident. In April 2011, a massive protest in Hama led to mass arrests and several deaths, prompting fears of a renewed military operation. Activists reported that over 500,000 people participated in a protest in Hama, making it one of the largest demonstrations against the Assad regime. The protests, which included peaceful gatherings and symbolic acts like carrying olive branches, were seen as a powerful expression of resistance.  

The U.S. and other Western nations have been vocal in their support for the Syrian people, with diplomats like French ambassador Eric Chevallier also visiting Hama to show solidarity. However, the Syrian government has condemned these actions, accusing the West of meddling in Syria’s affairs. In response to reports that U.S. embassy staff had filmed protests in Syria, the U.S. summoned the Syrian ambassador for discussions.  

Meanwhile, the situation in Hama remains volatile. Thousands of residents have fled the city in fear of another military crackdown, with human rights groups reporting continued violence, arrests, and civilian casualties. The city’s history as a site of past government brutality, including the 1982 massacre of Sunni Muslims by Hafez al-Assad’s regime, adds to its symbolic significance in the current conflict.  

As protests continue and tensions rise, the international community remains divided on how to respond to the crisis in Syria. The U.S. and its allies have called for an end to the violence, while the Syrian government has accused foreign powers of fueling unrest. The situation in Hama underscores the broader struggle for political change in Syria, with the fate of the country hanging in the balance.",1397,532,650718d3c4e464de14b8558a130b934583bfd70b6df88a1f
multi_news,multi_news,"Now, write a one-page summary of all the news.

",Summary:,en,,1.0,"['The FBI is reportedly investigating a sophisticated—but unsuccessful—attempt to hack into the Democratic National Committee\'s voter database. The DNC learned of the attempt on Tuesday, CNN reports. The attack, which was detected by a cloud service provider and a security research company, involved a fake login page intended to gather usernames and passwords for a service called Votebuilder, which hosts the DNC\'s voter database. It\'s a method called ""spearphishing,"" according to the New York Times. ""It was very convincing,"" Mike Murray of the cybersecurity firm Lookout tells CNN, adding that it would be tough to tell the real page from the fake one, even if they were side-by-side. The fake login page was ultimately removed by the cloud hosting company DigitalOcean. The company\'s chief security officer says the threat was identified before the attack was launched. ""We see no evidence that any sensitive data was stolen,"" he says. A DNC official tells the Times that it is not clear who the hackers were in this case. But, the paper recalls, a 2016 hack of the DNC was ultimately traced to Russia. This latest attempt, DNC Chief Security Officer Bob Lord tells the Times, ""is further proof that there are constant threats as we head into midterm elections and we must remain vigilant in order to prevent future attacks."" Earlier this week, Microsoft reported that it had uncovered new Russian hacking attempts targeting conservative organizations in the US.']","  

Recent news highlights a series of cybersecurity threats targeting political entities and election infrastructure in the United States, particularly as the country prepares for midterm elections. The Federal Bureau of Investigation (FBI) is investigating an incident involving the Democratic National Committee (DNC), which detected what it believed to be a sophisticated attempt to hack into its voter database. The attack was initially thought to be a real cyber intrusion, but it was later revealed to be an unauthorized ""simulated phishing test."" Despite this clarification, the incident has raised significant concerns about the vulnerability of election systems and the potential for foreign interference.

Bob Lord, the chief security officer for the DNC, emphasized that the attack is further proof of the persistent threats facing election infrastructure. He noted that the party's voter file is considered its most sensitive information. The incident is part of a broader pattern of cyber threats, including continued influence operations by Russia and other foreign actors using social media to spread disinformation. These efforts are not limited to the DNC; they also include attempts to breach think tanks and other political organizations.

Rob Joyce, former White House cybersecurity coordinator, has pointed out that the focus of cyber operations has shifted from merely stealing secrets to using cyber capabilities to exert national influence. This shift underscores the evolving nature of cyber warfare and its impact on democratic processes. Political groups and government agencies are on high alert, with increased efforts to detect and prevent cyberattacks in the lead-up to the midterms.

Microsoft has reported that hackers linked to Russian intelligence have targeted the U.S. Senate and conservative think tanks, using tactics such as creating fake websites to gather sensitive information. Additionally, Facebook has identified a political influence campaign aimed at disrupting the midterms, with further disinformation efforts being uncovered around the world.

Overall, the news underscores the growing risks to election security in the digital age. With the increasing sophistication of cyber threats, both foreign and domestic, there is a pressing need for enhanced cybersecurity measures, greater transparency, and international cooperation to protect democratic institutions and processes. As the midterms approach, the focus remains on preventing cyber interference and ensuring the integrity of the electoral system.",716,532,85fb841bcfd0896e05d89ff445cc59c694832e8c3b06b60e
multi_news,multi_news,"Now, write a one-page summary of all the news.

",Summary:,en,,1.0,"['Another fatality in the Boston bombings has been identified: The family of 29-year-old Krystle Campbell says she was killed as she and a friend were cheering on another friend who was racing, reports WCVB. ""This is just a waste,"" says her mother. “Everyone that knew her loved her. She was always smiling. You couldn’t ask for a better daughter. She was the best.” Campbell was a restaurant manager, reports the Boston Herald, which notes an especially wrenching detail: Her father was initially told she was alive, but when he got to the ICU, he realized it was his daughter\'s friend who had survived. Campbell is the second of the three people killed to be identified. The first was 8-year-old Martin Richard, and his father, Bill, released a statement today thanking supporters and asking for privacy, reports WBZ. ""My dear son Martin has died from injuries sustained in the attack on Boston. My wife and daughter are both recovering from serious injuries. We thank our family and friends, those we know and those we have never met, for their thoughts and prayers. I ask that you continue to pray for my family as we remember Martin. We also ask for your patience and for privacy as we work to simultaneously grieve and recover. Thank you."" The third victim was a grad student at Boston University, but the person\'s identity is being withheld until the family says it\'s OK to release, reports USA Today.']","  

On April 15, 2013, two bombs exploded near the finish line of the Boston Marathon, killing three people and injuring hundreds. The victims included an 8-year-old boy, Martin Richard, who was watching his father, a community leader, run the race. Martin’s mother, Denise, and his 7-year-old sister were also injured. A vigil was held in Dorchester for Martin, with neighbors and friends leaving flowers and candles at his family’s home. His father, Bill Richard, expressed gratitude for the support received and requested privacy as the family grieves.  

Another victim was Krystle Campbell, a 29-year-old restaurant manager from Medford, who was killed while waiting near the finish line to cheer on a friend. Her family was initially misled by hospital staff, who mistakenly told them their daughter had survived, only to later discover she had died. Campbell’s mother, Patricia, described her as a caring and loving person who worked long hours in the food service industry.  

The third victim was a Chinese graduate student from Boston University, who was watching the race with two friends. The student’s identity was not released pending family approval, and one of the friends was injured but in stable condition.  

In response to the bombings, FBI officials stated there were no known additional threats and vowed to find those responsible. Mayor Thomas Menino emphasized the city’s resolve to heal and move forward, calling Boston a strong city that would overcome the tragedy.  

The city implemented enhanced security measures, including increased police presence and temporary flight restrictions. Local organizations, such as the Salvation Army, provided food, emotional support, and assistance to affected individuals. Runners and residents expressed a mix of grief and determination, with some taking recovery runs and others participating in community efforts.  

National and international leaders, including President Barack Obama and Pope Francis, offered condolences and solidarity. Obama praised the resilience of Bostonians and highlighted the nation’s response to evil with compassion and strength. Pope Francis called for unity against evil and a commitment to justice and peace.  

The tragedy left a profound impact on the community, with many struggling to come to terms with the loss of life and the sense of vulnerability. Despite the pain, the city showed remarkable unity, demonstrating its strength and determination to recover and rebuild.",2030,532,2a72476f253ea0db253c6e12af5714c984b0ab77547be2e9
multi_news,multi_news,"Now, write a one-page summary of all the news.

",Summary:,en,,1.0,"['There are more obese or overweight people in the world today than there were people of any weight in 1935, the most comprehensive look at worldwide obesity in decades warns. The 188-country study found that there are 2.1 billion overweight or obese people in the world, making up around 30% of the world\'s population, up from 20% in 1980, USA Today reports. Not a single country has recorded a decline in obesity over the last 30 years. ""We hoped there would be some examples of success that you could latch onto,"" a study co-author says. ""But there\'s a complete lack of success stories in bringing down obesity."" The study published in British medical journal the Lancet found that the Middle East and north Africa had seen the biggest weight gains, though the US still has the largest number of obese people, with 87 million of the world\'s 671 million obese people, reports Reuters. Other countries, however, have even higher obesity rates, including Tonga, where more than 50% of all adults are obese. ""Two-thirds of the obese population actually resides in developing countries,"" says one of the researchers; they warn that obesity rates are rising among rich and poor countries, men and women, and adults and children alike.']"," Global Obesity Crisis

A recent comprehensive study, published in the Lancet medical journal, reveals a growing global obesity epidemic. The report, which analyzed data from 188 countries between 1980 and 2013, highlights that over 2.1 billion people worldwide are either overweight or obese, representing nearly 30% of the global population. The United States leads in the number of obese individuals, with 87 million people, despite accounting for only 5% of the world's population. However, the study also notes that obesity rates are rising in both developed and developing nations, with some countries experiencing particularly alarming increases.

In the U.S., one-third of adults are overweight, and another third are obese, according to the Centers for Disease Control and Prevention. The report also points out that obesity rates in certain regions, such as the Middle East and North Africa, Central America, and the Pacific and Caribbean islands, have reached staggering levels. For example, in countries like Tonga, Kuwait, and Qatar, over 50% of men or women are obese. In developed countries, 22% of girls and 24% of boys are overweight or obese, while in developing countries, the rates are 13% for both boys and girls.

The study emphasizes that obesity is not just a health issue but a significant public health concern, as it is a major risk factor for heart disease, stroke, diabetes, arthritis, and certain cancers. It also notes that the rise in obesity is linked to increased calorie intake, changes in diet, decreased physical activity, and even shifts in gut bacteria. The report suggests that the affordability and accessibility of junk food, combined with sedentary lifestyles, are key contributors to the obesity crisis.

Notably, the study found that no country has successfully reduced its obesity rates over the past 30 years, underscoring the global challenge. The World Health Organization has launched a commission to address childhood obesity, with a report expected in early 2015. The findings highlight the urgent need for global efforts to combat obesity, as it continues to impact people of all ages, incomes, and regions.",1409,532,df0b3cb31b4c78e6a101a0f3931023704055282bffb56c91
multi_news,multi_news,"Now, write a one-page summary of all the news.

",Summary:,en,,1.0,"['It\'s been a year since Katie Holmes filed for divorce from Tom Cruise, and apparently Cruise is feeling sentimental. A source tells UK magazine Look the actor sent Holmes an ""emotional letter"" looking to, at the very least, be friends again, Australia\'s News Network reports. ""It\'s like he\'s finally recognized that Katie will always be the love of his life,"" the source says. Even so, ""It won\'t have been an over the top letter—it has been a year and I\'m sure Tom will have been aware that Katie wouldn\'t be interested in running straight back into his arms."" Sources close to Holmes say she was ""touched"" by the letter, which doesn\'t sound promising for Cruise. ""Tom would no doubt take her back in a second, but I don\'t think that\'s what Katie wants,"" says one. (Just to keep things in perspective, we\'ll point out that Look is the sort of magazine that also runs headlines like, ""Royal Bodyguard Warns: \'Kate Middleton\'s Baby Is In Danger!\'"") In other news, Huffington Post notes that it\'s Cruise\'s 51st birthday.']"," 

This week’s edition of LOOK magazine features a variety of celebrity news, fashion trends, and lifestyle tips. One of the most notable stories is about Tom Cruise and Katie Holmes. Cruise has reportedly written an emotional letter to his ex-wife, expressing his feelings and attempting to rekindle their friendship. The couple divorced in July of last year, and while they had a brief truce in March, they have not spoken much since. The letter, according to insiders, was a thoughtful gesture from Cruise, who has come to terms with the end of their marriage. Katie Holmes, who has been living in New York with their daughter Suri, has reportedly been moved by the letter, though it is unclear if she would consider returning to Cruise.

In addition to the celebrity news, the magazine highlights the latest fashion trends for the new season, including insights from top makeup artists and advice on staying ahead of the style curve. There is also a feature on cyber security, warning readers about the potential risks of ""Ratters"" – a term used to describe cyber spies who may be monitoring users through their computers.

The magazine also includes a special section on the importance of the Internet Archive, which has been receiving crawl data from Alexa Internet since 1996. This data is used to preserve the web’s history through the Wayback Machine, ensuring that digital content remains accessible for future generations.

Overall, this week’s LOOK magazine offers a mix of heartwarming and thought-provoking content, from celebrity stories to digital preservation efforts, all wrapped up in a stylish and informative package. Readers are encouraged to pick up the physical copy or download the digital edition for the latest updates and trends.",790,532,fcf426010aa777afc5b37ea3c7ae03b2499938e4f1355f3b
multi_news,multi_news,"Now, write a one-page summary of all the news.

",Summary:,en,,1.0,"['The investigation into the mysterious deaths of a billionaire and his wife is now being led by homicide detectives, police say—suggesting the deaths of Barry and Honey Sherman were either murder-suicide or a double murder. Police, who have described the deaths as ""suspicious,"" revealed Sunday that the cause of death for both Shermans was ""ligature neck compression,"" a form of strangulation, the CBC reports. Sources have told the media that the couple were found hanging near an indoor pool in the basement of their Toronto mansion. Police say they haven\'t found any sign of forced entry, or a note that could explain what happened to 75-year-old pharmaceutical tycoon Barry Sherman and his 70-year-old wife, both renowned philanthropists. The couple\'s four children have rejected what they say are ""rumors"" that the deaths are being investigated as a murder-suicide, and many of the influential couple\'s friends agree. ""There is absolutely zero debate in my mind, this was a double homicide,"" says Canadian Sen. Linda Frum, a longtime friend of the couple, per the New York Times. The Globe and Mail reports that just days before the bodies were found, Honey Sherman was enthusiastically making plans for their annual trip to Florida, emailing friends that she would be traveling to the state on Dec. 18 and Barry Sherman would join her a week later. The couple also sent out invitations last week to a dinner party at their winter home in Palm Beach.']","  

Barry Sherman, a Canadian billionaire and founder of the pharmaceutical company Apotex, and his wife, Honey Sherman, were found dead in their Toronto mansion on December 27, 2019. The couple, both in their early 70s, were discovered hanging from a railing surrounding their basement lap pool by a real estate agent who had been helping to sell their $6.9-million home. The police confirmed that both died from ""ligature neck compression,"" indicating they were strangled.  

The deaths have been classified as ""suspicious"" by Toronto police, though no official determination of foul play has been made. Initially, some media outlets and police sources suggested the possibility of a murder-suicide, but the couple’s children and friends have strongly dismissed this theory. They described the Shermans as devoted to life, family, and community, and expressed disbelief that such a scenario could have occurred.  

Barry Sherman, estimated to be worth $4.77 billion, was a prominent figure in the pharmaceutical industry and a major philanthropist. He was known for his intense work ethic, often working long hours and showing little interest in personal luxuries. Honey Sherman, on the other hand, was a vibrant socialite and active in various charitable causes, including education, healthcare, and the Jewish community.  

The couple had four children and had recently welcomed a new grandchild. They were planning a winter trip to Florida and had even invited friends to a dinner party in Palm Beach. Despite their wealth and influence, the Shermans were known for their humility and generosity, having donated millions to hospitals, universities, and community organizations.  

Friends and colleagues, including Toronto Mayor John Tory and Postmedia CEO Paul Godfrey, have expressed deep shock and sadness at the couple’s deaths. A makeshift memorial was set up outside their home, and many have paid tribute to their contributions to the city and beyond.  

As the investigation continues, the police have not released further details about the circumstances of the deaths, and no suspects have been identified. The case remains under the jurisdiction of the homicide squad, with the possibility of a murder-suicide still under consideration, though the family and many of their acquaintances remain unconvinced.  

The tragic loss of Barry and Honey Sherman has left the Toronto community, particularly the Jewish community, in mourning, with many reflecting on the couple’s remarkable lives and enduring legacy.",2360,532,1c30a0d93cd2b0aa5c6b8de620a54202192352c44ff775ce
multi_news,multi_news,"Now, write a one-page summary of all the news.

",Summary:,en,,1.0,"['The final round of voting began in Egypt today, and it looks like the Muslim Brotherhood could walk off with a controlling majority of seats in Parliament\'s lower house. The Muslim Brotherhood\'s Freedom and Justice Party, the country\'s mainstream Islamist party, had already won a high percentage of the seats awarded in the first and second rounds of voting. Two of the nine provinces voting today are Brotherhood strongholds, where some of the party\'s most well-known candidates are running, the New York Times reports. A plurality, not a majority, was originally predicted for the Freedom and Justice Party. A majority would allow the party to govern alone, but the Brotherhood has repeatedly said it plans to form a coalition government, and has aligned itself with more liberal parties rather than the ultraconservative Salafis, who are in second place with up to 25% of the seats so far. Also today, prosecutors began presenting their case against former Egyptian President Hosni Mubarak, Bloomberg notes. His trial resumed last week after a two-month break; state TV today showed Mubarak being carried to and from the courtroom on a gurney. ""He deserves an end of humiliation and indignity,"" said the chief prosecutor, according to the AP.']"," 

In early 2012, Egypt held its third and final round of parliamentary elections since the ousting of former President Hosni Mubarak in February 2011. The elections, which covered nine provinces including Sinai, were seen as a critical test of political power in the post-revolution era. Islamist groups, particularly the Muslim Brotherhood's Freedom and Justice Party, were expected to consolidate their gains, with the more conservative Nour Party also making a strong showing. Analysts noted that the results would likely reinforce the influence of Islamist parties in the new parliament, though secular and liberal groups were still active in the political landscape.

The elections took place amid ongoing tensions between the military rulers, who had taken over after Mubarak's fall, and the civilian population demanding democratic reforms. The military, which had been in power since the 1952 coup, was reluctant to cede authority, and the newly elected parliament was expected to have limited power. The military had scheduled the first session of the new parliament for January 23, just days before the anniversary of the revolution that had toppled Mubarak.

At the same time, the trial of Mubarak and his sons, Gamal and Alaa, continued. The prosecution, led by Chief Prosecutor Mustafa Suleiman, accused Mubarak of being a ""tyrant"" responsible for the deaths of over 800 protesters during the 18-day uprising that ended his rule. The prosecution argued that Mubarak had sought to install his son in power, a move that many Egyptians found deeply offensive. The trial, which had been delayed due to procedural issues, was expected to last several days, with the prosecution presenting its case over three days.

Mubarak, who had been in poor health, was carried into court on a gurney, while his sons were held in a cage. The trial was seen as a symbolic moment in Egypt's transition from authoritarian rule to a more democratic system. However, the military's continued influence and the political instability of the post-Mubarak era raised concerns about the future of Egypt's democracy.

Economically, the country was struggling. Growth had slowed, and the political unrest had deterred both tourists and foreign investors. Foreign currency reserves had dropped by 44% in the first 11 months of 2011, and the stock market had performed poorly. The new parliament, while a step toward democratic governance, faced the challenge of balancing the interests of various political factions, including the military, the Muslim Brotherhood, and liberal groups.

The political landscape was also",2661,532,1f080355f909b1c7ef74d2cffc643736903edcab65b66505
multi_news,multi_news,"Now, write a one-page summary of all the news.

",Summary:,en,,1.0,"['Police in Vermont say a car ended up almost vertical when the driver swerved quickly in response to her GPS ordering her to ""turn around."" The car was suspended almost vertically on guide wires attached to a utility pole (see a photo here) in Mendon on Wednesday night, reports the AP. Police say 30-year-old Nabila Altahan of Dorchester, Mass., was headed west on US Route 4 when she passed her intended destination and reacted quickly to the instructions, leaving the road at a significant enough speed to propel the vehicle up the wires. She wasn\'t injured. (This driver followed her GPS into a lake.)']","  

On Wednesday evening in Mendon, a car was involved in an unusual incident when its driver, Nabila Altahan, reacted too quickly to a GPS navigation instruction. The event occurred around 8 p.m. near the Sugar & Spice Restaurant on Route 4. According to police, Altahan was driving westbound when her GPS device suddenly instructed her to turn around, as the car had passed its intended destination. In response, she made a sudden maneuver, causing the vehicle to leave the traffic lane and swing up onto a telephone pole's guy wire.  

The Toyota Corolla became suspended from the wire, and although both Altahan and her passenger were unharmed, the situation was alarming. A witness at a nearby miniature golf course reported seeing the driver exit the car as it hung from the pole. The incident prompted a response from the State Police and the Rutland City Fire Department, who arrived at the scene to assist.  

Ray Ault, a local photographer, was driving by the area at the time and provided a firsthand account of the event. The incident highlights the potential dangers of relying too heavily on GPS navigation systems, particularly when drivers react impulsively to sudden instructions. While no injuries were reported, the unusual nature of the accident has sparked discussions about the importance of driver awareness and the need for careful interpretation of navigation technology.  

This event serves as a reminder that while GPS can be a helpful tool, it is not infallible, and drivers must remain vigilant and prepared to handle unexpected situations on the road.",310,532,6dd06d4eee78cfbf3ce2fe6413c681ad6937079daf8a7169
