answers,length,_id,dataset,task,compression_ratio,question,answer_prefix,predicted_answer,language,all_classes,max_new_tokens
"['Kirsty Williams firstly made it clear that it would not be appropriate to comment this since this process was independent of Government. Hefin David then proposed the impact on students and staff. Kirsty Williams thought there would be a responsibility upon the University of South Wales to ensure that those students already in the system were able to complete their studies with the appropriate level of support and tuition to enable them to achieve their career aspirations and graduate from that program. The same was true for staff. Kirsty Williams thought that would be a matter for the institution. After this, they had some discussions on the geographic spread of provision.']",13883,c94b97c772d9dcbb690f444b5ded279f02fc875f28f3daff,qmsum,qmsum,0.0,"Query: Summarize their discussion on the decision of not accrediting the University of South Wales with the ability to deliver teacher training.
",Answer:," The discussion centered on the Education Workforce Council's decision not to accredit the University of South Wales (USW) for teacher training. The Cabinet Secretary for Education, Kirsty Williams, stated that the accreditation process is independent of the Welsh Government and expressed confidence in the EWC's process. She emphasized that the Government is focused on ensuring the availability of training places and supporting students already enrolled at USW to complete their courses. The committee raised concerns about the potential impact on students and staff, and the Government acknowledged the need to monitor the situation closely.",en,,532
['The professor thought it was possible to reduce the effects of reverberation by removing the low-energy segments. He thought a VAD-like approach would work. This would make it so that the model was more likely to keep an echo than throw out speech.'],11887,811b75e9dfe2f5e9a4aee66d32892fd0faf154d4e4445646,qmsum,qmsum,0.0,"Query: What did the professor think about echoes and reverberation?
",Answer:," The professor thought that echoes and reverberation could be problematic in audio processing, and he suggested that they could be addressed by using a VAD-like approach to remove low-energy sections or by applying a high-pass filter to reduce reverberation effects. He also mentioned that reverberation can be artificially introduced during re-synthesis and that it might be beneficial to consider alternative processing methods to make the audio cleaner.",en,,532
"['The group discussed topics including a potential collaboration with another ICSI member regarding the analysis of inference structures, efforts by speaker mn005 to detect speaker overlap, the current status of recordings and transcriptions, and future efforts to collect meeting data. In addition to weekly meetings by the BMR group, efforts are in progress to record meetings by other ICSI research groups, as well as routine discussions by non-ICSI members.']",19656,cbbd3e6a889f75b2b93a57e125690b10a6ca00e754965b27,qmsum,qmsum,0.0,"Query: What were the main discussion points of the meeting?
",Answer:," The main discussion points of the meeting included: addressing technical issues with the recording setup and preventing crashes, discussing the mapping of locations without requiring names, exploring the use of transcripts for research, analyzing speech overlap and acoustic events in meetings, considering the implications of not mentioning names for privacy, and planning for future data collection, including potential collaborations with radio shows and other meetings.",en,,532
"['The team agreed that only the scroll button and the LCD were new items for a remote control. The color of the device was doubted but Marketing argued that since the product aimed at the young market, the case looked good in pure yellow. Besides, the rubber material felt soft, making the device look and feel nice. However, the team thought that there were too many buttons, which did not align with the original idea.']",4807,d1ba9e91e59ac664388aab0d53dd443acfc8edb13f523dd4,qmsum,qmsum,0.0,"Query: What did the team discuss during the product evaluation?
",Answer:," During the product evaluation, the team discussed the prototype's design, functionality, and market appeal. They evaluated aspects such as technological innovation, target audience, aesthetics, and usability. They also considered the product's cost and explored ways to reduce expenses while maintaining key features. The team provided ratings on various criteria and agreed on a final average rating for the product.",en,,532
"['User Interface introduced to use the power button to switch the television on and off. The mute button to switch the volume on and off. The channels buttons, one to nine, or zero to nine. The volume and channel quadrants, from left to right, and up and down arrows, to control the volume and channel. And last, the menu button to manipulate the LCD display. User Interface also suggested that power buttons are usually at the top left or right and the team should decide to choose the right icons, or letters on the buttons.']",6032,4d091ad0d5b74a257368a09ef6eef821ea8cfd0bfa58eb99,qmsum,qmsum,0.0,"Query: What did User Interface say about the interface concept design?
",Answer:," The User Interface discussed the interface concept design, mentioning the buttons chosen, such as the power button, mute button, and channel buttons, as well as the use of colors and design elements. They also highlighted the importance of clear icons and large, thin, and long buttons for usability. Additionally, they suggested that the menu button should be clearly identifiable and that the arrows should have icons to enhance functionality.",en,,532
"['The translation of SmartKom to english is in its final stages. The synthesis module will be the last one to do, after the english syntax trees are completed. The system is still buggy and unstable, but it will soon be ready for a demonstration.']",12646,3557f2e7ac4e81949735d91a8dee454b98f97def5c16d078,qmsum,qmsum,0.0,"Query: What were the problems encountered with SmartKom system?
",Answer:," The SmartKom system faced several issues, including an unstable synthesis module that struggled with generating correct German speech, requiring manual adjustments and specific files for proper function. Additionally, the system was designed for a specific setup with a Siemens virtual touch screen and gestural recognition, which were not available, making the system brittle and requiring numerous manual changes to operate. The system also had limited language independence, particularly in parsing and generation, and required significant effort to adapt for different languages like English.",en,,532
"['Kirsty Williams said he was in favor of a healthy, strong and sustainable HE sector. If individual institutions wish to collaborate, that was a matter for themselves. They did not pursue or urge a policy of mergers, but if individual institutions felt that was of benefit to them and their students, they would have an interest in that and make sure that they were robust plans.']",13870,563ce48625a707202a34068e87ea4cea511b23c80962756a,qmsum,qmsum,0.0,"Query: How did Kirsty Williams respond to university mergers?
",Answer:," Kirsty Williams responded to university mergers by stating that she is not in favor of a formal policy for mergers, but rather supports collaboration between institutions. She emphasized that individual universities should decide whether to merge or collaborate based on what is best for their students and institutions, and that there is no government pressure to pursue mergers.",en,,532
"['User Interface thought it would be hard to keep the remote control small with a wood case. Industrial Designer thought the thin wood remote would be easy to break. Project Manager thought given that they were looking at more spongy material preferences, rubber or plastic would be more practical. Also, the group thought that wood was not cleanable, so they decided not to use a wood case for the remote control.']",8986,9a93e7ab3a55fbec9e77e1d132f83ac514291c381360a9c8,qmsum,qmsum,0.0,"Query: What did the group think of the wood case when discussing the key remote control concepts?
",Answer:," The group thought the wood case was not a good idea because it would make the remote control bulky, not very cleanable, and not practical for a remote control. They also mentioned that wood is not suitable for a small, thin remote and that it doesn't align with the spongy material preferences they discussed.",en,,532
"[""They felt that the battery design should be long-lived, original, and conventional to ensure the battery's innovation, versatility, and durability. It should also not be far from the usual performance, or it may cause problems for new users.""]",3980,caab9dadbf5f025e1a6b63ccda2809c85999e3edd0f0cc47,qmsum,qmsum,0.0,"Query: What did the group think of battery design when discussing the functional design of the remote control?
",Answer:," The group did not focus much on the battery design during the discussion of the functional design of the remote control, as they considered it not a significant issue since batteries are typically replaced periodically. However, one member mentioned that the remote control should aim for a high battery life, though they acknowledged that it is not a major problem for remote controls.",en,,532
"['Eluned Morgan said that they would wish to see pay equality in relation to teaching. As for whether all staff should get the increase or only teaching staff but not non-teaching staff, Eluned Morgan thought this should be up to ColegauCymru to negotiate and to discuss, and they should wait for their outcomes.']",13887,585f667a0717f95cc0c7398ab295818570d6c307c7ed1ade,qmsum,qmsum,0.0,"Query: How did Eluned Morgan respond to whether wishing to see people have greater pay equality between schoolteachers and FE when discussing the pay dispute situation?
",Answer:," Eluned Morgan responded that in relation to teaching, the Welsh Government would wish to see pay equality between schoolteachers and FE teaching staff, but she emphasized that the negotiations and discussions regarding pay settlements are up to ColegauCymru to handle.",en,,532
"['The user interface designer recommended to have a screen with a backlight which could change colours and to put all the options into this screen so that few buttons were needed and users would find it easy to use. As for the material, titanium was preferred because it was unbreakable and baby-proof. The user interface designer also suggested making the power and volume control fully automatic.']",7344,a81acf4510dd3154c2f73c46b86b077b281307fcabe0a4bd,qmsum,qmsum,0.0,"Query: What did the user interface designer recommend to do when discussing technical function design?
",Answer:," The user interface designer recommended keeping the design simple, focusing on essential functions like power, volume, and channel control, and incorporating a screen with a backlight that can change colors for better visibility and usability. They also suggested using a few buttons and integrating features like automatic on/off and voice recognition for a more user-friendly experience.",en,,532
"['Mental spaces can be tackled with mechanisms that can also deal with context issues (time, space etc.): creating a base space and rules of interaction with other interconnected spaces. However, the complexity of these mechanisms has to be bound as well: it is necessary to define the range of constructions to be studied. ']",24580,679e4e9f3c4e9bf95578ed0a431156a6203ebfa122ce7894,qmsum,qmsum,0.0,"Query: How would the mental spaces operate?
",Answer:," The mental spaces operate by allowing for the creation and manipulation of conceptual scenarios or contexts that are used to interpret and understand utterances. These spaces are dynamic and can be accessed or referenced within a discourse, enabling the integration of different elements such as time, space, and meaning. They are used to build up and modify the interpretation of sentences, allowing for the exploration of hypothetical situations and the establishment of relationships between different parts of a discourse. The formalism aims to capture these mental spaces in a structured way, enabling the representation of both semantic and pragmatic aspects of language.",en,,532
"['In terms of the material used on the device, the team decided to use only one material, either rubber or plastic instead of both or titanium. Moreover, the team agreed to discard the joystick but keep the LCD and advance chips,to make it still favored by the young market. Lastly, a normal color would be incorporated instead of a special color to decrease the cost by at least half Euro.']",4807,38a35e48b9691446552ad525856b71612bef0c93da7bdfc9,qmsum,qmsum,0.0,"Query: What did the team discuss about the product cost?
",Answer:," The team discussed the product's cost, considering options to reduce expenses by simplifying the design, such as removing the joystick and using push-buttons instead, and changing the color scheme. They evaluated the impact of these changes on the overall cost, aiming to bring the price down to around twelve and a half Euros.",en,,532
"[""According to Julie Morgan, the group had been in close cooperation with the fostering organizations in Welsh to guarantee the children in need. To people's relief, the fostering organizations were running well with enough staff and equipment during the pandemic so that the children could enjoy good care there. What's more, the fostering organizations prolonged their helpline time in case some emergencies would happen. Other support measures, say, the fund for the foster carers, would be followed up.""]",10512,fded50244f8bd8009b811afa71bb452bde5d0aa794066bfd,qmsum,qmsum,0.0,"Query: What did Julie Morgan elaborate on their work with the foster organizations when talking about the adequate social support for those children who were in foster?
",Answer:," Julie Morgan elaborated that the Welsh Government has worked closely with foster organizations, supporting the Association of Fostering and Adoption Cymru to develop guidance for foster carers, which has been well-received across the sector. They also mentioned that the Fostering Network has extended its helpline hours and that Voices from Care has developed specific support for care leavers, ensuring that foster carers and children receive necessary assistance during the pandemic.",en,,532
"['Given the domains currently used (tourist, child language learning), some features, like speaker attitude, are not of equal importance at this stage. On the other hand, it was decided for the inheritance between constructions to be left out for now, as the notation can be rendered more elegant later on.']",24585,0c2e058a3750f5b88206f02bf9aecd28451121027cbbb03d,qmsum,qmsum,0.0,"Query: What is the description of the domains in the mental spaces?
",Answer:," The domains in the mental spaces are described as the tourist domain and the child language learning domain. These domains are used to focus on specific interactions and linguistic phenomena, with the intention of dealing with the most relevant and manageable aspects of mental spaces.",en,,532
"['Marketing wrote down a few evaluation criteria, based on previous marketing strategy, on the latest trends, and on user preferences. There was a seven-point scale rating for each criterion. The team would give comments to each feature listed and agree on the final rating.']",4805,afdce0dffab8af2a881a638a168da0c636087169e9f900f4,qmsum,qmsum,0.0,"Query: How did Marketing design the product evaluation?
",Answer:," Marketing designed the product evaluation by creating a seven-point scale to rate the product based on criteria such as technological innovation, target market appeal, design, and alignment with trends. They involved the team in the evaluation process, allowing each member to provide their rating, and then calculated an average of all the ratings to determine the overall product evaluation.",en,,532
"['The group thought remote controls should keep children safe while using them. At the same time, the remote control should be brightly coloured. Even if it is not colourful, it should also choose a monochrome colour that children like to attract them.']",3236,876ed3e1d5021071ec791827d68bcfe5c2e4a7c4605eaffd,qmsum,qmsum,0.0,"Query: Summarize the discussion about the design of remote control for children.
",Answer:," The discussion about the design of a remote control for children focused on making it robust, childproof, and colorful. The team emphasized the need for a durable design to withstand rough handling, waterproof features to prevent damage, and a simple, intuitive interface to avoid accidental button presses. They also considered the size, suggesting it should be small enough to fit in a hand but not too small, and discussed the possibility of a single-color design or color-changing features. Additionally, there was a mention of adapting the remote control for left- and right-handed users and simplifying the button layout to enhance usability for children.",en,,532
['Project Manager wanted to make a profit of 50 million euros for a cost of 12.50 euros for 25 euros worldwide.'],3984,1cda1c86401954c75f52c80d4b5f069ff3c9a003f0ba20a1,qmsum,qmsum,0.0,"Query: What are the target price, target cost and target profit of remote control when discussing the design of the remote control?
",Answer:," The target price for the remote control is 25 Euros, the target cost is 12.5 Euros, and the target profit is 50 million Euros.",en,,532
"[""When it comes to the evaluations on the legitimacy of the children's rights, protection and demands, Nicola Edwards mentioned that they had been working on the coronavirus Act to see if they could ease some of the statutory requirements, further helping the childcare and education affairs in the future. Then Albert Heaney went on to elaborate that it was because that they were not meant to include any easements in children's social services at first, however, it was obvious at present that at least for those carers, they had to break the law of social distance to keep looking after the children in need. Therefore, they were calling for the possibility of losing the law for those who did have something to do with childcare and education.""]",10509,29041bda02a95bd53805363c72505c873f34db1c93d32881,qmsum,qmsum,0.0,"Query: What did Albert Heaney think of the coronavirus Act when discussing the evaluations on the legitimacy of the children's rights, protection and demands?
",Answer:," Albert Heaney stated that no easements were introduced in relation to children's services legislation, emphasizing that the standards in place for children's rights, protection, and demands remain unchanged, and therefore, there was no necessity for a children's rights impact assessment in relation to the primary legislation.",en,,532
"['The group agreed that the remote had a high score in terms of locatability, so they first thought it was also intuitive. Then, Industrial Designer mentioned that it might be a little more difficult for people to get used to in the beginning because the scroll was a new technology. Marketing thought it was obvious how to use it. Therefore, groupmates agreed to give an average score of five.']",9375,30da039b34de89757a048d6ada97c24def61dc30a7706b77,qmsum,qmsum,0.0,"Query: What's the conclusion of the discussion about intuitive when presenting on evaluation criteria?
",Answer:," The conclusion of the discussion about intuitive when presenting on evaluation criteria was that the design is somewhat intuitive, but not immediately familiar, and they decided to give it a score of five out of seven.",en,,532
"['The Professor thought that the experiments were pretty simple, so computational power was not really a problem. He also thought that it would be okay to increase the states from six to nine.']",8194,6ef9b5b50b66b2670abbb3753bfe1a4ebe0d40aacb54f281,qmsum,qmsum,0.0,"Query: What did the professor think about improving the back recognizer for the Aurora task?
",Answer:," The professor thought that improving the back-end recognizer for the Aurora task could be beneficial, and he encouraged exploring ways to enhance its performance by adjusting model parameters and analyzing how different configurations affect results.",en,,532
"['In terms of putting fashion into the electronics, this is both their slogan and their design target. Apart from the company colour of black and red, the Project Manager came up with the idea of providing skins for the users. But the members were not in favour of this idea for that the work would be huge, at the same time, they were inspired to add the logo on the boot-up screen and introduce a dormant mode because most people do not want the remote to be flashing when the TV is on.']",5336,3cf831ee97fdc099975661a966f34810d7cf1874ca6b3639,qmsum,qmsum,0.0,"Query: What did the group talk about the appearance of the television remote?
",Answer:," The group discussed the appearance of the television remote, emphasizing the use of plastic construction to avoid metal interference and potential safety issues. They also considered incorporating company colors (red and black) and the slogan ""we put fashion in electronics"" into the design. Additionally, they explored the possibility of using high-quality recycled plastic and a sleek, modern look, while balancing aesthetic value with functionality and cost considerations.",en,,532
['Grad E volunteered his 18 Gigabyte drive to the group. The drive had 12 gigabytes of memory and he was not using it for anything.'],12805,fff100fc003a59ba70830ef925a879463d106038d9309087,qmsum,qmsum,0.0,"Query: What did Grad E contribute to the discussion on storage disks?
",Answer:," Grad E contributed by offering to use an 18 gigabyte drive on their computer, which they had available, to help with storage disk issues. They mentioned that they had about twelve gigabytes of space left on the drive and were willing to lend it if needed.",en,,532
"['The meeting was about caring Welsh children during the outbreak of COVID-19. Due to the coronavirus, the state was locked down and a strict social distance was required, and then most schools in Welsh were shut down. The group was concerned whether the existing support was enough to ensure their children get through such a period healthily, in terms of both mentally and physically. They listed several possible solutions, including having the vaccination on the susceptible group, offering psychological support for the children as well as the pregnant women, and raising a contingency fund. Through their asking and answering with the ministers, the group finally agreed on a bright blueprint for the education and economic recovery in Welsh.']",10490,5770240f11b9eae7d4a9a8a8de1e70bd557229796d9324f0,qmsum,qmsum,0.0,"Query: Summarize the whole meeting.
",Answer:," The meeting transcript details a virtual session of the Children, Young People and Education Committee in Wales, focusing on the impact of the coronavirus pandemic on children and young people. Key topics included the Welsh Government's response to the pandemic's effects on health, education, mental health, and childcare services. The discussion covered the availability of services, challenges in accessing care, the role of technology in maintaining contact with vulnerable children, and the need for continued support for children's well-being. The meeting also addressed concerns about the impact on child protection, safeguarding, and the childcare sector, with officials outlining measures taken to support these areas. The session concluded with a transition to private proceedings, marking the National Assembly for Wales's last formal meeting before becoming the Senedd.",en,,532
"['According to the Project Manager, the finance department proposed to price the product at 25 euros and make a profit of fifty million euros in total. However, the cost might be at only twelve fifty, meaning that the profit would be at one hundred percent.']",5989,815f4222b3b738706aa5fad352b72ccc47e9454fcb391b09,qmsum,qmsum,0.0,"Query: What did the Project Manager think of the profit when discussing the financial issue and why?
",Answer:," The Project Manager thought the profit of selling the remote control for twenty-five Euros was high, aiming for a fifty million Euros profit internationally, but he was skeptical about the price being too expensive, suggesting it would need to perform exceptional functions to justify the cost.",en,,532
['The industrial designer thought the automatic power control would be a bit problematic because there were different criteria for different people. Then the marketing proposed that they should design a personalized product so that the users could have their own settings. The proposal was accepted by the industrial designer but later the idea of automatic power control was still abandoned because of price issues.'],7342,deb8cf5944a71dbddc14260aa6e64e66f6110f5b27d13847,qmsum,qmsum,0.0,"Query: What was the final decision of the discussion about automatic power control?
",Answer:," The final decision was that automatic power control is not possible with the current price constraints, but it could be considered in a future step if feasible.",en,,532
"['When talking about the evaluations on the increasing suicide crimes during the COVID-19, Vaughan Gething said that in order to prevent more tragedies, they had been offering mental health care for the people. Even if most public service had to be shut down during the outbreak, the staff at the crisis help continued to be available. In addition, they had a seven-day-a-week crisis care, which they hoped that could also be a long-term service to help people in need even after this particular period.']",10516,8476fcbe8bf6f7ea7092d0bae410ca82db60f2baf733adb7,qmsum,qmsum,0.0,"Query: What did Vaughan Gething elaborate on the crisis care when talking about the evaluations on the increasing suicide crimes during the COVID-19 and the long-term special carefor the pregnant women?
",Answer:," Vaughan Gething elaborated that crisis care services for children and young people remain available and are essential, operating seven days a week. He mentioned that the Welsh Government is assessing the potential increase in suicide among children and young people during the pandemic and is commissioning a review to understand the impact of restrictions on mental health and well-being, including the possibility of a spike in suicide rates. Additionally, he highlighted the continued provision of perinatal mental health services, emphasizing the importance of maintaining these services during the pandemic to support pregnant women and new mothers.",en,,532
"['The meeting was about a preliminary idea of new remote control, covering the price, the functions, the appearance and the name. After a brief self-introduction, Project Manager assigned the task. One of the most important issues of the meeting was about the price. Project Manager supposed the product should be sold at 25 euros with a one hundred percent profit. As it would be a multifunctional remote control, the members were confident that it would stand alone. Moving on to the issue of the appearance, the group analyzed the problems of the existing remotes and briefly talked about the user interface as well as came up with a name of the product.']",5977,e3a49dfe9f6e41eadacfe0240ea115164a42c9e8de3ef126,qmsum,qmsum,0.0,"Query: Summarize the whole meeting.
",Answer:," The meeting involved a team discussing the design and development of a universal remote control. They outlined the project's goals, including making it multifunctional, stylish, and user-friendly. The team brainstormed ideas such as a touch screen interface, materials for durability and aesthetics, and features like a locator device. They also discussed the target market, pricing strategy, and the need for a balance between functionality and cost. The meeting concluded with plans to continue refining ideas and preparing for future discussions.",en,,532
"['One of the graduate students is working on building the PDA of the future. The idea is to be able to record meetings for personal use and then query them for pertinent information. The data collection will be anonymized to a large extent, but not so much that the meeting does not represent a real scenario. This meeting will be one of the recorded meetings.']",15408,57d72ebce7c5bbd100c5a666dcd7500997be8169e632f0db,qmsum,qmsum,0.0,"Query: Summarize the discussion about setting up the recording equipment
",Answer:," The discussion about setting up the recording equipment included instructions on wearing wireless microphones, ensuring they are positioned correctly two thumb widths away from the mouth, and avoiding breath sounds. It also covered the need to sign consent forms, fill out speaker forms, and read digit strings. Additionally, the meeting addressed the use of both close-talking and far-field microphones to capture high-quality audio for research purposes, and the importance of anonymizing transcripts while keeping the audio unaltered.",en,,532
"['The group talked about the material and they found it would be hard to balance the budget and the quality. In order to save the cost and ensure satisfying user experience, the Project Manager decided to choose high-quality recycled plastic as the material. But in terms of the battery, he would pay a lot to equip the remote with a cutting-edge lithium battery.']",5341,c9ca0b248e72caee3e1d6e28747a81fab00b968618ba3d28,qmsum,qmsum,0.0,"Query: What did the Project Manager elaborate on the members when discussing the materials of the television remote?
",Answer:, The Project Manager elaborated on the materials of the television remote by emphasizing the need for plastic construction due to the potential interference and safety issues associated with metal. They suggested using high-quality recycled plastic for an eco-friendly approach and mentioned the possibility of incorporating modern polymers for aesthetic value.,en,,532
"['The professor was not too excited about clustering. He thought that the team could identify the bands that were the most promising and weigh them more highly in the model. As it stood, the model was using all bands with equal strength.']",8187,a1a2237c1562561d950bc8e245f0a9612fbb452532c318a1,qmsum,qmsum,0.0,"Query: What did the professor think about clustering?
",Answer:," The professor thought that clustering could be a viable approach, suggesting that it might be possible to cluster the data and bin them up into different categories.",en,,532
"['Although there were no exact figures,they had seen over recent years that they were only recruiting to about 65 percent of targets. It was partially due to the financial incentives, but that was not all of the problems. Because this issue was not only in Wales, but a common issue in all over the world. For example, in England, despite higher financial incentives to join ITE courses, people still were not getting onto those courses. To solve this problem, they had taken several steps including making sure their ITE provision was world class, embarking on the first national ITE recruitment marketing exercise, etc. In this process, Llyr Gruffydd had a doubt that the level of ambition did not reflect the level of action that was needed actually. Kirsty Williams responded that different statistics told different stories. They obviously understood there were many steps they had to take, but they were trying instead of just sitting back and waiting.']",13883,3814c81130c13d1df955f1c6e235e30559ced35bda5f139e,qmsum,qmsum,0.0,"Query: What did the group discuss about the trend of teacher recruiting and the reasons for it, and steps they had taken?
",Answer:," The group discussed the trend of difficulty in recruiting teachers, particularly in Welsh teacher training centres, where only 65% of priority places were filled. They acknowledged that this issue is not unique to Wales but a global challenge, with teacher shortages reported in countries like the USA, Finland, and Australia. Steps taken include enhancing ITE (Initial Teacher Training) provision, offering financial incentives for priority subjects, launching a national ITE recruitment marketing campaign, and introducing part-time PGCE routes to accommodate working professionals and those with caring responsibilities. Additionally, they mentioned the establishment of an advisory board to address recruitment and retention challenges.",en,,532
"['Vaughan Gething pointed out that due to the school lockdown, children as well as their parents would face difficulties at home learning and social-contacting. In case they would suffer from potential mental health problems, the government have to carry out a mental health recovery plan. Sian Gwenllian then mentioned that the CAMHS, as well as all the schools, should follow up the mental states of children and offer telephone and online support.']",10497,64b7fea1da7e7545784befc76fae5be9970ede51f6866170,qmsum,qmsum,0.0,"Query: Summarize the ways of continuing mental health service during the lockdown.
",Answer:," During the lockdown, mental health services in Wales continued to operate through various means, including maintaining seven-day-a-week crisis care, expanding online and telephone support services, and ensuring that children and young people could access these services remotely. Additionally, health professionals used technology to maintain contact with patients and provided guidance to families on how to seek help, while also emphasizing the importance of continuing regular check-ins and support for vulnerable individuals.",en,,532
"['Industrial Designer said that the younger people fancied soft materials and primary colors. For example, total yellow or totally red could be visible. The shapes could be curved and round,which would be easier to use. It would be better to use the basic battery so everybody could get it at the supermarket, or to use a kinetic battery after shaking it a few times, it could be loaded. Industrial Designer suggested hard plastic material and rubber since the younger people liked that. The survey also discovered that the young favored a scroll push like the mouse to use for channels and volume.']",6031,991da5da949c52e8ee10d884e5816ef058c4a5acca503efe,qmsum,qmsum,0.0,"Query: What did Industrial Designer say about the customers' taste?
",Answer:," The Industrial Designer mentioned that younger people want soft materials, primary colors, and curved, round shapes for the remote control, and that they prefer a design that feels comfortable in the hand. They also noted that the younger demographic likes innovative features like a scroll wheel for easier navigation.",en,,532
"['The marketing thought they needed to evaluate whether it made sense to do the project and whether the product could fulfil their requirement. So the group started to judge the design on a scale of one to seven, one being true and seven being false. The criteria were fanciness, technology, robustness, usefulness, size and weight, colour and shape, and adaptiveness. The product got an average score of two point one seven, which implied it was good.']",8556,51129feaa0df6ad32bf998c49a77bcc98b5ea4353ff823a1,qmsum,qmsum,0.0,"Query: Summarize the discussion about product evaluation.
",Answer:," The discussion about product evaluation involved the team assessing the prototype based on several criteria, including fanciness, technology, robustness, usefulness, size and weight, color and shape, and adaptability. They used a scale from one to seven to rate each criterion and calculated an average score of 2.17 out of seven. The team concluded that the product was considered fancy and adaptable but had some concerns regarding cost and practicality. They also discussed potential cost-cutting measures and decided to proceed with a celebration to mark the successful evaluation.",en,,532
"['Compared with the current manufacturer design, User Interface mentioned that they should reduce the option to control the DVD. And according to the new requirements, they need to control the maximum number of buttons within ten.']",11315,0f9368e96dde1615381dc1be9aa0f8252cbbe613d80d90d1,qmsum,qmsum,0.0,"Query: Why did User Interface think they should use more buttons than the current one when discussing the technical function design?
",Answer:," User Interface thought they should use more buttons than the current one when discussing the technical function design because they believed the current remote was engineering-centred and had the most functions, and they wanted to incorporate more features to meet the needs of the target audience, even though they later agreed to reduce the number of buttons.",en,,532
"['Morneau explained that the government was committed to supporting Canadians. It came into the pandemic with a strong fiscal position, and while the pandemic will bring challenges, it will face those challenges while supporting small businesses and Canadians.']",23784,01da31922224bf9588d8462904e10ec51ac016f0ae9e8b3a,qmsum,qmsum,0.0,"Query: What did Morneau say about the debt?
",Answer:," Morneau stated that the government is in a strong fiscal position and is taking on debt to support Canadians through the economic crisis, believing it is appropriate to invest in the economy to emerge stronger after the pandemic. He emphasized that these investments are meant to reduce the debt burden on Canadians themselves.",en,,532
"['The Project Manager planned to include their project process in the presentation. In addition, he thought it would be an interesting experiment to carry out an open mic presentation in which the team members could get out of the roles and share their satisfaction of the room and their creativity freely.']",9196,4ab48bae28dde01e9ecca702579f3b13c01dbfb974255154,qmsum,qmsum,0.0,"Query: What did the Project Manager think about their presentation contents when reflecting on their meetings and project progress?
",Answer:," The Project Manager reflected that the presentation contents were somewhat underwhelming and felt like they were just copying and pasting given information into their presentation, which didn't feel as engaging or meaningful as they had initially hoped.",en,,532
"[""The main points of the discussion are the design goal and price of a new television remote control project. The group first put forward the design goal of remote control. Then they got used to the whiteboard and wrote down everyone's favourite animal and their characteristics. Project manager and Marketing wanted to sell this remote control for twenty five Euro and expected profit will be around two million Euro. Then, the group thought about colour and function features of the new remote controls. In addition, they also believed that the remote control should be safe enough for children to use, and the appearance should be acceptable to them.""]",3229,cab36b6595dd8d35dcdc7ce577079595de37784c10292561,qmsum,qmsum,0.0,"Query: Summarize the whole meeting.
",Answer:," The meeting was a kick-off session for designing a new remote control, where the team discussed key features such as functionality, user-friendliness, and design. They explored ideas like making the remote child-proof, colorful, and small, while also considering its robustness and ease of use. The team also debated whether to create a universal remote or a targeted one, and discussed potential features like a back button and history function. They planned to meet again in thirty minutes to further develop these ideas and finalize requirements.",en,,532
"[""When Industrial Designer mentioned that LCD was basically feedback from television and questioned the necessity of LCD, Marketing suggested that they could integrate with the television then it could come up with new information about what was on, and users could just see that on the remote rather than TV itself so that users won't get interrupted by viewing pleasure. Also, Marketing thought the group could have a minimalist remote control so that users could flip it open if they wanted to mess about it.""]",8984,73807dde6c08ff12d79bd63ce33110082d3126651007be60,qmsum,qmsum,0.0,"Query: Why did the Marketing think they should have LCD when presenting the market trends?
",Answer:," The Marketing Expert thought they should have an LCD because it aligns with current market trends and offers a stylish, innovative look that appeals to users, and it can provide feedback without interrupting the TV viewing experience.",en,,532
['D wanted to know if the videos for the navigation system would be recorded from a first person perspective. D was also trying to understand how ambitious the system was. D learned that the goal was to understand how people reacted and talked in such a scenario. D provided some information about potential candidates for the human operator and wizard roles as well.'],15412,e78c1d22676e96bd0120c447a29d170e08ae2be5a5132ca4,qmsum,qmsum,0.0,"Query: What did D think about the experimental setup of the computer navigation system?
",Answer:," D thought the experimental setup of the computer navigation system was interesting and noted that it was one thing to collect data for tasks with clear correct answers, but with intention, there were many other factors involved, making it challenging. D also expressed curiosity about the details of the setup and how it would be implemented.",en,,532
"['The meeting was mainly about the exchange of the preliminary ideas about a new TV remote control project. They first got used to the writeboard and drew some animals with it.Project manager wanted to sell this remote control for twenty five Euro and expected profit will be around fifty million Euro. Afterwards the team raised different opinions about features of the new remote controls and related questions about market potential. Among all the features, having a good look and size were unanimously considered to be the most essential.']",6381,a565ae2ca48e83f04c79559ae288968745b95d4bc7a6516a,qmsum,qmsum,0.0,"Query: Summarize the whole meeting.
",Answer:," The meeting was a kick-off session for a project to design a new television remote control. The team discussed project goals, including making the remote original, trendy, and user-friendly for a global audience. They outlined the project phases, shared ideas for the remote's design and functionality, and addressed technical aspects like materials, buttons, and compatibility with devices. The team also explored the use of a Smartboard for collaboration and decided to save their work and prepare for future meetings. The meeting concluded with plans to continue the project and a reminder of the next meeting in thirty minutes.",en,,532
"['Although the industrial designer regarded LCD as costly, the user interface designer proposed adding an LCD as a kind of output that only displayed some information or menu and was not touch sensitive, which might reduce the cost.']",6961,6099595c582213359f4e7074624c740d1e79642bb85ffb92,qmsum,qmsum,0.0,"Query: What did the user interface designer propose in the discussion about industrial components?
",Answer:," The user interface designer proposed a simple remote control with few buttons and a focus on usability, suggesting that it should be easy to use and include features like speech recognition to reduce costs. They also mentioned the idea of making the remote control look natural and spongy, inspired by fruit and vegetable trends, and suggested using titanium panels on a rubber body for a better feel.",en,,532
"[""Industrial Designer mentioned that they were considering that the remote was more for right-handed people than for left-handed people. Project Manager said that there didn't always have all left-handers or all right-handers in a family. Marketing mentioned that users could use their finger to scroll rather than their thumb and this would negate the whole RSI issue. Project Manager agreed on it and the group would need an investigation.""]",9381,b8c1aabbc14e5638795bf99a0d587884cfaf9d87b524a793,qmsum,qmsum,0.0,"Query: Why did Project Manager agree with Marketing when assessing the criteria of matching the operating behaviour of the user?
",Answer:," Project Manager agreed with Marketing when assessing the criteria of matching the operating behaviour of the user because they acknowledged that the remote control was more suited for right-handed users, and while it might be a minor issue, it wasn't as significant as other design elements, and they decided to flag it for management rather than make major changes.",en,,532
"['Bethan Owen took Cardiff University as an example and he believed that in the short term, the reserves of Cardiff would appear as though they have significant cash balances. However, the investing was much restricted and it could not be a long-term solution towards the serious financial stress. To help with this process as well as monitoring the regulated approaches, the government received forecasts, around five-year forecasts which indicated that, for 2018-19, there would be a sector that was roughly in a break-even position, since the income was not increasing, which was the biggest problem. But luckily, they were not likely to lose any of the universities.']",10208,88babc359d55338b31d093edae580f039947186e387b0f35,qmsum,qmsum,0.0,"Query: What did the meeting discuss about universities that had secured funding for investing in their estates?
",Answer:," The meeting discussed that universities in Wales have secured funding for investing in their estates, with some, like Cardiff University, using bonds rather than traditional borrowing. This means that while their reserves may appear substantial, much of the funding is tied up in estate investments and will be utilized over the next few years. The discussion also highlighted the importance of monitoring universities' financial health, including their ability to meet loan covenants and manage cash flow, as well as the impact of delayed funding on cash pressures.",en,,532
"[""The marketing thought it not easy to keep pressing 'next' to get to the channel people wanted. Then the user interface designer offered a solution that users could set up the channels that they often watched as one, two, and three so that they would never have to go through dozens of channels. However, in the Marketing's previous presentation, some people did love zapping, so the user interface designer suggested carrying out some research to find out how many people really needed to skip from one channel to another.""]",7338,712f5d33fc0ce12997abb5f5465a62659d8783be2dd7191f,qmsum,qmsum,0.0,"Query: Summarize the discussion about how to select channels.
",Answer:," The discussion about selecting channels focused on the need for a simple and intuitive method, such as a direct number input or a ""zap"" function for quick access. The team considered the challenge of navigating through hundreds of channels and proposed solutions like a display for entering specific channel numbers or a ""next"" button for easy navigation. They also discussed the possibility of using voice commands or gesture recognition for channel selection, though these were deemed more complex and potentially expensive. The consensus was to prioritize simplicity and ease of use, especially for the target audience of young users.",en,,532
"[""The user interface designer stressed that they should design nothing but a remote control because their principle was to make users' simple desires into simple actions. Therefore, the proposed concept for the design included just a few buttons, a screen with a back light which can change colours and titanium, which was accepted by the group.""]",7337,3ea9e37eb926855d2b4d18a264f1ff2e13c99be8c3bb35db,qmsum,qmsum,0.0,"Query: Summarize the discussion about technical function design.
",Answer:," The discussion about technical function design focused on creating a simple, user-friendly remote control with essential features like power, volume, and channel control. The team considered incorporating speech recognition and gesture control as optional features, aiming for a universal design that could be adapted for various devices. They also discussed the use of infrared technology for communication and the importance of a minimalist interface to enhance usability. The team acknowledged the need for further research on specific functionalities like channel navigation and explored cost-effective solutions to keep the product affordable.",en,,532
"['Efforts by speaker mn005 are in progress to detect overlapping speech. For a single transcribed meeting, speaker mn005 reported approximately 300 cases of overlap. Future work will involve manually deriving time marks from sections of overlapping speech for the same meeting, and then experimenting with different measures, e.g. energy increase, to determine a set of acoustically salient features for identifying speaker overlap. ']",19653,cb5b1672ca426597251b6def8cbab8ec5249c9662a0c9888,qmsum,qmsum,0.0,"Query: What was said on speech overlap?
",Answer:," The meeting discussed speech overlap, with PhD D noting that they identified 300 instances of overlapping speech in a 45-minute session. They considered overlapping speech as a continuous period where two or more people spoke simultaneously, and they were working on methods to detect and label these overlaps. The group also discussed the challenges of manually marking overlaps and the potential for using automated methods, such as energy detection and signal processing techniques, to identify speech overlaps more efficiently.",en,,532
"['The meeting began with a discussion on the TORRENT project completion being pushed for two years. Grad F then introduced intermediate categorization, which was his topic for his qualification exams. The team then discussed mean subtraction from SRI. Using it had led to an improvement in Meeting Recorder digits though near mic performance worsened. The professor points to pre-echoes as the culprit. The team continued to study differences between SRI and Aurora. The team thought it would be interesting to do the Aurora tests with the SRI system instead of the HTK. The team was also exploring the Wiener filter and VTS. The professor did not seem too excited about the VTS.']",11881,90f41f128c1a72bf88a72dfa04a77b726d6993f4379ec4df,qmsum,qmsum,0.0,"Query: Summarize the meeting
",Answer:," The meeting transcript details a discussion among researchers and graduate students about various projects and challenges in speech processing. Topics include the TORRENT chip project, status updates on individual research projects, the use of datasets like TIMIT and Switchboard, issues with signal processing techniques such as mean subtraction and spectral normalization, and the development of systems like the SRI and Aurora systems. The group also discussed problems with VAD (Voice Activity Detection), noise estimation, and the potential benefits of different signal processing methods. The meeting concluded with a plan to continue exploring these topics and to consider combining different approaches for improved results.",en,,532
"['Marketing did a usability lab-test with a hundred people and found that users disliked the ugly look of current remote controls and the market segmentation includes different attitudes towards new functions. Users felt it hard to learn new functions and they zapped a lot. The channel switch was the most popular function while the power, volume and channel selections buttons were very relevant. The market was to be segmented to different groups and most users were between thirty-six and forty-five years old and young users had different tastes about the LCD compared to the old. The speech recognition features were welcomed by the second largest group, the young but which group they should targeted remained to be discussed. Marketing concluded that less important functions should be discarded and the device should be user friendly.']",4754,63f4307f60a34be95eae22709e5ab91989eb78c4ad10531b,qmsum,qmsum,0.0,"Query: What was the finding of the market?
",Answer:," The market findings indicated that users disliked the look and feel of current remote controls, finding them very ugly and hard to learn. They also emphasized the importance of easy zapping, with fifty percent of users only using ten percent of the buttons. Younger users were more interested in new features like an LCD screen or speech recognition, while older users were less interested but more willing to spend money. The marketing team suggested targeting the younger demographic, as they are more interested in features and critical of spending.",en,,532
"['The meeting was mainly about conceptual design. In the beginning, the group focused on industrial components: energy, material and interface. The industrial designer preferred traditional batteries, titanium and simple push buttons so that they would have enough money for speech recognition. After that, the group talked about LCD display and locating methods. The second topic was user interface concept, which was basically a good-looking design with few buttons. The group decided to change the colour of the assembly at an extra charge to meet special needs. To make a smart controller, they mentioned speech recognition and user identification. When it came to trend watching, the marketing put forward three noteworthy aspects - being fancy, technologically innovative and useful. The group agreed to follow the trend but the specific design was not decided.']",6952,9a8063232ff3eaa5b36ef3cba810f8bdcb99f8b23620cd9c,qmsum,qmsum,0.0,"Query: Summarize the whole meeting.
",Answer:," The meeting focused on discussing the conceptual design of a new remote control. Key topics included choosing between battery or solar power, material options like titanium or rubber, interface design with push buttons or LCD displays, and incorporating features like speech recognition. The team also considered trends in design, such as a ""fruit and vegetable"" aesthetic, and decided to explore both spongy and titanium options. They agreed to create prototypes using modeling clay and finalize decisions on design elements, functionality, and materials before the next meeting.",en,,532
['PhD B was conducting an experiment to improve the backend performance of the Aurora recognizer. The goal was recognizing the HTK system by challenging the canonical paradigm.'],8192,4412a0516765800018512529526321ca4a924fada9e4a139,qmsum,qmsum,0.0,"Query: Summarize the discussion on improving the back recognizer for the Aurora task
",Answer:," The discussion on improving the back recognizer for the Aurora task involved exploring ways to enhance performance by adjusting the HTK system, particularly by modifying the number of states and Gaussians per model. PhD B noted that longer words performed better due to more training data, suggesting that shorter words might benefit from more tailored models. They also discussed the possibility of simplifying models to reduce computational complexity, as larger models may not be feasible for real-world applications. Additionally, they planned to analyze model durations and transition probabilities to better understand training outcomes.",en,,532
"['The color of the prototype was yellow and the material was half rubber and half plastic with a company logo. Moreover, it could be curved inside to cover the buttons which were big and blue except the power button. Besides, both the button and joystick could switch the device off and the joystick was especially designed to control the channel and volume to make the device more fashionable. The team agreed that it was overall a good design.']",4809,e0d4f5b971b7fafacd2c38ac34ac2eb514b590f6e89dbfe9,qmsum,qmsum,0.0,"Query: How did User Interface introduce the prototype of the remote control?
",Answer:," The User Interface introduced the prototype of the remote control by describing its features, stating that it is yellow with rubber sides, hard plastic for the rest, and includes a joystick for volume and channel control. They also mentioned that the buttons are large and mostly blue, except for the power, mute, and channel buttons.",en,,532
"['Project Manager questioned the reason why not to use two batteries and Industrial Designer argued that two batteries would enlarge the size and thus, make the cost rise. Project Manager also questioned the button design.After discussion, they agreed that the menu button will only work on the newer televisions.']",4757,26341aee783d9a99e9ded367172975abf2f39d62d8fbf62e,qmsum,qmsum,0.0,"Query: What did Project Manager question about the Industrial Designer's presentation?
",Answer:, The Project Manager questioned the Industrial Designer about the location of the presentation file and asked for clarification on the working design of the remote control.,en,,532
"['When User Interface mentioned about the new developments they would include, Industrial Designer asked about what a spinning wheel with the LCD display was. User Interface explained that it was a wheel but not separate buttons. Marketing supplemented that it was a fast wheel to control over. Industrial Designer agreed on LCD with spinning and would include it into the design.']",8984,3c20063825daaab20d854f6316d64b98e5c8a99bfebc5374,qmsum,qmsum,0.0,"Query: What did Industrial Designer think of the scroll wheel when presenting the user interface?
",Answer:," The Industrial Designer thought the scroll wheel was a good idea and mentioned it was similar to the iPod's wheel, but noted that it might be a bit weird at first and that users might have less control over it compared to traditional buttons.",en,,532
"['Besides the crisis care, Vaughan Gething also claimed that they did not stop the perinatal mental health service either. However, there were still some problems. For example, because of the shut down of many public services, there might be not enough inpatient care for the pregnant, and less women were willing to resort to such service during the outbreak. Therefore, apart from providing enough inpatient care like the hospital beds, they would also pay attention to how to encourage the mothers to enjoy their service.']",10507,6e0eaedbec902c0ef5fcb6f6c8408969a7d353db9d9c2ce3,qmsum,qmsum,0.0,"Query: What did Vaughan Gething think of the perinatal mental health service when discussing the long-term special care for the pregnant women?
",Answer:," Vaughan Gething stated that the perinatal mental health service continues to be provided and has not been stopped, emphasizing the importance of maintaining this essential service for pregnant women, even amidst the challenges posed by the pandemic. He acknowledged the need to adapt the service to include online and phone-based support while ensuring that the service remains accessible and effective for those in need.",en,,532
"['The participants went over the results of the most recent experiments, discussing future directions to take. Adding in more languages was still decreasing model performance. The best network consisted of the TIMIT and noise. The team thought that they should try to reduce their dependence on noise in the data. The Professor outlined how they could continue their experimentation.']",14011,c51d91b59219381d853e798c0af85cf38754d61186e33b2e,qmsum,qmsum,0.0,"Query: Summarize the meeting
",Answer:," The meeting discussed various experiments and results related to neural networks and speech recognition, focusing on the impact of different training sets, feature types, and normalization techniques. Key points included the effectiveness of PLP and delta features, the challenges with MSG features, and the importance of training data quality. The group also discussed future work, such as integrating their system with OGI's, exploring multi-band approaches, and addressing computational and memory constraints. The meeting concluded with a plan to continue testing and refining their methods.",en,,532
"['Lynne Neagle pointed out that due to the outbreak of the pandemic, more people reported depression and committed suicide. To deal with the harsh problem, they might have to carry out a review over the accidental mortality through the period. At the same time, Vaughan Gething suggested that even if most public services were shut down, the mental care, especially the perinatal mental health service, could not be stopped, just in order to support the vulnerable people.']",10511,5951181e325d441c3dcd613014af0005a6c50daabfc58002,qmsum,qmsum,0.0,"Query: What did the group talk about the evaluations on the increasing suicide crimes during the COVID-19 and the long-term special care for the pregnant women?
",Answer:," The group discussed the Welsh Government's assessment of an increase in suicide among children and young people during the pandemic, noting that they are investigating unexpected deaths and planning to report findings by the end of the month. Regarding long-term special care for pregnant women, the group highlighted the continued provision of perinatal mental health services, including support for new mothers and families, and the use of online and telephone services to maintain care while adhering to social distancing measures.",en,,532
"[""The Prime Minister explained that the government recognized that several organizations and companies were facing difficulties because of COVID-19 and they were supporting people all over the country through that program. Although the opposition party was getting rigorous about the intensity of the question, the Prime Minister kept emphasizing that the government's priority had always been workers in difficulty so that they do not lose their jobs. This applied to all organizations and companies in the country to the extent possible.""]",20282,a0d685f51d4520fac9c8c7139e76c889302e3f6f98cb8d81,qmsum,qmsum,0.0,"Query: What did the opposition party and the Prime Minister commented about companies laying off workers in the midst of pandemic?
",Answer:," The opposition party, led by the Conservatives, criticized the Prime Minister for not making necessary changes to support small businesses affected by the pandemic, such as allowing companies that have acquired another company to qualify for the wage subsidy. The Prime Minister responded by stating that the government is working with businesses through regional development agencies to ensure they receive the support they need.",en,,532
"['Firstly, User Interface suggested trendy and one-color cases, good icons on the big buttons since they would be recognizable and excite the young people. Secondly, Industrial Designer introduced that young people favored soft materials and primary colors, but trendy design on the button and the use of LCD display would increase cost since the budget had always been a big problem. Moreover, the team would aim at the younger market based on the decision of the former meeting and agreed that to make the device more profitable they should sell the product for longer than one year. The team also discussed the button function of the remote control but they had not come to an agreement. Lastly, Project Manager decided on a normal battery and no kinetic to control the budget.']",6026,fb9ca77d269a3d56b656f5a9a3c497c6374b61fd92066df3,qmsum,qmsum,0.0,"Query: Summarize the whole meeting.
",Answer:," The meeting involved a discussion on the design and functionality of a new remote control. The User Interface team presented their concept, focusing on button layout, colors, and design, while the Industrial Designer discussed the shape, materials, and cost considerations. The Marketing team emphasized trends and target demographics, particularly younger users. The group debated features like scroll buttons, LCD screens, and battery types, ultimately deciding to create two concepts—one with an LCD screen and one without—and finalize designs within a short timeframe for a follow-up meeting.",en,,532
"[""Marketing thinks that if they don't have a bit of titanium between the two fronts, users may get problems with the LCD screen, like some dust in it — because people have always all kinds of filth between the mobile, when people exchange all the fronts, the control is open. And the group decides to have a bit of titanium in between, and with the curved edge.""]",11178,2089ef31097ecaa4f1bda64e55713637ac9132447c529382,qmsum,qmsum,0.0,"Query: What does the group discuss on the problem of dust in the control?
",Answer:," The group discusses the problem of dust in the control, noting that if the entire front of the remote is made of titanium, it could lead to issues with dust entering the device, particularly around the L_C_D_ screen. They agree that having an exchangeable front with a titanium lower part can help mitigate this issue by allowing for easier cleaning and reducing the risk of dust accumulation.",en,,532
"['Grad F informed the team that he was building a system that classified intermediate categories with multi-band techniques. Then, to reduce error for phoneme recognition, the intermediate categories could be added to improve performance. The method could be replicated for large vocabulary tasks like switchboard.']",11886,c89e36776d5ceeb609d0033cb4d2fb227500190a519e297b,qmsum,qmsum,0.0,"Query: What did Grad F think about intermediate categories?
",Answer:," Grad F thought that intermediate categories could be useful in classifying features for phoneme recognition. He mentioned that he initially wanted to classify a complete set of intermediate features but later decided to start with a reasonable set, such as regular phonetic features, to build a system that classifies these intermediate categories using multi-band techniques. He also planned to refine these categories based on the errors observed in phoneme recognition.",en,,532
"['In this part, the meeting talked about the affordability of £4.50 amount (the universal amount) and add-ups for some cases. The group separately discussed the situation of families of different incomes levels and different areas.']",12329,5190386bb6fc900f09a0d14bcd2400d1f556e932722cb09b,qmsum,qmsum,0.0,"Query: Summarize the discussion about hourly rates of the service.
",Answer:," The discussion centered on the £4.50 hourly rate for the childcare service, with concerns raised about its adequacy in high-cost areas like Cardiff and Newport. The Minister expressed confidence in the rate, noting it has been welcomed and is suitable for the foreseeable future, while acknowledging the need to review it as the scheme expands. There were also discussions about potential adjustments for different regions and the impact of additional charges for services like food and transport, which could affect lower-income families. The rate was seen as a universal approach to simplify administration and avoid complexity, with plans to assess its effectiveness as the service rolls out.",en,,532
['Huw Irranca-Davies mentioned two things that their teams learned from early implementer areas. The first one was how to deal with bureaucracy and the second was about communication with both parents and pilot authorities.'],12333,10c03d597a3478f601be3286b2671d5f1c27f944488b74be,qmsum,qmsum,0.0,"Query: What were the two lessons that can be learned from early implementer areas?
",Answer:," The two lessons learned from the early implementer areas were the administrative burden of managing the scheme and the challenges related to communication, as parents outside the pilot areas expressed confusion and frustration about the eligibility criteria and the rollout process.",en,,532
"['The User Interface affirmed their previous efforts at first, but he thought that was not enough, so he went on to propose that they might consider buying another face plate and include a touch screen. In terms of the buttons on the screen, the User Interface found the existing problem that some of the buttons would be stuck in the screen and not so easy to be found and touched, so he suggested making those essential buttons in conspicuous colours like red.']",7881,d0e735b5709aecfc3b98bc0e4bf071d35096c7f39c0dcce0,qmsum,qmsum,0.0,"Query: What did the User Interface think about their previous suggestions when discussing the user interface?
",Answer:," The User Interface thought their previous suggestions were good ideas and felt they were on the right track, expressing agreement with the concepts discussed and finding them compelling.",en,,532
"['The Prime Minister clarified that while young people are in need of funds, especially due to loss of income over the summer, they are also in need of work experience. The government would start providing the Canada emergency student benefit which will assist in this by making both jobs and money available.']",23785,8b1565c7ab08cc53f1efa1e359953a8df2f700b2797b7cfd,qmsum,qmsum,0.0,"Query: What did the Prime Minister say about students?
",Answer:," The Prime Minister mentioned that the government is investing $9 billion to support students and recent graduates affected by COVID-19, including doubling the Canada student grants, raising the cap on student loans, creating new employment opportunities for students, and launching the Canada emergency student benefit. He also stated that the application period for the Canada emergency student benefit will commence on May 15, providing $1,250 a month to eligible students or $2,000 for students with disabilities or dependants.",en,,532
"['Project Manager believed that it could not be heavy. Industrial Designer indicated that fewer and bigger buttons are better and should be bust-free, for instance, rubber could be used on it. Industrial Designer also suggested that when users push a button, they could hear some sort of bleep. User Interface suggested a LED on the corner and not too expensive material like plastic could be used. Marketing added that it should look nice for better sales and should work with as many as possible of existing products listed on their website. Industrial Designer also concluded that it should be battery-saving.']",1789,1bcc88ac7d093359f8141e3c134965acf095f900f09113e3,qmsum,qmsum,0.0,"Query: What's the decision of remote feature design?
",Answer:," The decision for the remote feature design includes creating a user-friendly, original, and trendy remote control with big buttons for ease of use, a built-in LED indicator to show functionality, compatibility with various devices, and a durable design that is not too heavy and can withstand drops. The remote should also have a distinctive sound feedback when buttons are pressed and be made from cost-effective materials like plastic.",en,,532
"['The minister argued that it was very important to be transparent with our investments and the government would look at the investments and the figures every day and be transparent about it. The minister promised that Canada would have a good economy in the future, and the government would not raise taxes after the crisis to tackle the deficit. Hence, the opposition party demanded a regular economy update.']",20275,29bd27b3dc5f36b5e0d9af37ebe5ac75819d7507ab9d13f9,qmsum,qmsum,0.0,"Query: What policy the government was going to roll out to ease the deficit?
",Answer:," The government was not explicitly outlining a specific policy to ease the deficit in the meeting transcript, but the Prime Minister mentioned that the government is focused on supporting workers and businesses through various programs and that they are working to ensure the economy remains strong for the future. The Minister of Finance emphasized the importance of transparency and stated that the government is making investments to stabilize the economy and ensure its resilience. However, no concrete policy or timeline for reducing the deficit was detailed in the discussion.",en,,532
"['The group mentioned that the vulnerable children and adequate social support should be carried out through the outbreak of the pandemic to protect them from infection or other mental and physical problems. The situation seemed awkward. However, fortunately, the group found that there were still enough staff available to offer mental support to those children. In terms of the children in foster, they thought the key problem at present was to ensure their living environment in the foster homes.']",10506,2e714029680f4f3e0e47e17fecc1114de8bd4fe86681f2c4,qmsum,qmsum,0.0,"Query: Summarize the problem of the priority for the vulnerable children and adequate social support for those who were in foster.
",Answer:," The priority for vulnerable children is ensuring they receive adequate social support, including access to technology for communication with social workers and maintaining contact with families. The Welsh Government is working to expand definitions of vulnerable children to include those on the edge of care and is providing support through various funding schemes and guidance. Foster care services are being supported with additional resources, and efforts are being made to ensure that foster carers receive necessary financial support and that children in foster care have access to essential services.",en,,532
"[""Dawn Bowden proposed the topic of pay dispute and asked what could be done as a Government to try to get parties back round the table and solve this dispute. Eluned Morgan thought this was about ColegauCymru's negotiation, and they were keeping a close eye on this situation. Eluned Morgan thought it would be fair to wait until they get further along down the line. Then Eluned Morgan had a detailed explanation about what they had done, including listening and speaking to ColegauCymru, and they were aware of what the unions were saying as well. Furthermore, Eluned Morgan said they would wish to see pay equality in relation to teaching, but details in relation to this should be waited until the outcome of the negotiations of ColegauCymru. They were aware of all those situations and they knew they were going to have to deal with it in the future.""]",13869,2cd681b2816d7918b9233e089eac9cd6dd977df9789ba125,qmsum,qmsum,0.0,"Query: Summarize their discussions on pay dispute situations.
",Answer:," The committee discussed the ongoing pay dispute in further education (FE) colleges, with concerns raised about the stalemate and the potential impact on staff recruitment and retention. The Welsh Government acknowledged the situation, emphasized its interest in resolving the dispute, and noted that the FE colleges are responsible for funding the pay settlement. The government expressed willingness to support the resolution but stressed that it is not the employer and cannot dictate terms. The discussion also touched on the need for pay equality between schoolteachers and FE staff, as well as the broader implications of the dispute on the FE sector.",en,,532
"[""When discussing the evaluations on the legitimacy of the children's rights, protection and demands, Julie Morgan mentioned that they had carried out an online survey to look into the children's thoughts and demands over the pandemic.The survey involved what did the children do through the lockdown, what they thought about the measures that Welsh government and their schools had taken, and whether they were looking for the reschooling. With those questions, the group was meant to have a more overall idea of the children's rights and demands in order to care for them better during this period.""]",10510,8d457d23bd54c7a04f340ddd350bbbf47bdfc265b643f1bd,qmsum,qmsum,0.0,"Query: What did Julie Morgan elaborate on the online survey when talking about the evaluations on the legitimacy of the children's rights, protection and demands?
",Answer:," Julie Morgan elaborated that an online survey was being launched to gather children's views on the impact of the coronavirus situation, including their experiences with school closures and the measures taken during the pandemic. This survey was intended to provide feedback on the important issues affecting them and how the Welsh Government handled the situation, in collaboration with the children's commissioner, Young Wales, and the Youth Parliament.",en,,532
"['PhD A thought that most of the nets are not that good, except for the multi English. MSG was not bringing as much information as he thought it would. He explained that even when the features were not normalized, the neural network would perform at 90%, as it would with normalization.']",14016,78f6c42056bd08025eeed815449c24526a051751d7c415fd,qmsum,qmsum,0.0,"Query: What did PhD A think about the results?
",Answer:," PhD A thought that the results showed that using delta features was important, and that the neural network helped improve performance, especially when trained on the target task. However, he also noted that the MSG approach had some issues, possibly due to simple factors like missing filters or normalization problems, and that combining features with neural network outputs didn't always improve results significantly.",en,,532
"[""To follow the trend of fruit and vegetable, there were two options: something in titanium and smelling like fruit, or something spongy and fruity-like. The industrial designer would explore these two choices and he also suggested having two different assemblies, but the project manager said they couldn't have both. The project manager also mentioned another solution - painting the controller to pretend that it was titanium. The group didn't make a final decision.""]",6954,4e1937467ae3cb3406cbd0cc8ed25b5ce4e83dab44febccd,qmsum,qmsum,0.0,"Query: Summarize the discussion about appearance design.
",Answer:," The discussion about appearance design focused on making the remote control look fancy and stylish, with a preference for a spongy, fruit and vegetable-inspired look and feel. The team considered using rubber for its sponginess and discussed the possibility of incorporating fruit-shaped designs. They also debated between titanium and rubber materials, ultimately deciding to explore both options for the prototype. The design aimed to be visually appealing and unique, with the potential to stand out in the market.",en,,532
"['To start with, Bethan Owen first pointed out that figures showed that the percentage of income that had come from research in Wales was smaller than that in England, so the Welsh universities were receiving less of the money that was available, which was a factor that resulted from having less QR as a percentage. To tackle this issue, the government had provided funding in 2017-18 and 2018-19 to WISERD Education, which was a research collaboration between a number of the Welsh universities, specifically looking at educational issues. However, it was still early to see how allocation for 2019-20 would work.']",10200,8684df04bd344a18f0767a3276fb4d0848b31db0ee52316b,qmsum,qmsum,0.0,"Query: How would the allocation contribute to educational research?
",Answer:," The allocation for 2019-20 contributes to educational research through funding provided to WISERD Education, a research collaboration between Welsh universities focusing on educational issues. This funding supports initiatives like the evaluation of the progress of pioneer schools in developing the three-to-15 curriculum in Wales, enhancing the capacity for educational research and policy development.",en,,532
"['After the demo, the focus of research can switch towards purely scientific goals, including issues on ontology, deep semantic constructions, execution engines etc. Moreover, a new system will be designed for the project and at least some parts of it should be built.']",12644,a9db92bf70da64873396c0a61a99a736ae4f2191a1c368df,qmsum,qmsum,0.0,"Query: What would happen after the demo?
",Answer:," After the demo, the group would shift focus to scientific research, concentrating on formalization, ontology, and the development of a construction analyzer. They would also begin working on the belief-net and make decisions about the structure and formalism needed for their project.",en,,532
"['This meeting was about the functional design of the remote control. Firstly, the Project Manager mentioned new requirements including one recognizable button in the middle, the handy design, rubber materials and they would not use teletext. Next, Marketing presented on functional requirements including a fancy look, ease of use, and the LCD as well as speech recognition. Then, Industrial Designer introduced technical design and working design on remote interfaces. Lastly, User Interface presented on component design and the group decided to adopt a user-centered approach to reduce the main buttons and put a big circle in the middle with the power button, channel, and volume buttons.']",11299,5255f8fb6009436b504bff67efebd701422e33fa2d604676,qmsum,qmsum,0.0,"Query: Summarize the whole meeting.
",Answer:," The meeting focused on discussing the design and functionality of a new remote control. Marketing, Industrial Designer, and User Interface Designer shared insights on user preferences, design considerations, and technical requirements. They discussed features like an LCD screen, button placement, and user-friendly design to cater to a younger audience. The team also addressed challenges such as RSI (Repetitive Strain Injury) and the need for intuitive controls. Decisions were made on key functions, and the group agreed to further refine the design and explore cost-effective solutions for features like an LCD screen. The meeting concluded with plans to finalize the design and move forward with implementation.",en,,532
"['There were two groups, the young and trendy, and the old and rich. For the first group, they would like fruit and vegetables as a theme for clothes, shoes, and also products. And for the material, a spongy feeling one would be better. But the old and rich would like dark colors, simple, and recognizable shapes as well as familiar material, wood especially.']",6030,c0397164ffe22014a21e40af053ca9703cdc78677d20472d,qmsum,qmsum,0.0,"Query: What did Marketing talk about market trend findings?
",Answer:," Marketing discussed market trend findings, highlighting that the younger and trendy group prefers products with fruit and vegetable themes, spongy materials, and rounded shapes, while the older and wealthy group favors dark colors, simple shapes, and familiar materials like wood.",en,,532
"['The User Interface first pointed out that they did not use the whiteboard at all, neither did they use the pen as well. However, according to Marketing, it was quite understandable that due to the room constraints, such devices were not used. But the worse problem was that they did not receive as many notes as they wanted, the Marketing even received no reply after he wrote his coach.']",9193,2788a5aed47e75ec6c72b3023be8031f6cd35efec976db4f,qmsum,qmsum,0.0,"Query: What did the group talk about as their reflection on the meetings and their progress?
",Answer:," The group reflected on their meetings and progress by discussing the project's design, the challenges faced, the compromises made, and the overall experience of working together. They evaluated the prototype, considered the budget constraints, and shared thoughts on the creative process, teamwork, and the effectiveness of their roles. They also discussed the potential marketability of their product and the need for further development and marketing strategies.",en,,532
"['The industrial designer provided several options respectively for energy, material and interface. Among these options, the industrial designer preferred traditional battery, titanium and simple push buttons so that they would have enough money for speech recognition. After that, the user interface designer proposed an LCD display only for output, which might be taken into account. The group also talked about how to enable the users to find their controllers.']",6954,fa8c057c5f731a94c02ccb7858ad9d93b508df9b6f3b7f4d,qmsum,qmsum,0.0,"Query: Summarize the discussion about industrial components.
",Answer:," The discussion about industrial components focused on selecting materials and energy sources for the remote control. The team decided to use batteries instead of solar cells due to energy reliability concerns. They opted for titanium over rubber or plastic for its aesthetic appeal, despite manufacturing challenges with double-curved shapes. Push buttons were chosen over LCD displays to reduce costs and complexity, while also incorporating speech recognition technology to enhance functionality. The design also considered trends, aiming for a ""fancy"" look inspired by natural elements like fruits and vegetables, with a spongy texture and colorful options.",en,,532
"[""This meeting was about the detailed design. Firstly, User Interface presented on the prototype, including the shape, the size of the remote and the user interface including the buttons and the scrolling wheel. Next, the group had an evaluation criterion on the prototype. They scored an overall six point five average on the prototype and thought they had done well on it. Then, the group had a discussion about project finance. The group decided not to have a sample sensor and the locator because they had a production cost of 12.5 Euros. Lastly, the group had a discussion about the project process, including the use of a pen, the whiteboard and the PowerPoint. Also, the group was satisfied with Project Manager's leadership and Project Manager also mentioned that their costs were within the budget as well as some admin work.""]",9366,a604016698c42f5694326bbba28d66f628f218a5cf6f7d89,qmsum,qmsum,0.0,"Query: Summarize the whole meeting.
",Answer:," The meeting was a final design review for a new remote control shaped like a banana, focusing on the prototype presentation, evaluation criteria, and financial considerations. The team discussed design features, user interface elements, and potential improvements, such as addressing ergonomic concerns and budget constraints. They evaluated the product on a seven-point scale, gave it an average score of six point five, and made adjustments to stay within budget, like removing the locator and simplifying the interface. The meeting concluded with positive feedback on the project's creativity and teamwork, and plans to finalize documentation and prepare for management review.",en,,532
"['The group discussed recognition results generated for 20 minutes of close-talking microphone data. Recognition performance was very good, indicating promising results for forced alignment procedures and the ability to analyze other important signal information, e.g. prosody and overlapping speech. It was decided that close-talking data should be downsampled and fed to the SRI recognizer to compare recognition performance, and that data from the far-field microphones should be tested on the recognizer as soon as possible. The group also discussed recording setup and equipment issues. ']",12783,fb7891826fb3f47e3750d45365e8c0c97e23613752335cc0,qmsum,qmsum,0.0,"Query: What was the general discussion?
",Answer:," The general discussion centered around the setup and use of microphones, issues with the recognition system, the transcription process, and the collection of data for a speech recognition project. They also discussed the challenges with the current setup, such as acoustic glitches, the need for better microphone placement, and the importance of proper data collection and transcription. Additionally, there were talks about future plans, including acquiring more microphones, improving the system, and organizing meetings for transcribers to discuss their observations.",en,,532
['The group aims to collect over 100 hours of Meeting Recorder data in total. Speaker consent forms are being revised. It was suggested that subjects should sign a new consent form after 10 recording sessions.'],19654,2cc7738467d6098ff04980af3f7cd9ef3610f97d63a8c211,qmsum,qmsum,0.0,"Query: What was the future of data collection?
",Answer:," The future of data collection involves continuing to record meetings, aiming to collect significantly more than a hundred hours of audio data. They plan to record more meetings, including those with political discussions or debates, and explore collaborations with local broadcast media to obtain additional data with multi-channel recordings. They also intend to maintain the current setup and possibly expand it by recording more meetings at UW and other locations, ensuring a diverse range of data for research purposes.",en,,532
"['The group briefly talked about their agreements of the past meetings. They were all concerned with the interchangeable user interfaces and they agreed to make it more natural-looking and multi-faces. The Industrial Design then mentioned the issue of the material. They decided to use a rubber coat in case the remote control would be damaged when being dropped occasionally. After most details were checked, the Project Manager turned to the budget problem. It is quite essential for them to be both environmentally friendly and economic.']",9188,30051e7f58ab4869cb0d06c302b96d628ef87eec2d64fa4a,qmsum,qmsum,0.0,"Query: Summarize the review of some problems from the past meetings.
",Answer:," The review of past meetings highlighted issues such as the need to read minutes from previous meetings, the challenge of keeping the project within budget, and the difficulty in maintaining team collaboration without the use of a whiteboard. There was also a discussion about the lack of clear information during the project process and the need for more brainstorming and structured teamwork.",en,,532
"[""Firstly, User Interface introduced the prototype of remote control based on the previous discussion of its function. The prototype was half rubber and half plastic with a yellow case. Secondly, Marketing designed an evaluation test under the guidance of the market trend as well as the customers' taste and the team gave one to seven points to each feature of the product.Thirdly, the team found that the current product exceeded the budget, so the team decided to discard joystick and use only one material with the normal color but the team agreed to keep the LCD as well as the advanced chips. Lastly, the team gave positive feedback on the project and the process.""]",4802,c0534dea030f2e295fce90c3249f37a019aa216a8716a032,qmsum,qmsum,0.0,"Query: Summarize the whole meeting.
",Answer:," The meeting involved a discussion about a product prototype, with the project manager leading the evaluation of its design, functionality, and cost. The team debated the prototype's features, such as its color scheme, buttons, and joystick, and considered changes to reduce costs. They also evaluated the product based on criteria like technological innovation, target market, and design aesthetics, ultimately deciding to make some design adjustments to lower the price while maintaining key features. The meeting concluded with a summary of the evaluation and plans for next steps.",en,,532
"['They want to keep the cost under 12.50 euros by controlling the materials, and they want to sell them internationally for 25 euros, with a target of 50 million euros worldwide. So they wanted the remote to be compatible with most TVS in the world, or at least all the TVS they make.']",6385,4cef52b157fa90da2563ef28624ba261f062834c9504b8d2,qmsum,qmsum,0.0,"Query: Summarize the group's plan of their marketing strategy.
",Answer:," The group's marketing strategy involves creating a universal remote control that is original, trendy, and user-friendly, designed to be compatible with various devices like the DVD player and television. They aim to sell it internationally at 25 Euros, targeting a profit of 50 million Euros worldwide. The remote should be intuitive, with recognizable buttons, a comfortable shape, and customizable features such as different colors and fronts to appeal to diverse cultures and age groups. The team plans to research and incorporate the best aspects of existing remote controls while ensuring the design is modern and appealing to a global audience.",en,,532
"['The user interface designer presented a good-looking design with few buttons. As for the colour, the user interface designer suggested making a backlight of the LCD screen with different colours, but this was denied due to the high cost. Then the industrial designer recommended changing the colour of the assembly at an extra charge to meet special needs. Light and infrared were also taken into consideration to make the controller glow in the dark. In order to make a smart controller, the group mentioned speech recognition and user identification.']",6955,5dbc2db3da6a9bdb08c6a8e2cbe75a5e5eea7df3c933c0f0,qmsum,qmsum,0.0,"Query: Summarize the discussion about user interface concept.
",Answer:," The discussion about the user interface concept focused on deciding between push buttons and an LCD display. The team ultimately decided to use push buttons due to cost and simplicity considerations, while also incorporating speech recognition technology. They also considered the possibility of including an LCD display for information output but found it too expensive and complex. The user interface was designed to be simple, with a focus on functionality and ease of use, while also aiming to align with current design trends.",en,,532
['Marketing mentioned that the research found it would be costly for the speech design and suggested considering LCD screens. Industrial Design suggested that they would consider both and see what they could find. The group all agreed on it.pressing the button.'],11310,cee51c4c954baf996a9ed3267be5110df2d8f0cf5ff018f4,qmsum,qmsum,0.0,"Query: What did the group conclude on LCD screens and the speech recognition suggested by Marketing?
",Answer:," The group concluded that they should include an LCD screen in the remote control design, as it was deemed important for the target audience, although they acknowledged the potential cost. However, they decided against incorporating speech recognition due to its high cost and complexity, opting instead to focus on more feasible features.",en,,532
"['When Marketing mentioned about the long battery life, the group came up with the locator that the remote could beep when users clapped. Also, this function should be designed to not beep every five minutes so that users would not like the remote. The group mates agreed on it and thought it was an interesting and excellent idea.']",8489,274323138561357bf8a1fbd2e63863add766d5587fbe69dc,qmsum,qmsum,0.0,"Query: Why did the group think of the locator when presenting the functional requirements?
",Answer:," The group thought of the locator to help users find the remote control easily, as it was mentioned as a feature that could be useful, similar to a mobile phone locator, to prevent losing the remote control.",en,,532
"['The point of this discussion is that the group should optimize buttons and switch designs, adjust the number and size of buttons and their functions, filter out unnecessary functions, reduce the number of buttons and replace them with screens to enhance the applicability of remote controls, just like mobile phones.']",3234,b1ec1680b7b16c8dd4518e141d376a45572111aa1fbe1436,qmsum,qmsum,0.0,"Query: Summarize the decision of the discussion about function design.
",Answer:," The group decided that the remote control should be user-friendly, robust, and child-proof, with a focus on simplicity in design. They agreed on features such as a small size, colorful appearance, and a limited number of buttons, while also considering adaptability for left- and right-handed users. The discussion also touched on the idea of a universal remote control with basic functions like channel changing and volume adjustment, avoiding complex features like screens to keep the design practical and affordable.",en,,532
"['The group had a discussion about the target age group and they agreed to look at 15 to 35 year olds. Also, they decided to make it look simple, but still have those key buttons so it would be easy to use. Lastly, the group agreed to include one sort of menu button and voice recognition as an option.']",8483,cce23622045135fe365469483bad6bbe18af6cea038052db,qmsum,qmsum,0.0,"Query: Summarize the group discussion about general requirements.
",Answer:," The group discussed general requirements for the remote control, focusing on simplicity, functionality, and target audience. They agreed to target a younger demographic (15-35 years old) due to their preference for stylish designs and potential for voice recognition features. The remote should have essential functions like channel control, volume, and power, with minimal buttons to avoid complexity. They also considered the inclusion of voice recognition as an optional feature and discussed the importance of an ergonomic design to prevent repetitive strain injuries. The group emphasized the need for a balance between aesthetics and usability, while keeping costs in mind.",en,,532
"['The production cost was 12.5 Euros. So, the group decided to have one simple battery, no kinetic energy, no solar, one advanced chip on print, one sample speaker, one single-curved surface which can be folded, push-buttons, the scroll wheel, the LCD display. And they decided to give up the sample sensor as well as the locator.']",9368,6a093742535636fe9687002f2db47be1d5af18de447655fe,qmsum,qmsum,0.0,"Query: Summarize the discussion about project finance.
",Answer:," The discussion about project finance focused on ensuring the design met financial criteria and staying within the budget. The team evaluated the prototype's costs, identified expensive components like the sample sensor, and decided to remove or simplify features such as the scroll wheel and locator to stay within the budget. They also considered alternatives like using a basic beeping speaker instead of a sample speaker and adjusting the design to reduce costs. Ultimately, they concluded that the project was well within budget, with some leftover funds for unforeseen expenses.",en,,532
"['Dr David Blaney introduced that the first was the impact of the demographic dip of 18-year-olds and as a result there was an increased pension cost generally. Second, current uncertainty also came as a result of the political environment like the Augar review in England and Brexit. This might deepen the funding gap. Third, due to the political decision to invest in students, universities were faced with challenges of providing more services under limited funding.']",10205,56aa2c5a89761478c2169cfc6050acf5d84842c294d3b9fb,qmsum,qmsum,0.0,"Query: What were the three main causes for the financial challenges facing the universities?
",Answer:," The three main causes for the financial challenges facing the universities were the impact of the demographic dip of 18-year-olds, increased pension costs, and increased general costs, along with current uncertainties due to the Augar review in England and Brexit.",en,,532
"['After coming up with the idea of multi plates, the Industrial Designer asked to give the remote control a name and patent it. Within a brief discussion, they named it as Leopard Print out of the hope that it would also be helpful in cold winter days.']",5990,44c1e3d51ee56bb2e0496c09966a0d75766e517d44b59672,qmsum,qmsum,0.0,"Query: What did the Industrial Designer recommend to do when discussing the naming of remote control and why?
",Answer:," The Industrial Designer recommended coming up with a fuzzy and cool name for the remote control, suggesting something like leopard print for the face plates, to make it stand out and be appealing.",en,,532
"['When it comes to continuing mental health service during the lockdown, Vaughan Gething insisted that it was of great necessity to carry out a mental health recovery plan that with such a system, government can ensure the children could enjoy a healthy mental state during the school lockdown. However, at present they had not yet finished a detailed research in this job for that they were still under the cooperation with health boards to get a whole perspective of the situation.']",10510,7fb01a4aefc5e0620242bb052bbbb3b3a044e2a51de76db5,qmsum,qmsum,0.0,"Query: What did Vaughan Gething think of the mental health recovery plan when talking about the ways of continuing mental health service during the lockdown?
",Answer:," Vaughan Gething emphasized that the mental health recovery plan is of ""very real importance"" and stated that he would not allow the mental health and well-being of children and young people to be forgotten, highlighting the need to understand the impact of the pandemic on mental health and to develop a recovery plan informed by ongoing engagement with families.",en,,532
"[""Since the marketing and the user interface designer mentioned speech recognition in their previous presentations, the industrial designer suggested putting a simple speech recogniser on the digital signal processing chip and training the speech recogniser for particular users. However, the user interface designer concerned that it would be too complex. Then the industrial designer argued that even some simple mobile devices could have these voice dialers so it wouldn't be so sophisticated, and the marketing also said the product would be good to sell with the speech recogniser.""]",7338,ade5c4dcd4a442994f97e0ec271c936e2e00bc66516daeb3,qmsum,qmsum,0.0,"Query: What did the group discuss about speech recognition?
",Answer:," The group discussed the potential inclusion of speech recognition in the remote control, considering it as a feature that could be useful, especially for targeting younger users. They explored the idea of integrating a simple speech recognizer into the device, allowing users to control functions like volume and channel selection through voice commands. However, they also acknowledged the challenges and costs associated with implementing this feature.",en,,532
"['Bethan Owen suggested that maintaining the attractiveness of Welsh universities to students would be a key driven for solving the financial stress. Also, the research portfolio should be heavily invested in, which would also bring economic benefits.']",10201,bc161633b40e517e2753f2f8e64afaf951851f316df3824c,qmsum,qmsum,0.0,"Query: What was Bethan Owen's comment towards the high-risk category?
",Answer:," Bethan Owen mentioned that HEFCW identifies one university as high risk, five as medium, and two as low in the short to medium term, but they do not disclose which universities fall into which category. She emphasized the importance of maintaining the attractiveness of Welsh universities to students and preserving research capacity as key priorities.",en,,532
"['Project Manager decided that the remote control should only be used on television and targeted at the biggest size of group. Corporate colour and slogan must be used on the cover. They agreed that a power button, channel switches from zero to nine, volume control, mute should be contained and a small-size menu included.']",4757,320cc6e71b63b99f2b92a2fb92b6e37cda38ca16ef4a3c97,qmsum,qmsum,0.0,"Query: What did the team say about the new product requirements?
",Answer:," The team discussed several new product requirements, including the elimination of teletext due to the availability of the internet, focusing only on television functions, using corporate colors and slogans in the design, and deciding on the necessary controls such as power, channel, volume, and a menu button. They also considered the importance of a user-friendly design and the potential inclusion of an LCD screen.",en,,532
"['C began by asking some questions about the recording procedure and wanted to know what excising utterances from the transcript would look like. C asked several questions to that end but clarified that the source of inquiry was curiosity and nothing more. Additionally, C wanted A to explain to the meeting participants what the experiment was for.']",15409,975d4e997974135de214468ed968e79573563f68e352716a,qmsum,qmsum,0.0,"Query: What did C think about setting up the recording equipment?
",Answer:," Professor C thought that setting up the recording equipment was important for the project, as it would allow for the collection of data that could be used for research on understanding intentions in meetings. He also mentioned that the equipment would be used to record subjects in the near future, and that the team would need to ensure the setup was functional and suitable for the tasks at hand.",en,,532
"['The revised semantic specification and construction formalism are more stable than the previous versions. In the latter, we find both construction types and meaning types along with formal considerations like verb subcategorization, or the ones a ""directed motion"" construction would dictate.']",24580,4629a555e4748fcf19fce224d09b3c75040d4c1fa89c0bfb,qmsum,qmsum,0.0,"Query: What was concluded on semantic specification?
",Answer:," The meeting concluded that semantic specification involves a detailed framework that includes semantic constraints, bindings, and the use of semantic types. It was agreed that semantic constraints should be used to capture the meaning aspects of constructions, and that the notation should allow for both semantic and formal types. The group also discussed the importance of distinguishing between semantic and formal poles, and the need for a flexible system that can handle various linguistic phenomena, including discourse and mental space considerations.",en,,532
"['The team believed that there were always large and many buttons on the standard remote control. To design its unique device, they decided on a pure color one with arrows to eliminate the number of buttons used. They also planned to incorporate the company logo. Moreover, User Interface suggested a set of buttons with its own color to make it recognizable. But this idea was turned down by Project Manager.']",6029,321708580db1f71d9f8fff12c1ae35b349d0160a0c2fb289,qmsum,qmsum,0.0,"Query: Summarize the discussion about interface concept design.
",Answer:," The discussion about the interface concept design focused on the layout and functionality of the remote control buttons, including the use of scroll wheels, menu buttons, and the integration of a display. The team debated the placement and design of buttons, the use of icons, and the need for a user-friendly interface. They also considered the use of a joystick or scroll wheel for navigation and discussed the importance of a clear and intuitive design to appeal to younger users. The team agreed to develop two concepts: one with a display and one without, and to finalize the design within a short timeframe.",en,,532
