language,compression_ratio,length,answer_prefix,max_new_tokens,predicted_answer,question,task,answers,all_classes,dataset,_id
csharp,1.0,5243,"Next line of code:
",84,"```csharp
				{
					DuelPlayer pl = p.Players[j];
					if ( pl != null && !pl.Eliminated )
						pl.Mobile.SendGump( new ParticipantGump( pl.Mobile, dc, p ) );
				}
			}
		}
	}
}
```

The code you've provided is part of the `DuelContext` class in the `ConPVP",,lcc,['\t\t\t\tParticipant p = (Participant)m_Participants[i];'],,lcc,28ce5cf5e0beeb47248c6cba20ae17fa71d60d402770d464
python,1.0,1069,"Next line of code:
",84,"```python
			Z_.remove_edge(e_u, e_v)
			solutions.append(A)
			P.put( (-self.get_graph_score(A), e, A, Y_, Z_) )
		return solutions
```

The `ranking` method is part of the `Camerini` class and is used to find the best solution for a graph optimization problem. It uses a priority queue to explore different configurations",,lcc,"['\t\t\tZ_.add_edge(e_u, e_v, **data.copy())']",,lcc,ca807f49d7c6f84dcae3df694bde685aa7f75a02e9d4f574
python,1.0,844,"Next line of code:
",84,"```python
        a = Sndfile(ofilename, 'r')
        nframes = a.nframes
        buffsize = 1024
        buffsize = min(nframes, buffsize)
        # First, read some frames, go back, and compare buffers
        buff = a.read_frames(buffsize)
        a.seek(0)
        buff2 = a.read_frames(buffsize)
",,lcc,"[""        rfd, fd, cfilename   = open_tmp_file('rwseektest.wav')""]",,lcc,04429037d9380b6e9c3f7b2070992a5af10745895025113c
python,1.0,462,"Next line of code:
",84,"```python
            if e.text == language:
                return el.find_element_by_css_selector(""span.tags"").text
        return None
```

So the completed method would be:

```python
    def language_status(self, language):
        """"""Return the status tags for a given subtitle language.""""""
        els = self.get_elements_list(self._SUB_LANGUAGES)
        for el in els:
            e = el",,lcc,['            if e.text == language:'],,lcc,9bc1f81e1a4c4b44da11ffc093a0c9fecbe5f99e4eff3aa5
java,1.0,570,"Next line of code:
",84,"```java
					writer.addAttribute(""value"", ((OLStyleValue) value).getValue());
				}
			}
			public Object unmarshal(HierarchicalStreamReader reader, UnmarshallingContext context) {
				OLBaseClass ol = new OLBaseClass();
				ol.setXmlns_ol(reader.getNamespaceForAttribute(""xmlns:ol""));
				if (reader.getAttributes() != null) {
					for",,lcc,['\t\t\t\t\tOLStyleValue styleValue = (OLStyleValue) value;'],,lcc,a5da7e173afd5ba71e0185228a1df77238c2949ba3ea2935
python,1.0,1229,"Next line of code:
",84,"```python
        return ""Category %s: %s"" % (self.category, self.question)
    def hint_string(self):
        return ""Category %s: %s"" % (self.category, self.question)
    def is_correct(self, answer):
        for a in self.answers:
            if a.lower() in answer.lower():
                return True
        return False
```

The code above completes the",,lcc,['        longest = max(self.answers)'],,lcc,3bd5a501fc0327fd7bcda8389c7d11b3a821c9b5ce5a93cc
csharp,1.0,907,"Next line of code:
",84,"```csharp
                    mob.SendGump(new SR_Gump(mob, RuneAcc));
                    break;
                case 3:
                    mob.SendMessage(""Enter a description:"");
                    mob.Prompt = new SR_NewRunePrompt(RuneAcc, mob.Location, mob.Map);
                    Send(mob, SR_Utilities.FetchInfo(mob.Account));
                    break;
                case 4:
                    RuneAcc.PageIndex--;
",,lcc,['                    mob.Target = new SR_NewRuneTarget(RuneAcc);'],,lcc,227b063979c62ee1de7436be168450b5a7712a7a637fa6d4
java,1.0,1820,"Next line of code:
",84,"```java
            for (X509Certificate cert : chain) {
                s.println(""  "" + cert);
            }
        }
    }
}
```

### Explanation:
This line is part of the `print()` method in the `CertificateMsg` class. It iterates over the certificate chain and prints each certificate to the `PrintStream` for debugging purposes. The `chain` field is an array",,lcc,['            for (int i = 0; i < chain.length; i++)'],,lcc,f652398c3e8be338b4a7873ba6fecc5a686204d99a1a8d10
java,1.0,1096,"Next line of code:
",84,"```java
            try {
                sp = new JESpace(name, path);
                spaceRegistrar.put(name, sp);
            } catch (SpaceError e) {
                warn(""Error creating space "" + name, e);
                return null;
            }
        }
        return sp;
    }
```

Here's the completed code with the missing part of the `getSpace` method:

```java
    public",,lcc,"['            sp = new JESpace(name, path);']",,lcc,01b11dc980d93775ce16fd5e630cf5619f66f281ee12947b
java,1.0,567,"Next line of code:
",84,"```java
					pos = btnEnergizeAll.bottom();
				}
			}
		}
	}
```

This line continues the `WndAlchemizeItem` class by setting the `pos` variable to the bottom position of the last button added, which is `btnEnergizeAll`. This is part of the layout logic for the window, ensuring that buttons are properly spaced and aligned vertically",,lcc,['\t\t\t\t\tpos = btnEnergizeAll.bottom();'],,lcc,64d5f26d486a85e85284229e8d254f996cfafd844cd321c5
python,1.0,1670,"Next line of code:
",84,"```python
        data = environ['wsgi.input'].read()
        response = self.dispatcher.dispatch(data)
        start_response('200 OK', [('Content-Type', 'text/xml'), ('Content-Length', str(len(response)))])
        return [response]
```

This completes the `WSGISOAPHandler` class, which is a WSGI-compliant handler for the SOAP server. Here's the",,lcc,"[""        length = int(environ['CONTENT_LENGTH'])""]",,lcc,8ae06de3dd26783213ae72552d610c4f1518647b7898d383
python,1.0,686,"Next line of code:
",84,"```python
        mark = ""setRepeated('%s')"" % status_id
        self.webview.execute_javascript(mark)
```

Here's the completed code with the missing line:

```python
    def mark_status_as_repeated(self, status_id):
        mark = ""setRepeated('%s')"" % status_id
        self.webview.execute_javascript(mark)
```

### Explanation:
- The method `mark",,lcc,"['        mark = ""setRepeated(\'%s\');"" % status_id']",,lcc,14de6afab15eabeb4fec480f9d6b4db78e93e0493851cc35
python,1.0,958,"Next line of code:
",84,"```python
            return {""error"": False}
        except Exception as e:
            result = {
                ""error"": True,
                ""message"": str(e),
                ""traceback"": traceback.format_exc()
            }
            return result
    def action_copy_sftp(self, login, password, status_id, source_path, target_path, session):
        try:
            self.logger.info(""FM starting subprocess worker copy",,lcc,"['            return {""error"": False}']",,lcc,1712603d3736689b03586a52e0f51eedd1a2bccd03217fde
csharp,1.0,778,"Next line of code:
",84,"```csharp
			ZoneIdentityPermission c = (ZoneIdentityPermission)a.Union (b);
			Assert.IsFalse (Object.ReferenceEquals (a, c), ""!ReferenceEquals5"");
			Assert.IsFalse (Object.ReferenceEquals (b, c), ""!ReferenceEquals6"");
			Assert.IsTrue (Same (a, c), ""Trusted+Untrusted"");
		}
```

### Explanation:
- This test case",,lcc,['\t\t\tIPermission result = a.Union (b);'],,lcc,e212994f82962f98d4e1be7a5678cfd25eacb4f645df2198
python,1.0,713,"Next line of code:
",84,"```python
        return [x.getAcceptedIssuers() for x in self.trust_managers]
```

So the completed code for the `getAcceptedIssuers` method is:

```python
    def getAcceptedIssuers(self):
        return [x.getAcceptedIssuers() for x in self.trust_managers]
```

### Final Note:
This class `CompositeX509TrustManager`",,lcc,['        certs = []'],,lcc,e6dca363f4644795057dce35d57cdbc53e1e84bea1699bbf
java,1.0,847,"Next line of code:
",84,"```java
        DomainInfo domainInfo = manager.getDomainInfo(domain);
        request.setAttribute(""domainInfo"", domainInfo);
    }
```

### Explanation:
- The `doDomainInfo` method retrieves domain-specific information using the `MailManager`.
- It fetches the `DomainInfo` object for the given domain.
- This object is then stored in the request attributes so it can be used in the JSP",,lcc,['        User user = getUser(request);'],,lcc,45be6133b10843a59b2ff2272116e322f7dd795025749020
python,1.0,1276,"Next line of code:
",84,"```python
            self.__event_loop, 'datastream')
        self.__datastream_transport, self.__datastream_protocol = await self.__event_loop.create_connection(
            functools.partial(DataStreamProtocol, event_loop=self.__event_loop),
            self.__datastream_address)
        self.__datastream_fd = self.__datastream_protocol.__stream.transport.get_pipe_transport(0).fileno()
        self.__datastream",,lcc,"[""            self.__tmp_dir, 'datastream.%s.pipe' % uuid.uuid4().hex)""]",,lcc,4b93f91719b36d7aee8a2f7f39b3991d464913e3bc3e77b4
csharp,1.0,957,"Next line of code:
",84,"```csharp
				jumpID = Convert.ToInt32(store.GetValue(iter, 0).ToString());
				string jumpType = (string)store.GetValue(iter, 1);
				if (jumpType == reactiveString) {
					string [] myStringFull = jump.split(new char[] {':'});
					double jumpWeightKg = Convert.ToDouble(Util.ChangeDecimalSeparator(myStringFull[8]));
					double jump",,lcc,['\t\t\t\tif(! option1) {'],,lcc,54df7435e6cdeb9cf80f52a45f4c173229b57b7dfcc77ad7
java,1.0,1570,"Next line of code:
",84,"```java
        String[] argValues = new String[args.length];
        for (int i = 0; i < args.length; i++) {
            String argKey = args[i].getKey();
            if (argKey == null) {
                argValues[i] = null;
                continue;
            }
            if (args[i].isResource()) {
                argValues[i] = getMessageResources(application, request",,lcc,['        if ((args == null) || (args.length == 0)) {'],,lcc,e42bb143aca03ffdde352e012ca3991013aa4f1018e60c8f
java,1.0,515,"Next line of code:
",84,"```java
				persons = loadFromFile();
			}
		}), 
		// Add more files as needed
		// For example:
		// FIRM, TIMED, SERVER, etc.
		// But since the code is incomplete, we'll assume the rest of the enum is properly defined
		// and the rest of the methods are implemented.
	};
```

###",,lcc,['\t\t\t\tfirms = loadFromFile();'],,lcc,04233bb10cad37ee372ddcc1ca95b3e2a853d217fa90929e
java,1.0,925,"Next line of code:
",84,"```java
		PreferencePage generalPage = new FieldEditorPreferencePage() {
			@Override
			protected void createFieldEditors() {
				addField(new BooleanFieldEditor(AUTO_SAVE, ""Auto save"", getFieldEditorParent()));
				addField(new IntegerFieldEditor(AUTO_SAVE_TIME, ""Auto save time (in sec)"", getFieldEditorParent()));
				addField(new BooleanFieldEditor(SHOW_MINI_MODE",,lcc,['\t\tPreferencePage generalPage = new FieldEditorPreferencePage() {'],,lcc,36799d0d8e06fa5c217eccd67db779ab9866845eb0713e74
csharp,1.0,538,"Next line of code:
",84,"```csharp
                m_Owner.SendAsciiMessage(""Targeting complete."");
            }
        }
    }
}
```

This line is part of the `OnTargetFinish` method of the `InternalSphereTarget` class. It sends a message to the caster when the targeting is complete.

Here's the completed code with the missing line:

```csharp
        protected override void OnTargetFinish(Mobile from)
",,lcc,['                if (m_Owner.SpellTarget == null)'],,lcc,82560c22f3648e5086523b10f22179edb1aebdc379fdfaa5
python,1.0,4268,"Next line of code:
",84,"```python
            for state in states:
                if state not in self._new and state not in self._deleted:
                    state._expire()
```

Here's the completed code for the `_finalize_loaded` method in the `Session` class:

```python
    def _finalize_loaded(self, states):
        """"""Internal method to expire objects that are not new or deleted.""""""
        for state in states:
           ",,lcc,"['        for state, dict_ in states.items():']",,lcc,52b05f3e84a4fe67c9a1b15719fbecb75dda4932f22567e9
java,1.0,1985,"Next line of code:
",84,"```java
		// The name is constructed from the field's name and the class name
		for (IField field : fields) {
			final String name = field.getName().toString();
			List<IField> named = name2Field.get(name);
			if (named == null) {
				named = new ArrayList<IField>(3);
				name2Field.put(name, named);
			}
",,lcc,['\t\tfor(IField field : fields) { '],,lcc,1e32291c11bc48e0917860b1de8446dde3fedecd450ef073
python,1.0,6502,"Next line of code:
",84,"```python
            if self.request.method in (""GET"", ""HEAD""):
                self.redirect(uri, permanent=True)
                return
        return method(self, *args, **kwargs)
    return wrapper
```

Continuing the code:

```python
def addslash(method):
    """"""Use this decorator to add a missing trailing slash to the request path.
    For example, a request to ``/foo`` would",,lcc,"[""    like ``r'/foo/?'`` in conjunction with using the decorator.""]",,lcc,d5dde130982bcbe6f095c65d1d5a928669bc3a458df26cc6
csharp,1.0,777,"Next line of code:
",84,"```csharp
			base.Render (writer);
		}
	}
}
```

The `Render` method is the final part of the `MultiView` class implementation. It calls the base class's `Render` method to ensure the control is rendered properly. This is a standard pattern in ASP.NET Web Forms controls to allow the control to be rendered into the HTML output stream.

Here's the completed code with",,lcc,['\t\t\tif ((Controls.Count == 0) && (initialIndex != -1)) '],,lcc,5dbe65a9966abf6a6fdc04cf78e20977f8d24df06849e8e7
python,1.0,1225,"Next line of code:
",84,"```python
    def parse_coordfile( self, coordfile ):
        """"""
        Parses the coord.remain file with the following format:
        lat1,lat2,lon1,lon2
        """"""
        print >> sys.stdout, 'Parsing coord.remain file.'
        with open(coordfile) as f:
            line = f.readline()
            while line:
                COORDS = line.strip().split(',')
",,lcc,['    args = parser.parse_args()'],,lcc,43954d45633ac63acc4badb3892fdb276e080592cc147b1e
csharp,1.0,1845,"Next line of code:
",84,"```csharp
                if (i.SkillBonuses.GetBonus(1) > 0)
                {
                    foreach (SkillName sk in Imbuing.PossibleSkills)
                    {
                        if (i.SkillBonuses.GetSkill(1) == sk)
                            return GetNameForAttribute(sk);
                    }
                }
            }
            if (item is BaseArmor)
            {
                BaseArmor i = item",,lcc,['                if (mod >= 156 && mod <= 160)'],,lcc,9d639220f2ae9cbb3b86c56287371346450159efa5afc251
python,1.0,816,"Next line of code:
",84,"```python
        builds = android_builds(build) if platform == 'os_android' else []
```

Continuing the function:

```python
    if not mobile:
        if platform == 'os_android':
            builds = android_builds(build)
        else:
            builds = []
            # Add desktop builds
            for platform_key, platform_pretty in {
                'os_windows': 'Windows',
                '",,lcc,"[""        for plat_os in ['Windows', 'Linux', 'Linux 64', 'OS X']:""]",,lcc,03873ecbb96288a84c3d9ea1f5a2a718188d2c8a0c5920ab
java,1.0,1101,"Next line of code:
",84,"```java
		// Check if the state is allowed based on project type and issue type
		if (projectID != null && issueTypeID != null) {
			TProjectBean projectBean = LookupContainer.getProjectBean(projectID);
			if (projectBean != null) {
				Integer projectTypeID = projectBean.getProjectTypeID();
				if (projectTypeID != null && issueTypeID != null) {
					stateBeans",,lcc,['\t\tif (projectID==null || issueTypeID==null) {'],,lcc,63fdad7f1feacdf8cca4aaf57dae737d83c351d9ab66db8b
csharp,1.0,861,"Next line of code:
",84,"```csharp
            foreach (var argument in argumentSyntaxs)
            {
                if (argument.Expression is IdentifierNameSyntax identifier && memberList.Any(m => m is MethodDeclarationSyntax method && method.Parameters.Any(p => p.Identifier.ValueText == identifier.Identifier.Text)))
                {
                    var methodDeclaration = memberList.First(m => m is MethodDeclarationSyntax method && method.Parameters.Any(p => p.Identifier.ValueText == identifier.Identifier",,lcc,['            foreach (ArgumentSyntax argumentSyntax in argumentSyntaxs) {'],,lcc,a2ce4aeed86faf7c78539925675910ecdf08f4ca9f5603ee
python,1.0,2752,"Next line of code:
",84,"```python
        self._update_partition_id(0)
```

Continuing the test:

```python
        # Now change the user_partition_id to 1
        self._update_partition_id(1)
        # Verify that the number of children has changed to match the new partition
        self._assert_children(3)
        # Verify that the group names are correct
        vertical_0 = self.get",,lcc,['        split_test = self._update_partition_id(0)'],,lcc,b55c3cd64c946848d39da7e77c7364582b5e7ab71a545f58
csharp,1.0,1490,"Next line of code:
",84,"```csharp
            for (int i = 0; i < longTag.Count; i++) {
                string key = (string)longTag.Keys[i];
                if (key.StartsWith(""Uni"")) {
                    string[] parts = key.Split(new char[] { 'U', 'n', 'i' });
                    if (parts.Length > 2) {
                        string hex = parts[2];
                        if",,lcc,['            foreach (object o in longTag.Values) {'],,lcc,caded4c1338faaf5978525a343ec76e66b5546a6a35088a6
java,1.0,1113,"Next line of code:
",84,"```java
						GraphNode cgn = graphNodes.get(cell);
						if (cgn == null) continue;
						// find all cells that reference this cell
						for (Iterator<Export> eIt = cell.getExports(); eIt.hasNext(); ) {
							Export export = eIt.next();
							Cell referencedCell = export.getReferencedCell();
							if (referencedCell !=",,lcc,['\t\t\t\t\t\tGraphNode cgn = graphNodes.get(cell);'],,lcc,341005dfebe6821d4201177ffce38b1e3048f5a0d9c30463
java,1.0,629,"Next line of code:
",84,"```java
        return new ListenableFutureTask<>(callable);
      }
    }
    public EmojiPageBitmap get() {
      return model;
    }
    public void addListener(FutureTaskListener<Bitmap> listener) {
      task.addListener(listener);
    }
  }
```

### Explanation:
- `get()` returns the `EmojiPageModel` associated with this `DrawInfo`.
- `addListener()` allows listeners",,lcc,['        task = new ListenableFutureTask<>(callable);'],,lcc,32d36e0536e57f991a066ab60778b32884747e7689f3c816
java,1.0,1035,"Next line of code:
",84,"```java
                // Command history down
                else if (ke.getKeyCode() == KeyEvent.VK_DOWN) {
                    final String down = cmdHistory.goDown();
                    if (!msgTF.getText().equals(down)) {
                        msgTF.setText(down);
                    }
                }
            }
        });
    }
```

### Explanation:
- This code handles the **up** and **down** arrow key events in the input field",,lcc,['                else if (ke.getKeyCode() == KeyEvent.VK_DOWN) {'],,lcc,1f9066ab085c69885da88c003a539d651c2835d2ed83fd83
python,1.0,534,"Next line of code:
",84,"```python
    def step(self):
        self.prerequisite_view.paginator.click_next()
        for row in self.view.paginator.get_all_rows():
            if row.name == self.obj.name:
                row.click()
                break
        else:
            raise NodeNotFound('Failed to navigate to node, could not find matching row')
```

This code is part of the `Details` navigation step for the `Node` class.",,lcc,"[""    prerequisite = NavigateToSibling('Details')""]",,lcc,88af654f6cc0799e1844ea6d4158729b1130dc62928ae169
java,1.0,482,"Next line of code:
",84,"```java
			notifyRecognitionListeners(timestamp, sequences);
		}
	}
```

The code you've provided is a Java class `WrappedMovementController` that wraps the `FlMovementController` class from the MAEJava library. It includes several constructors, overrides the `nextFrame` method, and adds support for listeners for sequence, recognition, and pose events.

The code you've shared ends with the",,lcc,['\t\tfor (IJRecognitionListener listener : recognitionListeners) {'],,lcc,08b681d309832c3aa506f61679aefcaed7ca5b6c115d2701
csharp,1.0,655,"Next line of code:
",84,"```csharp
                if (Roles != null && Roles.Length > 0)
                {
                    string[] roles = Roles.Split(new string[] { _roleSeparator }, StringSplitOptions.RemoveEmptyEntries);
                    bool hasPermission = false;
                    foreach (string role in roles)
                    {
                        if (Thread.CurrentPrincipal.IsInRole(role.Trim()))
                        {
                            hasPermission = true;
                            break;
                        }
                    }
                    if (!",,lcc,['                ScriptManager sm = ScriptManager.GetCurrent(Page);'],,lcc,1472d733364caca77c7f2605a8ceaee6c18fb02ebc460475
java,1.0,475,"Next line of code:
",84,"```java
		damage = compound.getInteger(""ToolDamage"");
		sharpness = compound.getInteger(""Sharpness"");
		fire = compound.getInteger(""Fire"");
		blast = compound.getInteger(""Blast"");
		smite = compound.getInteger(""Smite"");
		bane = compound.getInteger(""Bane"");
	}
```

Now, let's complete the full class with the missing `readFromNBT` and `",,lcc,"['\t\tdamageCooldown = compound.getInteger(""DamageCooldown"");']",,lcc,2abe780e4777e159876fcba6fb9c21888d8a0782e7499c3e
java,1.0,661,"Next line of code:
",84,"```java
        return ""Effect["" + probability + ""%]"";
    }
}
```

### Explanation:
- The `toString()` method is overridden to provide a string representation of the `Effect` object.
- It returns a string in the format `""Effect[<probability>]""`, where `<probability>` is the probability value of the effect.
- This is useful for debugging and logging purposes, as it gives a quick",,lcc,['        StringBuilder sb = new StringBuilder(32);'],,lcc,214bccc94127564a29c72827ff53ccb4c3bd880918d517fa
python,1.0,577,"Next line of code:
",84,"```python
    assert t
```

This line is used to assert that the token `t` was successfully created. It ensures that the token creation process did not raise any exceptions and that the token object is not `None`. This is a common practice in unit tests to verify that a function or method call was successful.

### Explanation:
- `t` is the token object returned by `store.store.tokens.create",,lcc,"['    i = store.handle_indicators_create(t, {']",,lcc,492de4fd744409d77007630f3cf7e7c49b13037cb2b2a8c6
python,1.0,701,"Next line of code:
",84,"```python
        self.assertEqual(doc._delta(), ({'dict_field': 1}, {}))
```

The code is testing the `_delta()` method of a `Document` class in `MongoEngine`, which is used to compute the changes made to a document. The test is designed to verify that the `_delta()` method correctly captures both the updated values and the removed values (i.e., the ""deltas",,lcc,"['        p = Person.objects.get(name=""owner"")']",,lcc,a507514e59d02bec9d48f262b48dffcb180b6665ae945f96
python,1.0,1433,"Next line of code:
",84,"```python
                    display(widget_x)
                    display(widget_y)
                else:
                    widget_var_options = sorted(list(self._inspector.dim_names_to_var_names[(None,)]))
                    widget_x_options = widget_var_options
                    widget_y_options = widget_var_options
                    widget_x_value = x if x and x in widget_x_options else widget_x_options[0]
                    widget_y_value = y if y",,lcc,"['                    interact(self._plot_line, x_name=widget_x, y_name=widget_y)']",,lcc,821b5076e7642f35d6db6b0af29ca2ff7694928b53b0dace
csharp,1.0,513,"Next line of code:
",84,"```csharp
                if (ignored.Contains(path))
                {
                    continue;
                }
```

Continuing the code:

```csharp
                if (ignored.Contains(path))
                {
                    continue;
                }

                // Check if the path is a valid media file path
                if (Path.GetExtension(path).ToLower() == "".nzb"" || Path.GetExtension(path).ToLower() == "".nzb"")
",,lcc,"['                if (!ShouldIgnoreChange(path, ignored))']",,lcc,33a191efb28d5b529c26b622495441d20e705cfb2dc5be9f
java,1.0,837,"Next line of code:
",84,"```java
		return read(key, internalMap.computeIfPresent(key, (k, o) -> write(k, o)));
	}
```

### Explanation:
This method overrides the `computeIfPresent` method from `Map`. It applies the transformation logic to the value before returning it. The `computeIfPresent` method in the internal map is used with a `BiFunction` that first writes the value (",,lcc,"['\t\treturn read(key, computed);']",,lcc,6fac8d0b410c99d32f6421d53dcbd4534f8f4a65b4dcede9
python,1.0,1519,"Next line of code:
",84,"```python
        cat = getToolByName(self.context, 'uid_catalog')
        resbrains = cat.searchResults(query)
        if len(resbrains) == 1:
            contobj = resbrains[0].getObject()
            if contobj.isDiscussable() and canreply(contobj):
                mtool = getToolByName(self.context, 'portal_membership')
                username = mtool.getAuthenticatedMember().getId",,lcc,"[""        cat = getToolByName(self.context, 'uid_catalog')""]",,lcc,b581893ac400757aaad32eed292afd06559e04175e8d6fdf
csharp,1.0,1528,"Next line of code:
",84,"```csharp
			set { m_ID = value; }
		}
		public sbyte Z
		{
			get { return m_Z; }
			set { m_Z = value; }
		}
		public short Hue
		{
			get { return m_Hue; }
			set { m_Hue = value; }
		}
	}
}
```

This completes the `",,lcc,['\t\t\tset { m_ID = (ushort)value; }'],,lcc,b5474d9a2623627f5e344cff1193ab0629353b34b75b1c81
csharp,1.0,1661,"Next line of code:
",84,"```csharp
                    channelUri = String.Format(""sip:{0}@{1}"", scene.RegionInfo.RegionID, m_freeSwitchRealm);
                }
                parcelVoiceInfo = new LLSDParcelVoiceInfoResponse(channelUri, m_freeSwitchSIPProxy, m_freeSwitchAttemptUseSTUN, m_freeSwitchEchoServer, m_freeSwitchEchoPort, m_freeSwitchDefaultWellKnownIP, m_freeSwitch",,lcc,"['                    channelUri = ChannelUri(scene, land);']",,lcc,c357dc85d4b8de20bfeb7e4f0a5fb6c3f1e2ad3fba2c7691
csharp,1.0,576,"Next line of code:
",84,"```csharp
{
				return;
			}
			// Validate dates
			if(!textDateStart.IsValid || !textDateStop.IsValid || !textDatePaycheck.IsValid)
			{
				MessageBox.Show(Lan.g(this,""Invalid date(s).""));
				return;
			}
			// Check if dates are valid
			if(textDateStart.Text > textDateStop.Text)
			{
",,lcc,"['\t\t\t\tMsgBox.Show(this,""Please fix data entry errors first."");']",,lcc,7c3bba0835a61180b3615e5a45405828fb9f896470cd8acb
python,1.0,2765,"Next line of code:
",84,"```python
        lat, lon = _build_lat_lon_for_NAME_timeseries(column_headings)
```

Then, the rest of the function continues as follows:

```python
        # Convert averaging/integrating period to timedeltas.
        column_headings['Av or Int period'] = _calc_integration_period(
            column_headings['Time Av or Int'])
        # Build a time coordinate.
        tdim",,lcc,"['        lat, lon = _build_lat_lon_for_NAME_timeseries(column_headings)']",,lcc,d6baed6ebf26ec130b53d88863008a04aa5759c9dbf5f916
python,1.0,772,"Next line of code:
",84,"```python
    if not authz.has_user_permission_for_group_or_org(
            data_dict['group_id'], user, 'create_dataset'):
        return {'success': False, 'msg': _('User %s not authorized to add member to this group') % user}
    return {'success': True}
```

This completes the `_group_or_org_member_create` function, which is likely used for creating members in",,lcc,"[""    group_id = data_dict['id']""]",,lcc,37c8cc83faf991e5dab1a2d463f96ea1e173fbf645387307
java,1.0,784,"Next line of code:
",84,"```java
int predictedPartition = example.getValue(predictionAttribute).intValue();
```

Continuing the code:
```java
// get the child node corresponding to the predicted partition
Node childNode = node.getChild(String.valueOf(predictedPartition));
if (childNode == null) {
    throw new OperatorException(""No child node found for partition "" + predictedPartition + "" in node "" + node.getClassName());
}

// update outcomes",,lcc,['\t\t\t\tString label = example.getValueAsString(predictionAttribute);'],,lcc,d2fab0055348069f0d8e88dc8cdb2f46840753245d44d77d
csharp,1.0,1172,"Next line of code:
",84,"```csharp
            var results = new SearchResults[segments.Length];
            for (int i = 0; i < segments.Length; i++)
            {
                results[i] = new SearchResults
                {
                    MatchCount = 0,
                    Matches = new List<SearchMatch>(),
                    Segment = segments[i]
                };
            }
            return results;
        }
```

### Explanation:
- This method",,lcc,['            var searchResultsArray = new SearchResults[segments.Length];'],,lcc,39981401e38829b7087717c9452de413a3ec15cf21ca091f
java,1.0,6474,"Next line of code:
",84,"```java
            codePoint = (codePoint << 16) | string.charAt(offset++);
         }
         if (_range != null) {
            if (_range.contains(codePoint)) {
               return offset;
            }
         } else {
            if (_asciiSet != null) {
               if (_asciiSet[codePoint]) {
                  return offset;
               }
            } else {
               return -1;
            }
",,lcc,['            char low = string.charAt(offset++);'],,lcc,d616bbc2ccc30cab16459d0300a1d8c933b33e1455e3aa84
java,1.0,945,"Next line of code:
",84,"```java
        if (studyFormName == null || studyFormName.isEmpty()) {
            return ValidationResults.SAMPLE_FOUND;
        }
        // Check if the existing study form name matches the one being used
        String existingStudyFormName = getStudyFormNameFromObservationHistory(accessionNumber);
        if (existingRequired && !studyFormName.equals(existingStudyFormName)) {
            return ValidationResults.S",,lcc,['        if (GenericValidator.isBlankOrNull(studyFormName)) {'],,lcc,5d56dd41743ce710c9b0986b24ec730ba947774b15696336
csharp,1.0,807,"Next line of code:
",84,"```csharp
					Log.Write(""server"", ""Rejected connection from {0}; incorrect password."", newConn.Socket.RemoteEndPoint);
					SendOrderTo(newConn, ""ServerError"", message);
					DropClient(newConn);
					return;
				}
				// Check if the client is banned
				if (TempBans.Contains(newConn.Socket.RemoteEndPoint.ToString()))
				{
					Log.Write(""server"",",,lcc,"['\t\t\t\t\tSendOrderTo(newConn, ""AuthenticationError"", message);']",,lcc,cb8ef7b164c1f9b4d27225f6b8e45ea33c8096c073d82e27
java,1.0,833,"Next line of code:
",84,"```java
		{
			for(int i = 0; i < beans.length; i++)
			{
				coll.add(beans[i].buildVo());
			}
		}
		return coll;
	}
```

This line of code is part of the `buildFromBeanCollection` method, which is used to convert an array of `CatsReferralPendingEmergencyNonEDAdmission",,lcc,['\t\tif(beans == null)'],,lcc,6e13c44c01f4116cb114d1ed362252ac9e0da0ef7331a74b
python,1.0,549,"Next line of code:
",84,"```python
elif prnum == 'advanced':
    advanced()
elif prnum == 'viewsdb':
    viewsdb()
elif prnum == 'date':
    date()
elif prnum == 'donate':
    donate()
else:
    dialog = xbmcgui.Dialog()
    if dialog.yesno(localtxt3, localtxt8):
        xbmc.executebuiltin(""Notification(""+localtxt9+"",""+localtxt10",,lcc,"[""elif prnum == 'advanced':""]",,lcc,73fefc41fc5fa1c47966c4abc5dc1e78bb36629f5e868c89
csharp,1.0,1174,"Next line of code:
",84,"```csharp
            int [] ret = new int[A.Dimensions.NumberOfDimensions]; 
            A.GetValueSeq(seqindex,ref ret); 
            return ret; 
        }
```

This is the closing brace for the `ind2sub(ILArray<char> A, int seqindex)` method. The rest of the code is a repetition of the same pattern for other data types. If you want to",,lcc,['            int [] ret = new int[A.Dimensions.NumberOfDimensions]; '],,lcc,5f7f8ad03839f70553f1bf1189d38d53af0f00c6db0c9584
python,1.0,1147,"Next line of code:
",84,"```python
  plot = pD.get('plot', 'plot')
```

Continuing the `parseFormParams` function:

```python
  def parseFormParams(params):
    pD = {}
    extraParams = {}
    pinDates = False
    for name in params:
      if name.find(""_"") != 0:
        continue
      value = params[name]
      name = name[1",,lcc,"[""  reportName = pD[ 'plotName' ]""]",,lcc,6f5d658cc2b84c64bf49c302dee4078f60fd158ed24b7b19
csharp,1.0,985,"Next line of code:
",84,"```csharp
			foreach (var queueManager in builders)
				queueManager.SetRallyPoints(bot, Info.BuildingQueues, Info.DefenseQueues, Info.RallyPointScanRadius);
```

This line is part of the `SetRallyPointsForNewProductionBuildings` method, which is responsible for setting rally points for new production buildings. It iterates through all the `BaseBuilderQueue",,lcc,['\t\t\tforeach (var rp in world.ActorsWithTrait<RallyPoint>())'],,lcc,10f9dbc73235c1d307666e6143b4217f1b7b644ae2fe93d6
java,1.0,768,"Next line of code:
",84,"```java
            catColumn.setDeterminismMode(detMode);
```

Continuing the code:

```java
        }
        // Save the current plan
        m_currentPlan = new CompiledPlan(plan);
        return new PlanNodeList(plan.getPlanNodes());
    }
```

Here's the completed code with the missing lines:

```java
        }
        // Save the current plan
        m_currentPlan =",,lcc,['        List<PlanNodeList> nodeLists = new ArrayList<PlanNodeList>();'],,lcc,fc248cbd17650fa9a1b49a55fb76191e355a916d55809db3
csharp,1.0,1012,"Next line of code:
",84,"```csharp
this.comboBox1.Size = new System.Drawing.Size(200, 21);
```

Continuing the code:

```csharp
this.comboBox1.TabIndex = 2;
this.comboBox1.Sorted = true;
this.comboBox1.SelectedIndexChanged += new System.EventHandler(this.comboBox1_SelectedIndexChanged);
// 
// textBox2
// 
this.textBox2.Anchor = ((System.Windows.Forms.AnchorStyles.Bottom | System.Windows",,lcc,"['\t\t\tthis.comboBox1.Size = new System.Drawing.Size(224, 21);']",,lcc,8f007015b8b3b455a6fcd8f989241324f18ff10327811d5b
csharp,1.0,1031,"Next line of code:
",84,"```csharp
			dcb.BaudRate = baud_rate;
```

Continuing the code:

```csharp
			dcb.BaudRate = baud_rate;
			dcb.Parity = (byte)parity;
			dcb.StopBits = (byte)bits;
			dcb.ByteSize = data_bits;
			dcb.fOutX = (hs == Handshake.XOnXOff);
		",,lcc,"['\t\t\tdcb.SetValues (baud_rate, parity, data_bits, bits, hs);']",,lcc,d356cc0ece3ba9de9fcbb2613757dcabae2d8a589e1f370b
python,1.0,840,"Next line of code:
",84,"```python
        self.assertEquals(page.context['cobrand'].id, cobrand.id)
```

Here's the completed code with the final line added:

```python
    def test_user_with_cobrand(self):
        cobrand = Cobranding.objects.create(user=self.user)
        page = self.get_page(self.user.get_profile().get_url(),
                             login_as=self.user)
        self.assertEquals(page.status_code,",,lcc,"['        page = self.get_page(self.user.get_profile().get_url(),']",,lcc,feedb243436593ce6db6b01f37eaf505c93f329ca6adb4ff
python,1.0,555,"Next line of code:
",84,"```python
                        help='Do not remove the temporary directory after tests')
    parser.add_argument('--generate-configfile', action='store_true',
                        help='Generate a config file for testing')
    args = parser.parse_args()
    if args.keep_tempdir:
        global _keep_tempdir
        _keep_tempdir = True
    if args.generate_configfile:
        write_config_file(self.cfgfile, self",,lcc,"['    options, args = parser.parse_known_args()']",,lcc,320e62adbcd607acda753d0d1559c566d029796c177de00e
python,1.0,1024,"Next line of code:
",84,"```python
		self[""key_yellow""].setText(_(""Rescan""))
		self[""key_yellow""].setPixmap(LoadPixmap(resolveFilename(SCOPE_SKIN_IMAGE, ""buttons/button_yellow.png"")))
		self[""key_yellow""].setPixmapSelected(LoadPixmap(resolveFilename(SCOPE_SKIN_IMAGE, ""buttons/button_yellow_selected.png"")))
		self[""key_yellow""].show()
		self.getAccessPoints(refresh=True",,lcc,"['\t\t\tcurrentListEntry = self[""list""].getCurrent()']",,lcc,544c63cee98145e32800b86cdc53d87ba73f46da8aeafade
csharp,1.0,1163,"Next line of code:
",84,"```csharp
                if (generateChecksum && checksumText)
                    fCode += GetChecksum(fCode);
                if (startStopText)
                    fCode = ""*"" + fCode + ""*"";
                return new Rectangle(fontX, fontY, barHeight, barWidth);
            }
        }
    }
}
```

### Explanation:
- `fontX` and `fontY` are calculated based on the text",,lcc,['                int len = fCode.Length + 2;'],,lcc,5c41dbe75be69a522492a261348f685fcc83189eb876ce02
java,1.0,840,"Next line of code:
",84,"```java
    return results;
  }
```

### Explanation:
This method `getStringArray` is intended to parse a comma-separated string (with optional quotes) from a `Properties` object and return it as a `String[]`.

The line:
```java
    return results;
```
completes the method by returning the parsed array of strings.

### Full completed method:
```java
  /**
  ",,lcc,['    if (results == null) {'],,lcc,cdd96b1a6cdd32b52402ed8afa5c640bc81a206da183fee0
python,1.0,819,"Next line of code:
",84,"```python
        y_points = np.arange(-90, 90, 1.0)
        sample_points = [
            (""longitude"", x_points),
            (""latitude"", y_points),
        ]
        # Interpolate using nearest neighbor
        result = traj_interpolate(test_cube, sample_points, method=""nearest"")
        # Expected values (example values, replace with actual expected data)
        expected =",,lcc,"['        y_points = np.arange(-89.12, +90.0, 42.847)']",,lcc,f199ac4b782288ef2a374c11cfb7bee86753f53493876247
csharp,1.0,518,"Next line of code:
",84,"```csharp
            if (currPacket != null)
            {
                Clipboard.SetText(currPacket.ToString());
            }
        }
        private void toolStripButtonSave_Click(object sender, EventArgs e)
        {
            if (_newStyleLogViewer)
            {
                if (IsFrameModified())
                {
                    SavePacket(_index);
                }
            }
            else
            {
                SavePacket(_index);
            }
        }
",,lcc,['            if (currPacket != null)'],,lcc,6cbff4b2ab9cd811f4d0b2d6ed54a5ae26c2c9ed95c4d5cb
python,1.0,1319,"Next line of code:
",84,"```python
    elif color == 'yellow':
        print '\033[1;33;40m'
    else:
        print '\033[0m'
```

The `print_color` function is incomplete. Here's the completed version:

```python
def print_color(color=""red or yellow""):
    # console out color
    if color == 'red':
        print '\",,lcc,"[""    elif color == 'yellow':""]",,lcc,6071885a8ddae41fc3b21de3b7edec8f485b65d210d0a2e3
csharp,1.0,743,"Next line of code:
",84,"```csharp
            return _numValues;
        }
    }
}
```

### Explanation:
- The `Count` property is already defined as a `virtual` method that returns `_numValues`.
- The `NumValues` property is a `get` accessor that returns `_numValues`.
- The `Count` property is a `get` accessor that also returns `_numValues`.
- The `NumValues",,lcc,['            set { _numValues = value; }'],,lcc,90e9975c7f92d8ef21fcbe89fd1500b3a541124b7b4304fb
csharp,1.0,1467,"Next line of code:
",84,"```csharp
this.treeView1.Nodes.AddRange(new System.Windows.Forms.TreeNode[] {
            treeNode1,
            treeNode28,
            treeNode63});
```

Full completed code:
```csharp
            // 
            // DummySolutionExplorer
            // 
            this.AutoScaleDimensions = new System.Drawing.SizeF(6F, 13F);
            this.AutoScaleMode = System.Windows.Forms.AutoScaleMode.Font;
            this.ClientSize",,lcc,"['            this.AutoScaleDimensions = new System.Drawing.SizeF(6F, 13F);']",,lcc,e51a6d98c9314e0d0e73c15da39e443dc71aa90ae24eefe6
python,1.0,831,"Next line of code:
",84,"```python
                )
            else:
                return self.nullFunction(
                    functionName, dll=dll,
                    resultType=resultType, 
                    argTypes=argTypes,
                    doc = doc, argNames = argNames,
                    extension = extension,
                    deprecated = deprecated,
                )
        return func
    def nullFunction( 
        self, 
        functionName, 
        resultType=ctypes.c_int",,lcc,"[""        elif hasattr( original, 'originalFunction' ):""]",,lcc,e23602db74e35727f7f766eb0f92a05cdb9599280a144a07
java,1.0,1652,"Next line of code:
",84,"```java
            writeBitSet(header, emptyStreams);
            header.write(NID.kEnd);
        }
    }
```

### Explanation:
- `writeBitSet(header, emptyStreams)` is used to write the bitset of empty streams to the header. This bitset indicates which entries do not have any data (i.e., they are empty).
- `header.write(NID.kEnd)` marks the end",,lcc,['            final DataOutputStream out = new DataOutputStream(baos);'],,lcc,ce9e73e7e622c7688ef392b99d6afaa87bea6b138e34fa82
java,1.0,600,"Next line of code:
",84,"```java
                    alphaLevel = rampUp ? 255 : 0;
                }
                else
                {
                    long now = System.currentTimeMillis();
                    long elapsed = now - start;
                    alphaLevel = (int) (255.0 * (elapsed / (double) rampDelay));
                }
                repaint();
                try
                {
                    Thread.sleep(1000 / (int",,lcc,['                    for (int i = 0; i < ticker.length; i++)'],,lcc,6a3563763220617ce12df989e13f3ad3d2a6e723fd3d119e
csharp,1.0,655,"Next line of code:
",84,"```csharp
            item.CanMoveFiles.Should().BeTrue();
        }
    }
}
```

### Explanation:
This line of code is part of a test method that checks whether a completed download item should be allowed to move files if it has reached the maximum idle time and is paused.

- `item.CanMoveFiles.Should().BeTrue();` asserts that the `CanMoveFiles` property of the `Download",,lcc,['            var item = Subject.GetItems().Single();'],,lcc,83459d6f1f2adf3b906ee4a28eaf21c3a195f75ae100c64b
csharp,1.0,772,"Next line of code:
",84,"```csharp
                if (_diff > 0)
                {
                    await RecycleItems(session, cancellationToken, pinap, ItemId.ItemPinapBerry);
                }
                if (_diff > 0)
                {
                    await RecycleItems(session, cancellationToken, wepar, ItemId.ItemWeparBerry);
                }
            }
        }
```

This completes the `OptimizedRecycleBerries` method",,lcc,['                if (_diff > 0)'],,lcc,a35dec5733725ddbb50c8215f4db5a1bb8d03ea5bf6f87c7
python,1.0,1863,"Next line of code:
",84,"```python
                      ' (1 = yes, 0 = no)\n'])
        f.writelines(['F) 0			# Use the same PSF for all components '\
                      ' (1 = yes, 0 = no)\n'])
        f.writelines(['G) 0			# Use the same center for all components '\
                      ' (1 = yes, 0 =",,lcc,"[""                      'relative to data\\n'])""]",,lcc,c19772b78b722854250c2ccf8a287dc2802417dbeafa7d23
java,1.0,1309,"Next line of code:
",84,"```java
                    i += ((b & 0x08) << 2);
                    break;
                case 0x08:
                    /* C */
                    i = b & 0x03;
                    i += ((b & 0x80) >> 4);
                    i += (((~b) & 0x40) >> 1);
                    i += ((b",,lcc,['                    i += ((b & 0x08) << 2);'],,lcc,ce7af30933d25fa24c3982a8a49548083f6f94e48e102d6a
python,1.0,824,"Next line of code:
",84,"```python
        return CourseKeyFactory().from_string(
            u""{org}/{number}/{run}"".format(**self._course_dict)
        )
```

This completes the `_course_location` property method, which returns the course locator as a `CourseKey` object. This is used in various methods to reference the course in the system.

Here's the full completed code for the `_course_location` method:

```",,lcc,['        course_key = CourseKey.from_string(self._course_key)'],,lcc,09ae4ef8effb51b554602ffbe68a496389bb548ebc5983ad
java,1.0,803,"Next line of code:
",84,"```java
		if (splitNumber.length > 1) {
			chance = Float.parseFloat(splitNumber[1]);
		}
		return (int) (Integer.parseInt(splitNumber[0]) * (chance / 100));
	}
```

Now, let's complete the rest of the code to ensure the `SafariEventListener` class is fully functional and includes the `parseInt` method",,lcc,['\t\tint min = -1;'],,lcc,56d619ed99235ddf5394f3518b191a845301a65eebac5d5e
python,1.0,744,"Next line of code:
",84,"```python
        # Remove the certificate files if they exist
        for cert_type in ['key', 'cert']:
            cert_file_path = '%s/%s.pem' % (config_directory, cert_type)
            if os.path.exists(cert_file_path):
                try:
                    os.remove(cert_file_path)
                except Exception as e:
                    module.fail_json(msg=""Failed to remove %s.pem: %s""",,lcc,"[""        types = ['cert', 'key']""]",,lcc,41849aea5e307f5199745185087b9ae2038c2a8673824a84
csharp,1.0,1336,"Next line of code:
",84,"```csharp
this.lblPrivacy.TabIndex = 1;
```

Continuing the code:

```csharp
this.lblPrivacy.Location = new System.Drawing.Point(6, 23);
this.lblPrivacy.Name = ""lblPrivacy"";
this.lblPrivacy.Size = new System.Drawing.Size(370, 13);
this.lblPrivacy.TabIndex = 2;
this.lblPrivacy.Text = ""Include username to improve",,lcc,"['            this.lblPrivacy.Location = new System.Drawing.Point(6, 26);']",,lcc,87a46bb8e4f77d817428047955d797ac5726abcbd031985c
python,1.0,3043,"Next line of code:
",84,"```python
        for (plugname, plug) in self.loaded_plugins:
            try:
                self.soslog.info(_("" Collecting data from plugin %s"") % plugname)
                plug.collect()
            except (OSError, IOError) as e:
                if e.errno in fatal_fs_errors:
                    self.ui_log.error("""")
                    self.ui_log.error("" %s while collecting data"" % e.str",,lcc,['        for i in zip(self.loaded_plugins):'],,lcc,0040aff29f9f6ccd4819e0793a5a66b9d75d882f56fae40c
python,1.0,893,"Next line of code:
",84,"```python
    def getRoomBookingList(self):
        """""" Reservations """"""
    getRoomBookingList.convert = Conversion.reservationsList
    getRoomBookingList.name = ""bookedRooms""
```

This is the continuation of the `ISessionFossil` class definition. Here's the completed code with the missing line:

```python
class ISessionFossil(ISessionBasicFossil):
    def getId",,lcc,['    getRoomFullName.produce = lambda s: s.getRoom()'],,lcc,8a746e0f9e09ec54d8d1e7bf7ca7b8e16731fe8f4652e145
java,1.0,543,"Next line of code:
",84,"```java
                            return true;
                        } catch (Exception e) {
                            throw new MessageWriterException(""Error importing message: "" + e.getMessage(), e);
                        }
                    }
                };
                result = MessageImporter.importMessages(fileTextField.getText(), subfoldersCheckbox.isSelected(), message -> {
                    try {
                        messageWriter.write(message);
                    } catch (MessageWriterException e) {
                        DialogUtils.showWarningDialog(parent",,lcc,['                            throw new MessageWriterException(e);'],,lcc,bf41ff7b860961e0d3143422090577f24d568a16dd294083
java,1.0,762,"Next line of code:
",84,"```java
		       			if (value instanceof Number) {
		       				layer = ((Number) value).intValue();
		       			} else if (value instanceof String) {
		       				layer = Integer.parseInt((String) value);
		       			}
		       		}
		    	}
	    	}
	    	return layer;
    	} catch (Exception e) {
    		throw e;
    	}
    }
}
``",,lcc,['\t\t       \t\t\tlayer = ScriptRuntime.toInt32(value);'],,lcc,5e5cdb6218b379ec44de7c00d3f6ce7f79c90829d6cf905f
java,1.0,1328,"Next line of code:
",84,"```java
        if (currentSession != null && currentSession.isOpened()) {
            Bundle parameters = new Bundle();
            parameters.putString(""fields"", REQUEST_FIELDS);
            parameters.putString(""callback"", ""com.facebook.widget.UserSettingsFragment$1"");
            new GraphRequest(currentSession, ""/me"", parameters, GraphRequest.Method.GET, new GraphRequest.Callback() {
                @Override
                public void onCompleted(GraphResponse response",,lcc,['        if (currentSession != null && currentSession.isOpened()) {'],,lcc,1d185bc0190b4d50ec508a59208f05925712f6455d6ece65
java,1.0,630,"Next line of code:
",84,"```java
		for (Emotion e : emotions) {
			sum += e.chance;
		}
```

Continuing the `normalize()` method:
```java
		if (sum == 0) return;
		for (Emotion e : emotions) {
			e.chance /= sum;
		}
	}
```

Now, completing the rest of the class with the missing parts:

```",,lcc,['\t\tfor(Emotion emotion : emotions)'],,lcc,2728509e7278c4d21b0ffa379c7ac4c266c2cb3953c53b51
python,1.0,1160,"Next line of code:
",84,"```python
                    'property1': 2, 'property2': 3}
            }],
            self.build.stages_to_list())
        ```
    def test_to_xml(self):
        """"""Test exporting as XML.""""""
        # read and parse sample file
        self.build = BuildJob(constants.TEST_SAMPLE_TIMESTAMP_FILE)
        # test XML
        expected_xml = (
            '<build>'
            '  <duration>",,lcc,"[""                    'property1': 2, 'property2': 3}""]",,lcc,937eae55baa939e82bad4567e4b302435ea8891cfa090cc2
python,1.0,980,"Next line of code:
",84,"```python
    # Compute the latitude
    LatRad = phi1Rad
    # Compute the longitude
    LonOrigin = (ZoneNumber - 1) * 6 - 180 + 3
    LonOriginRad = LonOrigin * _deg2rad
    # Compute the false northing and false easting
    # Compute the terms for the latitude
    # Compute the",,lcc,['    N1 = a/sqrt(1-eccSquared*sin(phi1Rad)*sin(phi1Rad))'],,lcc,b3d7b8ae829a609d04350475dc3cbba8c1903ae29d44f33f
python,1.0,651,"Next line of code:
",84,"```python
        form = ReportUserForm(request.POST)
        if form.is_valid():
            report = form.save(commit=False)
            report.reporter = request.user
            report.save()
            messages.success(request, ""Report submitted successfully!"")
            return HttpResponseRedirect(reverse('profile-user', args=[username]))
    else:
        form = ReportUserForm()
    return render_to_response('accounts/reportuser.html', {
        '",,lcc,['        form = ReportUserForm(request.POST)'],,lcc,43b09bf2cf11206d57ef722d796e2250d60d38db8c309917
python,1.0,4413,"Next line of code:
",84,"```python
    @property
    def field_names(self):
        return ['project_reviewed', 'license_approved', 'active', 'reviewer_whiteboard']
```

Continuing the code:

```python
    @property
    def page_title(self):
        """"""The HTML page title.""""""
        return ""Review %s"" % self.context.title

    def setUpFields(self):
        """"""Setup the fields for",,lcc,"[""    field_names = ['name', 'summary', 'branch', 'releasefileglob']""]",,lcc,c87c42b130a11ba81e64078e5be1ddb51be6aa08d42fa60d
csharp,1.0,511,"Next line of code:
",84,"```csharp
				}
			}
		}
		#endregion
	}
}
```

### Explanation:
- The `ApplyTo` method is being defined, and the code is incomplete.
- The `if (m_props.RightToLeft)` block is partially implemented.
- The `try-catch` block is in progress, and the closing `}` for the `if` statement is missing.
- The",,lcc,['\t\t\t\ttry { RtlApplyToControls(form.Controls); }'],,lcc,6d015d2fedcdf18b400b44406bfa6c05a907c32559c2fac3
java,1.0,917,"Next line of code:
",84,"```java
                temp >>= 8;
            }
        }
        return arr;
    }
}
```

### Explanation:
- The `writeByteArray()` method is responsible for converting the numeric value into a byte array, following the ID3v2 variable-length encoding rules.
- The loop iterates from the most significant byte to the least significant byte.
- It extracts each byte using a bitwise AND with `0xFF",,lcc,['                temp >>= 8;'],,lcc,de844ece27c689ffd57823fb8131dd2a4050b2ce6d5802d8
python,1.0,1382,"Next line of code:
",84,"```python
                if flag == constants.isa_tag_type:
                    new_positional_tags_list.append(
                        TagRegex(include=True, regex=regex))
                elif flag == constants.variant_tag_type:
                    new_positional_tags_list.append(
                        TagRegex(include=True, regex=regex))
                elif flag == constants.length_tag_type:
                    new_positional_tags_list.append(
                        TagRegex(include=True, regex=regex",,lcc,"[""                if flag == 'exclude_tags':""]",,lcc,0eae36deb9dbeb31e09db8bd01a91ef5b679925d700f9563
csharp,1.0,545,"Next line of code:
",84,"```csharp
                return new object[0];
            }
        }
    }
}
```

### Summary:
- The `GenericParameter` class is an abstract base class that implements many of the `Type` interface methods.
- It's designed to be a placeholder or base type for generic parameters (like method or type generic parameters).
- The `MethodGenericParameter` and `TypeGenericParameter` classes inherit from",,lcc,['                return new object[0];'],,lcc,d9e11801221dccea3ae87a56625d947443bb2bb387b8a83d
python,1.0,557,"Next line of code:
",84,"```python
        0x06: 'OBD-II and OBD-I',
        0x07: 'OBD-I',
        0x08: 'OBD-II',
        0x09: 'OBD-I and OBD-II',
        0x0A: 'OBD-II and OBD-I',
        0x0B: 'O",,lcc,"[""        0x06: 'EOBD (Europe) ',""]",,lcc,bfeb58c9afcb4b7dfc22c93238798de6b1c61704eb37134a
python,1.0,1595,"Next line of code:
",84,"```python
		# Start the main loop
		self.bus.add_signal_receiver(self.handle_name_owner_changed, 'NameOwnerChanged', 'org.freedesktop.DBus', path='/org/freedesktop/DBus')
		self.add_standard_objects()
		# Wait for the service to be ready
		if ready_pipe != -1:
			os.close(ready_pipe)
			os.waitpid(os.read(",,lcc,['\t\tloop = gobject.MainLoop()'],,lcc,fe11c4d3c4d9b1392973aed3ba28df9d9cf6a13123cc8e59
csharp,1.0,1615,"Next line of code:
",84,"```csharp
                this.AddRes(index, typeof(BlackPearl), 1044353, 1, 1044361);
                this.AddRes(index, typeof(SpidersSilk), 1044354, 1, 1044362);
                this.AddRes(index, typeof(SwitchItem), 1",,lcc,"['                this.AddRes(index, typeof(BlackPearl), 1044353, 1, 1044253);']",,lcc,faf59e122b5cf0c3acab0447bcd6a53f208c972065c8414a
python,1.0,1358,"Next line of code:
",84,"```python
        # We need to make sure that the session is closed after the request
        # context is popped.  This is done by calling the session's close()
        # method.  If the session is not available, we do nothing.
        if self.session is not None:
            self.session.close()
        # If the request context is popped, we need to check if there is an
       ",,lcc,['        app_ctx = self._implicit_app_ctx_stack.pop()'],,lcc,5cba5adbc6ed3521940b6a136fc48a061a432b5260ca8c1f
python,1.0,2251,"Next line of code:
",84,"```python
    """""" All pub/sub consumers.
    """"""
    return _pubsub_consumer(session, cluster_id, query_wrapper)
```

Here's the completed code with the missing line added:

```python
# ################################################################################################################################
def pubsub_consumer_list(session, cluster_id, topic_name, needs_columns=False):
    """""" All pub/sub consumers.
    """"""
    return _pubsub_consumer(session, cluster_id, query",,lcc,"['    response = _pubsub_consumer(session, cluster_id, query_wrapper)']",,lcc,9621a523cfd2361541d82c5585397ca2326e223496d5585c
java,1.0,1149,"Next line of code:
",84,"```java
            if (resourceEntityForRelease != null) {
                result.add(resourceEntityForRelease);
            }
        }
        return result;
    }
}
```

### Explanation:
- The method `getConsumedRelatedResourcesByRelease` is intended to extract the best matching `ResourceEntity` for each `ResourceGroup` in the list of `resources` based on the given `release`.
- It uses",,lcc,['            if (resourceEntityForRelease != null) {'],,lcc,693b0b0207d00086cfcee5f5943068055d8630c9db62e018
python,1.0,1057,"Next line of code:
",84,"```python
    axis_proj = _axis_in_detector(ray_trafo.geometry)
```

Continuing the function:
```python
    # Find distance from projection of rotation axis for each pixel
    dx = (axis_proj[0] * ray_trafo.range.meshgrid[1] +
          axis_proj[1] * ray_trafo.range.meshgrid[2])
    # Compute angles
    phi = np",,lcc,['        dx = ray_trafo.range.meshgrid[1]'],,lcc,6515bcd028819c4ca6bc104bc8610724275c7ed4d429f30c
python,1.0,1751,"Next line of code:
",84,"```python
            return regx
```

Here's the completed code with the final line added:

```python
class ProviderProxy:
    def __init__(self):
        self.Type = 'GlypeProxy'
        self.param = 'browse.php?u='
        self.option = '&b=32&f=norefer'
        self.enabled = False
        self.url = None
       ",,lcc,"['            logger.log(u""Proxified REGEX: "" + regx, logger.DEBUG)']",,lcc,73869275419cb7e29c3d7b53bed42f41e39223637ced7d1d
csharp,1.0,726,"Next line of code:
",84,"```csharp
			return font_size_names[(int)type] ?? unit.ToString (fmt);
		}
```

Here's the completed code with the missing part:

```csharp
		public string ToString (IFormatProvider fmt)
		{
			return font_size_names[(int)type] ?? unit.ToString (fmt);
		}
	}
}
```

### Explanation:
- The `ToString`",,lcc,['\t\t\tif (type == FontSize.NotSet)'],,lcc,a1362f2667219e18121103e3f58abc48d5b819038a41374c
csharp,1.0,924,"Next line of code:
",84,"```csharp
throw new InvalidCipherTextException(""BlockLength does not match modulus for Naccache-Stern cipher.\n"");
```

So the completed code for the `AddCryptedBlocks` method is:

```csharp
public byte[] AddCryptedBlocks(
    byte[] block1,
    byte[] block2)
{
    // check for correct blocksize
    if (forEncryption)
   ",,lcc,['\t\t\t\t\t\t|| (block2.Length > GetInputBlockSize()))'],,lcc,dc4f68ed20529e95f1739fef515a496692b2f641f11bc128
csharp,1.0,537,"Next line of code:
",84,"```csharp
Assert.That(((JObject)obj.Properties[0].Value).Properties[0].Key, Is.EqualTo(""The outermost value""));
Assert.That(((JObject)obj.Properties[0].Value).Properties[0].Value.ToString(), Is.EqualTo(""must be an object or array.""));
Assert.That(((JObject)obj.Properties[0].Value).Properties[1].Key, Is.EqualTo(""In this test""));
",,lcc,['\t\t\tobj = (JObject)obj.Properties[0].Value;'],,lcc,05a84c831d09b24c15be892934f316b53ccabf77bfe3253f
java,1.0,1282,"Next line of code:
",84,"```java
                for (int w = 0; w < width; w++) {
                    for (int h = 0; h < height; h++) {
                        String v1 = """" + w + ""-"" + h;
                        String v2 = """" + w + ""-"" + (h + 1);
                        if (h < height - 1) {
                            edges.add(T2(v1,",,lcc,['                for (int w = 0; w < width; w++) {'],,lcc,74db7236c3c75feb5089de045fc0919ca9061c171999a049
python,1.0,761,"Next line of code:
",84,"```python
    ds.config[""imaging""][""pixel size""] = 0.34
```

This line sets the pixel size in the dataset configuration, which is necessary for the `dclab` library to correctly interpret pixel-based measurements like area or volume. It's a continuation of the `test_with_rtdc` function, which is testing the integration of the `isoelastics` module with",,lcc,['    i1 = iso.get_default()'],,lcc,815f132424cf8772d1a660e02d231ddd3309d07fe636e616
java,1.0,1331,"Next line of code:
",84,"```java
        final File tmpDir = new File(System.getProperty(""java.io.tmpdir""));
        final File tmpFile = File.createTempFile(""bulkExport"", "".nt"", tmpDir);
        tmpFile.deleteOnExit();
        final TempTripleStore tmp = new TempTripleStore(tmpFile.getAbsolutePath(), properties);
```

Here's the completed code for the `bulkExport` method and the `main` method:

",,lcc,['        if (args.length < 2 || args.length > 3) {'],,lcc,0ab3fa6fa37f02b5f789515e8bd2a7357fa959242a06e4e3
python,1.0,706,"Next line of code:
",84,"```python
                    {u'Timestamp': datetime.datetime(2015, 12, 31, 21, 29, 47,
                                                     tzinfo=tzutc()),
                     u'ProductDescription': 'Windows',
                     u'InstanceType': 'g2.2xlarge',
                     u'SpotPrice': '0.105300',
                    ",,lcc,"[""                    {u'Timestamp': datetime.datetime(2015, 12, 31, 21, 29, 47,""]",,lcc,ec079a446c9b8d37501282c4d7ea9038eeec3621948ada9e
java,1.0,519,"Next line of code:
",84,"```java
			return performDownload();
		}
		return false;
	}
```

Here's the completed code for the `downloadAndInstall()` method and the rest of the class:

```java
	/**
	 * This should download and install Yarta.
	 * 
	 * When the function returns true Yarta will be installed.
	 * 
	 * @return true/false
	 */
	public boolean",,lcc,['\t\t\tString downloadedJarFile = performDownload();'],,lcc,2048127690b0643c5439f0746443d4a8223e39ac290d9891
csharp,1.0,469,"Next line of code:
",84,"```csharp
			OpenGL.glBlendFunc(OpenGL.GL_SRC_ALPHA, OpenGL.GL_ONE_MINUS_SRC_ALPHA);
			OpenGL.CheckGLError();
		}
		public void SetClearColor(Color color)
		{
			VerifyThreadAffinity();
			OpenGL.glClearColor(color.R / 255f, color.G / 255f, color.B / 255f, color",,lcc,['\t\t\tif (context != IntPtr.Zero)'],,lcc,704587a1d393bef058060b716bb0ae02a9df9635baed95b0
python,1.0,985,"Next line of code:
",84,"```python
        or self._data_container.get_matching_errors({""relative"": True, ""axis"": 1})
    @property
    def data_cov_mat(self):
        """"""2D array of shape ``(N, N)`` containing the data *xy* covariance matrix (projected
        onto the *y* axis).
        :rtype: numpy.ndarray
        """"""
        return self._data_container.get_matching",,lcc,['        projected onto the *y* axis. :py:obj:`None` if singular.'],,lcc,846340ba2c3c023a2837435e9ce17bc793645f33a20dcb42
java,1.0,703,"Next line of code:
",84,"```java
        return new CmsLink(m_structureId, m_target, m_query, m_anchor, m_type, m_internal);
    }
}
```

### Full Completed Code:

```java
package org.opencms.relations;
import org.opencms.util.CmsUUID;
import org.apache.commons.lang3.builder.HashCodeBuilder;
import org.apache.commons.lang3.builder.ReflectionToStringBuilder;
import org.apache",,lcc,['        if (this == EMPTY) {'],,lcc,1915494441abd4076b5a0f96dc9ffb2c41a828a4c1abde95
java,1.0,4345,"Next line of code:
",84,"```java
                  adminUser = getEucalyptusAdmin();
                  noCanonicalIdAccountIds.add(walrusObject.getOwnerId());
                } else {
                  accountIdAccountMap.put(walrusObject.getOwnerId(), owningAccount);
                }
              } catch (AuthException e) { // In case the account is deleted, skip the grant
                LOG.warn(""Account ID "" + walrusObject.getOwnerId",,lcc,['                  adminUser = getEucalyptusAdmin();'],,lcc,cf6d3d1f0f07aeb719a37db4e37a1cd437cb894df0b12bdd
csharp,1.0,666,"Next line of code:
",84,"```csharp
            add { _selectedFolderChanged += value; }
            remove { _selectedFolderChanged -= value; }
        }
        #endregion

        #region Initialization
        private void Initialize()
        {
            if (_initializationState != InitializationState.NotInitialized)
                return;

            _initializationState = InitializationState.Initializing;

            try
            {
                // Initialize the folder system
                _",,lcc,['            add { _selectedFolderChanged += value; }'],,lcc,2a81205ef1f5abf727ff63850ffd1162fadd475e92b2d3ca
java,1.0,616,"Next line of code:
",84,"```java
        final ImportVmTemplateCommand command = setupVolumeFormatAndTypeTest(VolumeFormat.RAW, VolumeType.Preallocated, StorageType.NFS);
        final ConstraintViolation violation = mock(ConstraintViolation.class);
        final Set<ConstraintViolation> violations = new HashSet<>();
        violations.add(violation);
        when(command.getValidator().getConstraintViolations()).thenReturn(violations);
        when(command.get",,lcc,['        ImportVmTemplateParameters parameters = createParameters();'],,lcc,b8a0388946b2d3e0cf2a7f1db681ccb8c70cc44275b2f173
csharp,1.0,650,"Next line of code:
",84,"```csharp
w10.LeftAttach = ((uint)(2));
w10.RightAttach = ((uint)(3));
w10.XOptions = ((global::Gtk.AttachOptions)(4));
w10.YOptions = ((global::Gtk.AttachOptions)(4));
```

Continuing the code:
```csharp
// Container child table1.Gtk.Table+TableChild
this.spinbuttonCpu",,lcc,['\t\t\tw10.TopAttach = ((uint)(1));'],,lcc,6261fc22209c7ae19b5098f7004853c527e546aedd74f793
python,1.0,1764,"Next line of code:
",84,"```python
            environ['%sCATEGORY' % POSTPROC_ENVIRO_ID] = self.category
        self.system['STATUS'] = self.status
        if self.status is not None:
            environ['%sSTATUS' % POSTPROC_ENVIRO_ID] = self.status
        self.system['SCRIPTSTATUS'] = self.scriptstatus
        if self.scriptstatus is not None:
            environ['%sSCRIPT",,lcc,"[""            environ['%sCATEGORY' % POSTPROC_ENVIRO_ID] = \\""]",,lcc,a5e1e43a793649afc91e7bd083f0d034f0df3e24509c448e
csharp,1.0,910,"Next line of code:
",84,"```csharp
			return new ConstructorBuilder(mb);
		}
		public MethodBuilder DefineMethod(string name, MethodAttributes attribs, CallingConventions callingConvention, Type[] parameterTypes, Type[][] requiredCustomModifiers, Type[][] optionalCustomModifiers)
		{
			if (attribs == 0)
			{
				attribs = MethodAttributes.Public;
			}
			if ((attrib",,lcc,['\t\t\treturn new ConstructorBuilder(mb);'],,lcc,6b78cc0ec714622bb22d89aa972b1eae59e59788b357955a
csharp,1.0,1897,"Next line of code:
",84,"```csharp
      return new Builder().MergeFrom(prototype);
    }
    
    [global::System.Diagnostics.DebuggerNonUserCodeAttribute()]
    [global::System.Runtime.CompilerServices.CompilerGeneratedAttribute()]
    [global::System.CodeDom.Compiler.GeneratedCodeAttribute(""ProtoGen"", ""2.3.0.277"")]
    public sealed partial class Builder : pb::GeneratedBuilder<SendInvitationRequest, Builder>",,lcc,['      return (Builder) new Builder().MergeFrom(prototype);'],,lcc,773a363f2c8a3fdcc084a85466fde2a1350769f67776f1f4
java,1.0,1059,"Next line of code:
",84,"```java
                    vertices[x] = getVertex(getVertIndex(i, x));
                }
            }
        }
    }
```

Continuing the code:

```java
    /**
     * Returns the index of the vertex in the vertex array for the x-th vertex of the quad.
     * 
     * @param quadIndex
     *            The index of the quad.
     * @param x
    ",,lcc,['                    vertices[x] = new Vector3f();'],,lcc,1354213b38f26ed15b8f898742ff5002cfb7db09baf32dd7
java,1.0,1920,"Next line of code:
",84,"```java
        if (CmsStringUtil.isNotEmptyOrWhitespaceOnly(showDateData)) {
            String[] dateColumns = CmsStringUtil.splitAsArray(showDateData, ';');
            for (String dateColumn : dateColumns) {
                if (dateColumn.equals(COLUMN_NAME_DATECREATED)) {
                    result.add(COLUMN_NAME_DATECREATED);
                } else if (dateColumn.equals(COLUMN_NAME_DATEMOD",,lcc,['        if (CmsStringUtil.isNotEmptyOrWhitespaceOnly(showDateData)) {'],,lcc,5b8e2643405d58c8009b6c2812341072d705748a64e8f971
csharp,1.0,583,"Next line of code:
",84,"```csharp
yield return new WaitForSeconds(0.1f);
```

Continuing the code:
```csharp
			if (dynamicHeight)
			{
				// Calculate the required height based on the text
				float textHeight = 0f;
				float textWidth = 0f;
				int lineCount = 0;

				if (inputField.text.Length > 0)
			",,lcc,['\t\t\tyield return new WaitForEndOfFrame();'],,lcc,6f54b8bdeec79fa980ac72092ce615f8de384ea5d04ccc11
csharp,1.0,638,"Next line of code:
",84,"```csharp
        Height = GetBestHeight();
      }
      base.OnSizeChanged(e);
    }
    #endregion
    //--------------------------------------------------------------------------------
    #region PRIVATE ROUTINES
    //--------------------------------------------------------------------------------
    private void DrawArrow(Graphics g, Image imgArrow, RectangleF rect)
    {
      g.DrawImage(imgArrow, rect);
    }
    #endregion
    //--------------------------------------------------------------------------------
    #region EVENT HANDL",,lcc,['        int h = GetBestHeight();'],,lcc,9ee2a42b13526dd952de8a27bb5404cee70aa93dc9e35ee7
csharp,1.0,864,"Next line of code:
",84,"```csharp
                    lastUser = r[""CreatedBy""].ToString();
                }
                if (!string.IsNullOrEmpty(lastUser) && !Users.Contains(lastUser))
                {
                    Users.Add(lastUser);
                }
            }
            foreach (string user in Users)
            {
                SendEmailForUser(user, AErrors);
            }
        }
    }
}
```

### Summary of the Completed Code

The `TProcessData",,lcc,"['                    lastUser = r[""CreatedBy""].ToString();']",,lcc,fee4dc71675158dd9374b556629af2d83cdc0503955dba84
csharp,1.0,598,"Next line of code:
",84,"```csharp
				directions |= ScrollDirection.Right;
			if (Viewport.LastMousePos.Y >= Game.Renderer.Resolution.Height - EdgeScrollThreshold)
				directions |= ScrollDirection.Down;
			return directions;
		}
	}
```

This completes the `CheckForDirections` method, which determines scroll directions based on mouse position relative to the viewport edges. The method checks if the mouse is near the",,lcc,['\t\t\t\tdirections |= ScrollDirection.Right;'],,lcc,91b83a11b6dc2c86381251a96905d31244b8ac184fe12ef5
csharp,1.0,1562,"Next line of code:
",84,"```csharp
            // Validate that all discount criteria codes are unique
            foreach (string CriteriaCode in CriteriaCodesUsed)
            {
                int Count = 0;
                foreach (PcDiscountRow Row in DiscountTable.Rows)
                {
                    if (Row.DiscountCriteriaCode == CriteriaCode)
                    {
                        Count++;
                    }
                }
                if (Count > 1)
                {
                    // Display",,lcc,['            string[] CriteriaCodesUsedArray = CriteriaCodesUsed.ToArray();'],,lcc,56926abd2bf7483455bb0fefd23ad8e304fab1e8b70b8eee
csharp,1.0,722,"Next line of code:
",84,"```csharp
                stream.Read (buffer, 0, buffer.Length);
                var blob = new Blob (buffer);
                args.Add (filename, blob);
            }
        }
    }
}
```

### Explanation:
- `stream.Read (buffer, 0, buffer.Length);` reads the entire binary content of the file into the `buffer` array.
- `var blob = new Blob (buffer);",,lcc,"['                stream.Read (buffer, 0, buffer.Length);']",,lcc,50f7d00750145f888361c63d85ebf5e9fb68a039385b8255
python,1.0,879,"Next line of code:
",84,"```python
        return len(self._reqs[PayloadRequirementType.package]) == 0 and len(self._reqs[PayloadRequirementType.group]) == 0
```

This completes the `empty` property method of the `PayloadRequirements` class. It checks whether there are no package or group requirements in the object.

Here's the full completed code for the `empty` property:

```python
   ",,lcc,['        return not any(self._reqs.values())'],,lcc,59b6354e9591524b4ada354f2fa122917bcd1253262c12f2
csharp,1.0,1205,"Next line of code:
",84,"```csharp
			}
		}
		public bool CopyCustom
		{
			get { return _copyOption == CopyOption.CopyCustom; }
			set
			{
				if (!value)
				{
					_copyOption = CopyOption.CopyRange;
					NotifyPropertyChanged(""CopyCustom"");
					NotifyPropertyChanged(""CopyRange"");
				}
			}
		}
		public",,lcc,['\t\t\tget { return Enabled && _numberOfImages > 2; }'],,lcc,949612e418b169f935d6b0410ff5626ba21152c71a086f2d
csharp,1.0,614,"Next line of code:
",84,"```csharp
			get {
				return dataDir;
			}
		}
		public string CacheDirectory {
			get {
				return cacheDir;
			}
		}
		public string ConfigDirectory {
			get {
				return confDir;
			}
		}
		public ObjectPath SessionClientPath {
			get {
				return session_client_id;
			}
		}
		public void",,lcc,['\t\t\tget { return dataDir; }'],,lcc,e2ce1e79b1ea6b76bdda716904c17e746e52a6a0261ef941
java,1.0,733,"Next line of code:
",84,"```java
            if (bugAnnotation instanceof SourceLineAnnotation) {
                SourceLineAnnotation sla = (SourceLineAnnotation) bugAnnotation;
                if (sla.getFileName() == null) {
                    throw new IllegalStateException(""SourceLineAnnotation has no file name: "" + bugAnnotation);
                }
                if (sla.getStartLine() < 0) {
                    throw new IllegalStateException(""SourceLineAnnotation has start line < ",,lcc,['            if (bugAnnotation instanceof PackageMemberAnnotation) {'],,lcc,cb3e34be4795caaf719f520787549681e8b00fbac71530a7
csharp,1.0,1914,"Next line of code:
",84,"```csharp
public class Muffins : Food
{
    [Constructable]
    public Muffins() : base( 0x9eb )
    {
        Stackable = false;
        this.Weight = 1.0;
        this.FillFactor = 4;
    }
    public Muffins( int amount ) : base( amount, 0x9eb )
    {
        this",,lcc,"['\t[TypeAlias( ""Server.Items.Pizza"" )]']",,lcc,c539b59ccd2559e5f2823b3d0c876ed3d71dad59f7a6e121
csharp,1.0,993,"Next line of code:
",84,"```csharp
                        if (eFarm.MinionsHit >= 2)
                        {
                            E.Cast(eFarm.Position);
                        }
                    }
                }
            }
        }
        private void Farm()
        {
            if (ManaManager.HasEnoughMana(Menu.GetSlider(""JungleClearMana"")) && ManaManager.SpellFarm)
            {
                var mobs = MinionManager.GetMinions(Me.Position, R.Range,",,lcc,"['                        if (eFarm.MinionsHit >= Menu.GetSlider(""LaneClearECount""))']",,lcc,d8843d3a7c6577b304c94d48767a3f75337b2aeadd3c5f76
java,1.0,691,"Next line of code:
",84,"```java
		return get(x, y, width, height, 0.0, 0.0, DEFAULT_FILL, anchor);
	}
```

So the completed code is:

```java
	/**
	 * Returns a GridBagConstraint
	 * @param x
	 * @param y
	 * @param width
	 * @param height
	 * @param anchor
	 *",,lcc,"['\t\treturn get(x, y, width, height, 0.0, 0.0, DEFAULT_FILL, anchor);']",,lcc,9812a3e53ee25cf9a764b1de80d781f37d829475a8bf8980
python,1.0,709,"Next line of code:
",84,"```python
        fb = self._retr_file(filename)
```

Continuing the code for the `pollen` method:

```python
        if fb == '':
            return {}
        # Parse the XML content
        try:
            root = xml.etree.cElementTree.fromstring(fb)
        except Exception as e:
            logger.error(""Error parsing XML file {}: {}"".format(filename, e))
            return",,lcc,['        filexml = self._retr_file(filename)'],,lcc,140b5a1cf9a62eb1f7eac54fcb8dec74b23e9ea6e4d3d93a
python,1.0,559,"Next line of code:
",84,"```python
        self.assertEquals(field_def['pid'], 1)
        self.assertEquals(field_def['rules']['json'], 'title')
        self.assertEquals(field_def['rules']['marc'], '245__')
        self.assertEquals(field_def['rules']['value'], 'title')
        self.assertEquals(field_def['rules']['form'], 'title')
        self.assertEquals(field_def['rules']['type'], 'string')
       ",,lcc,"[""        value = {'a': 'Awesome title', 'b': 'sub title', 'k': 'form'}""]",,lcc,377a5cd5de82ca79a2db39ae2f6c6eefe06766c9245639af
csharp,1.0,2245,"Next line of code:
",84,"```csharp
                    new object[] {""E1"", ""10""});
                env.UndeployAll();
            }
        }
        internal class InfraHashBTreeWidening : RegressionExecution
        {
            private readonly bool namedWindow;
            public InfraHashBTreeWidening(bool namedWindow)
            {
                this.namedWindow = namedWindow;
            }
            public void Run(Regression",,lcc,"['                    new[] {new object[] {10L, ""E1""}});']",,lcc,3b38e1fde0c4d94fe262da07601e96359f818e86edae6271
python,1.0,2793,"Next line of code:
",84,"```python
        return np.array([[p.x, p.y, p.z] for p in pts])
```

Here's the completed code with the final line added:

```python
    def sample_orbit(self, primary=None, trailing=True, timespan=None, useTrueAnomaly=True):
        """"""
        Returns a nested list of xyz positions along the osculating orbit of the particle. 
        If primary",,lcc,['        c = self.copy()'],,lcc,87167f35efb4266c3e3919ffabd45083b35092d703ea2b45
python,1.0,739,"Next line of code:
",84,"```python
        })
    def render(self, cr, uid, id_or_xml_id, values=None, engine='ir.qweb', context=None):
        if request and getattr(request, 'website_enabled', False):
            engine = 'website.qweb'
            if isinstance(id_or_xml_id, list):
                id_or_xml_id = id_or_xml_id[0]
            if not context:
                context = {}
",,lcc,"['        view = self.browse(cr, SUPERUSER_ID, res_id, context=context)']",,lcc,f1012042daf639a1e2d064433991b95b1734be709802fbc1
java,1.0,980,"Next line of code:
",84,"```java
            value = createHTMLView(c, text);
        }
        if (value != null) {
            c.putClientProperty(BasicHTML.propertyKey, value);
        } else {
            c.putClientProperty(BasicHTML.propertyKey, null);
        }
    }
```

The complete code with the added lines is:

```java
    /**
     * Stash the HTML render for the given text",,lcc,"['            value = BasicHTML.createHTMLView(c, text);']",,lcc,79f8206b5d5b0bfc5beeb608d3ce99dca25c4d4a1db02f09
python,1.0,633,"Next line of code:
",84,"```python
    s = create(filename, content=content)
    assert s.name_is_non_test or s.name_is_conformance_support
    assert s.content_is_testharness
    assert items(s) == [(""testharness"", ""/html/test."" + ext)]
```

### Explanation:
- This test case is for files that are **test harness files** (i.e., they are test scripts that run",,lcc,"['    s = create(filename, content)']",,lcc,d15c99c3eb39bc99358e7e6768ef9b03d171255c2c8c033a
csharp,1.0,620,"Next line of code:
",84,"```csharp
				mapping.sqlloader = namedQueryReference;
			}
		}
		#endregion
	}
}
```

### Explanation:
- The `Loader` method is part of the `IMapPropertiesMapper` interface.
- It sets the `sqlloader` property of the `mapping` object to the provided `namedQueryReference`.
- This is used to reference a named query that will",,lcc,['\t\t\t\tmapping.loader = new HbmLoader();'],,lcc,941de4a30042444c37ae61552e7f11d288717b818793b5d1
csharp,1.0,670,"Next line of code:
",84,"```csharp
writer.WriteEncodedInt( (int) m_Members.Count );
```

Continuing the `Serialize` method:
```csharp
for ( int i = 0; i < m_Members.Count; ++i )
{
    PlayerState pl = m_Members[i];
    if ( pl != null )
    {
        pl.Serialize( writer );
    }
}

if ( version >= 2",,lcc,['\t\t\twriter.WriteEncodedInt( (int) m_Members.Count );'],,lcc,8beb1da6b11326207584621c562d0cde00dc7c7e21ffd3f0
java,1.0,2259,"Next line of code:
",84,"```java
        invocationQueue.pop();
    }
```

Here's the completed code with the missing line:

```java
    private void popInvocation() {
        invocationQueue.pop();
    }
```

This completes the `InliningData` class by adding the missing `popInvocation()` method, which is used to remove the topmost `MethodInvocation` from the `invocationQueue`. This is essential for managing the",,lcc,['        assert graphQueue.size() <= maxGraphs;'],,lcc,67ef14339142182591850f1edd39a2ecbd4e4b7e0f37c376
python,1.0,951,"Next line of code:
",84,"```python
                self.args['pytest'] = pytest
            else:
                self.args['pytest'] = self.args['pytest']
        else:
            self.args['pytest'] = self.args['pytest']
```

The code is incomplete and appears to be part of a larger script that sets up and runs Docker containers for testing, likely in a CI/CD environment. The `create_pytest_command` method is",,lcc,"['                self.args[\'pytest\'] = ""py.test {}"".format(pytest)']",,lcc,7b8b8a69f57173dd972113558b3540a67621319e219d30c4
java,1.0,810,"Next line of code:
",84,"```java
                if (phi) {
                    ValuePhiNode phi = getCachedPhi(key, value.stamp());
                    for (int i = 0; i < states.size(); i++) {
                        ValueNode cachedValue = states.get(i).readCache.get(key);
                        if (cachedValue != null) {
                            effects.replaceAtUsages(cachedValue, phi);
                        }
                    }
                    materializedPh",,lcc,['                if (phi) {'],,lcc,f6536b39e8505ccb4c694576fea0f11053ae3a52c68fe5c6
java,1.0,587,"Next line of code:
",84,"```java
        if (mCallback != null) {
            try {
                mCallback.handleCallSessionEvent(event);
            } catch (RemoteException ignored) {
            }
        }
    }
```

### Explanation:
- This method `handleCallSessionEvent` is part of the `Connection.VideoProvider` interface.
- It is called when a call session event occurs (e.g., call state changes).
- The",,lcc,['        if (mCallback != null) {'],,lcc,eda13b1d2aeeeac450c99e7b1bd4ab5d92449eda79b54da5
csharp,1.0,854,"Next line of code:
",84,"```csharp
                from.SendLocalizedMessage(1019002); // You are too far away to use the gate.
            }
        }
    }
}
```

This is the continuation of the `OnResponse` method in the `InternalGump` class of the `MoonstoneCrystal` class. It checks if the button clicked corresponds to a valid location in the `MoonstoneCrystal.Locations",,lcc,"['\t\t\t\tGump g = new Gump(0, 0);']",,lcc,93191c3c840c04430c2e0222e3643013a8af4e2b709e6f95
python,1.0,609,"Next line of code:
",84,"```python
    'BibrecBibxxx',
])
```

Here's the completed code with the missing line:

```python
# -*- coding: utf-8 -*-
#
# This file is part of Invenio.
# Copyright (C) 2014, 2015 CERN.
#
# Invenio is free software; you can redistribute it and/or
# modify",,lcc,['] + models)'],,lcc,588825a49d4fdd244fc2fb3cce5086b306490b945a3bc787
python,1.0,744,"Next line of code:
",84,"```python
        user = '%s@%s' % (username, domain)
        data = self.module.get(user)
        if data is None:
            raise UserNotFound(username, domain)
        else:
            self.module.delete(user)
            # Remove user from all_users list
            users = self.module.get('all_users', set())
            users.discard(user)
            self.module.set('all_users',",,lcc,"[""        user = '%s@%s' % (username, domain)""]",,lcc,a94d83a5503d88913110cc5d278d085fdccea0e30d2e9d9b
python,1.0,2528,"Next line of code:
",84,"```python
        # This is a placeholder for the save method, which is not needed for MOFile
        # as MOFile is not supposed to be saved directly, but rather through the
        # to_binary method.
        pass
    # }}}
```

Here's the completed code with the missing part filled in:

```python
class MOFile(_BaseFile):
    '''
    Mo file reader/w",,lcc,"['          - *fpath*: string, full or relative path to the file.']",,lcc,a80d3f058a72bdd5747b39d44c4b55204d02f090d3568cee
python,1.0,873,"Next line of code:
",84,"```python
    if not res['OK']:
      gLogger.error( ""Failed to get problematic files for transformation %s"" % transID )
      return res
    if not res['Value']:
      gLogger.info( ""No problematic files found for transformation %s"" % transID )
      res = self.transClient.setTransformationParameter( transID, 'Status', 'ValidatedOutput' )
      if",,lcc,"[""    if not res['OK']:""]",,lcc,924bc05657c826f5fa04974021bf21c5946ff1d3a39ea9ef
java,1.0,1604,"Next line of code:
",84,"```java
			{
				// Check if the URI is allowed
				if (allowedProtocols.contains(uri.getScheme())) {
					return ExternalLinkToadlet.escape(uri.toString());
				} else {
					throw new CommentException(l10n(""protocolNotEscaped"", ""protocol"", uri.getScheme()));
				}
			}
		} catch (URISyntaxException e) {
			Logger",,lcc,['\t\t\tString path = uri.getPath();'],,lcc,e19ebd2a302575d8fb0c11be6536df7e0face2889546ed8d
python,1.0,958,"Next line of code:
",84,"```python
        gsp = yield self.setupGerritStatusPush(summaryCB=sampleSummaryCB)
        msg = yield self.run_fake_summary_build(gsp, [buildResult], buildResult,
                                               resultText, expWarning=False)
        result = makeReviewResult(msg,
                                  (GERRIT_LABEL_VERIFIED, verifiedScore))
        gsp.sendCodeReview.assert_called_once_with(self.TEST_PROJECT,
                                                  ",,lcc,"['        gsp = yield self.setupGerritStatusPush(reviewCB=sampleReviewCB,']",,lcc,6dad6c68d75d75e242d0bbeb5900a85521954edf3aeb5975
python,1.0,629,"Next line of code:
",84,"```python
    self.category = atom.Category()
```

Continuing the code:

```python
  def testEmptyCategoryToAndFromString(self):
    string_from_category = self.category.ToString()
    new_category = atom.CategoryFromString(string_from_category)
    string_from_new_category = new_category.ToString()
    self.assert_(string_from_category == string_from_new_category)
    self.assert_(new_category.text == self.category.text",,lcc,['    self.category = atom.Category()'],,lcc,0bad08e092a4b3c97228cda53b001b7ddfd62dc3a8be077b
java,1.0,2339,"Next line of code:
",84,"```java
            Map<String, AnnotationMirror> r2) {
            Map<String, AnnotationMirror> result = new HashMap<>();
            for (Map.Entry<String, AnnotationMirror> entry : r1.entrySet()) {
                if (r2.containsKey(entry.getKey())) {
                    result.put(entry.getKey(), r2.get(entry.getKey()));
                } else {
                    result.put(entry.getKey(), entry.getValue());
                }
            }
            return",,lcc,"['                Map<String, AnnotationMirror> r2) {']",,lcc,0d5ebe09775314436fb1f120cb4c0d408be485ca49b27ab0
python,1.0,2052,"Next line of code:
",84,"```python
        row = sub.row()
        row.prop(mat, ""use_transparent_shadows"", text=""Transparent Shadows"")
```

Here's the completed code with the missing line added:

```python
class MATERIAL_PT_options(MaterialButtonsPanel, Panel):
    bl_label = ""Options""
    COMPAT_ENGINES = {'BLENDER_RENDER', 'BLENDER_GAME'}
    @classmethod
    def poll(cls",,lcc,['        col = split.column()'],,lcc,6303ed98c58fa08f8639667add933df524657e812b3495b5
csharp,1.0,1369,"Next line of code:
",84,"```csharp
            //MAPPER 16
            if (_engine.Memory.Map.Cartridge.MapperNo == 16)
            {
                var map16 = (Mapper16) _engine.Memory.Map.CurrentMapper;
                mapper16_IRQEnabled = map16.IRQEnabled;
                mapper16_irq_counter = map16.irq_counter;
                mapper16_irq_clock = map",,lcc,['            if (_engine.Memory.Map.Cartridge.MapperNo == 16)'],,lcc,23b0090fa6618a3171db2086d8cc9478f03e22182380161d
java,1.0,594,"Next line of code:
",84,"```java
                    _jMnuRoot.add(new JMenuItem(""Open Document"", KeyEvent.VK_O));
```

Continuing the code with the rest of the method:

```java
            };
            _jMnuRoot.add(new JMenuItem(""Open Document"", KeyEvent.VK_O));
        }
        private void insertMenus() {
            jMnuOptions.add(jJavaMenuItem = new JRadioButtonMenuItem(""Java""));
            jM",,lcc,['            String[] sTDocUrls = m_oInspector.getTDocUrls();'],,lcc,4d661a278930364d65e248d5f8bbbf7992b0f866443d527f
csharp,1.0,1340,"Next line of code:
",84,"```csharp
		Add(""Party Quest"", 70025); // Party Quest Scroll [10 Red Bears]
```

Here's the completed code with the missing line added:

```csharp
public class AranwenShop : NpcShopScript
{
	public override void Setup()
	{
		//----------------
		// Party Quest
		//----------------
		// Page 1",,lcc,"['\t\tAdd(""Party Quest"", 70025); // Party Quest Scroll [30 Red Bears]']",,lcc,972aa86922fe3fc5000647badc4783f41e4e10f292b5d31b
csharp,1.0,853,"Next line of code:
",84,"```csharp
			int totalHeight = 0;
			foreach (View child in this.GetChildAt(0) as Java.Lang.Object) {
				if (child is UIView) {
					totalHeight += ((UIView)child).Frame.H;
				}
			}
			return Math.Max(min, totalHeight);
		}
	}
```

This code defines the `SizeHeightToFitWithMin` method",,lcc,"['\t\t\tMeasure (0, 0);']",,lcc,d9359fe4b11ff3d0cc4c2102fccceb75920f6435962b6b84
python,1.0,846,"Next line of code:
",84,"```python
        return f""{self.announcement} (Tweet ID: {self.tweet_id})""
```

Full completed class:
```python
class AnnouncementTwitterCrossPublication(models.Model):
    """"""
    Cross-publication marker for the Twitter platform.
    This simple model stores three pieces of information:
    - the cross-published announcement,
    - the tweet ID of the cross-publication (for history in case of",,lcc,"[""        return '%s -> %s' % (self.announcement, self.tweet_id)""]",,lcc,795a770e3d8fd600446fa22b4ced986b2139cc631f903b24
python,1.0,1773,"Next line of code:
",84,"```python
lexers['php'] = PhpLexer(startinline=True, nocache=True)
```

So, the complete code block would be:

```python
# Enable proper highlighting for inline PHP by tuning Pygments' PHP lexer.
# See also http://mbless.de/blog/2015/03/02/php-syntax-highlighting-in-sphinx.html
# Load PhpLexer
from sph",,lcc,"[""lexers['php'] = PhpLexer(startinline=True)""]",,lcc,9ff8464a2c0b3eaf3e56da2bde63d1a0b3109df20a251c6e
python,1.0,1259,"Next line of code:
",84,"```python
                 ORDER BY sdate, stime ''', (call_sign,))
```

The code is incomplete and has several issues. Here's the **completed and corrected version** of the code, with explanations for the key parts:

---

### ✅ **Completed and Corrected Code**

```python
import settings
import string
import datetime
import time
from time import mktime
import sqlite3
import",,lcc,"[""                 ORDER BY sdate, stime ''', (i,))""]",,lcc,3a72959ac7abd9d2f988ade3c891be2582b4b66a6cc74678
python,1.0,896,"Next line of code:
",84,"```python
        r = conn.table('projects').update(
            [{'id': project_id, 'last_snapshot': timestamp} for project_id, timestamp in new_snapshots.items()]
        )
```

This line of code continues the `db_set_last_snapshot` function by connecting to the RethinkDB database and updating the `last_snapshot` field for each project in the `projects` table with the provided timestamps",,lcc,['        last_snapshot = timestamp_to_rethinkdb(timestamp)'],,lcc,d6e15d0ebb2aa304bba431f5e996732e5585011c1cec782a
csharp,1.0,1740,"Next line of code:
",84,"```csharp
				break;
			case ""skill_campfire"":
				if (!HasSkill(SkillId.Campfire))
				{
					if (!HasKeyword(""deian_01""))
					{
						GiveItem(1012); // Campfire Manual
						GiveItem(63002, 5); // Firewood
						GiveKeyword(""de",,lcc,"['\t\t\t\tMsg(""Welcome to the real world..."");']",,lcc,2c8143e18e8a59b4e401fca8446e57b31d54c7fc033009c7
python,1.0,2041,"Next line of code:
",84,"```python
class VoteRevokedResponse(Response):
    def __init__(self, cmd, restag, rescode, resstr, datalines):
        """"""
		attributes:
		name	- aname/ename/gname
		""""""
        Response.__init__(self, cmd, restag, rescode, resstr, datalines)
        self.codestr = 'VOTE_REVOK",,lcc,['\t\tname\t- aname/ename/gname'],,lcc,997526c4ebbb7938e65ea14362c83fde9d979401f5f5f445
python,1.0,793,"Next line of code:
",84,"```python
    def __init__(self):
        super(CallbackModule, self).__init__()
        self._output_dir = os.getenv('JUNIT_OUTPUT_DIR', os.path.expanduser('~/.ansible.log'))
        self._task_class = os.getenv('JUNIT_TASK_CLASS', 'False').lower()
        self._fail_on_change = os.getenv('JUNIT_FAIL_ON_CHANGE', 'False').lower()
       ",,lcc,['        self.start = time.time()'],,lcc,1be8fdfd322b9ece97d70593dac71eecdd59539ab7ef69d7
java,1.0,690,"Next line of code:
",84,"```java
                Intent openIntent = new Intent(Intent.ACTION_VIEW, Uri.parse(uri));
                startActivity(openIntent);
            }
        }
    }
}
```

### Explanation:
- The `onPostExecute` method is where the result of the `ResolveUrl` background task is processed.
- If there was a **no connection error**, a toast is shown with the message and the URL.
- If there was a **",,lcc,"['                Intent intent = new Intent(Intent.ACTION_VIEW, Uri.parse(uri));']",,lcc,6a8feeca0aea2095a4c5fc0c58f18f3456556c6af9b7374a
python,1.0,918,"Next line of code:
",84,"```python
    if len(primary.keys()) > 0:
        print(""primary.xml contains packages:"")
        for key in primary.keys():
            pkg = primary.items[key]
            print(""\t"" + build_nevra(pkg.name, pkg.epoch, pkg.version, pkg.release, pkg.arch))
        raise AssertionError(""primary.xml contains packages"")
```

### Explanation:
- This step is designed to verify that the `",,lcc,['    if (len(primary.keys()) > 0):'],,lcc,fd3a1a817ea75abb6d8f7040fcfb3ee43dbfe07e4e6d9408
python,1.0,791,"Next line of code:
",84,"```python
            build_ext = self.get_finalized_command('build_ext')
            inputs.extend(build_ext.get_outputs())
        return inputs
```

### Explanation:
This is the continuation of the `get_inputs()` method, which is used to determine the list of input files that are installed by the `install_lib` command. The method is responsible for gathering all the files that are to be installed, including both pure",,lcc,"[""            build_ext = self.get_finalized_command('build_ext')""]",,lcc,b6029cffa6f017e686e2303165fc1ebc437fad4e837e5e05
csharp,1.0,3626,"Next line of code:
",84,"```csharp
			for (int j = 0; j < lazyPropertyNames.Length; j++)
			{
				string propertyName = lazyPropertyNames[j];
				int propertyNumber = GetSubclassPropertyIndex(propertyName);
				int tableNumber = GetSubclassPropertyTableNumber(propertyNumber);
				int[] colNumbers = subclassPropertyColumnNumberClosure[propertyNumber];
				int[] formNumbers = subclassPropertyFormulaNumber",,lcc,['\t\t\tfor (int j = 0; j < lazyPropertyNames.Length; j++)'],,lcc,afaa47c3e50b88c722f2e7e2f9bb3b1204f8b80e185f355f
python,1.0,1274,"Next line of code:
",84,"```python
        '-q', 'all.q',  # Use a queue that allows all users
        '-l', 'h_rt=00:10:00',  # Set a 10-minute runtime limit
        '-l', 'h_vmem=%dG' % request['job_max_vmem'],  # Set max memory
        '-l', 'h_cpu=0",,lcc,"[""        '-l', 'h_vmem=%dM' % request['job_max_vmem'],""]",,lcc,9ac83f0cb7aff9cd52581d7e6d5bce356b4f5531fcc7b4f2
csharp,1.0,1017,"Next line of code:
",84,"```csharp
            return View(""Form"", new DelegateViewModel());
        }
        // remove a relationship (EventDelegate) between Event (parent) Delegate (child) 
        [HttpPost]
		[RolesRequired(""Admin"",""SaveEventDelegate"")]       
        public ActionResult UnLinkEventDelegate(int modelId , int[] items)
        {
            var result = true;
            try
            {
                items.DefaultIf",,lcc,"['            return View(""Form"", new DelegateViewModel());']",,lcc,abeb767e6c37cee48470e6764ac480ad487fef3e3fc93bba
csharp,1.0,668,"Next line of code:
",84,"```csharp
                    {
                        var circle = (Circle)obj;
                        return string.Format(""Circle: {0} {1} {2} {3} {4}"", circle.Draw, circle.Radius, circle.Fill, circle.Color, circle.Thickness);
                    }
                    if (obj is KeyBind)
                    {
                        var keybind = (KeyBind)obj;
                        return string.Format(""Keybind: {",,lcc,['                        var circle = (Circle) obj;'],,lcc,9db6b4d2545835b0eb906eb67dce37abd8a18390ff3dd44b
python,1.0,545,"Next line of code:
",84,"```python
                else:
                    self.fail(_(""Unknown error""))
        if premium_url:
            self.download(premium_url)
        else:
            self.handleFree()
    def handlePremium(self):
        self.logDebug(""Handling premium download"")
        self.html = self.load(self.url)
        action = self.load(self.url, post={""checkDownload"": ""check""}, decode=True)
        action = json_loads(action)
",,lcc,"['                elif res[\'error_code\'] in [""606"", ""607"", ""608""]:']",,lcc,58414c770f11b4a32f9d1c67426fd6d8e2028e408a27f131
csharp,1.0,747,"Next line of code:
",84,"```csharp
			{
				if (path == null)
					return null;

				// Find the closest harvestable cell to the harvester's current position
				var closest = path[0];
				foreach (var pos in path)
				{
					if (harv.CanHarvestCell(self, pos) && claimLayer.CanClaimCell(self, pos))
					{
						closest =",,lcc,['\t\t\tif (path.Count > 0)'],,lcc,f964e1772f2adb4100531633f6287a54c98f80ddd622f9d8
python,1.0,750,"Next line of code:
",84,"```python
                        self.logger.error(""failed to restart dhcpd"")
                        return False
                    else:
                        self.logger.info(""dhcpd restarted"")
                elif which_dhcp_module == ""manage_dhclient"":
                    # dhclient is not a service, so no restart is needed
                    pass
                else:
                    self.logger.warning(""unknown dhcp module: %s"" % which_dhcp_module)
            else",,lcc,"['                       self.logger.error(""%s failed"" % service_name)']",,lcc,3cc6d50befc6ded615d39d3b18b791d8f06b80ca3b2642b3
java,1.0,575,"Next line of code:
",84,"```java
        return newEventBuilder().setSeverity(EventSeverity.INFO).setSource(source).setSequenceNumber(seqNo.get());
    }
```

Now, let's complete the rest of the code to make it functional and consistent with the rest of the class.

### ✅ Completed Code:

```java
    @Override
    public Event.Builder newEvent() {
        return newEventBuilder().setSeverity(EventSeverity",,lcc,['        long t = getMissionTime();'],,lcc,7630f3d4fd6c44654c13b705304c20adea2cf0798b4dc72c
csharp,1.0,2203,"Next line of code:
",84,"```csharp
            while (context = context.Suffix, context != PpmContext.ZERO)
            {
                if (context.NumberStatistics != 0)
                {
                    state = _allocator.ExpandUnits(context.Statistics, (context.NumberStatistics + 1) >> 1);
                    if (state == PpmState.ZERO)
                    {
                        goto RestartModel;
                    }
                    context.Statistics = state;
",,lcc,['            if (state != PpmState.ZERO)'],,lcc,6cc90781be873e3f526e24b432fa2997332f4aef86d6a696
csharp,1.0,1113,"Next line of code:
",84,"```csharp
                return new DicomAttributeSL(tag, bb);
            });
        /// <summary>
        /// The Signed Short VR.
        /// </summary>
        public static readonly DicomVr SSvr = new DicomVr(""SS"", false, false, true, 2, true, '\0', 2,
            delegate(DicomTag tag, ByteBuffer bb)
            {
                if",,lcc,"['                return new DicomAttributeSL(tag, bb);']",,lcc,b6d055c89ca6a6c261a27807c672673ece45777ad9806d2e
csharp,1.0,2057,"Next line of code:
",84,"```csharp
			string sessionID = tFull[3];
			if (!sessionValuesArray.Contains(sessionID))
				sessionValuesArray.Add(sessionID);
		}
		string [] sessionValues = (string[]) sessionValuesArray.ToArray(typeof(string));
		//now, for each session, get the types
		string [] allTypes = new string[0];
		foreach (string sessionID in sessionValues",,lcc,['\t\t\tint sessionID = Convert.ToInt32(tFull[3]);'],,lcc,5d7f05b8f84258ef580014f750f774d8eb4af59aa074f04a
python,1.0,694,"Next line of code:
",84,"```python
        self.assertEquals(b'abcdefghij\x00\x00\x00\x00', self.read(o))
```

Here's the completed code with the missing line:

```python
class FileHandling(TestCase):
    def file(self, contents):
        import tempfile
        temp = tempfile.TemporaryFile()
        temp.write(contents)
        temp.flush()
        temp.seek(0)
        return temp",,lcc,"[""        o = self.file(b'abcdefghij')""]",,lcc,8ed6880ab3b5c6188940a9999bc369708c565891b8d871f2
csharp,1.0,478,"Next line of code:
",84,"    <td><?cs var:sdk.win64_bundle_bytes ?> bytes</td>
    <td><?cs var:sdk.win64_bundle_checksum ?></td>
  </tr>
  <tr>
    <td>Mac OS X (intel)</td>
    <td>
  <a onClick=""return onDownload(this)"" id=""mac-bundle""
     href=""http://dl.google.com/android/",,lcc,['    <td><?cs var:sdk.win64_bundle_bytes ?> bytes</td>'],,lcc,7a221b8009c1d73293e9a45c3c9dc18eb109dc4e8c6cef92
python,1.0,565,"Next line of code:
",84,"```python
    csi_95 = cr['combined'][app][test]['stats']['intervals'][0]['interval']
```

Continuing the function:

```python
    # Plot the individual data points
    durations = cr['combined'][app][test]['durations']
    ax.plot(durations, 'o', label='Individual Data')
    
    # Plot the 95% confidence interval",,lcc,['    ymin = csi_95[0]'],,lcc,728682005fc144f5d03a92ebb7f121b7ceb08648eff87ba8
python,1.0,2189,"Next line of code:
",84,"```python
class RunAsEffectiveUserTests(unittest.TestCase):
    """"""
    Test for the L{util.runAsEffectiveUser} function.
    """"""
    if getattr(os, ""geteuid"", None) is None:
        skip = ""geteuid/seteuid not available""
    def setUp(self):
        self.mockos = MockOS()
        self.patch(os, ""geteuid"", self.mockos",,lcc,"['        self._testUIDGIDSwitch(1, 0, 2, 1, [0, 2, 0, 1], [1, 0])']",,lcc,7e20f7645ae46306c1c075059d48f64e2003534e7b1502c4
java,1.0,518,"Next line of code:
",84,"```java
				} else {
					g.setColor(MetalLookAndFeel.getControl());
				}
			}
			int w = getIconWidth();
			int h = getIconHeight();
			int x0 = x + (w - controlSize) / 2;
			int y0 = y + (h - controlSize) / 2;
			g.translate(x0, y0);
			g",,lcc,"['\t\t\t\t\tdrawPressed3DBorder(g, x, y, controlSize, controlSize);']",,lcc,971fbab8c3ab0ce2be833fead765ea9d6620fe3529e6e4f2
python,1.0,685,"Next line of code:
",84,"```python
  def testKNNClassifierLong(self):
    self.runTestKNNClassifier(2)
```

The code is a test suite for the KNN classifier and PCA/k-NN classifier in the NuPIC framework. The `runTestKNNClassifier` method runs tests for both dense and sparse patterns, using different norms (L1 and L2), and the `runTestPCAKNN`",,lcc,"['  winner, _inferenceResult, _dist, _categoryDist = knn.infer(v[2])']",,lcc,397181750c46cc7bb5cfa79f1f6812770ddf55fc6dac89cd
java,1.0,681,"Next line of code:
",84,"```java
        final int index = (offset - headerSize()) / kind.width.numberOfBytes;
        mirror.writeElement(kind, index, value);
    }
}
```

### Explanation:
This code continues the `writeValue` method, which is used to write a value to a specific offset in an object. Here's what it does:

1. **Calculate the index** of the element in the array:
  ",,lcc,['        final int index = (offset - headerSize()) / elementSize();'],,lcc,0eae7d0813189dfb61921a6690103cb83cdea076b845d152
csharp,1.0,1081,"Next line of code:
",84,"```csharp
            {
                if (string.IsNullOrEmpty(relativePath)) {
                    return null;
                }
                string fullPath = FileUtils.CombinePaths(Parent.Directory, relativePath);
                if (File.Exists(fullPath)) {
                    Log(Level.Debug, ""Assembly found at relative path: {0}"", relativePath);
                    return fullPath;
                }
                return null;
            }
        }
    }
}
```

### Summary of",,lcc,['            if (!String.IsNullOrEmpty(relativePath)) {'],,lcc,27f6b503096cf445095535f5a908b7e00038cf4f23a5d499
python,1.0,884,"Next line of code:
",84,"```python
    return string.format(*args, **kwargs)
```

---

### ✅ Final Code (with the completed `str_format` function):

```python
def str_format(string, *args, **kwargs):
    """"""
    A slightly modified version of the native str.format(), using {% and %}
    instead of { and }

    >>> str_format('{a}', a=2)
    {a}
   ",,lcc,"['    return string.format(*args, **kwargs)']",,lcc,6b8b92b2b253189141dc998a845e117ddb34a9ced10cda39
java,1.0,1437,"Next line of code:
",84,"```java
        n = m + i16 - 2;
```

This line is likely part of the loop that processes each level of the tree structure built by `Dlasdt.dlasdt`. It computes the index `n` which is used to store the next level of the tree in the array `paramArrayOfInt5`.

The full code would continue with more similar lines, but the next line",,lcc,['        if ((i != i7 ? 0 : 1) != 0) {'],,lcc,2249fb5b605f86689474ffb501216d8475418e32ce63adab
csharp,1.0,1300,"Next line of code:
",84,"```csharp
str += ""  "" + s.name + ""\n"";
```

Continuing the `ToString()` method:
```csharp
			}
			return str;
		}
		
		/// <summary>
		/// Changes the current state to the given state, if possible.
		/// </summary>
		/// <param name=""state"">
		/// A <see cref",,lcc,"['\t\t\t\tstr += s.ToString() + ""\\n"";']",,lcc,a1c2bff96d6d3cb3e23f9ea2a0029d635c3ebc32eb87a05c
csharp,1.0,5265,"Next line of code:
",84,"```csharp
                    CollisionObjects = new[] { CollisionObjectTypes.YasuoWall },
                });
            #endregion Lucian
            #region Malzahar
            Spells.Add(
                new SpellData
                {
                    ChampionName = ""Malzahar"",
                    SpellName = ""MalzaharQ"",
                    Slot = SpellSlot.Q,
                    Type = SkillShotType.SkillshotMiss",,lcc,"['                    ExtraMissileNames = new[] { ""lucianrmissile"" },']",,lcc,57cd1d16d832804a0b41e45c65ffbdf55dee0d169df79a8e
java,1.0,505,"Next line of code:
",84,"```java
		when(securityContext.getCurrentUser()).thenReturn(new EmfUser(""testUser"", ""testTenant"", ""testRole""));
	}
}
```

This completes the `mockSecurityContext()` method, which is used to stub the `SecurityContext` mock for testing purposes. The `EmfUser` object is a typical representation of a user in the system, and this setup allows for testing under a known",,lcc,"['\t\tEmfUser user = new EmfUser(""admin@test.tenant"");']",,lcc,46847858f2d1579242f46d971b4229d6cb8d79b8a5dea86e
python,1.0,426,"Next line of code:
",84,"```python
        self.assertRaises(OSError, subprocess.Popen, ['somecmd'])
```

### Explanation:
This test is checking that `subprocess.Popen` raises an `OSError` when attempting to execute a non-existent command (`somecmd`). This is a common scenario in testing to ensure that the system correctly handles invalid or missing commands.

### Full completed test:
```python
    @testlib.with_context
   ",,lcc,['        context = testlib.TestContext()'],,lcc,36ab3dcfde1587fd327a15d56d7d38fb65b8104458bbcd00
csharp,1.0,753,"Next line of code:
",84,"```csharp
			PropertyService.Initialize(this);
			ResourceService.Initialize(this);
			// Initialize other core services if needed
		}
```

Here's the completed code with the missing part filled in:

```csharp
		/// <summary>
		/// Starts the core services.
		/// This initializes the PropertyService and ResourceService.
		/// </summary>
		public void Start",,lcc,['\t\t\tif (configDirectory == null)'],,lcc,dc7f3a684d9468c9631828995c836b9722e18b4999cdd713
csharp,1.0,743,"Next line of code:
",84,"```csharp
		}
	}
}
```

This completes the class definition for the `Constraint` class in the `System.Data` namespace. The class is abstract and serves as a base class for specific constraint types like `UniqueConstraint` and `ForeignKeyConstraint`. It provides common functionality for constraint handling, such as name changes, property collection access, and constraint validation.

Let me know if you'd like to",,lcc,['\t\tinternal abstract bool IsColumnContained (DataColumn column);'],,lcc,1fbe52a6ae333eb46f1ea6000375cec54d0c1377ea171db3
python,1.0,519,"Next line of code:
",84,"```python
        self.settings_ui_groupbox.setObjectName(""settings_ui_groupbox"")
        self.horizontalLayout.addLayout(self.verticalLayout_3)
        self.verticalLayout_2.addLayout(self.horizontalLayout)
        self.retranslateUi(Dialog)
        QtCore.QMetaObject.connectSlotsByName(Dialog)
    def retranslateUi(self, Dialog):
        Dialog.setWindowTitle(QtCore.QCoreApplication.translate(""Dialog"", ""Preferences""))
        self.settings_ui_group",,lcc,['        self.button_box = QtWidgets.QDialogButtonBox(Dialog)'],,lcc,ffafcf6803367046bcd6535efabfd55b6913ed04cf9c0e14
java,1.0,986,"Next line of code:
",84,"```java
                TextView tv = new TextView(getActivity());
                tv.setText(""No TAF data available for this station."");
                tv.setTextColor(getResources().getColor(android.R.color.holo_red_dark));
                layout.addView(tv);
                return false;
            }
            // Get the TAF data
            String tafText = wxs.getString(wxs.getColumnIndex(Wxs.TAF_TEXT));
            mLastForecast = Taf.parse(t",,lcc,['                TextView tv =(TextView) findViewById( R.id.status_msg );'],,lcc,cff5cce659d8bde6af869ff91a57f4b6445b88159e169708
csharp,1.0,596,"Next line of code:
",84,"```csharp
				ITransaction tx = s.BeginTransaction();
				string query = ""from Continent"";
				int count = s.CreateQuery(query).List().Count;
				Assert.AreEqual(1, stats.QueryExecutionCount);
				Assert.AreEqual(1, stats.QueryExecutionMaxCount);
				Assert.AreEqual(1, stats.QueryExecutionMinCount);
				Assert.AreEqual(1, stats.QueryExecutionTotalCount);
			",,lcc,['\t\t\t\tvar r = s.CreateCriteria<Country>().List();'],,lcc,ae9e378a2b48e8a532bf970e581bc7ccc318cd5047ec916c
csharp,1.0,1212,"Next line of code:
",84,"```csharp
                uiCRCITTSum = (uiCRCITTSum << 4) ^ ((uiCRCITTSum >> (order - 4)) & 0x0F);
                uiCRCITTSum = (uiCRCITTSum << 4) ^ ((uiCRCITTSum >> (order - 4)) & 0x0F);
                uiCRCITTSum = (uiCRCITT",,lcc,['                for (int iBitIndex = 0; iBitIndex < 8; iBitIndex++)'],,lcc,cb8b4b2b743ae5c5feb0a78bada007e175140164e40f5a42
java,1.0,1639,"Next line of code:
",84,"```java
		return 10;
	}
```

Let me complete the code with the rest of the missing parts. Here's the full completed class:

```java
	/**
	 * @return The amount of y translation from the head's default position, used for animation
	 */
	public float getHeadYTranslation() {
		return headYTranslation;
	}

	/**
	 * @return The current",,lcc,['\t\treturn hasSpeedModule() ? 5 : 10;'],,lcc,97d6976069558160fcb06c6802085ee52a6ef637d5832a1a
java,1.0,548,"Next line of code:
",84,"```java
            return new CeylonHyperlinkDetector[]{ 
                new CeylonHyperlinkDetector(editor),
                new CeylonNativeHeaderHyperlinkDetector(editor),
                new JavaHyperlinkDetector(editor),
                new CeylonJavaBackendHyperlinkDetector(editor),
                new CeylonJavascriptBackendHyperlinkDetector(editor),
                new ReferencesHyperlinkDetector(editor),
                new CeylonHyperlinkDetector",,lcc,['            return new IHyperlinkDetector[0];'],,lcc,bf36c52efb42e2c0506f3cb765385becf6bf8e07977c4ec2
python,1.0,1044,"Next line of code:
",84,"```python
        self.aspectWidget = Object3DAspect(self)
        self.scaleWidget = Object3DScale(self)
        self.privateWidget = Object3DPrivateInterface(self)
        self.l.addWidget(self.drawingModeWidget, 0, 0)
        self.l.addWidget(self.aspectWidget, 0, 1)
        self.l.addWidget(self.scaleWidget, 1, 0)
        self.l",,lcc,['        self.aspectWidget = Object3DAspect(self)'],,lcc,f2938d3f351d2aebd34b5c529253c96aa77b793e3442e486
csharp,1.0,886,"Next line of code:
",84,"```csharp
				case 3: // Set from input
					{
						string xStr = GetTextEntryValue( m_Mobile, 1 );
						string yStr = GetTextEntryValue( m_Mobile, 0 );
						if ( !string.IsNullOrEmpty( xStr ) && !string.IsNullOrEmpty( yStr ) )
						{
							if ( int.TryParse( xStr, out int",,lcc,['\t\t\t\tcase 3: // Use values'],,lcc,782603f333c5ed114de335a7728c0c7c288c0ea45f48a9ee
java,1.0,764,"Next line of code:
",84,"```java
                     for (Object valueChoice : valueChoices) {
                         Object convertedValue = selectConverter.convert(valueChoice);
                         if (convertedValue.equals(value)) {
                             chosenObj = valueChoice;
                             break;
                         }
                     }
                 }
             }
         }
         result = chosenObj;
     }
     return result;
 }
```

The code continues with the `convertToUIInputValue` method, which",,lcc,['                     String valueLabel = selectConverter.convert(value);'],,lcc,cffa07171638f2df3007fc0e85a42300f465b867bac1df90
java,1.0,1027,"Next line of code:
",84,"```java
				if (i != j) {
					for (int k = 0; k < maxChangesRecorded; k++) {
						sb.append(i + "" -> "" + j + ""\t"" + k + ""\t"" + fractionWithAmount[i][j][k] + ""\n"");
					}
				}
			}
		return sb.toString();
	}
```

### Explanation",,lcc,['\t\t\t\tif (i!=j) {'],,lcc,c72913a89874d6308bd8a87c745a41178548b9df3cd7e0c0
csharp,1.0,1177,"Next line of code:
",84,"```csharp
                            foreach (KeyValuePair<int, int> unpricedLine in unpricedLines)
                            {
                                //get the index of the purchase order and line that contained the unpriced product
                                int orderIndex = unpricedLine.Key;
                                int lineIndex = unpricedLine.Value;
                                //check that the order can be found that contains the problematic line
                                if (order",,lcc,"['                            foreach (KeyValuePair<int, int> unpricedLine in unpricedLines) {']",,lcc,7850286a4534f85c6c1e090310eb4027cb5b38c4f626ff33
csharp,1.0,629,"Next line of code:
",84,"```csharp
			set { throw new NotImplementedException (); }
		}
		[MonoTODO]
		public bool IsOneWay {
			get { return is_oneway; }
			set {
				ThrowIfOpened ();
				is_oneway = value;
			}
		}
		[MonoTODO]
		public bool IsOneWay {
			get { return is_oneway; }
			set {
",,lcc,['\t\t\tget { throw new NotImplementedException (); }'],,lcc,a93d814dbddd20576003b7d27ccabef85f5258c0f1c189bf
java,1.0,1006,"Next line of code:
",84,"```java
        final Database mockDatabase = EasyMock.createMock(Database.class);
        final Subject mockCurrentSubject = EasyMock.createMock(Subject.class);
        final Account mockAccount = EasyMock.createMock(Account.class);
        final Group mockGroup = EasyMock.createMock(Group.class);
        final int userId = 1;
        final int mode = ALL;
        final int ownerId = 1;
        final int owner",,lcc,['        final Subject mockUser = EasyMock.createMock(Subject.class);'],,lcc,b8d674585c2854a71ff59d091611a1181f7327620a70524e
csharp,1.0,882,"Next line of code:
",84,"```csharp
{
    return new Vector2(v.X / viewport.Width, v.Y / viewport.Height);
}
```

So the completed method is:

```csharp
public static Vector2 RelativeTo (this Vector2 v, Viewport viewport)
{
    return new Vector2(v.X / viewport.Width, v.Y / viewport.Height);
}
```

### Full Completed Code:
Here is the completed `VectorHelper",,lcc,['\t\t\tVector2 max = viewport.ToVector2 ();'],,lcc,145cc36abdaa2c8860959982f54fca44c7cae309bc44bcf9
python,1.0,399,"Next line of code:
",84,"```python
class endpoint_stats(XDRStruct):
    __slots__ = ['packets', 'bytes']
    def __init__(self, packets=None, bytes=None):
        self.packets = packets
        self.bytes = bytes
    @classmethod
    def pack_into(cls, packer, obj):
        packer.pack_uint(obj.packets)
        packer.pack_uint(obj.bytes)
    @classmethod
",,lcc,"[""__all__ = ['endpoint_key', 'endpoint_value', 'endpoint_stats']""]",,lcc,c69d4ae0425c1d742d8cad38e1238ffbf39d8f97b105df79
csharp,1.0,2031,"Next line of code:
",84,"```csharp
				}
			}
		}
		/// <summary>
		/// sends a message to a specific client
		/// </summary>
		/// <param name=""msg"">message to send</param>
		/// <param name=""client_number"">client number</param>
		public void Send(string msg, int client_number)
		{
			Socket worker",,lcc,"['\t\t\t\t    RemoveClient(i, m_workerSocketList, disconnect_client);']",,lcc,cf8e0d5f2adf8762eb153e24cdc6edacca8bb1e84f6b7c14
java,1.0,768,"Next line of code:
",84,"```java
            if (type == RequestType.Step) {
                List<StepBucket> stepBuckets = convertToStepBucketList(list);
                notifyStepsReceived(FitnessLibrary.IFitnessLibraryListener.ExecutionStatus.Success, requestId, stepBuckets);
            } else if (type == RequestType.Activity) {
                List<ActivityBucket> activityBuckets = convertToActivityBucketList(list);
                notifyActivitiesReceived",,lcc,['            for(Bucket bucket : list) {'],,lcc,a0064864baa8bd09ff6fc63712208d825b29b2d8f56ab567
python,1.0,1549,"Next line of code:
",84,"```python
  PrintLongLine('                               %s%s>' % (method_types, optional_comma))
  print '    %s' % function_name
  for i in xrange(bind_count):
    print '    , a%d' % i
  if is_method:
    print '    , object'
  print '    ;'
  print '  }'
  print ''
  # The non-single",,lcc,['  if bind_count > 0 or exec_count > 0:'],,lcc,b8ddcb433aa1bfe07017e01e1c838c3c2d78b8b973eabc54
python,1.0,722,"Next line of code:
",84,"```python
    """"""
    Returns a range query result in JSON format.
    The JSON output is a list of dictionaries, each representing
    an item in the range query result.
    """"""
    response = HttpResponse(
        json.dumps([range_item_dict(item) for item in items]),
        content_type='application/json'
    )
    return response
```

### Summary of the completed function:

```python
def",,lcc,['    Returns a range query in JSON (full-calendar) format.'],,lcc,7f21bbeb3cc4c97701a78291f4d98bf6819b5e05cca6641e
java,1.0,644,"Next line of code:
",84,"```java
                        new VarNode(""score""), Scope.DEFAULT_CONTEXTS));
                serviceGraphPattern.setScope(Scope.SERVICE);
                whereClause.addChild(new ServiceNode(
                        new ConstantNode(BD.createURI(BDS.SEARCH)), 
                        serviceGraphPattern));
            }
        }
        final AST2BOpContext context = new AST2BOpContext();
        final ASTSearchOptimizer optimizer = new ASTSearchOptimizer",,lcc,"['                        new VarNode(""score""), null/* c */,']",,lcc,6a5c6418a11e7d5ca010f8f986194ae5efec73ff41f7c167
python,1.0,558,"Next line of code:
",84,"```python
        return super(UserDetailView, self).post(request, *args, **kwargs)
```

Here's the completed code with the missing line:

```python
class UserDetailView(CreateOrUpdateView):
    # Model set during dispatch because it's swappable
    template_name = ""shoop/admin/users/detail.jinja""
    context_object_name = ""user""
    fields = (""username"", ""email"",",,lcc,['        self.object = self.get_object()'],,lcc,2f9e87b359085e3741fab9367978273edee2f0b2e60fcfe8
csharp,1.0,1633,"Next line of code:
",84,"```csharp
      get { return UnitHelper.ComputePublicKeyToken(this.ResolvedAssembly.PublicKey); }
    }
    /// <summary>
    /// The version of the assembly.
    /// </summary>
    public Version Version {
      get { return this.ResolvedAssembly.Version; }
    }
    #region IAssemblyReference Members
    IAssembly IAssemblyReference.ResolvedAssembly {
      get { return this.Resolved",,lcc,['      get { return this.ResolvedAssembly.PublicKeyToken; }'],,lcc,d5131ee794bcf700f0f43d91cbdd4928e4078dee775d3bd7
csharp,1.0,1146,"Next line of code:
",84,"```csharp
var p = new DenseVector(input.Count);
```

Let me complete the `Solve` method for the `TFQMR` class, following the algorithm described in the reference (Yousef Saad's book on iterative methods for sparse linear systems, Chapter 7, section 7.4.3, page 219).

Here's the completed `Solve` method:

",,lcc,['            var pseudoResiduals = new DenseVector(input);'],,lcc,85a1c12ae7813d7b73cbbf458fd9262e032bd9cc88005aa1
java,1.0,685,"Next line of code:
",84,"```java
			return new Apfloat[] { sortedNumbers[left] };
		} else {
			return new Apfloat[] { sortedNumbers[left], sortedNumbers[right] };
		}
	}
```

### Full completed method:
```java
	/**
	 * Get the medians of an array of sorted numbers
	 * @param sortedNumbers Array of sorted numbers
	 * @return An array of",,lcc,['\t\t\treturn new Apfloat[] {sortedNumbers[left]};'],,lcc,463db0e034d463507a505f61f5addf4f1153492f465bc47f
python,1.0,2596,"Next line of code:
",84,"```python
                ref_count[v] += sign * ref_count[edge.child]
                v = parent[v]
        for (left, right), edges_out, edges_in in ts.edge_diffs():
            for edge in edges_out:
                update_counts(edge, -1)
            for edge in edges_in:
                update_counts(edge, +1)
    # Finally, add the stats for the last tree and divide by",,lcc,['                sample_count[v] -= sample_count[edge.child]'],,lcc,25409067cd0b9bd6ffc59d2ab30579edc2ec8b0a47154def
python,1.0,630,"Next line of code:
",84,"```python
        for key in mapping_json[self.enrich_index]:
            if key in csv_mapping:
                result[key] = mapping_json[self.enrich_index][key]
        return result
```

This code continues the `_test_csv_mappings` method, which is used to test whether the mappings defined in the CSV file match the actual mappings in Elasticsearch. It iterates over the keys in the Elasticsearch index mapping and",,lcc,"['        es_mapping = ESMapping.from_json(index_name=self.enrich_index,']",,lcc,40994fe53243d5f8fce4983fc820f09dbd61a083c8a53c8f
csharp,1.0,690,"Next line of code:
",84,"```csharp
										{
											var slot = slot;
											if (slot.Value.IsReady)
												return;
											if (slot.Value.Client == null)
											{
												if (slot.Value.AllowBots)
												{
													if (botController != null)
													{
														var botName = botNames.FirstOrDefault(n => n != null && n != ""Player"");
														if (botName !=",,lcc,['\t\t\t\t\t\t\t\t\t\tvar bot = botNames.Random(Game.CosmeticRandom);'],,lcc,944fd1f9c7ec90cdc70498975f2faf06111d7dfe2ae05e81
csharp,1.0,697,"Next line of code:
",84,"```csharp
				return ""Root cause: "" + _rootCause.ToString();
			}
			return base.ToString();
		}
	}
```

### Full Completed Code:

```csharp
using System;
using System.IO;
using WinrtCifs.Util;
using WinrtCifs.Util.Sharpen;
namespace WinrtCifs.Smb
{
	/// <summary>
	/// There are hundreds",,lcc,"['\t\t\t\treturn base.ToString() + ""\\n"" + _rootCause;']",,lcc,363a7940d934ec4a64df64a51b70cb62268340fa89d647f7
python,1.0,652,"Next line of code:
",84,"```python
        payload = b''
        if self.flags & FrameFlag.END_STREAM:
            payload += b'\x00\x00'
        payload += self.data
        if self.flags & FrameFlag.PAD_LOW or self.flags & FrameFlag.PAD_HIGH:
            payload += b'\x00' * self.total_padding
        return frame_header + payload
```

But to complete the code",,lcc,"[""        pad_low_and_high = struct.pack('!BB', pad_high, pad_low)""]",,lcc,0a774cef85a83037bcd6fbf761f83707f105e2ee3118ef09
csharp,1.0,936,"Next line of code:
",84,"```csharp
            if (cluster.BoundaryCurve != null)
                cluster.BoundaryCurve.CheckConsistency();
        }
    }
```

### Explanation:
This line continues the `CheckClusterConsistency` method, which is a static helper method that checks the consistency of a cluster's boundary curve. It ensures that the boundary curve is valid and properly defined, which is important for layout correctness and debugging.

### Full",,lcc,['            foreach (var child in cluster.Clusters.Concat(cluster.Nodes)) {'],,lcc,adeed84f45c576f4e84e46a705dd8d968d64d0646a6ef56a
csharp,1.0,2149,"Next line of code:
",84,"```cpp
	m_maxSlopeCosine = btCos(m_maxSlopeRadians);
}
```

Here's the completed code with the missing line:

```cpp
void btKinematicCharacterController::setMaxSlope(double slopeRadians)
{
	m_maxSlopeRadians = slopeRadians;
	m_maxSlopeCosine = btCos(m_maxSlopeRadians);
}
```

This completes the `setMaxSlope`",,lcc,['\tm_maxSlopeCosine = btCos(slopeRadians);'],,lcc,f498e75d306788f63949bcfcf05c9e4bb4e190034ff80488
java,1.0,1063,"Next line of code:
",84,"```java
        for (ExpressionTree initializer : initializers) {
            if (canBeLeaked(initializer)) {
                checker.report(Result.failure(""unique.leaked""), initializer);
            }
        }
        return super.visitNewArray(node, p);
    }
```

### Explanation:
- This code is part of the `visitNewArray` method, which is responsible for checking array initializations.
- The `",,lcc,['        if (initializers != null && !initializers.isEmpty()) {'],,lcc,57e19c332b765589c06c6317e00c2f7c5f50bc38d1fac11c
java,1.0,484,"Next line of code:
",84,"```java
			if (nbttagcompound == null)
			{
				nbttagcompound = new NBTTagCompound();
				stack.setTagCompound(nbttagcompound);
			}
			NBTTagCompound nbttagcompound1 = nbttagcompound.getCompoundTag(""display"");
			if (nbttagcompound1 == null)
			{
				nbttagcompound1 = new NBTTagCompound();
				n",,lcc,['\t\t\tif (nbttagcompound == null)'],,lcc,3acf18da43544d1e056b344459d85b5599253c6ef78403fb
csharp,1.0,715,"Next line of code:
",84,"```csharp
				if (typeAttribute != null)
				{
					_type = typeAttribute.Value;
				}
			}
			// process return type
			if (!string.IsNullOrEmpty(_type))
			{
				_returnType = Context.TypeCreator.CreateType(_type, this);
			}
		}
		//--------------------------------------------------------------------
		// Private Methods
		//--------------------------------------------------------------------
		",,lcc,['\t\t\t\tif (typeAttribute != null)'],,lcc,65e83568eadd384a035b2d009ca4b6e8962b6a6b11a58326
csharp,1.0,643,"Next line of code:
",84,"```csharp
Assert.AreEqual(100, myTrackBar.Width, ""#SIZE2_4"");
```

Here's the completed code with the final line added:

```csharp
using System;
using System.Windows.Forms;
using System.Drawing;
using System.Reflection;
using NUnit.Framework;
namespace MonoTests.System.Windows.Forms
{
	[TestFixture]
	public class TrackBarBaseTest : TestHelper
	{
	",,lcc,"['\t\t\tAssert.AreEqual(handle, handle, ""Removes warning"");']",,lcc,5eb2fab7c77b669d9d20bb243cdb60fddafbb0a6170b9d88
java,1.0,686,"Next line of code:
",84,"```java
			when(classType.isClass()).thenReturn(false);
			instrumentation.addInstrumentationPoints(agentConfiguration, Collections.singleton(instrumentationApplier));
			verify(classCache, times(1)).executeWithWriteLock(Matchers.<Callable<?>> any());
			verify(instrumentationApplier, times(1)).getSensorAssignment();
			verifyNoMoreInteractions(instrumentationApplier);
		}
",,lcc,"['\t\t\tInterfaceType interfaceType = new InterfaceType("""");']",,lcc,91bafdb949e83b9df31caa1198f61d205a6b734664bdeee5
java,1.0,1449,"Next line of code:
",84,"```java
		if (this.postdominators != null && !this.postdominators.equals(other.postdominators)) {
			return false;
		}
		if (this.dependsOnCutAP != other.dependsOnCutAP) {
			return false;
		}
		if (this.isImplicit != other.isImplicit) {
			return false;
		}
		if (this.exception",,lcc,['\t\tif (postdominators == null) {'],,lcc,2ea1e8b1be13cbbb6a96058b7c5db07ae3e7e9bfca12207f
java,1.0,1079,"Next line of code:
",84,"```java
            int min2 = wideRExtent[start][r.leftChild];
            int min = (min1 > min2 ? min1 : min2);
            if (min > narrowL) {
              continue;
            }
            int max1 = wideLExtent[end][rightState];
            int max2 = narrowL;
            int max = (max1 < max2 ? max1 :",,lcc,['            int min2 = wideLExtent[end][rightState];'],,lcc,5a8b582269e533bdd34babfe47a607fb7faa5ba65cee7bc8
python,1.0,2433,"Next line of code:
",84,"```python
                'rsync', '--pgdata', 'src', 'dst'
            ],
            shell=False, env=None,
            stdout=PIPE, stderr=PIPE, stdin=PIPE,
            preexec_fn=mock.ANY, close_fds=True
        )
        assert not pipe.stdin.write.called
        pipe.stdin.close.assert_called_once_with()
        assert result == ret
        assert cmd.ret == ret",,lcc,"[""                'rsync', '-rLKpts', '--delete-excluded', '--inplace',""]",,lcc,8e994637773ecb1aa1a46681e23f58b9b6e946d95aa0e329
csharp,1.0,924,"Next line of code:
",84,"```csharp
			processes.Clear();
			foreach (var p in dbgManager.Value.Processes)
				DeinitializeProcess_DbgThread(p);
		}
		// DbgManager thread
		void DbgManager_ProcessesChanged(object? sender, EventArgs e) {
			dbgManager.Value.Dispatcher.VerifyAccess();
			UI(() => {
				// Remove all processes
				// This is",,lcc,['\t\t\tprocess.IsRunningChanged -= DbgProcess_IsRunningChanged;'],,lcc,55b5cf622c6554fcf71e7f540ab814974112cbd9bdc49443
java,1.0,2472,"Next line of code:
",84,"```java
		writer.attribute( null, ""g"", String.valueOf( b ) );
		writer.endTag( null, name );
	}
```

### Explanation:
This code writes a parameter with a color value, where the color is specified using three floating-point values for red, green, and blue components. The `writeColor` method is used to write the color parameter in the YafaRay XML format,",,lcc,"['\t\twriter.attribute( null, ""b"", String.valueOf( b ) );']",,lcc,98f9620b662d7e8b7c7e7545d6c341f8a167b3d6925ee74a
java,1.0,839,"Next line of code:
",84,"```java
		}
		if ( !(aThat instanceof Contact) ) {
			return false;
		}
		Contact that = (Contact) proxyThat;
		if (this.getContactDate() == null) {
			if (that.getContactDate() != null) return false;
		} else {
			if (!this.getContactDate().equals(that.getContactDate())) return false;
	",,lcc,['\t\tif (aThat instanceof HibernateProxy) {'],,lcc,68ec6af65d2a91e6853c589c87fadc19a538ca14d6f249ae
python,1.0,801,"Next line of code:
",84,"```python
	    if n == 0:
	      status = 'w'
	    else:
	      status = 'a'
	    with open(name, status) as f_ID:
	      f_ID.write(str(body_types[i]) + '\n')
	      for j in range(body_types[i]):
		orientation = bodies[body_offset + j].orientation.entries
		f_ID.write('%s %s %s %s",,lcc,['\t    if total_rej == 1:'],,lcc,ca3ae6a5d8c6865655de823a63f15080b5c10cc5843037df
python,1.0,10029,"Next line of code:
",84,"```python
        if cdata is None:
            return
        # Check if the indices are all 0, and the step is 1
        if all([idx == 0 and step == 1 for idx, step in cdata]):
            # The slice is the full input, so we can return the input
            return [node.inputs[0]]
    return
```

This code is",,lcc,"['        for pos, idx in enumerate(cdata):']",,lcc,0a0acfe5a6238a45947c2e198dabe87dee8487c858569c30
python,1.0,746,"Next line of code:
",84,"```python
        self.fields['email'].required = True
        self.fields['demographic_target_count'].required = True
        self.fields['purpose'].required = True
        self.fields['content_developer'].required = True
        self.fields['selection_criteria'].required = True
        self.fields['is_real_time'].required = True
```

This is the continuation of the `__init__`",,lcc,['        self.member_groups = self.user.get_member_groups(self.groups)'],,lcc,bc922d0a7fcc0c037de90c7f575f1de8f8ac956e5c9e4e82
python,1.0,9203,"Next line of code:
",84,"```python
                    return interfaces.EXT_CONTINUE
            event_key = event_key.with_wrapper(wrap)
        event_key.base_listen(**kw)
    def after_compile(self, query):
        """"""Receive the :class:`.Query` object after it is composed into a
        core :class:`.Select` object.
        This event is intended to allow post-processing of the query
        after it has been compiled",,lcc,"['                    return fn(*arg, **kw)']",,lcc,9517e442464f24ead2a124310c2f1752d78474b38bd420f2
python,1.0,801,"Next line of code:
",84,"```python
            xml_element = etree.SubElement(xml_object, 'sources')
            xml_element.text = ';'.join(self.sources_list)
        return xml_object
```

### Full Completed Code:
```python
    def definition_to_xml(self, resource_fs):
        xml_object = etree.Element(self._tag_name)
        for child in self.get_children():
            if child.location not in self.show_tag_list:
                self",,lcc,"['            show_str = u\'<{tag_name} sources=""{sources}"" />\'.format(']",,lcc,b7096bf4313f6484e8f39bf9f0977db406f68e5dc24dcd54
python,1.0,947,"Next line of code:
",84,"```python
                          for key, old_value, new_value in data_model_changes)
        return global_changes
```

### Explanation:
- The `translate_changes` method is used to convert changes made in a data model (e.g., in a UI or spreadsheet) into changes that can be applied to the internal data structure.
- It takes a list of `data_model_changes`, which are tuples of the form `(",,lcc,"['                          for key, (old_value, new_value) in data_model_changes.items()]']",,lcc,8662bf8b41808cda788f6de30f92e265f34051125e765056
csharp,1.0,2841,"Next line of code:
",84,"```csharp
			}
			else if (Method != null)
			{
				if (Class != null)
				{
					Type type = context.ClassLoader.LoadClassByDottedName(Class);
					MethodWrapper method = type.GetMethodWrapper(Method, Sig, false);
					if (method == null)
					{
						StaticCompiler.IssueMessage(Message.MapXmlUnableToResolveOpCode,",,lcc,['\t\t\telse if (Class != null && type == null)'],,lcc,eb53d2d7980f93f767d7f4ca69e7c363d7a2bdffbbb04b9c
csharp,1.0,722,"Next line of code:
",84,"```csharp
this.objYLabel.Text = ((cAreaType)aArea.mAForm.mlstTypes[aArea.mlTypeNum]).msDesc[1];
```

Here's the completed code for the `InitializeComponent` method and the rest of the form:

```csharp
			// 
			// label2
			// 
			this.label2.Location = new System.Drawing.Point(1",,lcc,"['\t\t\tthis.objYLabel.Size = new System.Drawing.Size(200, 32);']",,lcc,7176f682200a0adf4ae5cf5e13ef2ec7cb669d6f638cffd3
python,1.0,615,"Next line of code:
",84,"```python
        self.assertEqual(c.comments, ""test cases for syncmail parser\n"")
```

Here's the completed code for the `TestSyncmail` class, including the `testMsgS5` method:

```python
    def testMsgS5(self):
        c = self.get(""mail/syncmail.5"")
        self.failUnless(c is not None)
        self.assertEqual(c.who,",,lcc,"['        c = self.getNoPrefix(""mail/syncmail.5"")']",,lcc,20b813f30f59822e04edffdae1cdbf1b533dbdd72c1cc321
java,1.0,987,"Next line of code:
",84,"```java
        if (termData == null) {
            termData = new ArrayListValuedHashMap<>();
            this.data.put(row.get(ID_KEY), termData);
        }
        for (Map.Entry<String, String> entry : csvData.entrySet()) {
            String fieldName = entry.getKey();
            String fieldValue = entry.getValue();
            if (StringUtils.isNotBlank(fieldValue)) {
                termData.put(fieldName, fieldValue);
           ",,lcc,['        if (termData == null) {'],,lcc,44bc927038ee4f263ad7e6209084767cae0e9109fe53fa72
java,1.0,639,"Next line of code:
",84,"```java
		return false;
	}
```

Here's the completed code with the missing line added:

```java
	@Override
	public boolean onWanded(EntityPlayer player, ItemStack wand) {
		return false;
	}
```

This method is part of the `SubTileGenerating` class and is used to handle interactions with the flower when a player uses a wand on it. Since it's not implemented",,lcc,['\t\tif(player == null)'],,lcc,b8f2bccffdfaa6714889fe5bc5f0f10b12a66609c8c585d1
java,1.0,569,"Next line of code:
",84,"```java
            intrinsicCohesion += this.getBelongingStrength(component, c);
        }
        this.memorizedcohesion.put(c, intrinsicCohesion);
        return intrinsicCohesion;
    }
}
```

### Explanation:
- The `getIntrinsicCohesion` method is computing the **intrinsic cohesion** of a community, which is the **sum of the belonging strength**",,lcc,"['            intrinsicCohesion += this.getRepresentativity(component, c);']",,lcc,db86b64c8c534e1f3bab91df60822f5e3fd18cea9415e467
python,1.0,1095,"Next line of code:
",84,"```python
                                and flags[flagname][version][docformat] == minfo['flags'][flagname][version][docformat]
                            else:
                                are_equal = False
                                logger.info(""ERROR: Document %s: Expected flag %s and got %s"" % (str(docid), str(minfo['flags'][flagname][version][docformat]), str(flags[flagname][version",,lcc,['                                if not (docformat in flags[flagname][version]):'],,lcc,e346c1259b04562f788d0e2865564ee2ec42aaada9b4e031
csharp,1.0,2301,"Next line of code:
",84,"```csharp
			// TODO: Add any constructor code after InitializeComponent call
			//
			computerMgmt = new ComputerMgmt();
			guiThread = new Thread(new ThreadStart(updateGuiThread));
			
	//		guiThread.Start();
		}
```

I'll complete the code by adding the missing methods and logic to make the application functional. Here's the completed code:

```csharp",,lcc,['\t\t\tArrayList comp = this.computerMgmt.getComputerCollection();'],,lcc,d2d2eb23f584337e252086c2162142cf3c5e40a39100b329
java,1.0,783,"Next line of code:
",84,"```java
    for (java.util.Date exceptionDate : exceptionDates) {
      exDateList.add(new Date(exceptionDate));
    }
    return new ExDate(exDateList);
  }
```

Now, let's complete the rest of the code to make it fully functional. Here's the full completed class:

```java
  /**
   * Generates the dates at which it exist some exceptions in the periodicity",,lcc,['    for (java.util.Date anExceptionDate : exceptionDates) {'],,lcc,0467947f0aca59814dfee0185e479155997e02d24818a1ab
csharp,1.0,1021,"Next line of code:
",84,"```csharp
sourceEventBinding.Bind( SourceEventName, sourceProperty, targetProperty );
```

Continuing the code:

```csharp
		}
	}
	#endregion
	#region Private methods
	private void bindSourceEvent()
	{
		if( sourceEventBinding != null )
		{
			sourceEventBinding.Unbind();
			Destroy( sourceEventBinding );
			sourceEventBinding = null;
",,lcc,['\t\tsourceEventBinding.DataSource = new dfComponentMemberInfo()'],,lcc,7a6b465ccf619db236b9ebaa5024b7f2602fd097e1f14af8
java,1.0,2177,"Next line of code:
",84,"```java
            ObjectMapper mapper = new ObjectMapper();
            SpanConfig spanConfig = mapper.readValue(jsonData, SpanConfig.class);
            ISwitchManager switchManager = (ISwitchManager) ServiceHelper.getInstance(ISwitchManager.class, containerName, this);
            Status status = switchManager.addSpanConfig(spanConfig);
            if (status.isSuccess()) {
                resultBean.setStatus(true);
                resultBean.setMessage(""Span port added successfully",,lcc,['            Gson gson = new Gson();'],,lcc,5eaaec0ad17e5ea95bb6b35275422001e3f763eea091799b
java,1.0,5167,"Next line of code:
",84,"```java
				super.addControl(factory.getControl(Image.class, new Object[] { control, new Integer(startControlID.intValue() + 1034), new Integer(anchoringHelper31.getX()), new Integer(anchoringHelper31.getY()), new Integer(anchoringHelper31.getWidth()), new Integer(anchoringHelper31.getHeight()), ControlState.UNKNOWN, ControlState.UNKNOWN, ims.framework.enumer",,lcc,"['\t\t\t\tsuper(id, path, width, height);']",,lcc,9315cf46a7b8a5186358aa90329c4cf7aa7e8815f99ea810
java,1.0,669,"Next line of code:
",84,"```java
        return (int) (Math.random() * size);
    }
```

Here's the completed method:

```java
    public int randomChoice(int size) {
        return (int) (Math.random() * size);
    }
```

This method is used to select a random index from a list, which is then used in the `getRandomNumber` method to randomly select elements from a",,lcc,['        double value = (size - 1) * rnd.nextDouble();'],,lcc,0a5fee26c27c916f5e6a6d4e21655aac2bf96a3c71502cab
python,1.0,1128,"Next line of code:
",84,"```python
                    la = LinkAnnotation()
                    la.subject = man_obj.uuid
                    la.subject_type = man_obj.item_type
                    la.project_uuid = man_obj.project_uuid
                    la.source_id = 'naa-annotation'
                    la.predicate_uri = old_link_anno.predicate_uri
                    la.object_uri = old_link_anno.object_uri
                    la.save()
```

This completes the `make_n",,lcc,['                    la = LinkAnnotation()'],,lcc,aa0355191116e9da144d262dfbaa191cd76f4cdbf90c55e2
csharp,1.0,2537,"Next line of code:
",84,"```csharp
            buffer.Append(""          .shrinktofit   = "").Append(ShrinkToFit)
                .Append(""\n"");
            buffer.Append(""          .mergecells   = "").Append(MergeCells)
                .Append(""\n"");
            buffer.Append(""          .readingorder = "").Append(ReadingOrder)
                .Append(""\n"");
            buffer.Append(""    .borderoptions   = "")
               ",,lcc,"['            buffer.Append(""          .shrinktoft= "").Append(ShrinkToFit)']",,lcc,36b953ee4b12b6a4faa25120b4dd3ff257e71cd2c3c9e231
csharp,1.0,1301,"Next line of code:
",84,"```csharp
{
    // This range contains half-width kana.
    bytes[posn++] = (byte) (ch - 0xFF60 + 0xA1);
}
```

Then, the rest of the code continues with the encoding logic. Here's the full continuation of the `CP51932Encoder` class, including the remaining code for the `GetBytesImpl` method",,lcc,['\t\t\t\tvalue = ch - 0xFF60 + 0x8EA0;'],,lcc,774fe32bf5c3e50a3060d52bef095025decb114d4ab2a37b
python,1.0,7935,"Next line of code:
",84,"```python
    if obj.mnemonic == ""LEA"":
        dst = env.A[a]
    elif obj.mnemonic == ""LD_A"":
        dst = env.A[a]
    elif obj.mnemonic == ""LD_B"":
        dst = env.B[a]
    elif obj.mnemonic == ""LD_BU"":
        dst = env.BU[a]
    elif obj.mnemonic == ""LD_H"":
        dst",,lcc,"['    if obj.mnemonic in (""LD_A"", ""LEA""): dst = env.A[a]']",,lcc,1af3862e060454bfb42e00c39c490c31b97f3330caa0e1f1
java,1.0,1068,"Next line of code:
",84,"```java
			stream = location.openStream();
			close = false;
			Properties props = new Properties();
			props.load(stream);
			JRPropertiesMap propsMap = new JRPropertiesMap();
			for (Enumeration<?> e = props.keys(); e.hasMoreElements(); ) {
				String key = (String) e.nextElement();
				propsMap.setProperty(key, (String) props.get(key));
			}
		",,lcc,['\t\t\tstream = location.openStream();'],,lcc,ff129ecf1bae342708a06c6afdaf4c0c520b36db7f9fe934
java,1.0,497,"Next line of code:
",84,"```java
            return this == CREATIVE;
        }
    }
}
```

This completes the `isCreative()` method in the `GameType` enum, which checks if the game type is `CREATIVE`. The rest of the code is already provided, so this is the final line needed to close the method.",,lcc,['            return this == CREATIVE;'],,lcc,812a9c309ebcd63dc97a9d9c993e5afbcef9d934b3a428bf
csharp,1.0,692,"Next line of code:
",84,"```csharp
			Assert.AreEqual (1, dacl.Count);
			ace = (CommonAce)dacl [0];
			Assert.AreEqual (AceFlags.None, ace.AceFlags);
			Assert.AreEqual (AceType.AccessAllowed, ace.AceType);
			Assert.AreEqual (20, ace.BinaryLength);
			Assert.IsFalse (ace.IsCallback);
			Assert.IsFalse (ace.IsInherited);
			Assert",,lcc,"['\t\t\tSecurityIdentifier userSid = new SecurityIdentifier (""SY"");']",,lcc,a179ca21c89046426dbe560130d12a91ef853ad8e707e8c2
python,1.0,864,"Next line of code:
",84,"```python
                    for result in results:
                        if self.__stopped:
                            return
                        self.__idle(self.__progress_cb, float(self.__done) / len(results))
                        self.__done += 1
                        if result.error:
                            self.__queue.put(result)
                            continue
                        # Process the result
                        self.__process_result(result)
                        self.__idle(self.__callback, result)
                self",,lcc,"['        for i, result in enumerate(results):']",,lcc,fbaaf263e4f759d000390c802a4c3c1ccb343adcb8654c23
csharp,1.0,2652,"Next line of code:
",84,"```csharp
        {
            // Check if the RPC list is full
            if (PhotonEditor.Current.RpcList.Count >= 1000)
            {
                EditorGUILayout.HelpBox(CurrentLang.FullRPCListLabel, MessageType.Warning);
                if (GUILayout.Button(CurrentLang.SkipRPCListUpdateLabel))
                {
                    // Skip updating the RPC list
                }
                if (GUILayout.Button(CurrentLang.PUNName",,lcc,['        HashSet<string> currentRpcs = new HashSet<string>();'],,lcc,752a89a5b36c7b8f6f0e35bfd40db4c72421fcad3b20b85b
java,1.0,551,"Next line of code:
",84,"```java
        Button fullStarBtn = rootLayout.findViewById(R.id.full_star_button);
        fullStarBtn.setCompoundDrawablesWithIntrinsicBounds(null, new IconicsDrawable(getActivity(), GoogleMaterial.Icon.gmd_star).sizeDp(20).color(secondaryColor), null, null);
        fullStarBtn.setCompoundDrawablePadding(30);
        fullStarBtn.setOnClickListener(new View.OnClickListener() {
           ",,lcc,['        if (!Config.isKDEConnectInstalled) {'],,lcc,4ba808cbdaf8b17ba189c38980dbfe9f2db8c50e68c78815
python,1.0,906,"Next line of code:
",84,"```python
            # Apply the symmetry operation to the wavefunction
            return np.dot(op_cc, psit_G)
```

Here's the completed code with the final line added:

```python
    def transform_wave_function(self, psit_G, k):
        """"""Transform wave function from IBZ to BZ.
        k is the index of the desired k-point in the full BZ.
        """"""
",,lcc,['            ik = self.bz2ibz_k[k]'],,lcc,887af1daa5b7038bf77928f7810b6046e0a6e79e65f0db63
java,1.0,675,"Next line of code:
",84,"```java
        CreateUtkastRequest utkastRequest = buildRequest(intygsTyp);
        utkastRequest.setPatientEfternamn(Strings.repeat(""a"", 255));
        Response response = utkastController.createUtkast(intygsTyp, utkastRequest);
        assertEquals(OK.getStatusCode(), response.getStatus());
    }
```

---

### Explanation:

This test",,lcc,['        CreateUtkastRequest utkastRequest = buildRequest(intygsTyp);'],,lcc,641e1c881986075c2c1d4de3afcfdf28d45ea43407457b7d
csharp,1.0,2070,"Next line of code:
",84,"```csharp
				foreach (ILNode child in block.Body) {
					if (child is ILBasicBlock) {
						FlattenBasicBlocks(child);
					} else {
						flatBody.Add(child);
					}
				}
				block.Body = flatBody;
			}
		}
```

This code continues the `FlattenBasicBlocks` method, which is responsible for flattening",,lcc,['\t\t\t\tforeach (ILNode child in block.GetChildren()) {'],,lcc,d2cc14959cc14d9e5f5c314ff857cbc70f1ff16fa1441fa2
csharp,1.0,2058,"Next line of code:
",84,"```csharp
		{
			// Wait for the delay before switching to ragdoll
			Invoke(""SwitchToRagdoll"", delay);
		}
	}
	public void SwitchToRagdoll()
	{
		// Set the ragdoll state
		IsRagdoll = true;
		// Set all body parts to be ragdoll
		foreach (BodyPart part in",,lcc,['\t    if (mConvertingToRagdoll) {'],,lcc,73339a8013cf28c56a4c1187df921540e969f355e17c82b2
python,1.0,878,"Next line of code:
",84,"```python
class FractureLayer(GeoLayer):
    _not_serialized_attrs_ = ['layer_type']
    def __init__(self, config={}):
        super().__init__(config)
        self.layer_type = LayerType.fracture
```

### Explanation:
- `FractureLayer` is a subclass of `GeoLayer`.
- It sets the `layer_type` to `LayerType",,lcc,"[""    _not_serialized_attrs_ = ['layer_type', 'top_type']""]",,lcc,b1cefd5f19084d4e4a500f51ff0fd6a59f8c2c70e47b868c
java,1.0,1083,"Next line of code:
",84,"```java
        intTobytes(num, out, outOff);
```

So the completed method is:

```java
    private void intTobytes(
        int     num,
        byte[]  out,
        int     outOff)
    {
        out[outOff] = (byte) (num >> 24);
        out[outOff + 1] = (byte) (num >>",,lcc,['            out[outOff + 3] = (byte)(num >>> 24);'],,lcc,fe08dcb281de4c3a0e2cca60ae83b079f30ce3924ae5131b
java,1.0,1124,"Next line of code:
",84,"```java
            super( source, new Predicate<PatternMatch>() {
                @Override
                public boolean apply( PatternMatch match ) {
                    // Create a FilterValueGetter that maps labels to nodes and properties
                    SimpleRegexValueGetter valueGetter = new SimpleRegexValueGetter(
                        objectVariables, match, new AbstractFilterExpression[0] );
                    // Apply the filter expressions
                    return applyFilters(",,lcc,"['            super( source, new Predicate<PatternMatch>()']",,lcc,e65940b61936a514284b1b107717706bb95a8df5df726f13
python,1.0,954,"Next line of code:
",84,"```python
        elif key == 'TRANCHE':
            slice_json['slices'] = [
                transform_slice_xml_json_to_json(item)
                for item in value
                ]
```

The function `transform_slice_xml_json_to_json` is incomplete. Here's the full implementation of the function:

```python
def transform_slice_xml_json_to_json(slice_xml_json):
    comments = []
    slice_json =",,lcc,"[""        elif key == 'TAUX':""]",,lcc,acf5e37bfbe33cbb9516c325004620f2cae48ca166d4d0ad
java,1.0,769,"Next line of code:
",84,"```java
            if (ClientSettings.ICON_CLOSE_FRAME_SELECTED!=null)
              btn.setIcon(new ImageIcon(ClientUtils.getImage(ClientSettings.ICON_CLOSE_FRAME_SELECTED)));
          }
        }
      });
      // add action listener to toggle the frame
      btn.addActionListener(new ActionListener() {
        public void actionPerformed(ActionEvent e) {
          if (frameToClose != null) {
            frameToClose = null;
          }
          Internal",,lcc,['            InternalFrame f = (InternalFrame)buttons.get(btn);'],,lcc,c15dc271a99f31760a613bea95abc84961ad13d294310c3c
python,1.0,866,"Next line of code:
",84,"```python
    elif sys.argv[1] == '--getlc':
        if len(sys.argv) < 3:
            print ""Usage: %s --getlc ID"" % sys.argv[0]
            sys.exit(1)
        ID = sys.argv[2]
        result = getLC(ID)
        print ""Filename: %s, Redshift: %f"" % (result[0],",,lcc,"[""    elif sys.argv[1] == '--list':""]",,lcc,2e4d03a695dc0527178e4eddff2b2c0651ddc6a0588d6cb5
java,1.0,1057,"Next line of code:
",84,"```java
    move(out, Util.px2mm(offset.x, dpi), Util.px2mm(offset.y, dpi));
```

Continuing the code:

```java
    for (int y = 0; y < p.getRasterHeight(); y += toolDiameterInPx / 2) {
      for (int x = leftToRight ? 0 : p.getRasterWidth() - 1",,lcc,"['    move(out, Util.px2mm(offset.x, dpi), Util.px2mm(offset.y, dpi));']",,lcc,9a6eb97bf19cf92ba543d527e5650f3a6198498b114bcbf3
java,1.0,666,"Next line of code:
",84,"```java
                    db.update(Db.Table1.TABLE_NAME, new ContentValues().put(Db.Table1.ID_GROUP, newId), Db.Table1.ID_GROUP + "" = "" + deleteId, null);
                    //Update budget items
                    db.update(Db.Table4.TABLE_NAME, new ContentValues().put(Db.Table4.ID_GROUP, newId), Db.Table4.ID_GROUP + "" = "" + deleteId, null);
               ",,lcc,['\t\t\t\t\tContentValues cv = new ContentValues();'],,lcc,f6cf9afee16a6f9eb253d2163fc5f2accb17108da85e51a3
csharp,1.0,459,"Next line of code:
",84,"```csharp
                else
                {
                    Marshal.DestroyStructure(pgKnownSubject, typeof(Guid));
                    Marshal.FreeHGlobal(pgKnownSubject);
                }
            }
        }
    }
}
```

The code is incomplete, and the `UnmanagedPointer` class is not fully defined. Here's the completed code with the missing parts:

```csharp
    internal sealed class UnmanagedPointer : IDisposable
    {
",,lcc,['                else if (m_meth == AllocMethod.CoTaskMem)'],,lcc,2237275bf34eb140554aa5a5e98dc8bde6dd285b688c247c
python,1.0,2324,"Next line of code:
",84,"```python
LOGIN_REDIRECT_URL = '/accounts/profile/'
```

This line sets the URL to which the user will be redirected after a successful login. It's a common pattern to redirect to a user profile page or dashboard after login.

So the completed code would be:

```python
LOGIN_REDIRECT_URL = '/accounts/profile/'
```

Let me know if you'd like to complete the rest of the settings or add specific",,lcc,"[""LOGOUT_URL = '/accounts/logout/'""]",,lcc,d9aa0fae1843d2d73e9ac2308f31a3760b5ff6be9bc4face
csharp,1.0,1183,"Next line of code:
",84,"```csharp
			{
				var item = queue.FirstOrDefault(pi => pi.Item == itemName);
				if (item == null)
					return;

				if (numberToCancel == 0)
					return;

				if (item.RemainingTime > 0)
				{
					item.Paused = true;
					item.PausedBy = self.Owner;
					Game.Sound.PlayNotification(self.World.Map.R",,lcc,['\t\t\tfor (var i = 0; i < numberToCancel; i++)'],,lcc,f928fa8a814e6601eba3952b11bcbc31cc18a3d2f086048f
python,1.0,886,"Next line of code:
",84,"```python
        infoText += "" file"" if numberOfFiles == 1 else "" files""
        infoText += ""<br>""
        
        if numberOfHiddenFiles > 0:
            infoText += ""(+"" + str(numberOfHiddenFiles) + "" hidden ""
            infoText += ""file"" if numberOfHiddenFiles == 1 else ""files""
            infoText += "")<br>""
        
        self.current",,lcc,"['        infoText += "" file"" if numberOfFiles==1 else "" files"" ']",,lcc,a6ff01b3019b5f686be4e5365d4e5986aec163213a88b95e
python,1.0,2292,"Next line of code:
",84,"```python
        code = re.sub('%', '%%', code)
```

Here's the completed code with the missing line:

```python
class subst_pc(Task.Task):
    """"""
    Create *.pc* files from *.pc.in*. The task is executed whenever an input variable used
    in the substitution changes.
    """"""
    def run(self):
        ""Substitutes variables in a .in file""
",,lcc,"[""        code = code.replace('%', '%%')""]",,lcc,c954057ff94e553216187b97466689a94cf01d35b64c1d11
python,1.0,747,"Next line of code:
",84,"```python
        result = self._planningExecutorClient.get_result()
        rospy.loginfo(""Received the result from PlanExecutorServer!"")
        return result
```

Here's the completed code with the missing line added:

```python
    def executeActionPlan(self, actionplan):
        goal = ipa_pars_main.msg.PlanExecutorGoal()
        #read goals for debug from file
        listOfInput =",,lcc,['        result = self._planningExecutorClient.get_result()'],,lcc,e3985a9e93ec883a946ded49a6c0d5a149f870a2551a4bae
csharp,1.0,1036,"Next line of code:
",84,"```csharp
+ chemical[0][idx + reactorExtent] );
delta[0][idx] += hdiv0 * ( chemical[0][idx - reactorExtent] + chemical[0][idx - 1] - 4 * chemical[0][idx] + chemical[0][idx + 1] + chemical[0][idx + reactorExtent] );
delta[1][idx] +=",,lcc,"['\t\t\t\t\t\t\t\t\t+ chemical[ 0 ][ idx + reactorExtent ], hdiv0 );']",,lcc,ae83375fd17d59ade51acb7d21f140c348517cad10d87283
java,1.0,839,"Next line of code:
",84,"```java
                if (pattern == null) {
                    throw JsonException.$(0, ""TIMESTAMP format pattern is required"");
                }
                columnTypes.add(typeManager.nextTimestampAdapter().of(timestampFormatFactory.get(pattern), timestampLocale));
                break;
            case ColumnType.INT:
            case ColumnType.LONG:
            case ColumnType.FLOAT:
            case ColumnType.DOUBLE:
            case ColumnType.SHORT",,lcc,['                if (pattern == null) {'],,lcc,1b693ff15f56949b8dd6a9b75de17dd49f7f0b08bf33823d
csharp,1.0,515,"Next line of code:
",84,"```csharp
            return base.ReceberAutoIncremento(qs, entity);
        }
    }
}
```

### Explanation:
- The `ReceberAutoIncremento` method is used to retrieve the auto-incremented value (like an ID) after an insert operation.
- In this case, it's calling the base class method to handle the auto-increment logic, which is standard in many",,lcc,['            entity.cti_id = Convert.ToInt32(qs.Return.Rows[0][0]);'],,lcc,39bbeca7715c515fede070fff57d6f18c6608542a2b291d1
csharp,1.0,1017,"Next line of code:
",84,"```csharp
			throw new NotImplementedException();
		}
		public object Replace(object original, object target, object owner)
		{
			throw new NotImplementedException();
		}
		public object InstantiateInContext(ISession session, object owner)
		{
			throw new NotImplementedException();
		}
		public IType Clone()
		{
			return this;
		}
	}
	public class MyCompoType",,lcc,['\t\t\tthrow new NotImplementedException();'],,lcc,590b51d23289d047b57ac6677f20d8695fe1def2a0120e8d
python,1.0,1208,"Next line of code:
",84,"```python
            commands = ['ntp authentication-key %s %s %s' % (self.key_id, self.auth_mode, self.password)]
            if self.trusted_key == 'enable':
                commands.append('ntp trusted-key %s' % self.key_id)
            self.updates_cmd.extend(commands)
            self.changed = True
        elif self.state == 'absent':
            if self.key_id_exist",,lcc,['        commands = list()'],,lcc,fec6e895c63341559f9f9bba6ca62f48771c6ee896904ae7
python,1.0,4935,"Next line of code:
",84,"```python
            component = self.store.update_item(component, self.user_id)
```

The code is incomplete and needs to be completed. Here's the completed version of the test case:

```python
        # Update the component and check the edit info
        component = self.store.update_item(component, self.user_id)
        self.assertLess(component.edited_on, after_create)
        self.assertEqual(component.edited_by",,lcc,"['            component = self.store.update_item(component, editing_user)']",,lcc,c83f71189a57f9b8fbf6439c1c211939a9c292a33024b337
java,1.0,865,"Next line of code:
",84,"```java
        digest.update((byte) (TEXT_CODE & 0xff));
        updateWith(ch, start, length);
        digest.update((byte) 0);
        digest.update((byte) 0);
    }
```

Here's the completed code with the missing part:

```java
    public void characters(char ch[], int start, int length) throws SAXException {
        digest.update((byte)",,lcc,['        digest.update((byte) (TEXT_CODE & 0xff));'],,lcc,d130622298f175eb038e14cf3cab0d504c020de19bc3eab8
python,1.0,1045,"Next line of code:
",84,"```python
    return aetypes.Range(dict)
```

Here's the completed code with the missing line filled in:

```python
def mkrange(dict):
    return aetypes.Range(dict)
```

### Final Completed Code

Here is the full completed code with the missing line filled in:

```python
#
# Tools for use in AppleEvent clients and servers:
# conversion between AE types and python types
#",,lcc,"[""    return aetypes.Range(dict['star'], dict['stop'])""]",,lcc,6632f438b48e38612c7af5be064f73e8a4b86ead00fbda69
csharp,1.0,1053,"Next line of code:
",84,"```csharp
            var supportedFormatters = GlobalConfiguration.Configuration.Formatters;
            var supportedFormattersForDirection = supportedFormatters.Where(f => f.SupportedMediaTypes.Any(mt => mt.MediaType == mediaType.MediaType));
            var formatter = supportedFormattersForDirection.FirstOrDefault(f => f.SupportedMediaTypes.Any(mt => mt.MediaType == mediaType.MediaType));
            if (formatter != null)
            {
                return formatter",,lcc,"['            if (!Enum.IsDefined(typeof(SampleDirection), sampleDirection))']",,lcc,6cde737d77f75e2d7bba19ebf78653bae352413d2a95770b
python,1.0,586,"Next line of code:
",84,"```python
                value = entry.get_active_text()
            self.on_open_remote(record, column.name, False, value)
            return True
        return False
```

The code is incomplete and the `on_keypressed` method is cut off. Here's the completed version of the `on_keypressed` method:

```python
    def on_keypressed(self, entry, event):
        path, column =",,lcc,['                value = entry.get_active_text()'],,lcc,716049fd0d1692b85479651b13974c96045e6d05f8fe7fe3
java,1.0,961,"Next line of code:
",84,"```java
            beanProperties.addPropertyValue(LegacyConfigPostProcessor.PROPERTY_LOCATIONS, newLocationList);
            return beanProperties;
        }
        else
        {
            // If the properties value already references the global-properties bean, we have nothing else to do.
            // So, we just return the existing property values.
            return beanProperties;
        }
    }
}
```

### Explanation:
- The",,lcc,['            if (newLocationList.size() > 0)'],,lcc,daa27a5d67ba9d011a6296ae7e7effeac588540b3e61d3e5
python,1.0,744,"Next line of code:
",84,"```python
            lines = [line.strip() for line in f if line.strip()]
        finally:
            f.close()
    except:
        pass
    # Check if the module is in check mode
    if check_mode:
        return (""Check mode: no changes made"", False)
    # Ensure the file exists
    if not os.path.exists(path):
        if not create:
            raise ValueError(""Destination",,lcc,['            lines = f.readlines()'],,lcc,a32e9a8e3ff6ea4c2599a33d5345c01decf2e4c9913e970a
csharp,1.0,848,"Next line of code:
",84,"```csharp
            [In, MarshalAs(UnmanagedType.IUnknown)] object pObject
        );
    }
```

Continuing the code with the rest of the class and interfaces:

```csharp
    [ComImport, System.Security.SuppressUnmanagedCodeSecurity,
    Guid(""36F846FC-2256-48B6-B58E-E2B638",,lcc,"['            [In, MarshalAs(UnmanagedType.LPStruct)] Guid guidExtendedType,']",,lcc,0101b11c0d92563f34753effab4ccc713d10d886c00ee990
java,1.0,695,"Next line of code:
",84,"```java
        ensureAdminAccess();
```

Continuing the code for the `addPrincipalToPrincipal` method:

```java
        // Ensure the current user has admin access
        ensureAdminAccess();

        // Get the principal to add
        AclKey aclKeyToCreate = new AclKey(directedAclKeys.getPrincipalId(), PrincipalType.USER);

        // Ensure the principal exists
       ",,lcc,['        ensureWriteAccess( directedAclKeys.getTarget() );'],,lcc,be8b544961199f01b0f2942229db2d1da0ff394e0ca9e9eb
python,1.0,861,"Next line of code:
",84,"```python
            for child in element:
                if not self.verify_element(child):
                    return False
        return True
```

### Full Completed Code:

```python
    def verify_element(self, element):
        """"""Verify the element matches what is expected.
        This verifies the tag, attributes, text, and extra text of an element.
        If child elements are found this will call back into itself to verify",,lcc,"[""        children = element.findall('*')""]",,lcc,f8f3e51eaf0b5e82798c164612594b613eff07183067e54c
python,1.0,5441,"Next line of code:
",84,"```python
    elif node.nodeType == Node.DOCUMENT_TYPE_NODE:
        clone = newOwnerDocument.createDocumentType(node.nodeName)
        clone.publicId = node.publicId
        clone.systemId = node.systemId
        clone.internalSubset = node.internalSubset
    elif node.nodeType == Node.NOTATION_NODE:
        clone = newOwnerDocument.createNotation(node.nodeName)
        clone.publicId = node.publicId
",,lcc,['    elif node.nodeType == Node.DOCUMENT_TYPE_NODE:'],,lcc,64062f61594fcf5875068e83e34bbe4352d55f2ffc994594
java,1.0,659,"Next line of code:
",84,"```java
				(EMSSceneSection) objectToTest, diagnostician, map);
			}
		};
		validateEMSSceneSectionMassCasualtyIndicatorTestCase.doValidationTest();
	}
	/**
	*
	* @generated
	*/
	@Test
	public void testValidateEMSSceneSectionLocationTypeObservation() {
		OperationsTestCase<EMSSceneSection> validate",,lcc,"['\t\t\t\t\t(EMSSceneSection) objectToTest, diagnostician, map);']",,lcc,78238acd4e2f77afea6f7f0a6a7204254284924614d7e707
csharp,1.0,2575,"Next line of code:
",84,"```csharp
			if (decoder.peekType(TlvTypeCodes.NameComponent, endOffset)) {
				// Read the NameComponent and add it to the key locator
				Name.Component component = new Name.Component(new Blob(decoder.readBlobTlv(TlvTypeCodes.NameComponent), true));
				keyLocator.setKeyName(component);
			} else if (decoder.readBooleanTlv(TlvTypeCodes.Any",,lcc,['\t\t\tif (decoder.getOffset() == endOffset)'],,lcc,3478f59e50537de1932e70589d61d1ffd7f3cc98c321b79a
java,1.0,673,"Next line of code:
",84,"```java
        for (int i = 0; i < ActiveWeapons.size(); i++) {
            ActiveWeapons.get(i).update(delta);
        }
```

This line of code is responsible for updating all active weapons in the game. It loops through each weapon in the `ActiveWeapons` list and calls the `update` method on it, passing in the `delta` value which represents the time elapsed since",,lcc,['        for(int i = 0; i< myWeapons.length; i++) {'],,lcc,d885bc25f6d6b7f2bed6c360c4182759018c010914bbd263
java,1.0,819,"Next line of code:
",84,"```java
        action.setColor( color );
        GameEngine.model().getGame().addPlayer( action );
        hide();
      }
    } );
    hpanel.add( m_btnOk );
    hpanel.add( m_btnCancel );
    m_panel.add( hpanel );
    // add the panel to the dialog
    add( m_panel );
    // set the dialog box to be centered
    center();
",,lcc,['        action.setAccount( AppMain.instance().getMyAccount() );'],,lcc,b81d989e514c39c2fbe5246f88c81834d4b9daf9ea103acc
python,1.0,962,"Next line of code:
",84,"```python
        err = json.loads(r.data.decode(""utf-8""))
        if ""status"" in err and err[""status""] == False:
            msgs = [e[""msg""] for e in err[""errors""]]
            raise RuntimeError("", "".join(msgs))
```

Here's the completed function:

```python
def download_file(socket_path, url, progress=True):
    """"""Download a file, saving",,lcc,"['        err = json.loads(r.data.decode(""utf-8""))']",,lcc,3577964dff527ef6068237089eaaf8be6c4ce4aa3ba45df8
csharp,1.0,849,"Next line of code:
",84,"```csharp
						response = service.MergeOrder(request);
					});
					mergedOrder = response.MergedOrder;
					failureReason = null;
				}
				catch (Exception e)
				{
					ExceptionHandler.Report(e, SR.ExceptionMergeOrdersTool, this.Host.DesktopWindow,
						() => this.Exit(ApplicationComponentExitCode.Error));
					failureReason = SR.ExceptionMergeOrdersTool",,lcc,['\t\t\t\t\t\tresponse = service.MergeOrder(request);'],,lcc,653224ff195b272eec8557efa25225d29043896dba76e043
python,1.0,1153,"Next line of code:
",84,"```python
    if len(reaction.metabolites) != 1:
        raise ValueError(""Only one metabolite is allowed in a reaction."")
    return [
        coeff * met.formula.get(""molecular_weight"", 0.0)
        for met, coeff in reaction.metabolites.items()
    ]
```

Now, let's complete the rest of the code with the missing parts:

```python
",,lcc,['    if len(reaction.metabolites) != 1:'],,lcc,80bda6d99d3c518ff6465d159112864d8eed9a04c56b1d15
python,1.0,588,"Next line of code:
",84,"```python
        return self.get_queryset().filter(store__pootle_path__startswith=pootle_path)
```

Let me complete the rest of the code for the `UnitManager` class and continue with the rest of the `Unit` class:

```python
    def get_for_path(self, pootle_path, user):
        """"""Returns units that fall below the `pootle_path` umbrella",,lcc,"['        lang, proj, dir_path, filename = split_pootle_path(pootle_path)']",,lcc,a8df204f2a859a703bf766e6567ed3d50e67fb8e91bc975b
python,1.0,519,"Next line of code:
",84,"```python
                ('created', models.DateTimeField(auto_now_add=True, null=True)),
                ('updated', models.DateTimeField(auto_now=True, null=True)),
            ],
        ),
        migrations.CreateModel(
            name='State',
            fields=[
                ('id', models.AutoField(verbose_name='ID', serialize=False, auto_created=True, primary_key=True)),
                ('code', models.CharField(max_length=3)),
                ('name',",,lcc,"[""                ('created', models.DateTimeField(auto_now_add=True, null=True)),""]",,lcc,8d8cddfebc329d8bed250acfd102274d7ccd8f8bf08e4b85
python,1.0,720,"Next line of code:
",84,"```python
                    self.logger.debug(""Got ARP request: {} -> {}"".format(arp.protosrc, arp.protodst))
                elif poxpkt.payload.opcode == pktlib.arp.REPLY:
                    self.logger.debug(""Got ARP reply: {} -> {}"".format(arp.protosrc, arp.protodst))
                else:
                    self.logger.debug(""Got unknown ARP opcode: {} -> {}"".format",,lcc,['                    pinfo = self.ports[portnum]'],,lcc,f18f638df2a7be9849603948e255d240c5646454c2a0a5a0
java,1.0,1401,"Next line of code:
",84,"```java
    if (!m_IgnoreChanges) {
      m_RecentItems.add(item);
      if (m_RecentItems.size() > m_MaxCount) {
        m_RecentItems.remove(0);
      }
      writeProps();
      updateMenu();
    }
  }
```

Here's the completed code with the missing part of the `addRecentItem` method:

```java
  /**
  ",,lcc,['    item = fromString(toString(item));'],,lcc,e20af03f2ee467f621a8abf4253b8106ed16e82d2aeb0e8c
csharp,1.0,562,"Next line of code:
",84,"```csharp
                return false;
            }
            return true;
        }
    }
}
```

### Explanation:
This line of code is the **return statement** for the `CanDetect` method in the `DetectHidden` class. It returns `false` if the conditions for detecting a hidden mobile are not met, and `true` otherwise.

### Full context:
The `CanDetect` method is used",,lcc,['            return src.Map.Rules == MapRules.FeluccaRules;'],,lcc,ab64e80497dc29027b566fe583c6e6936d54fd063307f698
java,1.0,1060,"Next line of code:
",84,"```java
        if (maxTradePeriodDate == null && takeOfferDate != null) {
            maxTradePeriodDate = new Date(takeOfferDate.getTime() + getOffer().getPaymentMethod().getMaxTradePeriod());
        }
        return maxTradePeriodDate;
    }
```

Now, I'll complete the rest of the code to make it functional and consistent with the rest of the class.

###",,lcc,['        if (halfTradePeriodDate == null && takeOfferDate != null)'],,lcc,23da8d9de20f882d02d5c855b1322a6bc6b13eebcf69be20
csharp,1.0,2508,"Next line of code:
",84,"```csharp
			if (a != null) return a;
			else return LeadingAny(p.next);
		}
		return null;
	}
```

Now, I'll complete the rest of the code with the missing parts. Here's the completed code:

```csharp
	//---------------------------------------------------------------------
	//  Symbol table management
	//---------------------------------------------------------------------
	
	static void CompFollow(Node p) {
		while (p",,lcc,['\t\t\tif (a == null) a = LeadingAny(p.down);'],,lcc,bca3c4560f23f25e2f915056e3c74f7832b570be4c2e30fb
csharp,1.0,5328,"Next line of code:
",84,"```csharp
buff[4] = (byte)(address & 0x000000ff);
```

Continuing the code:

```csharp
// Write the report to the Wiimote
WriteReport(buff);

// Wait for the read to complete
if (!mReadDone.WaitOne(3000, false))
    throw new WiimoteException(""Timed out",,lcc,['\t\t\tbuff[4] = (byte)(address & 0x000000ff);'],,lcc,8e0bd228e7aa848a9bf8109d86ecaf76dcf9e5dee02fba5e
java,1.0,641,"Next line of code:
",84,"```java
			this.caseInsensitive = caseInsensitive;
		}
		public int compare(Object o1, Object o2)
		{
			if(o1 == null && o2 == null)
				return 0;
			if(o1 == null)
				return -1;
			if(o2 == null)
				return 1;
			MskJointVo vo1 = (MskJointVo)o",,lcc,['\t\t\tif (order == SortOrder.DESCENDING)'],,lcc,22de4bb8a2b770879cf742cb312eaec089c2f1c8e6caf97b
csharp,1.0,677,"Next line of code:
",84,"```csharp
{
    SendEmail(filePath);
}
```

Here's the completed code with the missing part filled in:

```csharp
private static void GenerateCrashReport( CrashedEventArgs e )
{
    Console.Write( ""Crash: Generating report..."" );
    try
    {
        string timeStamp = GetTimeStamp();
        string fileName = String.Format( ""Crash {0}.log"", timeStamp );
",,lcc,['\t\t\t\t\tSendEmail( filePath );'],,lcc,85d7beeed9e180c5fcee6fa973932cd47b046a7c181b3368
csharp,1.0,480,"Next line of code:
",84,"```csharp
IList list = session.CreateCriteria(typeof(Item))
    .Add(Expression.Gt(""Id"", 2))
    .SetCacheable(true)
    .List();
Assert.AreEqual(3, list.Count);
```

So the completed test method is:

```csharp
[Test]
public void SecondLevelCacheWithCriteriaQueriesForItemWithCollections()
{
    using (ISession session = OpenSession())
",,lcc,['\t\t\t\tIList list = session.CreateCriteria(typeof(Item))'],,lcc,ef2256036a1a6e12b496e5e9085b2f653cfd173eb485a40e
csharp,1.0,1244,"Next line of code:
",84,"```csharp
            for (k++; i < N1 + N2; i++, k += 2)
            {
                _indx2Units[i] = k & 0xff;
            }
            for (k++; i < N1 + N2 + N3; i++, k += 4)
            {
                _indx2Units[i] = k & 0xff;
            }
           ",,lcc,"['            for (k++; i < N1 + N2 + N3; i++, k += 3)']",,lcc,ccb175b81d17f841ce38c2caa311f192e142ac2649f954a2
python,1.0,641,"Next line of code:
",84,"```python
        view = navigate_to(self, 'Edit')
```

Let me complete the code for the `ComputeRateCollection` class and the remaining parts of the `EditStorageChargebackView` and `AddStorageChargebackView` classes.

### ✅ Completed Code

```python
        view = navigate_to(self, 'Edit')
        view.fill_with(
            {
                'description': self.description,
",,lcc,"[""        view = navigate_to(self, 'Add')""]",,lcc,2edf15bcbfcd4fcf56e4a6731116895a5ed5bb7b70ee804d
csharp,1.0,782,"Next line of code:
",84,"```csharp
			{
				if ( useShadowBuffer )
				{
					// Write to shadow buffer
					shadowBuffer.WriteData( offset, length, src, discardWholeBuffer );
				}
				else
				{
					// Write directly to the GPU buffer
					OpenGL.BindBuffer( All.ElementArrayBuffer, _bufferId );
					OpenGL.BufferSubData( All",,lcc,"['\t\t\tOpenGL.BindBuffer( All.ElementArrayBuffer, _bufferId );']",,lcc,8abd7abbc3616f319f05d25be5a410bd9fc2bb508b68e3cb
python,1.0,673,"Next line of code:
",84,"```python
		elif self.tuning_type.value == ""predefined_transponder"":
			self.scan_nims.value = self.satfinder_scan_nims.value
			self.predefinedTerrTranspondersList()
			self.list.append(getConfigListEntry(_('Transponder'), self.TerrestrialTransponders))
```

This is the continuation of the `createConfig` method in the `Satfinder` class. It",,lcc,['\t\tself.feid = int(self.satfinder_scan_nims.value)'],,lcc,f8ded3af8ef3545db8175306e099fcfdecc9a38e3633b747
java,1.0,931,"Next line of code:
",84,"```java
            else if (optval instanceof List) {
                List<?> list = (List<?>) optval;
                if (list.isEmpty()) {
                    tcpAcceptFilters.clear();
                } else {
                    tcpAcceptFilters.clear();
                    for (Object item : list) {
                        if (item instanceof TcpAddress.TcpAddressMask) {
                            tcpAcceptFilters.add((TcpAddress.TcpAddressMask) item",,lcc,['            else if (filterStr.length() == 0 || filterStr.length() > 255) {'],,lcc,e183058d346d8baf870f97d2f9f4a343610cbd294e8bc9ff
csharp,1.0,6006,"Next line of code:
",84,"```csharp
                }
                // Save the current row as the previous row
                System.Array.Copy(curr, 0, prior, 0, bytesPerRow);
                // Write the decoded row to the output
                fout.Write(curr, 0, bytesPerRow);
            }
            return fout.ToArray();
        }
    }
}
```

The code above is a continuation of the `DecodePredictor`",,lcc,"['                fout.Write(curr, 0, curr.Length);']",,lcc,0cc866de4a40f62e0dc2031e25487c87a06027728f76c5a9
python,1.0,677,"Next line of code:
",84,"```python
        self.assertEqual(s.get_interface(), 'foo.bar')
        self.assertEqual(s.get_member(), 'baz')
        self.assertEqual(s.get_path(), '/')
        self.assertEqual(s.get_path(), types.ObjectPath('/'))
        self.assertEqual(s.get_path().__class__, types.ObjectPath)
        self.assertEqual(s.get_path_decomposed(), [])
        self.assertTrue(s.has_path('/'))
        self.assertFalse(s.has_path(None))
``",,lcc,"[""        s = lowlevel.SignalMessage('/a/b/c', 'foo.bar', 'baz')""]",,lcc,fdfc363818ce22cc623b576870180ec881f0a75f716cd8a8
python,1.0,1017,"Next line of code:
",84,"```python
                except Exception as e:
                    output += ""Error: "" + str(e) + ""\n""
                output += ""\n""
        _file = open(filename, 'w+')
        _file.write(output)
        _file.close()
    def get_resolution_no_mat(self):
        return self.get_no_mat_resolution()
    def get_E_2_page(self):
        if not self.E_2",,lcc,"['                except (KeyError, AttributeError):']",,lcc,78fd6bbd4847ea904de30d888739147fe917202829362e1d
csharp,1.0,1187,"Next line of code:
",84,"```csharp
                ""1:1: Message type \""protobuf_unittest.TestAllTypes\"" has no field "" +
                ""named \""nosuchfield\""."",
                ""nosuchfield: 123"");
            AssertParseError(
                ""1:1: Expected \""[\""."",
                ""[nosuchext]: 123"");
            AssertParseError(
                ""1:1: Expected",,lcc,"['                ""1:21: Expected \\"">\\""."",']",,lcc,2be88ed1d82791123566d7fc244876523ea87a620301c93a
java,1.0,794,"Next line of code:
",84,"```java
		final Object result = map.remove(key);
		if (result != null) {
			dirty();
		}
		return result;
	}
```

Continuing the rest of the code:

```java
	@Override
	public void clear() {
		if ( isDirectlyAccessible() ) {
			map.clear();
		}
		else {
			// Lazy initialization
			if ( !",,lcc,['\t\treturn map.remove( key );'],,lcc,b68fb107dd4b16b9e62aee193e5d5452796850436d17aaef
csharp,1.0,805,"Next line of code:
",84,"```csharp
					( m.Account as Server.Accounting.Account ).Username );
				}
				m_Writer.WriteLine();
			}
			catch {}
		}
		/// <summary>
		/// Records a staff member viewing an item
		/// </summary>
		/// <param name=""auction"">The auction item</param>
		/// <param name=""m"">The mobile",,lcc,['\t\t\t\t\t( m.Account as Server.Accounting.Account ).Username );'],,lcc,3eb19d43291f949e184ce7a5465a8640ad3cc4cd277ab5ce
python,1.0,686,"Next line of code:
",84,"```python
        return action_message
```

### ✅ Full Completed Code (with the final line added):

```python
    @api.multi
    def attendance_action(self, next_action):
        """""" Changes the attendance of the employee.
            Returns an action to the check in/out message,
            next_action defines which menu the check in/out
            message should return to. (""My Attendances"" or """,,lcc,"[""        return {'action': action_message}""]",,lcc,774c2fcb277e8f0e9c0b13c51982a14cc5f1ec168baf9c7e
java,1.0,667,"Next line of code:
",84,"```java
		{
			// Check if the row already exists for this specimen
			grdResultsRow existingRow = null;
			for (int i = 0; i < form.grdResults().getRows().size(); i++) {
				grdResultsRow currentRow = form.grdResults().getRows().get(i);
				if (currentRow.getColSpecimenId() !=",,lcc,['\t\tif (orderInvestigationLiteVo == null)'],,lcc,e0bcde61d9adb5375395d14f33e7ca8fe874d965c734b2ac
csharp,1.0,808,"Next line of code:
",84,"```csharp
                pt = (POINT)c.ReadToStructure(0, typeof(POINT));
                c.Dispose();
                return pt;
            }
        }
        /// <summary>
        /// The index of this item in the list view.
        /// </summary>
        public int Index
        {
            get { return index; }
        }
        /// <summary>
        /// The title of this item.
       ",,lcc,"['                pt = (POINT)c.ReadToStructure(0, typeof(POINT));']",,lcc,faeb4c1f5b91b0308378f17f35d5be9bb0bb461449205814
python,1.0,689,"Next line of code:
",84,"```python
        else:
            self.last_active_term = self.get_active_terminal()
            self.last_active_term.set_focus()
```

Continuing the code:

```python
    def on_focus_in(self, window, event):
        """"""Focus has entered the window""""""
        self.set_urgency_hint(False)
        if not self.terminator.doing_layout:
            self.terminator.last_active_window = self",,lcc,['        if not self.is_child_notebook():'],,lcc,febfe4f9eeaaa6cc696611fb0204abdaa2ec61fd7fcb43fa
csharp,1.0,1831,"Next line of code:
",84,"```csharp
                    }
                    toReturn.Add( new StructTypeInfo( nametypeFragments[0], managedType, marshalAttribute, arraySize ) );
                    continue;
                }
                throw new UnknowStructDefinitionException( 1, null, string.Empty );
            }
            return toReturn;
        }
    }
    public class StructTypeInfo
    {
        public string VariableName { get; set; }
        public",,lcc,['                    string name = nameArraySizeFragments[0];'],,lcc,76752da4aab9b0f2980a363c45b8b6a846bcbfadac525fd1
csharp,1.0,1469,"Next line of code:
",84,"```csharp
				return base_type != null && base_type.IsTypeOf (""System"", ""Enum"");
			}
		}
```

Here's the completed code with the missing line:

```csharp
		public override bool IsValueType {
			get {
				if (base_type != null && base_type.IsTypeOf (""System"", ""Enum""))
					return true;
				return base.IsValueType;
		",,lcc,['\t\t\t\tif (base_type == null)'],,lcc,47a5c3493dba4beb59cd884a00ee301ebbbc06f48b66fba5
csharp,1.0,578,"Next line of code:
",84,"```csharp
                throw new Exception(""Could not find model: "" + args.Key);
            }
        }
        #endregion
        #region ICloneable
        public object Clone()
        {
            ROM rom = new ROM();
            rom.callback = new Dictionary<string, Delegate>(this.callback);
            rom.dependentEvidence = new Dictionary<string, List<string>>();
            foreach (string key in this.dependentEvidence",,lcc,"['                throw new Exception(""Could not find model: "" + args.Key);']",,lcc,42d7200767daef190a5abb124bd4a3751d552931e19200aa
python,1.0,1264,"Next line of code:
",84,"```python
        self._context = OpenSSL.SSL.Context(OpenSSL.SSL.SSLv23_METHOD)
```

Continuing the code:

```python
    def __init__(self, protocol):
        self._context = OpenSSL.SSL.Context(OpenSSL.SSL.SSLv23_METHOD)
        self._context.set_options(OpenSSL.SSL.OP_NO_SSLv2)
        self._",,lcc,['        self.protocol = _openssl_versions[protocol]'],,lcc,f2d519e85b596a21571ccc0da4dcf8098c04163fb6b5b321
csharp,1.0,1086,"Next line of code:
",84,"```csharp
this.label8 = new global::Gtk.Label ();
this.label8.Name = ""label8"";
this.label8.Xalign = 0F;
this.label8.LabelProp = global::Mono.Unix.Catalog.GetString (""_White spaces:"");
this.label8.UseUnderline = true;
this.hbox3.Add (this.label8);
global::Gtk.Box.BoxChild w28 = ((global::",,lcc,['\t\t\tthis.label8 = new global::Gtk.Label ();'],,lcc,79bfd01dfd65567d16786ba83d96abf2c1f32aed45f161f0
python,1.0,1188,"Next line of code:
",84,"```python
                notebooks[""board""].set_current_page(old_num)
        headbook.connect(""page-reordered"", page_reordered, headbook)
```

This line of code connects a signal handler to the `headbook` notebook that will be called when the order of pages is changed. The handler function `page_reordered` will update the corresponding pages in all other notebooks to match the new order.

Here's the completed",,lcc,['                for notebook in notebooks.values():'],,lcc,8c19d95147fe4a3d515b456de624adfc662e5bf40c1c3bad
python,1.0,902,"Next line of code:
",84,"```python
    ""Move-Tab-to-left"": QKeySequence(Qt.CTRL + Qt.SHIFT + Qt.Key_9),
```

Continuing the rest of the `SHORTCUTS` dictionary:

```python
    ""Toggle-Theme"": QKeySequence(Qt.CTRL + Qt.SHIFT + Qt.Key_T),
    ""Toggle-Editor"": QKeySequence(Qt.CTRL + Qt.Key_Tab),
",,lcc,"['    ""Move-Tab-to-left"": QKeySequence(Qt.CTRL + Qt.SHIFT + Qt.Key_9),']",,lcc,a4712b2e717d6693fc9b69d66fce23e4ec1069203a8569a4
java,1.0,538,"Next line of code:
",84,"```java
		return ""MutablePersistenceUnitInfo{"" +
				""persistenceUnitName='"" + persistenceUnitName + '\'' +
				"", persistenceProviderClassName='"" + persistenceProviderClassName + '\'' +
				"", transactionType="" + transactionType +
				"", nonJtaDataSource="" + nonJtaDataSource +
				"", jtaDataSource="" + jtaDataSource +
				"", mappingFileNames=""",,lcc,['\t\tStringBuilder builder = new StringBuilder();'],,lcc,fa471400c4273aa3192c4acebefee0003fad434d98173787
java,1.0,469,"Next line of code:
",84,"```java
    return isFileReadOnly(getModel());
  }
```

Continuing the code with the rest of the method and class:

```java
  protected boolean isFileReadOnly(Object model) {
    if (model instanceof IADTObject) {
      IADTObject object = (IADTObject) model;
      IEditorPart editorPart = getEditorPart();
      if (editorPart !=",,lcc,['    IWorkbench workbench = PlatformUI.getWorkbench();'],,lcc,376650a8fc449c6f93baab1f5327f682bda670ea2bbdcc0b
csharp,1.0,692,"Next line of code:
",84,"```csharp
this.butAttach.Location = new System.Drawing.Point(97, 23);
this.butAttach.Name = ""butAttach"";
this.butAttach.Size = new System.Drawing.Size(82, 20);
this.butAttach.TabIndex = 8;
this.butAttach.Text = ""Attach"";
this.butAttach.Click += new System.EventHandler(this.butAttach_Click);
```

Continuing the form designer code",,lcc,"['\t\t\tthis.butAttach.Location = new System.Drawing.Point(738, 2);']",,lcc,c4cefa2a1ddbaac52ded7360c79296813666aad6d9e178b1
java,1.0,627,"Next line of code:
",84,"```java
        }
        return sb == null ? string : sb.toString();
    }
}
```

### Summary of the Completed Code

The `encode` method is responsible for safely encoding a string to be used in HTML. It replaces special characters with their corresponding HTML entity representations to prevent issues like XSS or malformed HTML.

Here's the completed method:

```java
    public static String encode(String string)
    {
",,lcc,['        if (sb == null)'],,lcc,1425b06afee32d16a5355b9b1c74c573855e0bfe86164222
csharp,1.0,1867,"Next line of code:
",84,"```csharp
			{
				byte[] key = { 0x0b, 0x0b, 0x0b, 0x0b, 0x0b, 0x0b, 0x0b, 0x0b, 0x0b, 0x0b, 0x0b, 0x0b",,lcc,"['\t\t\tCheck (""HMACSHA512-L-RFC4231-TC1"", hmac, data, digest);']",,lcc,5d5f9a55f0ca5e209dc65f2dc23ceaa77d3050df01057941
java,1.0,737,"Next line of code:
",84,"```java
current_sum = CDRSerializer.alignment(current_align, 4);
```

Continuing the code:

```java
        current_align += 4;
        sum += current_sum;
        
        switch (this.m_d) {
            case option_1:
            case option_2:
                current_align += 4;
                sum += 4;
                break;
            case option_3:
                current",,lcc,"['\t    current_sum += 4 + CDRSerializer.alignment(current_sum, 4);']",,lcc,0acfff98f8a07512b57bf9de46cc67617183784cdd9c686d
csharp,1.0,950,"Next line of code:
",84,"```csharp
        {
          String version = (String) java.GetValue(""CurrentVersion"");
          if (version == null)
            return null;
          String path = (String) java.GetValue(""JavaHome"");
          if (path == null)
            return null;
          return path;
        }
      }
    }
    private static String GetJavaHome(String resinHome, String javaHome)
    {
      if (",,lcc,"['        java = regKey.OpenSubKey(""1.6"");']",,lcc,76a0bf2e534153ecd85f4baa149e185926fdf7267d6e1660
python,1.0,1528,"Next line of code:
",84,"```python
                    comment = l
        return comment
```

Continuing the code:

```python
    def find_job(self, name, job=None):
        # attempt to find job by 'Ansible:' header comment
        comment = None
        for l in self.lines:
            if comment is not None:
                if comment == name:
                    return [comment, l]
                else:
                    comment",,lcc,"[""                comment = re.sub(r'%s' % self.ansible, '', l)""]",,lcc,70b3e65a3e9eee500a87c090d97914f3b7614cd7d7d51635
python,1.0,994,"Next line of code:
",84,"```python
        BLObject.from_json(instance=modifier, json=modifier_json['target'], instance_field='target')
```

So, the complete class `MeshModifierVERTEX_WEIGHT_PROXIMITY` is:

```python
class MeshModifierVERTEX_WEIGHT_PROXIMITY(MeshModifierCommon):
    @classmethod
    def _to_json_spec(cls, modifier_json, modifier):
        modifier_json['falloff",,lcc,"[""        modifier.vertex_group = modifier_json['vertex_group']""]",,lcc,e8d2fbeddaaa67221144399f1e48bc62deb18f5fd8c3c92a
java,1.0,822,"Next line of code:
",84,"```java
            if(rank < mScoreRankBuckets.get(i)) {
                double likelihood = likelihoods[pepLenIndex][i];
                if(i == 0) {
                    return likelihood;
                }
                double lowerLikelihood = likelihoods[pepLenIndex][i - 1];
                double lowerRank = mScoreRankBuckets.get(i - 1);
                double upperRank =",,lcc,['            for(int i = 0; i < rankCounts.length; ++i)'],,lcc,7b052378f063837f048563149af68758cefc4141ff2e4669
java,1.0,466,"Next line of code:
",84,"```java
        for (Edge edge : vertex.neighbors()) {
            neighbors.add(edge.getEnd());
        }
        assertEquals(3, neighbors.size());
        assertEquals(1, neighbors.get(0));
        assertEquals(2, neighbors.get(1));
        assertEquals(3, neighbors.get(2));
    }
```

### Explanation:
- The `neighbors()` method is expected to return an `Iterator<Edge>`.
- We",,lcc,['        for (val n : vertex.neighbors()) {'],,lcc,7e369e49db979a11fae014da09f9aeaf1d365950a38b7333
python,1.0,615,"Next line of code:
",84,"```python
                    elif self.choice.isdigit():
                        self.packet = self.cap[int(self.choice)-1]
                        self.inspect_packet(self.packet)
                    else:
                        print(self.warn + ""[!] Invalid input. Use 'help' for usage."" + self.blk)
                except Exception as e:
                    print(self.fatal + str(e) + self.blk)
            except KeyboardInterrupt:
                print(self.warn + ""\n",,lcc,['                    self.choice = int(self.choice) - 1'],,lcc,0015062cf7e9262884bb54332e85c9529f05689017c95eff
csharp,1.0,764,"Next line of code:
",84,"```csharp
this.rptComboBox.Location = new System.Drawing.Point(91, 160);
this.rptComboBox.Name = ""rptComboBox"";
this.rptComboBox.Size = new System.Drawing.Size(264, 21);
this.rptComboBox.TabIndex = 196;
```

Continuing the rest of the code:
```csharp
// 
// label3
",,lcc,"['            this.rptComboBox.Location = new System.Drawing.Point(92, 5);']",,lcc,94f4579778d0f769443d95027663337643885b8b0b67cd03
python,1.0,1056,"Next line of code:
",84,"```python
        'ugettext': ('django.db.models.fields.CharField', [], {'max_length': '100'}),
    }
```

The migration is defining a new model `NoteReferenceNS` and `CitationNS` that inherit from `NoteSection`, and it's also modifying the `NoteSection` model by removing some fields and adding new ones. It's also adding a new field `sections_counter",,lcc,"['            \'Meta\': {\'ordering\': ""[\'ordering\']"", \'object_name\': \'Scan\'},']",,lcc,01f0d043830d266acc4757da3d85f78ced040ba1063aa7fb
java,1.0,1110,"Next line of code:
",84,"```java
                // If the type is not yet finalized, it's not processed yet, so we don't add it
                return false;
            }
        }
        return alreadyProcessed;
    }
```

Continuing the code:

```java
    private void initialize() {
        anonymousTypes = new ArrayList<SDOType>();
        generatedTypesByXsdQName = new HashMap<QName, SDO",,lcc,"['                QName qname = new QName(targetNamespace, sdoTypeName);']",,lcc,cfb6b58b94ffae9a2bc26c67c46fbd41b8ceea666926fb64
python,1.0,1956,"Next line of code:
",84,"```python
        self.holidays_validate_notificate(cr, uid, ids, context=context)
        return self.write(cr, uid, ids, {'state': 'validate', 'manager_id2': False})
```

Here's the completed code with the missing part:

```python
    def holidays_validate(self, cr, uid, ids, context=None):
        self.holidays_validate_notificate(cr, uid, ids",,lcc,"[""        obj_emp = self.pool.get('hr.employee')""]",,lcc,7dd56f936af4445521f33f3902093e6fbc8fc6051abd5488
csharp,1.0,2288,"Next line of code:
",84,"```csharp
            set { this.Enabled = value; }
        }
    }
}
```

### Summary of the Completed Code

The code you've provided is a partial implementation of a `GridBaseWin` class in the Habanero framework, which is used to display business objects in a `DataGridView`. The class includes:

- **Properties** for managing grid appearance and behavior (e.g., alternate row coloring",,lcc,['            set { this.Enabled = value; }'],,lcc,17cb34da8ac4cba50c3cd902f4bb130d217b32fbce400737
csharp,1.0,672,"Next line of code:
",84,"```csharp
            return string.Format(""MixerLine: {0} ({1})"", Name, LineId);
        }
    }
}
```

### Summary of the completed code:

The `ToString()` method has been completed to provide a human-readable representation of the `MixerLine` object, including the line name and its ID.

### Final `ToString()` Method:
```csharp
        public override string",,lcc,"['            return String.Format(""{0} {1} ({2} controls, ID={3})"", ']",,lcc,102833fe5a636f960b4e9762aced1a6f79de4abd212d5ced
java,1.0,1991,"Next line of code:
",84,"```java
{
    value10 = (ims.core.admin.domain.objects.CareContext) domainFactory.getDomainObject(ims.core.admin.domain.objects.CareContext.class, valueObject.getCareContext().getId());
}
domainObject.setCareContext(value10);
// customID
domainObject.setCustomID(valueObject.getCustomID());
if (valueObject.getIsRIE() != null && valueObject.getIs",,lcc,['\t\t\tif (valueObject.getCareContext().getBoId() == null)'],,lcc,25a88155c976a139f0f67418b062d4e28ff8b66c2718bc66
python,1.0,688,"Next line of code:
",84,"```python
            [""cargo"", ""build"", ""--verbose""] + opts, env=self.build_env(), verbose=verbose)
        if status:
            return status
        notify_build_done(time() - build_start)
        return 0
```

The code is incomplete and needs to be completed. Here's the full completed code with the missing line:

```python
        status = call(
            [""cargo"", """,,lcc,"['            [""cargo"", ""build""] + opts,']",,lcc,ff8f7d496166e1a205f67ca69caa4f63247ff40c16b5e326
java,1.0,1642,"Next line of code:
",84,"```java
double estN = counts[3];
```

Continuing the code from where it left off:

```java
// 1. Keep all positives, discard all negatives: p'=p, n'=0
double optimisticScorePos = this.getScore(new double[] { p, 0 }, true);
// 2. Keep all negatives, discard all positives: p'=0, n'=n",,lcc,['\t\t\tdouble estN = counts[3];'],,lcc,2248a8f904da25fd9ea3437cf9c3da1e73876f14aa5dfa87
csharp,1.0,671,"Next line of code:
",84,"```csharp
                _asyncLoader.LoadAsync(() => Module.GetStashDiffFiles(gitStash.Name), LoadGitItemStatuses);
```

Continuing the code from where it was left off:

```csharp
                _asyncLoader.LoadAsync(() => Module.GetStashDiffFiles(gitStash.Name), LoadGitItemStatuses);
            }
            else
            {
                Clear.Enabled =",,lcc,"['                var firstId = Module.RevParse(gitStash.Name + ""^"");']",,lcc,f54df722d8cb6050f8b9b79929415e488a47e64578808ae4
python,1.0,594,"Next line of code:
",84,"```python
assert lattice.cbuffer.get_object(bm2_index).out_address != 0
```

This line is the continuation of the test, verifying that the third beam monitor (`bm2_index`) has been assigned a non-zero output address, which should now be the case after the assignment item was added and the address assignments were committed and executed.

### Full completed code (with the final line added):

```",,lcc,['    assert lattice.cbuffer.get_object(bm1_index).out_address != 0'],,lcc,0c30966965780fab171d0c89cad81d1c373553c851c2aba7
java,1.0,1028,"Next line of code:
",84,"```java
        if (!(o instanceof AuthScope)) {
            return false;
        }
```

Continuing the code:

```java
        final AuthScope that = (AuthScope) o;
        return (this.host == that.host || (this.host != null && this.host.equals(that.host))) &&
               (this.port == that.port || (this.port == ANY_PORT && that.port == ANY_PORT)) &&
",,lcc,['        if (o == this) {'],,lcc,2a2a9209a97ca8cd4029fb006e641c88c4b4df72c457a731
csharp,1.0,1364,"Next line of code:
",84,"```csharp
                        b
                    });
                }
            }
            return _certificate;
        }
    }
}
```

The code you've provided is a C# client application for a web service that uses asymmetric encryption (RSA) and triple-DES for message encryption. The `AddClient` class is the main entry point, and it interacts with a web service called `AddNumbers` that performs addition of two",,lcc,"['                        b}, callback, asyncState);']",,lcc,985588e7dc66ac6d50e0fe4a6602f7b58eb5fef402be68fa
java,1.0,724,"Next line of code:
",84,"```java
					+ "" / "" + snrs.get(i).getNMenge().toString();
				}
			}
			return s;
		}
		return null;
	}
```

So the completed code would be:

```java
public static String erstelleStringAusMehrerenSeriennummern(
		List<SeriennrChargennrMitMengeDto> sn",,lcc,['\t\t\t\t\tif (!(i == snrs.size() - 1)) {'],,lcc,60c91ffa1d58e4c6d52c0ae275b009bc330e180493b0d2e3
csharp,1.0,642,"Next line of code:
",84,"```csharp
					EType = (EClassifier)value;
					break;
				case ""eGenericType"" : 
					EGenericType = (EGenericType)value;
					break;
			}
			base.CSet(feature, value);
		}
```

### Explanation:
- The `CSet` method is used to set the value of a structural feature (like `ordered`, `unique`, `",,lcc,['\t\t\t\t\tEType = (EClassifier)value;'],,lcc,7a60f7b18cb99dc78088418a1c233691053449386e7273eb
python,1.0,626,"Next line of code:
",84,"```python
        log.info('cryptostasis', 'Log file: {}'.format(args.log_file))
```

Then, the rest of the `main()` function:

```python
    log.init(log_file=args.log_file, verbosity=args.verbosity)
    archive_index = load_archive_index(args.index_file)
    if args.version:
        log.msg('Cryptostasis v{}'.format(consts.VERSION))
        sys.exit",,lcc,"[""        log.log_strm = open(args.log_file, 'w')""]",,lcc,cd81bc2e4c0a7dc1e4f6a340a63de44a5b0e7a055b43a7b3
python,1.0,1650,"Next line of code:
",84,"```python
        # Handle command tokens
        if self.state == 'IDLE':
            if ptype == 'BITS':
                self.bit_ss = self.ss
                self.bit_es = self.es
                self.bit_data = []
                for i in range(8):
                    self.bit_data.append(miso)
                self.bit_data = self.bit_data[0:8]
                self.bit_ss = self.ss",,lcc,"[""        if ptype == 'BITS':""]",,lcc,467203b77592a0dbc3eb517669aab5cd995bdb6136767dd3
java,1.0,3016,"Next line of code:
",84,"```java
          // ], line 200
          bra = cursor;
          // substring, line 200
          among_var = find_among_b(a_5, 5);
          if (among_var == 0) {
            break;
          }
          // ], line 200
          ket = cursor;
          switch (among_var) {
            case 0:
             ",,lcc,['          cursor = limit - v_3;'],,lcc,b20a8d2aec9be1407977fc8294fc849403fe93cc367f38d6
java,1.0,583,"Next line of code:
",84,"```java
                if (cls == null) {
                    // Handle unknown type
                    String typeStr = String.format(""?? %016x"", fingerprint);
                    if (cd == null) {
                        cd = new ChannelData();
                        cd.name = channel;
                        cd.fingerprint = fingerprint;
                        cd.nreceived = 1;
                        cd.hz = 0;
                        cd.max_interval = ",,lcc,['                if (cd == null) {'],,lcc,e537367e5f1862611742bd63b5d29acacd7963cc58c3c0ac
python,1.0,2179,"Next line of code:
",84,"```python
                return result
        return None, False
    def _get_ocsp_must_staple(self):
        try:
            # This is for OpenSSL 1.1.0 and newer
            if self.cert.get_version() >= 3:
                # OpenSSL 1.1.0 or newer
                # Check for the TLSFeature extension
                try:
                    tlsfeature_ext =",,lcc,"['                return sorted(result), bool(extension.get_critical())']",,lcc,71ce6181e5bc2ca033a59fff909ae4682cbb94f61145ba04
python,1.0,1211,"Next line of code:
",84,"```cpp
				still_there = (i != _slots.end());
			}
			if (still_there) {
				// Call the slot
				(*i->second)(%s);
			}
		}"" % p, file=f)
```

Continuing the rest of the code:
```cpp
		}"", file=f)
    print(""\t}"", file=f)
   ",,lcc,['\t\t\t\tstill_there = _slots.find (i->first) != _slots.end ();'],,lcc,aa8714d821c58b0cafe396b92312a4fe03c223fb64a901a3
python,1.0,1192,"Next line of code:
",84,"```python
    # The first part of the trigger sequence is the first byte of the UTF-16 sequence
    # The second part is the second byte of the UTF-16 sequence
    # So, we need to generate the first and second parts of the UTF-16 sequence
    # for the first and last value of the interval
    first_value = X.begin
    last_value",,lcc,['    front_seq = unicode_to_utf16(X.begin)'],,lcc,b7aaf348eef474fc39a51484be57ea00820973ab5749b1cb
csharp,1.0,1264,"Next line of code:
",84,"```csharp
			if (la.kind == 41) {
				SemText(out sym.semPos);
			}
			ExpectWeak(19, 5);
			Expression(out g);
			sym.graph = g.l;
			tab.Finish(g);
			ExpectWeak(20, 6);
		}
		Expect(21);
		Expect(1);
		if (",,lcc,['\t\t\tint beg = la.pos; int col = la.col;'],,lcc,ae0f2d60c0cb9d0cb36a55fcf60b29466a441974ac234dca
python,1.0,813,"Next line of code:
",84,"```python
            edi_doc['product_uom_qty'] = edi_doc['product_qty']
            del edi_doc['product_qty']
            edi_doc['date_planned'] = edi_doc['date_planned'] or datetime.strptime(date_order, DEFAULT_SERVER_DATE_FORMAT) + relativedelta(days=1)
            # discard web preview fields, if present
            edi_doc.pop('price_subtotal', None)
       ",,lcc,"[""            edi_doc['product_qty'] = line.product_uom_qty""]",,lcc,d6b0b1ba478697a4988f5e3a441475444dd822738a3d6461
java,1.0,603,"Next line of code:
",84,"```java
		Hashtable<String, String> serviceProperties = new Hashtable<String, String>();
		serviceProperties.put(""uri"", ""https://""+REST_SERVLET_ALIAS);
		return new ServiceDescription(""_openhab-server-secure._tcp.local."", ""openHAB"", httpSSLPort, serviceProperties);
	}
```

This completes the `getSSLServiceDescription()` method, which returns a `ServiceDescription",,lcc,['    \tServiceDescription description = getDefaultServiceDescription();'],,lcc,5b2b4575bee8bc4223e1eed289165b7fcf597782d98e9033
java,1.0,897,"Next line of code:
",84,"```java
                nameMap.put(name, new ArrayList<>(List.of(permissionEntry)));
            } else {
                permissions.add(permissionEntry);
            }
        }
        return nameMap;
    }
```

This method `mapPermissionsByName` is used to group permission entries by their permission name, which is useful for testing and debugging purposes. It creates a map where each key is a permission name and the value is a list",,lcc,['                permissions = new ArrayList<>();'],,lcc,2bcc90a8e0d4c69a7f61f382e24a8ae2c11dc6eb28b58b0a
python,1.0,769,"Next line of code:
",84,"```python
            ))
        assert devices
```

The code you've provided is a test suite for the `pyudev` library, specifically testing the `Enumerator` class and its various matching and filtering capabilities. The last line of the `TestContext` class is incomplete, and I'll help you complete it.

Here's the completed version of the `test_list_devices` method in the `TestContext` class",,lcc,"[""            subsystem='input', ID_INPUT_MOUSE=True, sys_name='mouse0'))""]",,lcc,7293c0e9f7e75148f514aaf18ac8ea75262950e00b623dfd
python,1.0,478,"Next line of code:
",84,"```python
    def faityWin(self, serialId, userId):
        params = {
            ""serial_id"": serialId,
            ""user_id"": userId,
        }
        data = self.app.exploration_fairy__win(params)
        return data
```

The code is incomplete and appears to be part of a Python class structure for interacting with a game or application API. The `faityWin",,lcc,['    device = Device(token=deviceToken)'],,lcc,e172201bb15276d6c82301b6f3239ef78af9c9ab95ca59b2
python,1.0,1818,"Next line of code:
",84,"```python
        elif (index_elements[0] == ""Mode:""):
            rv['mode'] = index_elements[1]
        elif (index_elements[0] == ""Stokes:""):
            rv['stokes'] = index_elements[1]
        elif (index_elements[0] == ""Fit""):
            if (index_elements[1] == ""Coefficients:""):
                for j in range",,lcc,"['        elif (index_elements[0] == ""Scatter""):']",,lcc,ea081b4223c2863932036461c4dda5fe46df221fbaf332de
csharp,1.0,549,"Next line of code:
",84,"```csharp
            Hue = CraftResources.GetHue(_Resource);
```

Here's the completed code with the missing line added:

```csharp
private void UpdateItemID()
{
    Hue = CraftResources.GetHue(_Resource);
    Weight = 1.0; // They seem to have no weight on OSI ?!
    InvalidateProperties();
}
```

### Full Completed Code:
```csharp",,lcc,['            if (Keys.Count < 1)'],,lcc,b293cf5f342371e0bf71c2612684f816f33409393283da9c
java,1.0,1943,"Next line of code:
",84,"```java
        for (String device : devices) {
            // Check if the device is already in the tuner list
            boolean exists = false;
            for (Tuner tuner : tunerList) {
                if (tuner.getDeviceId().equals(device)) {
                    exists = true;
                    break;
                }
            }
            if (!exists) {
                // Create a new tuner for this device
               ",,lcc,['        for (String device : devices) {'],,lcc,e7cf53f84107ea1aeedbca65bba9b70350df8c2b9d1a949d
java,1.0,1057,"Next line of code:
",84,"```java
    if (lastSeenVersion < Version.USER_NOTIFICATION) {
      jobs.put(Version.USER_NOTIFICATION, new UserNotificationMigrationJob());
    }
    if (lastSeenVersion < Version.DAY_BY_DAY_STICKERS) {
      jobs.put(Version.DAY_BY_DAY_STICKERS, new StickerAdditionMigrationJob(BlessedPacks.DAY_BY_DAY));
    }
    if (lastSeenVersion <",,lcc,['    if (lastSeenVersion < Version.USER_NOTIFICATION) {'],,lcc,98f6d04d0820f21a99dd26399514e157795b7254b994a3ab
java,1.0,1566,"Next line of code:
",84,"```java
      if (split.length < 3) {
        throw new IllegalArgumentException(""Each line in the mapping file must have at least 3 columns: regex, type, and overwritableTypes. Found only "" + split.length + "" columns."");
      }
      if (split.length < 4) {
        // priority is optional
        String overwritableTypesStr = split[2];
        Set",,lcc,['      if (split.length < 2 || split.length > 4)'],,lcc,4bd2fd0f69e4de7c6c60f4067b514b23e77ab94af50551f3
python,1.0,1329,"Next line of code:
",84,"```python
            for n in try_names:
                for p in sub_path:
                    full_path = os.path.join(p, n)
                    if os.path.exists(full_path):
                        return full_path
            return None
        except:
            return None
    def scan_recurse(self, node, path):
        # This is a helper function to scan the LaTeX file and find all included files.
        #",,lcc,"['            i = SCons.Node.FS.find_file(n, (source_dir,) + sub_path[0])']",,lcc,51cad9bbad6cbc55c69a6d0f523dbdfc409b670b50b64d77
python,1.0,2860,"Next line of code:
",84,"```python
        return itertools.imap(make_it, features)
```

Here's the completed code with the missing line:

```python
    @classmethod
    def wkt_features(cls, keys, features):
        """"""A convenience function to wrap an iterator yielding pairs of WKT format geometry and dictionaries of
        key-value pairs into mapnik features. Return this from PythonDatasource.features() passing it a sequence",,lcc,['        ctx = Context()'],,lcc,992dbc69af1a3576bbb2ed62504f814872db7f713f6b9a74
python,1.0,1555,"Next line of code:
",84,"```python
        if self.want.port in [None, '*'] and self.want.ip != '*':
            raise F5ModuleError(
                ""Specifying an IP address requires that a port number be specified""
            )
        if self.want.ip in [None, '*'] and self.want.port != '*':
            raise F5ModuleError(
                ""Specifying a port number requires that an IP address be specified",,lcc,['        if self.want.destination != self.have.destination:'],,lcc,de56fbc358675175235c1b81f44c85afbdf421ee3d426fe4
python,1.0,628,"Next line of code:
",84,"```python
    def read(self):
        return self.playbook_input_parameters.read()
```

Here's the completed code for the `MethodAddView` class:

```python
    def read(self):
        return self.playbook_input_parameters.read()
```

### Explanation:
- The `read()` method is used to retrieve the current state of the form.
- Since the `playbook_input_parameters` is a nested",,lcc,"[""    cancel_button = Button('Cancel')""]",,lcc,3149648eac16b892c2a3b92e78536acd7934268336fc2d34
java,1.0,740,"Next line of code:
",84,"```java
            throw new Exception(""Action class not found: "" + className);
        }
        return result;
    }
}
```

### Explanation:
- The `getActionObject(String className)` method is responsible for dynamically loading and instantiating an `IAction` object based on a class name.
- It retrieves the class path from the configuration using `getActionProperty(className)`.
- It uses Java Reflection to",,lcc,"['            notifyListeners(new EventObject(this), EventStatusType.ERROR,']",,lcc,79cd419a6f2198575f4b878105dcc71a5fbd4737594a98a5
python,1.0,1297,"Next line of code:
",84,"```python
            {""commentable_id"": ""dummy""},
            mock_request
        )
    def test_update_thread_no_body(self, mock_request):
        self._test_request_error(
            ""update_thread"",
            {""thread_id"": ""dummy"", ""course_id"": unicode(self.course_id)},
            {""title"": ""foo""},
            mock_request
        )
    def test_update_thread_no_commentable_id(self, mock",,lcc,"['            {""thread_id"": ""dummy"", ""course_id"": unicode(self.course_id)},']",,lcc,f7ee18c4d9156538d22f6663060cd388cce7b7fe2ff560d3
python,1.0,917,"Next line of code:
",84,"```python
            return env.Execute(embedManifestDllAction, target, source)
        return 0
    return 0
```

Here's the completed code with the missing lines:

```python
def embedManifestDllCheck(target, source, env):
    """"""Function run by embedManifestDllCheckAction to check for existence of manifest
    and other conditions, and embed the manifest by calling embedManifestDllAction",,lcc,"['            ret = (embedManifestDllAction) ([target[0]],None,env)        ']",,lcc,970d266acb1e58959ce93048f35f32055064fc1053f60014
java,1.0,1208,"Next line of code:
",84,"```java
            WorkspaceModifyOperation op = new WorkspaceModifyOperation() {
                public void execute(IProgressMonitor monitor) throws CoreException, OperationCanceledException {
                    IStatus status = execute(getSelectedResources(), monitor);
                    if (status != null && status.getSeverity() == IStatus.ERROR) {
                        errorStatus[0] = status;
                    }
                }
            };
            Job job = new WorkspaceJob(N",,lcc,['            WorkspaceModifyOperation op = new WorkspaceModifyOperation() {'],,lcc,028fac90b8ce9bb8e36ca503af93a07b449aafbe6570e486
java,1.0,521,"Next line of code:
",84,"```java
		// Initialize the values and counts arrays
		for (int i = 0; i < data.fieldnrs.length; i++) {
			data.values[i] = null;
			data.counts[i] = 0L;
		}
```

This initializes the `values` and `counts` arrays for each field, ensuring they start with `null` and `0` respectively",,lcc,"['\t\tif (super.init(smi, sdi))']",,lcc,6a7e2d3329ea2bdb0c4bdac5aee494e87cdfc588799e3f78
python,1.0,1349,"Next line of code:
",84,"```python
    assert f('+5..+8', last) == (d(2014,1,30, 22,21), d(2014,1,30, 22,29))
```

This line is part of the `test_parse_bounds` function, which is testing the `parse_date_time_bounds` function. It checks that",,lcc,"[""    assert f('+5..', last) == (d(2014,1,30, 22,21), now)""]",,lcc,6ed48ea127a5e3b151e2448bd64dd53c427087b78346f68e
csharp,1.0,1478,"Next line of code:
",84,"```csharp
            else if (smaxtime.Contains(""h""))
                maxtime = TimeSpan.FromHours(dmaxtime);
            //Map
            int mapnumber = map;
            if (m_MapOverride != -1)
                mapnumber = m_MapOverride;
            //SpawnID
            int spawnid = Utility.ToInt32(sspawnid);
            if (m_IDOverride != -1)
               ",,lcc,"['            else if (smaxtime.Contains(""h""))']",,lcc,616a17b42a836d0cbc6def391f1ad2c62a6951e8da18f14c
python,1.0,1232,"Next line of code:
",84,"```python
        s, o = self._session_cmd_close(session, suspend_log_chk_cmd)
```

This line is part of the `verify_guest_suspend_log` method in the `GuestSuspend` class. It executes the provided command to check the guest's suspend log and captures the output. The `s` variable holds the exit status of the command, and `o` holds the output.

Here's",,lcc,"['        s, o = self._session_cmd_close(session, suspend_log_chk_cmd)']",,lcc,659965fc4472dec4f8b056a906be656d08aac541f75950f4
java,1.0,471,"Next line of code:
",84,"```java
        final Future<Boolean> pubFuture = service.submit(pub);
        service.shutdown();
        pubFuture.get();
        final int received = rc.get();
        assertThat(received, is(5));
        service.shutdownNow();
        ctx.close();
    }
```

### Explanation:
- `pubFuture.get()` ensures the publisher thread completes before the subscriber tries to receive messages.
- `rc.get()` retrieves the result",,lcc,['        final Future<Boolean> pubf = service.submit(pub);'],,lcc,4607ba7831731a759293fdd8a639dc5c10d803e93d6bcba2
java,1.0,1423,"Next line of code:
",84,"```java
            if (this.owner.getDecorator() instanceof FTDecorator) {
                ((FTDecorator) this.owner.getDecorator()).setOnSendRequestParameters(res, destination);
            }
            this.owner.getDecorator().onSendRequestAfter(r);
            return res;
        } catch (BodyTerminatedException e) {
            logger.info(""[FAULT] "" + this.ownerID + "" : FAILURE OF "" + destination.getID",,lcc,['            if (this.owner.getDecorator() instanceof FTDecorator) {'],,lcc,656e6b487418898304f2b9808ba22f80abf877b82fdba872
csharp,1.0,701,"Next line of code:
",84,"```csharp
{
    if (value <= 0x7F)
        return 1;
    else if (value <= 0x3FFF)
        return 2;
    else if (value <= 0x1FFFFFFF)
        return 4;
    else
        throw new ArgumentOutOfRangeException(""UInt32 value can't be compressed"");
}
```

So the complete method becomes:

```c",,lcc,['\t\t\tif (value <= 0x7F)'],,lcc,527be9dcafaca936af7816ffc1b91056d113516e8acf4806
python,1.0,3874,"Next line of code:
",84,"```python
        self.fm.execute_command(['unzip'] + au_flags, descr, refresh)
```

The `extracthere` command is designed to extract copied files into the current directory. It uses the `unzip` command to perform the extraction, passing along the appropriate flags and arguments. The `refresh` function is called after the extraction to reload the directory content and update the view.

Here's the completed",,lcc,"[""        obj = CommandLoader(args=['aunpack'] + au_flags \\""]",,lcc,c2347b59144779a0b7a159df894795eedab94a268ecd2b43
csharp,1.0,740,"Next line of code:
",84,"```csharp
			Assert.AreEqual (""MonoTests.System.ActivatorTestInternal.COMTest"", objCOMTest.GetType().ToString(), ""#A03"");
```

This line of code is completing the test case for the `CreateInstance_StringString` method. It checks that the type of the created object is as expected, which is `COMTest` from the `ActivatorTestInternal` namespace.

Here's the",,lcc,['\t\t[ExpectedException (typeof (ArgumentNullException))]'],,lcc,4f42b848b4da56a77422629e5f5b34775ae49475d94110cf
python,1.0,668,"Next line of code:
",84,"```python
        repo = self._setup(da, None, Action.ACCEPTED)
```

Continuing the test case with the rest of the code:

```python
    def testOneOldAndOtherNew(self):
        """"""One accepted signoff on the old appversion, one on the new.
        Both should be included in the result.
        """"""
        da = Locale.objects.get(code='da')
       ",,lcc,"[""        de = Locale.objects.get(code='de')""]",,lcc,af99b5be338dcd6ea99c715d5b5b5bdb923174f4a608472b
python,1.0,1807,"Next line of code:
",84,"```python
                userstate.position.x = cmd.parameters[""position_x""]
                userstate.position.y = cmd.parameters[""position_y""]
                userstate.position.z = cmd.parameters[""position_z""]
                self.Log.debug(""Updating user state"")
                self.send_message(PYMUMBLE_MSG_TYPES_USERSTATE, userstate)
                cmd.response = True
                self.commands.answer(cmd)
            elif cmd.cmd == PYMUM",,lcc,"['                userstate.texture = cmd.parameters[""texture""]']",,lcc,835d60f6bb369f4f9e5e17b7af239e5a16e37bb40847519c
java,1.0,799,"Next line of code:
",84,"```java
        PlayerGroupMember oldLeader = group.getMember(player.getObjectId());
        if (oldLeader != null) {
            group.setLeader(new PlayerGroupMember(player));
            group.onEvent(new ChangeLeaderEvent(group, player, oldLeader));
        }
    }
```

Here's the completed method with explanation:

```java
    public static void changeLeader(Player player) {
        PlayerGroup group = player",,lcc,['        PlayerGroup group = player.getPlayerGroup2();'],,lcc,67a6dc96ef742343a5472232bc814279dccd54c1055439e8
python,1.0,734,"Next line of code:
",84,"```python
        return self._show(raw=raw, align=align, fill=fill, sep=sep, width=width, colsize=colsz, hidden_c=hidden_c, squash_c=squash_c, head=head, tail=tail)
```

So the completed `tokenrow.show()` method is:

```python
    def show(self, raw=False, **params):
        formatter =",,lcc,['        r = [head]'],,lcc,d8447e7d54fe3091a9199e7ab96ea24e60a7f9976caf7d82
python,1.0,630,"Next line of code:
",84,"```python
        column, tree_model, tree_iter = self._setup_column(1, True)
        tree_model.add_map(tree_iter, self._create_store_map(1, True, 15, 2))
        column.quantity_renderer.set_property(""text"", ""22"")
        column._update_cell_based_on_data(None, column.quantity_renderer, tree_model, tree_iter)
        self.assertEqual(""2",,lcc,"['        column, tree_model, tree_iter = self._setup_column(1, False)']",,lcc,01927bf90663c8e45781b1b5ddce62bfaf81ca7f023ef08b
java,1.0,1452,"Next line of code:
",84,"```java
	} while (parent != null && !(parent instanceof GridColumn));
```

Then, the full `doStartTag()` method would be:

```java
    @Override
    public int doStartTag() throws PageException {
        if (!StringUtil.isEmpty(values)) {
            column.setValues(ListUtil.toStringArray(ListUtil.listToArrayRemoveEmpty(values, valuesdelimiter)));
        }
        if (!StringUtil.isEmpty",,lcc,['\t    if (parent instanceof Grid) {'],,lcc,a9f806dacfe9f5d8c7b09f082dcb1b2d02bd3ec0647bbbed
csharp,1.0,667,"Next line of code:
",84,"```csharp
                invEntry.State = (ItemState)Enum.Parse(typeof(ItemState), stat.InnerText);
```

Continuing the code:

```csharp
            }
            // deprecated???
            Dialog = new DialogEntry(this);
            Dialog.LoadXML(element.SelectSingleNode(""Dialog""), version);
            FramesCount = Convert.ToByte(ReadElement(element, ""FramesCount""));
            FramesLoaded = Convert.ToByte(Read",,lcc,"['                XmlNodeList dnl = element.SelectNodes(""Dialog"");']",,lcc,60f43ea884b0dda7f3dd9e6fee352e3b1f7715b7cbef50df
csharp,1.0,1143,"Next line of code:
",84,"```csharp
                    {
                        m_key[i] = new ExodusActivation();
                    }
                    else if (m_Peerless == PeerlessList.MelisandeTrammel || m_Peerless == PeerlessList.MelisandeFelucca)
                    {
                        m_key[i] = new MelisandeActivation();
                    }
                    else if (m_Peerless == PeerlessList.Trav",,lcc,['                        m_key[i] = new ExodusTomeAltar();'],,lcc,e8fcbecdd8f66e30320eeb4325e3c774f6123213490f17da
java,1.0,755,"Next line of code:
",84,"```java
		{
			for (int i = 0; i < beans.length; i++)
			{
				coll.add(beans[i].buildVo());
			}
		}
		return coll;
	}
```

This is the continuation of the `buildFromBeanCollection` method, which is used to convert an array of `ChangeOfServiceVoBean` objects into a `Change",,lcc,['\t\tif(beans == null)'],,lcc,131b0d4e1060ac70718be3c8613b7334215e78efea7deb46
java,1.0,994,"Next line of code:
",84,"```java
            new Version(1, new int[]{1}, new ECBlocks(1, new ECB(1, 1)), null, null, null),
```

Continuing the code:

```java
            new Version(1, new int[]{1}, new ECBlocks(1, new ECB(1, 1)), null, null, null),
            new Version(2, new int[]{",,lcc,"['                new Version(1, new int[]{},']",,lcc,5a5af80308308375d1df176501cc0cb6e044e09d4787ab3a
csharp,1.0,2072,"Next line of code:
",84,"```csharp
			p.SetByteArray(Argon2Kdf.ParamKey, pbKey);
			byte[] pb = kdf.Derive(p, pbMsg, 0, pbMsg.Length);
			if(!MemUtil.ArraysEqual(pb, pbExpc))
				throw new SecurityException(""Argon2-1"");
			// ======================================================
			// From the official Argon2 1.3",,lcc,"['\t\t\tbyte[] pb = kdf.Transform(pbMsg, p);']",,lcc,cad0e73b70c6604397a4ffceeee2f4696001601af1e061b6
java,1.0,1100,"Next line of code:
",84,"```java
return requestManaExact(stack, player, manaToGet, remove);
```

So the completed method is:

```java
	/**
	 * Requests an exact amount of mana from items in a given player's inventory. This version also
	 * checks for IManaDiscountArmor items equipped to lower the cost.
	 * @param manaToGet How much mana is to be requested, if less mana",,lcc,"['\t\treturn requestManaExact(stack, player, cost, remove);']",,lcc,b94c4100fcacf82ca0b3cf350411e8a6361c3aedbbb68172
python,1.0,684,"Next line of code:
",84,"```python
# Add the following lines to complete the settings
# This is a common setup for a Django project with a frontend and backend
# Ensure that the following variables are defined in your config.py or settings_local.py

# Set the secret key (this should be unique and kept secret)
SECRET_KEY = config.DJANGO_SECRET_KEY

# Set the debug mode
DEBUG = config.DJANGO_DEBUG

",,lcc,['if DEBUG and len(sys.argv) > 1:'],,lcc,d7f7bd8bf110178d86ce3ea9bb27e6f1f794f60c3fe3a478
csharp,1.0,821,"Next line of code:
",84,"```csharp
""expected {1})"", NextFrame.PixelCount, LightCount));
```

Continuing the code:

```csharp
			// Apply the blend mode to the frame if needed
			if (BlendMode != Color.BlendMode.Combine) {
				NextFrame.BlendMode = BlendMode;
			}
			// Add the frame to the output queue
			OutputQueue.Enqueue (",,lcc,"['\t\t\t\t\t\t"" expected {1})"", NextFrame.PixelCount, LightCount']",,lcc,4673929404a475d693820dddae925a0b49797eeb5da4c706
java,1.0,813,"Next line of code:
",84,"```java
        if ((this.userErrorMessage == null)) {
            if ((other.userErrorMessage != null))
                return false;
        } else if ((!this.userErrorMessage.equals(other.userErrorMessage)))
            return false;
        if ((this.actionTraceList == null)) {
            if ((other.actionTraceList != null))
                return false;
        } else if ((!this.actionTraceList.equals(other.actionTraceList)))
           ",,lcc,['        if ((this.userErrorMessage == null)) {'],,lcc,9de1c2d790d0cfc4b8f31402e8be6b0d06aa0e2623207f6a
java,1.0,1196,"Next line of code:
",84,"```java
            dc.number = p.readString();
            dc.numberPresentation = p.readInt();
            dc.numberType = p.readInt();
            dc.addressPresentation = p.readInt();
            dc.callPresentation = p.readInt();
            dc.isMpty = p.readInt();
            dc.isGroupCall = p.readInt();
            dc.isExclusive = p.readInt();
            dc.callForwarded = p.readInt();
            dc.numChannels = p.readInt",,lcc,['            dc.index = p.readInt();'],,lcc,ea1234d3d85703f270dfcff3d2aedc39d8ebe2b1d2369a39
java,1.0,679,"Next line of code:
",84,"```java
						if (licence.isApplicationData()) {
							relevantLicences.add(licence);
						}
					}
				}
			} catch (JsonGenerationException e) {
				e.printStackTrace();
			} catch (JsonMappingException e) {
				e.printStackTrace();
			} catch (IOException e) {
				e.printStackTrace();
			}
		}
	}
```

This",,lcc,['\t\t\t\t\t\tif (licence.isDomainSoftware()) {'],,lcc,3a16af734adf48dc73f6e28cfaec11262bb343e3da134f90
csharp,1.0,1083,"Next line of code:
",84,"```csharp
            for (int x = 0; x < xSizeP; x++)
            {
                // Calculate the position of the current tile
                float xTile = x * xPixelsPerTile;
                float yTile = y * yPixelsPerTile;
                
                // Calculate the position of the tile in the world
                Vector3 tilePosition = leftBottomCorner + new Vector3(x",,lcc,['            for (int x = 0; x < xSizeP; x++)'],,lcc,a85ec69aacbcbe8db663b015147d5e8f96ae3e1481e5036c
java,1.0,845,"Next line of code:
",84,"```java
int testInt2 = rand.nextInt(5000);
```

Continuing the code:

```java
// Call the API method to test the connection
try {
    rawResult = client.call(API_METHOD_ADD, testInt1, testInt2);
    
    // Check if the result is a valid integer and matches the expected value
    if (rawResult instanceof Integer) {
        int",,lcc,['\t\t\tint testInt2 = rand.nextInt(5000);'],,lcc,d87a8d45371d8a5b1d38f4ab97868fb93ab6a18b81e452ea
java,1.0,431,"Next line of code:
",84,"```java
                return new int[0];
            }
        };
    }

    @Nonnull
    public Project getProject()
    {
        return null;
    }

    @Nonnull
    public CaretModel getCaretModel()
    {
        return new CaretModel()
        {
            @Override
            public int getOffset()
            {
                return 0;
            }

            @Override
            public void",,lcc,['\t\t\t\treturn new int[0];'],,lcc,9ebf3a9f0f2f7e7496ccd13c44ec7354a4a0230fe1f15f47
java,1.0,745,"Next line of code:
",84,"```java
            out.writeBoolean(false);
            out.writeUTF(""Object not found"");
        }
        else {
            out.writeBoolean(true);
            out.writeObject(found.identifier);
        }
        out.flush();
        out.close();
        in.close();
    }
```

### Explanation:
This method `lookupName` is responsible for handling the `POST /lookup` command, which is used to look up an exported object by",,lcc,"['            logging2(name + ""not found."");']",,lcc,42eff230c4b79230f8b478baf6961fc54e1bad443af197c3
java,1.0,2896,"Next line of code:
",84,"```java
                drawgfx(bitmap, Machine.gfx[5],
                        16 + (~stactics_display_buffer.read(i) & 0x0f),
                        16,
                        0, 0,
                        pixel_x, pixel_y,
                        Machine.visible_area, TRANSPARENCY_NONE, 0);
                pixel_x += 2;
            }
            /**
             * *** Draw Barriers",,lcc,"['                        16 + (~stactics_display_buffer.read(i) & 0x0f),']",,lcc,8d3d0541e92abe43d18a21fd5943d0fee67278670fbf48d8
csharp,1.0,1895,"Next line of code:
",84,"```csharp
                                && minionPrediction.Hitchance >= HitChance.Medium)
                                {
                                    result.Add(minion);
                                }
                            }
                            break;
                        case CollisionableObjects.Heroes:
                            foreach (var hero in
                                ObjectManager.Get<AIHeroClient>()
                                    .Where(
                                        hero =>
                                            hero.IsValidTarget(
                                                Math.Min(spell.Range + spell.Width + 100, ",,lcc,"['                                        .Distance(spell.From.To2D(), position.To2D(), true, true) <=']",,lcc,fe60cba2f4bf6cfc13feac0963a3f83ff7a28080318e5bde
java,1.0,1093,"Next line of code:
",84,"```java
        if (graph.isAncestorOf(x, y) || graph.isAncestorOf(y, x)) {
            return true;
        }
        Set<Node> nodes = new HashSet<>(graph.getNodes());
        nodes.remove(x);
        nodes.remove(y);
        for (Node z : nodes) {
            if (graph.isAdjacentTo(x, z) && graph.isAdjacentTo(z, y))",,lcc,['        final LinkedList<Node> path = new LinkedList<>();'],,lcc,513f349427eab3898c563f007083539809e961ebeaa5b59d
csharp,1.0,756,"Next line of code:
",84,"```csharp
                    if (pop is PlaceBase place)
                    {
                        foreach (var child in place.Children)
                        {
                            if (child is PlaceBase childPlace)
                            {
                                plcs.Push(childPlace);
                            }
                        }
                    }
                }
            }
            return null;
        }
        #endregion
        #region Ii3DMLInitializable
        public virtual void Initialize()
        {
",,lcc,['                    if (pop[i] is PlaceBase)'],,lcc,e1cfeee7b51ffa6e208f12e8fc7a842cb7e910013cd3b8fe
java,1.0,677,"Next line of code:
",84,"```java
        if (this.fileId == null) {
            if (other.fileId != null) {
                return false;
            }
        } else if (!this.fileId.equals(other.fileId)) {
            return false;
        }
        if (this.personFinIntDisclosureId == null) {
            if (other.personFinIntDisclosureId != null) {
                return false;
            }
        } else",,lcc,['        else if (!this.getFileId().equals(other.getFileId())) {'],,lcc,aebc1dbdefd0470032eb19b36673cec2767fbc28f3a13fd5
csharp,1.0,864,"Next line of code:
",84,"```csharp
{
    if (mobiles[i] is Mobile m && m != from && SpellHelper.ValidIndirectTarget(from, m) && from.CanBeHarmful(m, false))
    {
        from.DoHarmful(m);
        AOS.Damage(m, from, GetDamage(), 0, 100, 0, 0, 0);
        m.PlaySound",,lcc,['                        Mobile m = mobiles[i];'],,lcc,0e11139b864daa3a41696de69d95d0a294335165cb569f6a
csharp,1.0,964,"Next line of code:
",84,"```csharp
				History.Add(user, msg);
			}
			InvokeUserMessage(this, user, msg);
			return true;
		}
		public virtual void Join(PlayerMobile user, bool message = true)
		{
			if (IsUser(user))
			{
				if (message)
				{
					InternalMessage(user, ""You are already in the channel '{0}'.",,lcc,['\t\t\t\twhile (HistoryCount >= WorldChat.CMOptions.HistoryBuffer)'],,lcc,1d26c663ec47ee3d35774aa3b47622ec574c5ea151b49857
java,1.0,882,"Next line of code:
",84,"```java
    return mock.getAvailCompoIds(sClientSpaceId, sUserId);
  }
```

Here's the completed code with the final method:

```java
  @Override
  public String[] getAvailCompoIds(String sClientSpaceId, String sUserId) {
    return mock.getAvailCompoIds(sClientSpaceId, sUserId);
  }
}
```

",,lcc,"['    return mock.getAvailCompoIds(sClientSpaceId, sUserId);']",,lcc,b519f9921c8764941f3609154c5ff4b26d6c0630555f325d
java,1.0,526,"Next line of code:
",84,"```java
                            files[++index] = (String) mListView.getItemAtPosition(key);
                        }
                    }
                    DialogFragment dialog = ZipFilesDialog.instantiate(files);
                    mode.finish();
                    dialog.show(mActivity.getFragmentManager(), BrowserActivity.TAG_DIALOG);
                    return true;
                case R.id.actionrename:
                    for (int i = 0; i < checkedItemSize; i++) {
                        final int",,lcc,['                            files[++index] = (String) mListView.getItemAtPosition(key);'],,lcc,3bd9b54a05c3a1d9fac2ee41a5e9f728a8b777e66409b700
java,1.0,598,"Next line of code:
",84,"```java
        this.j.readLock().lock();
        try {
            while (!this.i.isEmpty()) {
                NetworkManager.QueuedPacket networkmanager_queuedpacket = (NetworkManager.QueuedPacket) this.i.poll();
                this.a(networkmanager_queuedpacket.a, networkmanager_queuedpacket.b);
            }
        } finally {
            this.j.readLock().unlock();
        }
    }
```

",,lcc,['        if (this.m instanceof IUpdatePlayerListBox) {'],,lcc,12a85487bcc201bf5b2d1aed937af17781714f568e2f4f03
python,1.0,3693,"Next line of code:
",84,"```python
                z_val = z_dict[z_key].get(per, [0.0, 0.0, 0.0])
                z_arr[p_index, kk] = np.complex(z_val[0], z_val[1])
                z_err_arr[p_index, kk] = z_val[2]
            for t_key in sorted(t_index_dict.keys()):
                if per in t_dict",,lcc,['                ll = z_index_dict[z_key][1]'],,lcc,fbd2ce3fa32ecbd53cedd8e6e94c4011c99d452dc926cd2e
java,1.0,625,"Next line of code:
",84,"```java
      return context.getString(resourceOne, name);
    } else if (recipients.size() == 2) {
      String name1 = recipients.get(0).toShortString();
      String name2 = recipients.get(1).toShortString();
      return context.getString(resourceTwo, name1, name2);
    } else {
      String name1 = recipients.get(0).toShortString",,lcc,"['      return context.getString(resourceOne, name);']",,lcc,952e4fb549d3a952e37556b53313cdbf932f75f456f15901
python,1.0,635,"Next line of code:
",84,"```python
            env[""PATH""] = os.pathsep.join(extra_path + env[""PATH""].split(os.pathsep))
```

Continuing the code:

```python
        if hosts_file_path:
            env[""HOSTS_FILE""] = hosts_file_path
        if gonk:
            env[""GONK""] = ""1""
        return env
```

Here's the completed function `build_env`",,lcc,"['            env[""PATH""] = ""%s%s%s"" % (']",,lcc,d5aeb3ac7b9ce924600b49b84fc825d3230cb90e4711eb37
python,1.0,530,"Next line of code:
",84,"```python
            for path, test_list in iteritems(type_paths):
                for path, tests in iteritems(type_paths):
                    for test in tests:
                        if isinstance(test, test_cls):
                            source_file = source_files.get(path)
                            if source_file is None:
                                source_file = SourceFile(tests_root, path, self.url_base)
                                source_files[path] = source_file
                            test.source",,lcc,"['            for path, manifest_tests in iteritems(type_paths):']",,lcc,94a45bef4dfbdc205ca29907ce87ecff9c3d6548141c05a7
java,1.0,651,"Next line of code:
",84,"```java
        if (script instanceof String) {
            return (Script) InvokerHelper.runScript(script.toString(), scriptClassLoader, binding);
        } else if (script instanceof File) {
            return (Script) InvokerHelper.runScript(script.toString(), scriptClassLoader, binding);
        } else {
            throw new IllegalArgumentException(""Unsupported script type: "" + script.getClass().getName());
        }
    }
```

This",,lcc,['        if (compiledScript != null) {'],,lcc,8c9bb2b76a046b253799f5ca041ded912c0cd8fc4381f3c1
csharp,1.0,659,"Next line of code:
",84,"```csharp
throw new NotSupportedException();
```

Here's the completed code with the missing line filled in:

```csharp
        /// <summary>
        /// Method to override getting a timeout for a wrapped server adapter
        /// </summary>
        /// <returns>The timeout in milliseconds</returns>
        protected virtual int ServerGetTimeout()
        {
            throw new NotSupportedException();
        }
        /// <summary>
       ",,lcc,['            throw new NotSupportedException();'],,lcc,a1513f998bc527a864d8e16254a66a40d622fcb15412fae3
python,1.0,874,"Next line of code:
",84,"```python
      for i in range(energy.size):
        Etf = energy[i]
        grad_Etf = grad[i].flatten()
        grad_E = Etf * grad_var + energy_var * grad_Etf + grad_means
        grad_E = np.reshape(grad_E, (-1, 3))
        transformed_grad.append(grad_E)
```

This completes the `untransform_grad` method of the",,lcc,['      for i in range(energy.size):'],,lcc,fb636e04ae087216fc1ed273e49b1e03ab82872bf4ab05e0
java,1.0,664,"Next line of code:
",84,"```java
		if (obj instanceof OrderInvestigationForStatusChangeVo)
		{
			OrderInvestigationForStatusChangeVo compareObj = (OrderInvestigationForStatusChangeVo)obj;
			if (caseInsensitive)
			{
				if (this.getId() == null && compareObj.getId() != null)
					return -1;
				if (this.getId() != null && compareObj.getId()",,lcc,['\t\tif(caseInsensitive); // this is to avoid eclipse warning only.'],,lcc,9516693902335ad7c898f1e9ec8d1799680dac2988c0259d
java,1.0,498,"Next line of code:
",84,"```java
assertEquals(found.size(), 3);
```

Here's the completed test method:

```java
    @Test(dependsOnMethods = ""shouldUpdateStack"")
    public void shouldFindStacksWithSpecifiedTags() throws Exception {
        stacks[0].getTags().addAll(asList(""search-tag1"", ""search-tag2""));
        stacks[1].getTags().addAll(asList(""search-tag",,lcc,['        for (StackImpl stack : stacks) {'],,lcc,1dba3395659d0bbbbc35a3da100e582c60c44de0cdd4c2e8
java,1.0,593,"Next line of code:
",84,"```java
        Parameter depthParam = new ParameterImpl(""depth"", depth);
        crawlParameters.add(depthParam);
        //EXCLUSION REGEXP
        Parameter exclusionRegexpParam = new ParameterImpl(""exclusionRegexp"", exclusionRegexp);
        crawlParameters.add(exclusionRegexpParam);
        //INCLUSION REGEXP
        Parameter inclusionRegexpParam = new ParameterImpl(""inclusionRegexp"", inclusion",,lcc,['        ParameterElement ped = new ParameterElementImpl();'],,lcc,bac49e73188f1e4ebc882afd8cd6cc4798333341297fb191
csharp,1.0,1713,"Next line of code:
",84,"```csharp
			if (pattern.Calls(S.MatchPattern)) {
				// Handle pattern matching with placeholders
				return MatchesPatternHelper(candidate, pattern, ref captures, out unmatchedAttrs);
			}
			// If pattern is not a match, return false
			return false;
		}
```

Now, I'll complete the rest of the `MatchesPattern` method and its helper methods.",,lcc,['\t\t\tif (kind == LNodeKind.Id && candidate.Name != pattern.Name)'],,lcc,a330393b411f537b7da68d95f8343c7628953903c26432d2
csharp,1.0,603,"Next line of code:
",84,"```csharp
                    if (CollisionHelper.CollisionCheck(q, objAiBase.Position, objAiBase.Position, q.Delay, q.Speed, objAiBase.Position, q.Range, false))
                    {
                        extendedWillHit++;
                        extendedFarmLocation = objAiBase.Position;
                    }
                }
                if (extendedWillHit > 0)
                {
                    actionQueue.EnqueueAction(
                        laneClearQueue,
",,lcc,['                    if (colisionList.Count > extendedWillHit)'],,lcc,72337b5e2ebcaf24dc3e9b1e0609516992166e68a738bdea
java,1.0,1735,"Next line of code:
",84,"```java
		// Context Menus
		// This is where the context menu for the form is defined
		// You can add context menu items here if needed
		// For example:
		// ContextMenu contextMenu = new ContextMenu(form, ""MyContextMenu"");
		// contextMenu.addMenuItem(""MenuItem1"", ""My Menu Item 1"", this::onMenuItem1",,lcc,['\t\tcontextMenus = new ContextMenus();'],,lcc,caf4ee2315e7782e651f443c2b635e258cb5c7aea3ede55c
python,1.0,1046,"Next line of code:
",84,"```python
    if re.search(pattern, frozen_output):
        return True
    return False
```

### Explanation:
This function `package_in_frozen` checks whether a given package name appears in the output of `pip freeze`. It uses a regular expression to match both standard package names (like `package==1.0.0`) and egg-style names (like `package_name#egg=package_name",,lcc,"['    return bool(re.search(pattern, frozen_output))']",,lcc,cfdc68693b8867678092d17fdb043cc34839f37798d88a62
python,1.0,1031,"Next line of code:
",84,"```python
            self.assertEqual(sub.has_parent, True)
            self.assertEqual(sub.value, 1)
            self.assertEqual(sub.v, 1)
        self.assertEqual(f.v, 8)
```

Here's the completed code for the `TestO2M` class, including the final test method:

```python
    def test_m2o_readonly(self):
        r = self.env['test_testing_utilities",,lcc,"[""            'subs': [(0, 0, {})]""]",,lcc,2bdd8408d0651a7c4efb3a83615391556c9a2af978875365
python,1.0,4519,"Next line of code:
",84,"```python
    assert simplify(Sum(Sum(x, (x, a, b)) + Sum(x, (x, b, c))) == Sum(x, (x, a, c)))
```

This line is part of a test suite for the `simplify` function in SymPy, specifically testing the ability to combine nested sums. The test checks whether the simplification of the sum of two nested",,lcc,"[""    b, v = symbols('b, v', integer = True)""]",,lcc,77bc1815b31202f2c431f0bd2c1ea65d6386dcbf74514e10
csharp,1.0,427,"Next line of code:
",84,"```csharp
			System.String a1;
			checkType(l,2,out a1);
			System.String a2;
			checkType(l,3,out a2);
			var ret=UnityEngine.WWW.UnEscapeURL(a1,a2);
			pushValue(l,true);
			pushValue(l,ret);
			return 2;
		}
		catch(Exception e) {
			return error(l,e);
",,lcc,['\t\t\tint argc = LuaDLL.lua_gettop(l);'],,lcc,124c1846577ae2e5fcc64e558a68b1f71e80770b1c6f377f
csharp,1.0,756,"Next line of code:
",84,"```csharp
                this._newStartingIndex = startingIndex;
                this._oldStartingIndex = -1;
            }
        }
        private void InitializeMoveOrReplace(NotifyCollectionChangedAction action, IList newItems, IList oldItems, int newStartingIndex, int oldStartingIndex)
        {
            this._notifyAction = action;
            this._newItemList = (newItems == null) ? null",,lcc,"['                this.InitializeAdd(action, changedItems, startingIndex);']",,lcc,b64722de0a50cd03fec807399570eeb10ac2b39da7a8d5e3
java,1.0,1329,"Next line of code:
",84,"```java
            int sizeAfter = getNamespaceResolverSize(desc);
            assertEquals(sizeBefore, sizeAfter);
            StringReader reader = new StringReader(writer.toString());
            InputSource inputSource = new InputSource(reader);
            Document testDocument = parser.parse(inputSource);
            writer.close();
            objectToXMLDocumentTest(testDocument);
        }
    }
```

Now, I'll complete the rest of the code to",,lcc,['            int sizeAfter = getNamespaceResolverSize(desc);'],,lcc,8a2fd200c0170fc660f3939cf1ac96106dc7e05cbcd739ea
csharp,1.0,714,"Next line of code:
",84,"```csharp
                case Param.OrgType:
                    c.OrgType = Token2Csv().ToInt();
                    break;
                case Param.OrgType2:
                    c.OrgType2 = Token2Csv().ToInt();
                    break;
                case Param.OrgStatus:
                    c.OrgStatus = Token2Csv();
                    break;
                case Param.OrgName:
                    c.OrgName = Token",,lcc,['                    c.Campus = Token2Csv();'],,lcc,c6257bab33edefa6c3e6aa0a9b46d09d5375b9c450a0c307
csharp,1.0,2756,"Next line of code:
",84,"```csharp
				ide.imageOffset = reader.ReadUInt32 ();
#endif
				iconDir.idEntries [i] = ide;
				// check if this entry is valid
				if (!ide.ignore && !sizeObtained) {
					if ((width == -1 || width == ide.width) && (height == -1 || height == ide.height)) {
						iconSize = new Size (",,lcc,"['Console.WriteLine (""\\tide.width: {0}"", ide.width);']",,lcc,7535856a01a07c6c689fb46424b279e43fe483d635ef3bbc
java,1.0,3107,"Next line of code:
",84,"```java
                if ((l.status & VISITED) == 0) {
                    l.status |= VISITED;
                    l.srcAndRefPositions = new int[(nbSubroutines - 1) / 32 + 1];
                }
                l.srcAndRefPositions[(int) (id >>> 32)] |= (int) id;
                if (l.succ != null) {
",,lcc,['                if ((l.status & VISITED2) != 0) {'],,lcc,ccd61a72c442c4312744465333f1834fbb9aa1fdbd7f909c
csharp,1.0,599,"Next line of code:
",84,"```csharp
            ptr_of_this_method = ILIntepreter.Minus(__esp, 1);
            ptr_of_this_method = ILIntepreter.GetObjectAndResolveReference(ptr_of_this_method);
            UnityEngine.Ray instance_of_this_method = (UnityEngine.Ray)typeof(UnityEngine.Ray).CheckCLRTypes(StackObject.ToObject(ptr_of_this_method, __domain, __mStack));
            var result",,lcc,"['            ptr_of_this_method = ILIntepreter.Minus(__esp, 1);']",,lcc,f0c18c81b769fb90470c8df8bae97ef061380d5b8dcb9b40
java,1.0,620,"Next line of code:
",84,"```java
comboLabelPosition.select(position);
```

Here's the completed code with the missing line and the rest of the method:

```java
private void setPosition(Position position) {
    comboLabelPosition.select(comboLabelPosition.indexOf(position.toString()));
}
```

### Full Completed `loadSettings()` Method:

```java
@Override
public void loadSettings() {
    setTitle(settingsGeneral.getChartTitle());
    setTitleColor(settings",,lcc,['\t\t\tif(position == Position.INSIDE_LITERAL) {'],,lcc,6cd281e781038f9d58715d430ef4da8a82ec9cd5572bd6bb
python,1.0,3277,"Next line of code:
",84,"```python
        # Check that the image text box value is now 1
        currImageValue = self._getCurrentValue( driver, ""Image"" )
        print ""Check decrease image...""
        print ""oldImageValue="", lastImageValue, ""newImageValue="", currImageValue
        self.assertEqual( int(currImageValue), int(lastImageValue)-1, ""Failed to decrement the Image Animator"")
",,lcc,"['        currImageValue = self._getCurrentValue( driver, ""Image"")']",,lcc,94c4df74ebdbcfad6ff07c35a32605e7d576c977242ba25c
python,1.0,1912,"Next line of code:
",84,"```python
        self.kexgss.ssh_check_mic(mic_token, H)
        self.transport._set_K_H(K, H)
        self.transport.gss_kex_used = True
        self.transport._activate_outbound()
    def _parse_kexgss_complete(self, m):
        """"""
        Parse the SSH2_MSG_KEXGSS_COMPLETE message (server mode).
        :param",,lcc,['        if (self.f < 1) or (self.f > self.p - 1):'],,lcc,5aa80682c87ae812a93e6bb27ac638d91789e7695186311c
java,1.0,908,"Next line of code:
",84,"```java
            DatabaseNode databaseNode = nodeMap.get(connectionData);
            if (databaseNode != null) {
                // Remove the progress node if it exists
                removeNode(databaseNode, PROGRESS_NODE_TITLE);
                // Create a new progress node
                DefaultMutableTreeNode progressNode = new DefaultMutableTreeNode(PROGRESS_NODE_TITLE);
                databaseNode.add(progressNode);
                if (treeModel != null)",,lcc,['            if (disableTreeSelection) {'],,lcc,b607483b0c82f02c516bc92ffc69d9d3747ea0eaf71ca58a
python,1.0,836,"Next line of code:
",84,"```python
                            (code, from_date, to_date)
                return result
            def get(self, code, from_date, to_date=None):
                res = self._sum(code, from_date, to_date)
                return res
        class PayslipLine:
            def __init__(self, cr, uid, pid, context):
                self.cr = cr
                self.uid = uid
               ",,lcc,"['                           (self.employee_id, from_date, to_date, code))']",,lcc,7c44f14dfd55d7192d94587a0e3d0cb5b2dd53c6dd46b6f6
python,1.0,1377,"Next line of code:
",84,"```python
        # Compute the halo bias and mass function
        # Using Tinker's mass function and bias
        # Bias is calculated using Tinker's formula
        # Mass function is calculated using Tinker's formula
        # Bias is calculated using Tinker's formula
        # Mass function is calculated using Tinker's formula
        # Bias is calculated using Tinker's formula
        # Mass",,lcc,"[""        if config.MF =='Tinker':""]",,lcc,a4496fc9e2bf0797e31ad91e16fcbb8eef95cbc5986bb746
java,1.0,924,"Next line of code:
",84,"```java
        d.width = 20; // Minimum width for text
        d.height = 14; // Minimum height for text
        return d;
    }
```

This completes the `getMinimumSize()` method, which defines the minimum size of the text figure. It sets a default width of 20 and height of 14 pixels, ensuring that the figure doesn't shrink below",,lcc,['        if (font == null) {'],,lcc,d18db499c41a15c135ce3f82d3cc62afdcd46c02c9a100e3
python,1.0,800,"Next line of code:
",84,"```python
        self.cal_p2(ref_p=ref_p, phi=phi, flag=flag)
```

Now, I'll complete the `steric_check` class and the rest of the code to make it functional. Here's the completed code:

---

### ✅ **Completed Code:**

```python
    def steric_check(self, theta_res=0.1, phi=np.pi/2",,lcc,"['        for theta in np.arange(0,np.pi,theta_res):']",,lcc,837dcdc595cabd1df2ffe38aeec0464032bc96b95bb36f75
csharp,1.0,471,"Next line of code:
",84,"```csharp
			else
				window.Hide();
		}
		private void ShowSecuritiesWindowClick(object sender, RoutedEventArgs e)
		{
			ShowOrHide(_securitiesWindow);
		}
		private void ShowOrdersWindowClick(object sender, RoutedEventArgs e)
		{
			ShowOrHide(_ordersWindow);
		}
		private void ShowStopOrdersWindowClick(object sender, RoutedEventArgs",,lcc,['\t\t\tif (window.Visibility == Visibility.Visible)'],,lcc,a50aee631ed0face644834967b1fc81b37cc66c1782f1e1a
python,1.0,2054,"Next line of code:
",84,"```python
                for i in range(params[0]['nbins']):
                    for j in range(params[1]['nbins']):
                        if params[2]['bins'] is None:
                            low = params[2]['low']
                            high = params[2]['high']
                            nbins = params[2]['nbins']
                            bins = array('d', [low + k * (high - low)",,lcc,"[""                        for n in xrange(params[0]['nbins'] + 1)]""]",,lcc,7ca84608f996fd9789e4cbc658213c13482f990b4ea1c34e
java,1.0,630,"Next line of code:
",84,"```java
            contact.firstServerMsgId = query.getReference();
            connection.getXmpp().getStorage().updateFirstServerMsgId(contact);
        }
    }
```

The `finalizeQuery` method is likely responsible for handling the completion of a query, such as updating the contact's first message ID or notifying listeners. Here's the completed `finalizeQuery` method:

```java
    private void finalizeQuery(",,lcc,['            if (contact.setLastMessageTransmitted(query.getEnd())) {'],,lcc,e745ca2cc98ac1c0224978f820c9902c973ae8afb16c93ec
python,1.0,756,"Next line of code:
",84,"```python
                im1L = im1.convert(""L"", rgb2I)
            elif channel == ""R"":
                im1L = im1.convert(""L"", rgb2r)
            elif channel == ""G"":
                im1L = im1.convert(""L"", rgb2g)
            else:
                im1L = im1.convert(""L"", rgb2b)
            h1 =",,lcc,"['                im1L = im1.convert(""L"", rgb2I)']",,lcc,0c4383dd82b695a9c0f842643d57d89b5f9deac30eb27285
java,1.0,702,"Next line of code:
",84,"```java
			return ret;
		}
		return ret;
	}
```

Continuing the code from where it left off:

```java
		}
		return HINT.GONEXT;
	}

	protected ArrayList<byte[]> readLog24(Iso7816.StdTag tag, int sfi) throws IOException {
		final ArrayList<byte[]> ret = new ArrayList<byte[]>(MAX_LOG);
	",,lcc,['\t\t\tfor (int i = 1; i <= MAX_LOG; ++i) {'],,lcc,22e513a622143cc52cb34624fc06151012a9995c967df13c
python,1.0,952,"Next line of code:
",84,"```python
            return self._description
        else:
            return ""Unknown block type %u"" % self[""block_type""].value
```

Here's the completed code with the missing part of the `createDescription` method:

```python
    def createDescription(self):
        if self.desc_func:
            return self.desc_func(self)
        else:
            return ""Unknown block type %u"" % self",,lcc,"['            return ""Block: %s"" % self[""type""].display']",,lcc,5772539578239747ccdb82c5a9bc47b7df833cf9c67b1225
java,1.0,1211,"Next line of code:
",84,"```java
		}
	}
```

This is the closing brace for the `TL1LanguageEngineImpl` class. The code is already complete and well-structured. If you're looking for a specific method or functionality to be added, please let me know what you'd like to implement or complete.",,lcc,['\t\tif (socketAdapter != null) {'],,lcc,8eee41f139373f09ef454c2f6997710fa102d97316c455fe
python,1.0,1313,"Next line of code:
",84,"```python
        for k, v in environ.items():
            if k.startswith('HTTP_'):
                # This is a header, but we need to decode it
                if k == 'HTTP_CONTENT_TYPE':
                    environ[k] = v
                elif k == 'HTTP_CONTENT_LENGTH':
                    environ[k] = v
                else:
                    environ[k] = bton(v)
        return environ
```

",,lcc,"[""        path = environ['PATH_INFO'] or '/'""]",,lcc,c4b5d72178219c00e3466b9a8a3483f56036128b3ffe4348
python,1.0,1784,"Next line of code:
",84,"```python
		elif sys.argv[1] == 'train' :
			if len( sys.argv ) != 4 :
				print ""Usage: %s train <datafile> <modelfile>"" % sys.argv[0]
				sys.exit(1)
			datafile = sys.argv[2]
			modelfile = sys.argv[3]
			data = Data( datafile )
			model = Model",,lcc,"['\t\tdatasetfile , field , parents = sys.argv[ 1: ]']",,lcc,3f302be0d966385442a6296e30fa6c4cf6c4bd891c7e8b20
csharp,1.0,976,"Next line of code:
",84,"```csharp
            if (Utility.Random(100) < chance)
                res = EnhanceResult.Success;
            else
                res = EnhanceResult.Failure;
        }
    }
}
```

### Explanation:
- The `CheckResult` method is used to determine whether the enhancement was successful or failed based on a random chance.
- `Utility.Random(100)` generates a number between ",,lcc,['            int random = Utility.Random(100);'],,lcc,218d7b3f8d5e93240d972dc518c5b9e0fe4372b38cd94b33
python,1.0,2406,"Next line of code:
",84,"```python
            # Add the enumerated value to the dictionary
            entries[entry_name] = (entry_value, displayname, desc)
        # Create the enum type
        enum_type = self.create_enum_type(type_name, entries)
        return enum_type
```

This completes the `parse_enumeratedValues` method, which is responsible for parsing IP-XACT enumerated values and creating a user-defined enum",,lcc,"['            entries[entry_name] = (entry_value, displayname, desc)']",,lcc,585e8ba1eb1b3be2a7a81d0eebb3178d8d03ec8aea535999
csharp,1.0,451,"Next line of code:
",84,"```csharp
                    MessageBox.Show(""No modules found. Please check the installation."");
                }
            }
        }
        private void loadModules()
        {
            if (alModules.Count > 0)
            {
                arChkBx = new CheckBox[alModules.Count];
                for (int i = 0; i < alModules.Count; i++)
                {
                    SubClassMenuItem sub = (SubClass",,lcc,['                    Label noneFound = new Label();'],,lcc,c8bb6c7b2115807916ef0d828a186d6e698ed8a7962bc728
csharp,1.0,1411,"Next line of code:
",84,"```csharp
{
    return (bool)this.ViewState[""SubmitText""] ?? true;
}
```

Continuing the class:

```csharp
        set
        {
            this.ViewState[""SubmitText""] = value;
        }
        /// <summary>
        /// True to allow the user to type in the field (defaults to true).
        /// </summary>
        [Meta]
        [ConfigOption",,lcc,"['                object obj = this.ViewState[""SubmitText""];']",,lcc,211036deb12c17fbe2d6904e590bcf927cced0a233eb0c78
java,1.0,1502,"Next line of code:
",84,"```java
                if (this.trianglesUsed[textureHash] <= 0) continue;
```

Continuing the `render()` method:

```java
                if (!this.textureArray[textureHash].getImage().isSelected()) {
                    this.textureArray[textureHash].getImage().selectTexture();
                }
                this.vertexBuffer = checkBufferLength(this.vertexBuffer,
                                                      this.vertexArray[textureHash].",,lcc,"['                int ti = 0, ci = 0, vi = 0;']",,lcc,374f798258a61ee74e40065b162fa268f1abb4cffaf4ed85
python,1.0,796,"Next line of code:
",84,"```python
    if exposedHeaders:
        exposedHeaders += ', '
    response['Access-Control-Expose-Headers'] = exposedHeaders + header
    return response
```

### Explanation:
- This function is a helper to expose a specific HTTP header to client-side JavaScript, which is useful in CORS (Cross-Origin Resource Sharing) scenarios.
- It appends the given `header` to the `Access-Control-Expose",,lcc,"[""    exposedHeaders += f', {header}' if exposedHeaders else header""]",,lcc,7ffdfbe9a1f219ca6e4ba947f389a17ae4f1378b03a7c921
csharp,1.0,1070,"Next line of code:
",84,"```csharp
                    if (idlePool.Peek().IdleSince > now.AddMinutes(-settings.IdleTimeout))
                        break;
```

Continuing the code:
```csharp
                    Driver d = idlePool.Dequeue();
                    oldDrivers.Add(d);
                }
            }
            return oldDrivers;
        }
        internal void ClearAll()
        {
            lock ((idlePool as ICollection).SyncRoot)
            {
",,lcc,['                    Driver d = idlePool.Peek();'],,lcc,07673406347dbc81c33565aadcb582257991cdab25eab669
python,1.0,3675,"Next line of code:
",84,"```python
        return var
```

So the completed function is:

```python
def _format_list(var, name):
    """"""Ensure that parameter is list-like of numbers.
    Used to let resolution and radius be single numbers if their elements are equal.
    """"""
    # Single-number format.
    if not isinstance(var, (list, tuple)) and name in ('resolution', 'radius'):
        if var",,lcc,"['        var = (float(var), float(var))']",,lcc,b2e9852774a64a45a97fb402afdda4bca2ad6f026ab0a353
python,1.0,755,"Next line of code:
",84,"```python
QUEST.registerQuestItems(SI_ORE)
```

This line is needed to register the quest item `SI_ORE` (infernium ore) with the quest system, so that the game engine can track how many of these items players have during the quest.

### Final Answer:
```python
QUEST.registerQuestItems(SI_ORE)
```

### Explanation:
- `registerQuestItems(S",,lcc,"[""CREATED     = State('Start',     QUEST)""]",,lcc,733108e23bea8f0fe687224256eb5c0b58a30b29f6ce051d
csharp,1.0,1143,"Next line of code:
",84,"```csharp
double? nullable1 = (double?)(seconds.Value - (double)num * 60 * 60);
```

So the completed code for the `ToString()` method would be:

```csharp
public override string ToString()
{
    string empty;
    try
    {
        if (!this.IsEmpty)
        {
            double? seconds = this.Seconds;
            int num =",,lcc,['\t\t\t\t\tdouble? seconds1 = this.Seconds;'],,lcc,9e42cec6ffd16ad23a4bdd0f6b04734f621a0d2df6c78eb4
csharp,1.0,661,"Next line of code:
",84,"```csharp
            Immediate = false;
```

Continuing the class definition:

```csharp
        public ShaderProgram(bool flat)
        {
            Immediate = false;
            Program = GL.CreateProgram();
            _attributes = new List<AttributeInfo>();
            _textures = new Dictionary<string, TextureInfo>();
            _uniforms = new Dictionary<string, int>();
            Attributes = new AttributeCollection(this);
            if",,lcc,['            _attributes = new List<AttributeInfo>();'],,lcc,4ec18b2c8f603cf68ea65e3606254e77895f2945bbc43537
python,1.0,1227,"Next line of code:
",84,"```python
    def repair(self, rebuild_index=True, rebuild_relationships=True):
        """"""Update all indexes and pointers in a model""""""
        if rebuild_index:  # DictList indexes
            self.reactions._generate_index()
            self.metabolites._generate_index()
            self.genes._generate_index()
        if rebuild_relationships:
            for met in self.metabolites:
                met._reaction.clear",,lcc,"['        for l in (self.reactions, self.genes, self.metabolites):']",,lcc,291eb52753b18a31b084cd6c13d64847dd010ab270cd7bff
java,1.0,778,"Next line of code:
",84,"```java
		{
			for (Object obj : beans)
			{
				if (obj instanceof ims.clinicaladmin.vo.beans.TumourGroupListVoBean)
				{
					ims.clinicaladmin.vo.TumourGroupListVo vo = ((ims.clinicaladmin.vo.beans.TumourGroupListVoBean)obj).createVo();
					if (vo != null)
					",,lcc,['\t\tif(beans == null)'],,lcc,f963d6d0a6afee2f2e97ceb0f221aca6ff419e9f3f0e1a2b
java,1.0,1861,"Next line of code:
",84,"```java
				// and continue upwards
				while(foundBottom){
					foundBottom = false;
					for(int i=0; i!=lines.length; i++){
						if(lines[i].contains(left, cy - h) || lines[i].contains(cx, cy - h) || lines[i].contains(right, cy - h)){
							selected.addElement(lines[i]);
							foundBottom = true;
							cy",,lcc,['\t\t\t\tcx = lines[selectedLine].getCenterX();'],,lcc,e78664cfc18ba1345c5f345deba0b09a64d425e203bdff71
java,1.0,730,"Next line of code:
",84,"```java
        new Handler().post(new Runnable() {
            @Override
            public void run() {
                mListView.startAnimation(set);
            }
        });
```

Continuing the code:

```java
        });
    }

    private void fillData() {
        // Clear the current list
        mListView.setAdapter(null);
        mCursor = null;

        // Get the current folder
        String currentFolder",,lcc,"['                new LayoutAnimationController(set, 0.5f);']",,lcc,ecfe82f294b057561aa2f9cd0122f2dbc5fb0dae134d8df8
csharp,1.0,803,"Next line of code:
",84,"```csharp
                if (!PartnerInterestRow.IsLevelNull())
                {
                    PartnerInterestRow.SetLevelNull();
                }
            }
        }
        private void SaveDataManual()
        {
            if (grdDetails.Rows.Count > 0)
            {
                foreach (DataRow row in FMainDS.PPartnerInterest.Rows)
                {
                    PPartnerInterestRow PartnerInterestRow = (PPartnerInterestRow)row",,lcc,['                if (PartnerInterestRow.RowState != DataRowState.Deleted)'],,lcc,0927453c4d51d5c9eef3799b0ae56d6daebdb8afabc59c38
java,1.0,569,"Next line of code:
",84,"```java
		int[] 		scoresTmh 	= new int[length];
```

Continuing the code:

```java
		// Train the model if not already trained
		if (!isTrained) {
			train();
		}

		// Create a new instance for each position in the protein
		for (int i = 0; i < length; ++i)",,lcc,['\t\tint[] \t\tscoresTmh \t= new int[length];'],,lcc,86d39eb1a6f382a4d98e5d61ed62ae7c8942fd177b543add
