question,length,answers,_id,language,dataset,predicted_answer,all_classes,task,compression_ratio,answer_prefix,max_new_tokens
"Query: Summarize the discussion about the working design of the remote control.
",7341,"['The industrial designer described the product as a portable device with some energy source, an interface which included some pressing buttons and keys, a processor, some infrared source which could send the information to the main device, and different encryption codes for different TVs. Since the Marketing and the user interface designer mentioned speech recognition, the industrial designer also took that into account. All these components would cost 5 Euros or even less than that. As for gesture recognition and automatic power control, the group gave them up due to price issues. At the end of the meeting, the group also talked about how to enable the users to find the controller.']",fdd371de2668a6f1e7914fe9a67aef33927ecc392fdc2606,en,qmsum," The discussion about the working design of the remote control focused on creating a simple, user-friendly device with essential functions like power, volume, and channel control. The team emphasized a minimalist approach, incorporating features such as a touchscreen with backlighting, automatic on/off functionality, and potential speech recognition. They also considered the aesthetic design, aiming for a modern look that appeals to younger users. The technical aspects included using infrared technology, a digital signal processor, and a battery power source, with plans to keep costs low to ensure mass production. The team also debated additional features like gesture recognition and sound-based activation, but ultimately decided to prioritize simplicity and practicality.",,qmsum,1.0,Answer:,532
"Query: What demos would the system be involved in?
",12646,['The final english SmartKom demo will be presented to the whole institute once the system is de-bugged and stabilised.'],23625b932c93b52caf7504ee1a134d53a4096dc59744d759,en,qmsum," The system would be involved in demos related to the SmartKom project, which includes demonstrating the system's ability to process and generate speech, as well as showcasing the belief-net structure and its application in understanding and generating spatial descriptions.",,qmsum,1.0,Answer:,532
"Query: What did the professor think about clustering?
",8187,"['The professor was not too excited about clustering. He thought that the team could identify the bands that were the most promising and weigh them more highly in the model. As it stood, the model was using all bands with equal strength.']",a1a2237c1562561d950bc8e245f0a9612fbb452532c318a1,en,qmsum," The professor thought that clustering could be a viable approach, suggesting that it is possible to cluster data and then bin them into different categories. This method could be useful for analyzing and categorizing data in a more structured manner.",,qmsum,1.0,Answer:,532
"Query: What did the group discuss about speech recognition?
",7338,"[""Since the marketing and the user interface designer mentioned speech recognition in their previous presentations, the industrial designer suggested putting a simple speech recogniser on the digital signal processing chip and training the speech recogniser for particular users. However, the user interface designer concerned that it would be too complex. Then the industrial designer argued that even some simple mobile devices could have these voice dialers so it wouldn't be so sophisticated, and the marketing also said the product would be good to sell with the speech recogniser.""]",ade5c4dcd4a442994f97e0ec271c936e2e00bc66516daeb3,en,qmsum," The group discussed the potential inclusion of speech recognition in the remote control, considering it as a feature that could be useful, especially for targeting younger users. They explored the idea of integrating a simple speech recognition system that could recognize commands like ""volume up"" or ""channel eight,"" and they acknowledged the possibility of using this feature to enhance user experience. However, they also considered the cost and complexity of implementing such a feature, and it was noted that it could be an option rather than a necessity.",,qmsum,1.0,Answer:,532
"Query: What were the two lessons that can be learned from early implementer areas?
",12333,['Huw Irranca-Davies mentioned two things that their teams learned from early implementer areas. The first one was how to deal with bureaucracy and the second was about communication with both parents and pilot authorities.'],10c03d597a3478f601be3286b2671d5f1c27f944488b74be,en,qmsum," The two lessons learned from the early implementer areas were the administrative burden of managing the scheme and the importance of communication with parents and providers. The administrative burden involved the complexity of handling eligibility documentation and managing the process across different pilot areas, while communication challenges arose from parents outside the pilot areas expressing interest and those within the pilot areas questioning their eligibility.",,qmsum,1.0,Answer:,532
"Query: What did the User Interface think of using titanium when discussing product cost and quotation?
",10674,"['The User Interface thought it was reasonable to replace the titanium with titanium-coloured plastic. When discussing how to reduce the cost of the product, the user interface designer insisted that if they could only choose to save the titanium exterior or the LCD screen, it would be a better choice to save the LCD screen and dump the titanium cover but replacing it with hard plastics. The result was the major of the group including Marketing agreeed the suggestion.']",f0060bb96ccf80067f76b7a0f0012a19316d9ef9c381d9c1,en,qmsum," The User Interface did not express a strong opinion on using titanium specifically, but they acknowledged that titanium was part of the design and that the team had to consider costs. They seemed to accept the decision to potentially replace titanium with a more cost-effective material, as the discussion focused on balancing design with budget constraints.",,qmsum,1.0,Answer:,532
"Query: Summarize the discussion about trend watching and appearance design.
",6957,"['The marketing put forward three noteworthy aspects in trends. First and foremost, people loved fancy things that they could be identified with. The second point was that as a remote control it had to be technologically innovative. Thirdly, being easy to use was also necessary. From a broader perspective, fruit and vegetables were in fashion this year and being spongy was also popular. Thus, contrary to the industrial designer, the marketing thought rubber was more feasible in terms of sponginess. The group agreed that the product should resemble fruit and vegetable in shape and colour but the specific design was not decided.']",f79e91639e07c344b121d73d4bb84afc8ed22412aa24f9c1,en,qmsum," The discussion about trend watching and appearance design highlighted the importance of making the remote control ""fancy"" and visually appealing, with a focus on trends like spongy textures, natural shapes, and colors inspired by fruits and vegetables. The team considered using materials like rubber for a spongy feel and explored designs that blend functionality with aesthetic trends, such as a fruit-shaped remote or a titanium remote that smells like fruit. They also emphasized the need to balance innovation with practicality, ensuring the design remains user-friendly while aligning with current fashion and consumer preferences.",,qmsum,1.0,Answer:,532
"Query: What did the professor think about echoes and reverberation?
",11887,['The professor thought it was possible to reduce the effects of reverberation by removing the low-energy segments. He thought a VAD-like approach would work. This would make it so that the model was more likely to keep an echo than throw out speech.'],811b75e9dfe2f5e9a4aee66d32892fd0faf154d4e4445646,en,qmsum," The professor thought that echoes and reverberation could be problematic in audio processing, and he suggested that they could be addressed by either removing low-energy sections of the signal or applying a form of normalization. He also mentioned that reverberation can be artificially introduced during re-synthesis and that it might be beneficial to consider ways to mitigate its effects, such as using a VAD (Voice Activity Detection) approach or filtering techniques.",,qmsum,1.0,Answer:,532
"Query: What did the group talk about the appearance of the television remote?
",5336,"['In terms of putting fashion into the electronics, this is both their slogan and their design target. Apart from the company colour of black and red, the Project Manager came up with the idea of providing skins for the users. But the members were not in favour of this idea for that the work would be huge, at the same time, they were inspired to add the logo on the boot-up screen and introduce a dormant mode because most people do not want the remote to be flashing when the TV is on.']",3cf831ee97fdc099975661a966f34810d7cf1874ca6b3639,en,qmsum," The group discussed the appearance of the television remote, emphasizing the use of plastic construction to avoid metal interference and to meet safety standards. They also considered incorporating company colors (red and black) and the slogan ""we put fashion in electronics"" into the design. Additionally, they explored the possibility of using high-quality recycled plastic and a sleek, modern look to appeal to a younger demographic. The idea of a touch screen interface was also mentioned as a way to enhance both functionality and aesthetics.",,qmsum,1.0,Answer:,532
"Query: What did the group think about Dave leaving?
",12802,"['The group needed Dave Johnson to install the some one hundred SUN - Blades that had arrived and would help with storage. But Dave Johnson, the professor informed them, was leaving for ten days. The Professor informed the group that Dave was always busy and the group realized that there was no dedicated person who could help them.']",f28e420cf7496c7ee50b6ea61704bba189f95823fafc87eb,en,qmsum," The group thought Dave's departure was a concern, as he was leaving for ten days and would be unavailable to address the disk space issues and other tasks. They acknowledged the need to find a solution to the disk space problem without his immediate input.",,qmsum,1.0,Answer:,532
"Query: What was said on speech overlap?
",19653,"['Efforts by speaker mn005 are in progress to detect overlapping speech. For a single transcribed meeting, speaker mn005 reported approximately 300 cases of overlap. Future work will involve manually deriving time marks from sections of overlapping speech for the same meeting, and then experimenting with different measures, e.g. energy increase, to determine a set of acoustically salient features for identifying speaker overlap. ']",cb5b1672ca426597251b6def8cbab8ec5249c9662a0c9888,en,qmsum," The discussion on speech overlap focused on identifying and marking instances where multiple speakers talked simultaneously. PhD D mentioned finding 300 overlaps in a 45-minute session, and there was a debate on how to define and categorize these overlaps. Some participants suggested using acoustic features or energy levels to detect overlaps, while others emphasized the need for manual marking to ensure accuracy. There was also a discussion on the challenges of distinguishing between overlapping speech and other acoustic events, as well as the importance of having a consistent method for labeling these overlaps in the transcripts.",,qmsum,1.0,Answer:,532
"Query: What was decided on the microphone procedures?
",12785,"['Following close-talking microphone recognition procedures, it was decided that data from the far-field microphones (or PZMs) should be tested on the recognizer as soon as possible. Speaker mn017 will compare close-talking microphone recognition results with those obtained for downsampled data. The SRI recognizer will be set up at ICSI to enable researchers to run their own variants.']",20306b2da31b6657b21ec6ea54742ac7e414bbe24c0aff96,en,qmsum," The group decided on specific microphone procedures, including wearing wireless mikes close to the mouth for better sound quality, adjusting the boom towards the corner of the mouth, and maintaining a thumb-to-thumb-and-a-half distance from the mouth. They also discussed the importance of proper placement and the potential issues with using lapel mikes, suggesting alternatives like hand-held mikes for better comfort and sound quality. Additionally, they planned to test different mikes and consider getting more wireless mikes if needed.",,qmsum,1.0,Answer:,532
"Query: What did the industrial designer recommend to do when discussing the product appearance?
",8563,"['The industrial designer recommended to design several simple and perfect shapes so that users could choose the design they like. Also, they should make the colour of the LCD screen changeable to enable users to choose colours for each day depending on their mood.']",4d38c64db46619d4bb446c466b7d13adc863334384f8c3a4,en,qmsum, The industrial designer recommended using titanium as the material for the product and suggested incorporating a fancy strawberry design to enhance the product's appearance.,,qmsum,1.0,Answer:,532
"Query: Summarize the discussion about project finance.
",9368,"['The production cost was 12.5 Euros. So, the group decided to have one simple battery, no kinetic energy, no solar, one advanced chip on print, one sample speaker, one single-curved surface which can be folded, push-buttons, the scroll wheel, the LCD display. And they decided to give up the sample sensor as well as the locator.']",6a093742535636fe9687002f2db47be1d5af18de447655fe,en,qmsum," The discussion about project finance involved evaluating the prototype against financial criteria and adjusting the design to stay within the budget. They decided to remove the sample sensor and the scroll wheel to reduce costs, and they opted for a simpler beeping speaker instead of a more complex one. They also considered the cost of materials and design features, ultimately concluding that the project was well within budget with some leftover funds.",,qmsum,1.0,Answer:,532
"Query: Why did Industrial Design agree with the Marketing when discussing their presentations on the appearance design?
",7882,"['While discussing their presentations on the appearance design, both the Industrial Design and the Marketing put forward to use rubber as the material rather than other things like wood. The Industrial Design agreed to choose rubber because it can stand beat, drop and extrusion.']",d8c2e34eb8a8ae389bff0935de57bfd74dace1082c7c2cfe,en,qmsum," Industrial Designer agreed with Marketing when discussing their presentations on the appearance design because they both recognized the importance of innovative and user-friendly design elements, such as using natural colors, organic shapes, and a non-traditional remote control form factor to appeal to modern consumers and differentiate their product in the market.",,qmsum,1.0,Answer:,532
"Query: Why did Project Manager agree with Marketing when assessing the criteria of matching the operating behaviour of the user?
",9381,"[""Industrial Designer mentioned that they were considering that the remote was more for right-handed people than for left-handed people. Project Manager said that there didn't always have all left-handers or all right-handers in a family. Marketing mentioned that users could use their finger to scroll rather than their thumb and this would negate the whole RSI issue. Project Manager agreed on it and the group would need an investigation.""]",b8c1aabbc14e5638795bf99a0d587884cfaf9d87b524a793,en,qmsum," The Project Manager agreed with Marketing when assessing the criteria of matching the operating behaviour of the user because they both acknowledged that the remote control was more suited for right-handed users, and while it was a consideration, it wasn't a major issue since most people are right-handed.",,qmsum,1.0,Answer:,532
"Query: What did Marketing talk about market trend findings?
",6030,"['There were two groups, the young and trendy, and the old and rich. For the first group, they would like fruit and vegetables as a theme for clothes, shoes, and also products. And for the material, a spongy feeling one would be better. But the old and rich would like dark colors, simple, and recognizable shapes as well as familiar material, wood especially.']",c0397164ffe22014a21e40af053ca9703cdc78677d20472d,en,qmsum," Marketing discussed market trend findings by highlighting two distinct groups: the young and trendy, who prefer products with fruit and vegetable themes, spongy materials, and modern designs, and the old and rich, who favor dark colors, simple shapes, and familiar materials like wood. Marketing emphasized the importance of keeping up with trends to ensure product success and mentioned that trends can change rapidly, so the team should consider long-term appeal.",,qmsum,1.0,Answer:,532
"Query: What was concluded on semantic specification?
",24580,"['The revised semantic specification and construction formalism are more stable than the previous versions. In the latter, we find both construction types and meaning types along with formal considerations like verb subcategorization, or the ones a ""directed motion"" construction would dictate.']",4629a555e4748fcf19fce224d09b3c75040d4c1fa89c0bfb,en,qmsum," The meeting concluded that semantic specification involves using a formalism that includes semantic constraints, semantic bindings, and a distinction between form and meaning. The group discussed the importance of having a notation that can handle both semantic and formal aspects, and they acknowledged the need for further refinement and discussion on topics like focus, topic, and the integration of mental spaces. They also agreed to focus on specific constructions and semantic structures, and to consider the implications of these specifications for parsing and interpretation.",,qmsum,1.0,Answer:,532
"Query: Summarize the discussion about technical function design.
",7337,"[""The user interface designer stressed that they should design nothing but a remote control because their principle was to make users' simple desires into simple actions. Therefore, the proposed concept for the design included just a few buttons, a screen with a back light which can change colours and titanium, which was accepted by the group.""]",3ea9e37eb926855d2b4d18a264f1ff2e13c99be8c3bb35db,en,qmsum," The discussion about technical function design focused on creating a simple, user-friendly remote control. The team emphasized the importance of a minimalistic design with essential functions like power, volume, and channel control. They considered incorporating speech recognition and gesture control as optional features, though these were deemed potentially complex and costly. The design aimed to be universal, adaptable for various devices, and included features like automatic on/off based on user presence. The technical aspects involved using a digital signal processor, infrared technology, and battery power, with a focus on affordability and practicality.",,qmsum,1.0,Answer:,532
"Query: What were the main discussion points of the meeting?
",19656,"['The group discussed topics including a potential collaboration with another ICSI member regarding the analysis of inference structures, efforts by speaker mn005 to detect speaker overlap, the current status of recordings and transcriptions, and future efforts to collect meeting data. In addition to weekly meetings by the BMR group, efforts are in progress to record meetings by other ICSI research groups, as well as routine discussions by non-ICSI members.']",cbbd3e6a889f75b2b93a57e125690b10a6ca00e754965b27,en,qmsum," The main discussion points of the meeting included: (1) addressing technical issues with the recording setup and software, such as crashes and data collection; (2) exploring methods for analyzing overlapping speech and acoustic events in meeting transcripts; (3) discussing the use of close- and far-field microphones for capturing speech data; (4) considering the ethical and practical aspects of anonymizing and transcribing meeting data; (5) planning for future data collection, including potential collaborations with radio shows and other meetings; and (6) evaluating the feasibility of using automated tools for speech and event detection.",,qmsum,1.0,Answer:,532
"Query: Summarize the discussion about hourly rates of the service.
",12329,"['In this part, the meeting talked about the affordability of £4.50 amount (the universal amount) and add-ups for some cases. The group separately discussed the situation of families of different incomes levels and different areas.']",5190386bb6fc900f09a0d14bcd2400d1f556e932722cb09b,en,qmsum," The discussion about the hourly rates of the childcare service centered on the £4.50 rate set by the Welsh Government, which was welcomed for its simplicity and clarity compared to the more complex English system. Concerns were raised about whether this rate would be sufficient in more expensive areas like Cardiff and Newport, prompting plans to pilot the scheme there to assess affordability and potential adjustments. The rate was also discussed in the context of broader affordability and the need to balance cost with the quality of care, ensuring it remains accessible to lower-income families while supporting the childcare sector's capacity and workforce development.",,qmsum,1.0,Answer:,532
"Query: What did Vaughan Gething think of the mental health recovery plan when talking about the ways of continuing mental health service during the lockdown?
",10510,"['When it comes to continuing mental health service during the lockdown, Vaughan Gething insisted that it was of great necessity to carry out a mental health recovery plan that with such a system, government can ensure the children could enjoy a healthy mental state during the school lockdown. However, at present they had not yet finished a detailed research in this job for that they were still under the cooperation with health boards to get a whole perspective of the situation.']",7fb01a4aefc5e0620242bb052bbbb3b3a044e2a51de76db5,en,qmsum," Vaughan Gething emphasized that the mental health recovery plan is of great importance, stating that it will be a key focus to support children and young people's mental health and well-being, and that he is committed to ensuring that mental health services continue to be available and effective during and after the lockdown.",,qmsum,1.0,Answer:,532
"Query: Summarize what was said about the microphone data
",12786,"['The group discussed recognition results generated for 20 minutes of close-talking microphone data. Recognition performance was very good, indicating promising results for forced alignment procedures and the ability to analyze other important signal information, e.g. prosody and overlapping speech. It was decided that close-talking data should be downsampled and fed to the SRI recognizer to compare recognition performance, and that data from the far-field microphones should be tested on the recognizer as soon as possible.']",e4ff47865e384089993a13d9758a3bf0ba2a6eca511207ef,en,qmsum," The meeting discussed various aspects of microphone data, including the setup and placement of microphones, the challenges with wireless mikes, and the importance of proper calibration. They also addressed issues like acoustic glitches, synchronization problems, and the impact of different microphone types on speech recognition performance. Additionally, there were discussions about the need for a consistent format for speaker and digit forms, as well as the use of specific software tools for data processing and transcription.",,qmsum,1.0,Answer:,532
"Query: What did the user interface designer propose in the discussion about industrial components?
",6961,"['Although the industrial designer regarded LCD as costly, the user interface designer proposed adding an LCD as a kind of output that only displayed some information or menu and was not touch sensitive, which might reduce the cost.']",6099595c582213359f4e7074624c740d1e79642bb85ffb92,en,qmsum," The user interface designer proposed a concept for the remote control interface that included a minimal number of buttons, speech recognition technology, and a focus on simplicity and user-friendliness. They also suggested incorporating a display for information and discussed the possibility of making the remote control customizable with different colors or features to meet user preferences.",,qmsum,1.0,Answer:,532
"Query: What did the group discuss about the design goal of the remote control?
",3976,"['They wanted it to be original, trendy, user-friendly, durable, creative and characteristic, so it can be very intuitive that people could use the product. In addition, the price, cost and expected profit of the remote control were also determined. In the part of creativity, they pointed out that creativity should have its own characteristics and ensure its fashion without affecting its functionality, so as to truly ""introduce fashion into electronics"". In terms of function, it is necessary to simplify the switch and guarantee function.']",0ed01f1232b214fae64b5b538e791e6dc02b3b7c7f9fe598,en,qmsum," The group discussed designing a new remote control that is original, trendy, and user-friendly, with an intuitive design that makes it easy for people to use. They also aimed to incorporate unique features that set it apart from existing remote controls while ensuring it remains functional and accessible to new users.",,qmsum,1.0,Answer:,532
"Query: How would the allocation contribute to educational research?
",10200,"['To start with, Bethan Owen first pointed out that figures showed that the percentage of income that had come from research in Wales was smaller than that in England, so the Welsh universities were receiving less of the money that was available, which was a factor that resulted from having less QR as a percentage. To tackle this issue, the government had provided funding in 2017-18 and 2018-19 to WISERD Education, which was a research collaboration between a number of the Welsh universities, specifically looking at educational issues. However, it was still early to see how allocation for 2019-20 would work.']",8684df04bd344a18f0767a3276fb4d0848b31db0ee52316b,en,qmsum," The allocation contributes to educational research by providing funding for initiatives like WISERD Education, a collaborative research effort between Welsh universities focused on educational issues. This funding supports projects that inform Welsh Government policy and enhance understanding of educational practices and outcomes.",,qmsum,1.0,Answer:,532
"Query: What's the decision of remote feature design?
",1789,"['Project Manager believed that it could not be heavy. Industrial Designer indicated that fewer and bigger buttons are better and should be bust-free, for instance, rubber could be used on it. Industrial Designer also suggested that when users push a button, they could hear some sort of bleep. User Interface suggested a LED on the corner and not too expensive material like plastic could be used. Marketing added that it should look nice for better sales and should work with as many as possible of existing products listed on their website. Industrial Designer also concluded that it should be battery-saving.']",1bcc88ac7d093359f8141e3c134965acf095f900f09113e3,en,qmsum," The decision for the remote feature design includes creating a user-friendly, original, and trendy remote control with big buttons for ease of use, a lightweight and durable build, an LED indicator to show functionality, and compatibility with various devices. The team also emphasized the importance of a simple and intuitive design to avoid confusion and ensure reliability.",,qmsum,1.0,Answer:,532
"Query: Summarize the whole meeting.
",11169,"['This meeting is about some final decisions on the design of the remote control. It started with presentations on the conceptual design from Marketing, Industrial Designer, and User Interface, and had a discussion on the decisions about the control. The Project Manager put a file in his folder to place the kind of decisions they should take.']",64e9a41ae14b76f1cad7c04eee382cae6fd178a65b474a9f,en,qmsum," The meeting focused on discussing the design and features of a new remote control. Key points included the need for a stylish and functional design, incorporating trends like bright colors and fruity themes, using materials such as titanium for the back and plastic for the front, and including an LCD screen. The team also discussed the user interface, button placement, and the importance of a strong visual and tactile feel. They agreed on a design that balances aesthetics with usability, and they planned to create a prototype and finalize specifications for the remote.",,qmsum,1.0,Answer:,532
"Query: Summarize the decision of the discussion about the design goal of the remote control.
",3239,"['The group hoped that it can be applied to children, in particular to ensure their safety during use. Besides, it should be colourful and beautiful to attract the attention of children. The price also should be reasonable and affordable, not too expensive, but the profit can be guaranteed. In terms of function design, unnecessary functions and switches should be removed to enhance their applicability.']",44a8557b3849fca2740af3fc4e5b1d6f262034d38f0302c8,en,qmsum," The team decided that the remote control should be original, trendy, and user-friendly, with a focus on being robust, childproof, colorful, and small in size. It should have a simple design with a limited number of functions, ideally adaptable for left- or right-handed use, and avoid complex features like screens to keep it affordable and practical.",,qmsum,1.0,Answer:,532
"Query: How did Eluned Morgan respond to whether wishing to see people have greater pay equality between schoolteachers and FE when discussing the pay dispute situation?
",13887,"['Eluned Morgan said that they would wish to see pay equality in relation to teaching. As for whether all staff should get the increase or only teaching staff but not non-teaching staff, Eluned Morgan thought this should be up to ColegauCymru to negotiate and to discuss, and they should wait for their outcomes.']",585f667a0717f95cc0c7398ab295818570d6c307c7ed1ade,en,qmsum," Eluned Morgan responded that in relation to teaching, the Welsh Government would wish to see pay equality between schoolteachers and FE teaching staff. However, she emphasized that the specific details of any pay increase would be up to ColegauCymru to negotiate and discuss.",,qmsum,1.0,Answer:,532
"Query: Summarize the review of some problems from the past meetings.
",9188,"['The group briefly talked about their agreements of the past meetings. They were all concerned with the interchangeable user interfaces and they agreed to make it more natural-looking and multi-faces. The Industrial Design then mentioned the issue of the material. They decided to use a rubber coat in case the remote control would be damaged when being dropped occasionally. After most details were checked, the Project Manager turned to the budget problem. It is quite essential for them to be both environmentally friendly and economic.']",30051e7f58ab4869cb0d06c302b96d628ef87eec2d64fa4a,en,qmsum," The review of past meetings highlighted issues such as the need for better documentation, the importance of clear communication, and the challenges of keeping the project within budget. There were also discussions about the effectiveness of the team's collaboration and the need for more structured brainstorming sessions.",,qmsum,1.0,Answer:,532
"Query: What did the group think of disposable income when discussing general requirements?
",8488,"[""Industrial Designer suggested they should also look up popularity among the 25 to 35 years old age group if they looked into a stylish design. Marketing said it was 70% popular among this age group and thought this age group didn't have much economic burden so the remote price should not be unaffordable. User Interface supplemented that their remote might not function with the old TV. Therefore, the group decided to include both 15 to 25 and 25 to 35 years old age group into consideration.""]",901c8c1975e2bafb77640f8854a3bcefcde762e1db3b5db7,en,qmsum," The group considered disposable income as a relevant factor when discussing general requirements, noting that younger age groups, such as those aged fifteen to twenty-five, tend to have higher disposable income, which could influence their willingness to pay for more advanced features like voice recognition on the remote control.",,qmsum,1.0,Answer:,532
"Query: What is the conclusion of the discussion about Marketing strategy when discussing group's plan of their marketing strategy?
",6395,"[""The team decided that the remote had to be compatible with most of the world's TVS, or at least the ones they made. And the buttons must be internationally recognized.They also thought that the function of the remote control was to change the state of the TV and this could be realized by pressing the button.""]",0ffea9decbc25e92599ad21fc51af41c3eda24d9ee355524,en,qmsum," The conclusion of the discussion about the marketing strategy is that the group aims to create a universal remote control that is original, trendy, and user-friendly, with a focus on international appeal, compatibility with various devices, and a design that is both functional and aesthetically pleasing. They also plan to explore additional revenue streams, such as customizable covers, and ensure the product meets the needs of a global market.",,qmsum,1.0,Answer:,532
"Query: Why did the marketing think they should aim at young people?
",7341,"['Because in general the early adopters of a new device were young people and teletext was used less among the young than the elderly. Plus, the young found it very relevant to have speech recognition in their remote control so that they could just tell the controller what they wanted instead of zapping.']",ec3bcae409bead06e4584f6ab877ab0d19d64f92c2ebd195,en,qmsum," The marketing team thought they should aim at young people because they are more likely to be early adopters of new technology and are more interested in innovative features like speech recognition, which could make the remote control more appealing to them.",,qmsum,1.0,Answer:,532
"Query: What did Julie Morgan elaborate on the online survey when talking about the evaluations on the legitimacy of the children's rights, protection and demands?
",10510,"[""When discussing the evaluations on the legitimacy of the children's rights, protection and demands, Julie Morgan mentioned that they had carried out an online survey to look into the children's thoughts and demands over the pandemic.The survey involved what did the children do through the lockdown, what they thought about the measures that Welsh government and their schools had taken, and whether they were looking for the reschooling. With those questions, the group was meant to have a more overall idea of the children's rights and demands in order to care for them better during this period.""]",8d457d23bd54c7a04f340ddd350bbbf47bdfc265b643f1bd,en,qmsum," Julie Morgan elaborated that an online survey was being launched to gather children's views on the impact of the coronavirus situation, including their experiences with schools, the effects of not attending school, and their opinions on how the government has handled the situation. This survey was intended to provide feedback from children on the important issues affecting them during the pandemic.",,qmsum,1.0,Answer:,532
"Query: Which color was considered more appropriate by team members when discussing the desired features of remote control?
",6394,"[""They argue that the TV remote should not be too colorful and must match the color of the TV they sell. They admit that no color is acceptable to everyone. It's something they think people generally don't like bright colors. It's their intention to make the TV remote in black or gray or silver.""]",67d0e52d92fdafa500ab2a8121549881272965a4f04b416c,en,qmsum," The team considered grey or black as more appropriate colors for the remote control, as these colors were seen as neutral and widely accepted across different cultures.",,qmsum,1.0,Answer:,532
"Query: Why did the Industrial Designer disagree to replace the titanium when discussing product cost and quotation?
",10675,"[""The Industrial Designer suggested that the titanium provided the tough look and the strong cover to protect the product. Besides, the older customers would like it much more because it fit their taste. So the titanium was important and shouldn't be replacing by titanium-like plastic or saving the LCD screen but dumping the titanium.""]",3e80cd55885a0cbe689ef3e5c866400a1ab6261785c2efa5,en,qmsum," The Industrial Designer disagreed to replace the titanium when discussing product cost and quotation because they believed the titanium provided a tough look and a strong feel, which were important for the product's design and appeal, especially for older users. They also felt that using titanium-colored plastic would not maintain the same aesthetic and functional qualities, and they were concerned about losing the design integrity and user experience that titanium offered.",,qmsum,1.0,Answer:,532
"Query: Summarize the ways of continuing mental health service during the lockdown.
",10497,"['Vaughan Gething pointed out that due to the school lockdown, children as well as their parents would face difficulties at home learning and social-contacting. In case they would suffer from potential mental health problems, the government have to carry out a mental health recovery plan. Sian Gwenllian then mentioned that the CAMHS, as well as all the schools, should follow up the mental states of children and offer telephone and online support.']",64b7fea1da7e7545784befc76fae5be9970ede51f6866170,en,qmsum," During the lockdown, mental health services continued through various means such as maintaining online and telephone support services, ensuring access to critical care, and adapting to provide remote consultations. The Welsh Government emphasized the importance of these services, especially for children and young people, and worked to ensure that mental health support remained accessible despite the challenges posed by the pandemic.",,qmsum,1.0,Answer:,532
"Query: Summarize the discussion about the design of remote control for children.
",3236,"['The group thought remote controls should keep children safe while using them. At the same time, the remote control should be brightly coloured. Even if it is not colourful, it should also choose a monochrome colour that children like to attract them.']",876ed3e1d5021071ec791827d68bcfe5c2e4a7c4605eaffd,en,qmsum," The discussion about the design of a remote control for children focused on making it robust, waterproof, and childproof to prevent accidental damage or ingestion. The team emphasized the need for a simple, intuitive design with a limited number of buttons, a small and palm-sized form factor, and colorful options to make it appealing. They also considered features like a child lock and the possibility of a touch-screen interface, while keeping costs in mind.",,qmsum,1.0,Answer:,532
"Query: What was the solution to risk appetite?
",10199,"['Dr David Blaney believed that governing bodies were not likely to exhibit as an imprudent risk appetite since they would see the potential risks coming through in forecasts, in requests for borrowings, predominantly and many other ways. Although the government body included a slightly different perspective, divisions were not falling short. Besides, commitments from enthusiastic people and occasionally with a slightly external perspective would also be a help.']",6c18408f7ccd0639feed7d0df04c35fb31272b85c23651a0,en,qmsum," The solution to risk appetite involves ensuring that governing bodies are sufficiently informed and engaged, with HEFCW providing guidance and support to help institutions make prudent decisions. This includes monitoring and reviewing the financial health of institutions, ensuring they maintain appropriate liquidity, and encouraging a culture of constructive challenge and informed decision-making.",,qmsum,1.0,Answer:,532
"Query: Why did the Project Manager agree with Marketing when discussing his personal ideas towards the design?
",5340,"['The Marketing proposed to use voice control on the remote and according to his research, three quarters of people under 35 are in favour of voice control. At the same time, in order to keep the remote not so easy to be lost as its counterparts of other brands, voice control would be an essential technique. For those two reasons, the Marketing persuaded the Project Manager to target their consumers as the youth.']",6ee2c9852cd12d09a04909c461c0bb2fe5713e3e3e2fb799,en,qmsum," The Project Manager agreed with Marketing when discussing his personal ideas towards the design because Marketing emphasized the importance of simplicity and practicality, aligning with the Project Manager's focus on creating a user-friendly remote control that meets the needs of the target demographic.",,qmsum,1.0,Answer:,532
"Query: What was the final decision of the discussion about automatic power control?
",7342,['The industrial designer thought the automatic power control would be a bit problematic because there were different criteria for different people. Then the marketing proposed that they should design a personalized product so that the users could have their own settings. The proposal was accepted by the industrial designer but later the idea of automatic power control was still abandoned because of price issues.'],deb8cf5944a71dbddc14260aa6e64e66f6110f5b27d13847,en,qmsum," The final decision was that automatic power control is not possible with the current price constraints, but it could be considered in a future step if feasible.",,qmsum,1.0,Answer:,532
"Query: Summarize the whole meeting.
",13866,"[""This was a Children, Young People and Education Committee, and it was the scrutiny session with a focus on higher and further education. This whole meeting was conducted in a question and answer format. They firstly started with a question related to the trend of secondary school teachers recruiting situations, and the reasons for this, and the steps they had taken to mitigate this trend. Then they had a discussion on the decision made by the education workforce council not to accredit the University of South Wales with the ability to deliver teacher training. After this, there were some questions and answers related to the reform and reconfiguration of the post-16 education sector, equality of opportunity and university mergers. In addition, the parity of esteem between academic and vocational post-16 education and funding allocation were also discussed. Then they talked about the regional skills partnerships and the pay dispute situation. At last, they shared some opinions on 'legalised cheating'.""]",82a20a9d36627600ffcccd4aca8bb1923d8fcbb658ab6b76,en,qmsum," The meeting focused on higher and further education in Wales, with discussions on teacher training, recruitment challenges, and the need for reforms to improve the education system. Key topics included addressing teacher shortages, the impact of financial incentives, the role of part-time PGCE courses, and the importance of Welsh language education. The Welsh Government's plans for post-16 education, including parity of esteem between academic and vocational paths, were also discussed. Additionally, the meeting touched on issues such as the pay dispute in further education colleges, mental health support for students, and the challenge of academic integrity, including the issue of essay mills. The Welsh Government expressed a commitment to working collaboratively with other UK nations to address these challenges.",,qmsum,1.0,Answer:,532
"Query: What did the Minister of Seniors say about pandemic assistance for seniors?
",23789,['The Minister of Seniors clarified that his office recognizes that seniors are in great need. The minister explained that those receiving OAS and GIS are getting payments of $200 and $300 respectively. The minister was insistent that this was not an insignificant amount.'],94d06273bc4b8766ac8b9eef7ff2b8c2a31e32cf54896a93,en,qmsum," The Minister of Seniors, Deb Schulte, stated that the government is taking significant action to provide financial support to Canadian seniors during the pandemic. This includes a one-time tax-free payment of $300 for those receiving Old Age Security (OAS) and $200 for those receiving the Guaranteed Income Supplement (GIS), totaling $500 for seniors receiving both. Additionally, the government is supporting community-based projects to improve the quality of life for seniors through the New Horizons for Seniors program.",,qmsum,1.0,Answer:,532
"Query: What did the Project Manager think of the profit when discussing the financial issue and why?
",5989,"['According to the Project Manager, the finance department proposed to price the product at 25 euros and make a profit of fifty million euros in total. However, the cost might be at only twelve fifty, meaning that the profit would be at one hundred percent.']",815f4222b3b738706aa5fad352b72ccc47e9454fcb391b09,en,qmsum," The Project Manager thought the profit of selling the remote control at 25 Euros was reasonable, as it aimed for a 100% profit margin, which he believed was achievable given the product's potential and the target market.",,qmsum,1.0,Answer:,532
"Query: What did the user interface designer recommend to do when discussing technical function design?
",7344,"['The user interface designer recommended to have a screen with a backlight which could change colours and to put all the options into this screen so that few buttons were needed and users would find it easy to use. As for the material, titanium was preferred because it was unbreakable and baby-proof. The user interface designer also suggested making the power and volume control fully automatic.']",a81acf4510dd3154c2f73c46b86b077b281307fcabe0a4bd,en,qmsum," The user interface designer recommended keeping the design simple, focusing on essential functions, and using a remote control that is easy to use with a minimal number of buttons. They also suggested incorporating a screen with a backlight that can change colors and responding to voice commands for a more intuitive user experience.",,qmsum,1.0,Answer:,532
"Query: Summarize the whole meeting.
",5977,"['The meeting was about a preliminary idea of new remote control, covering the price, the functions, the appearance and the name. After a brief self-introduction, Project Manager assigned the task. One of the most important issues of the meeting was about the price. Project Manager supposed the product should be sold at 25 euros with a one hundred percent profit. As it would be a multifunctional remote control, the members were confident that it would stand alone. Moving on to the issue of the appearance, the group analyzed the problems of the existing remotes and briefly talked about the user interface as well as came up with a name of the product.']",e3a49dfe9f6e41eadacfe0240ea115164a42c9e8de3ef126,en,qmsum," The meeting involved a team discussing the design and development of a universal remote control. They outlined the project's goals, including making it functional for various formats like PAL and NTSC, and aiming for a sleek, user-friendly design. The team brainstormed ideas, such as touch screen functionality, materials, and features like a locator device. They also discussed pricing, marketing strategies, and the importance of balancing features with affordability. The meeting concluded with plans to continue refining ideas and preparing for future discussions.",,qmsum,1.0,Answer:,532
"Query: What's the conclusion of the discussion about intuitive when presenting on evaluation criteria?
",9375,"['The group agreed that the remote had a high score in terms of locatability, so they first thought it was also intuitive. Then, Industrial Designer mentioned that it might be a little more difficult for people to get used to in the beginning because the scroll was a new technology. Marketing thought it was obvious how to use it. Therefore, groupmates agreed to give an average score of five.']",30da039b34de89757a048d6ada97c24def61dc30a7706b77,en,qmsum," The conclusion of the discussion about intuitiveness when presenting on evaluation criteria was that the remote control is somewhat intuitive, but it is not the immediate thing users are used to, so it was given a score of five out of seven.",,qmsum,1.0,Answer:,532
"Query: How did Kirsty Williams respond to university mergers?
",13870,"['Kirsty Williams said he was in favor of a healthy, strong and sustainable HE sector. If individual institutions wish to collaborate, that was a matter for themselves. They did not pursue or urge a policy of mergers, but if individual institutions felt that was of benefit to them and their students, they would have an interest in that and make sure that they were robust plans.']",563ce48625a707202a34068e87ea4cea511b23c80962756a,en,qmsum," Kirsty Williams responded to university mergers by stating that she does not have a formal policy for mergers and that it is a matter for individual institutions to decide. She expressed support for collaboration between institutions but emphasized that there is no government-mandated agenda for mergers. She also mentioned that while she is not in favor of mergers, she supports collaboration between universities and institutions to benefit students.",,qmsum,1.0,Answer:,532
"Query: What did the user interface designer recommend to do when discussing product quotation?
",8563,['The user interface designer recommended adding a hand dynamo which could produce electricity from mechanical energy so that it could provide enough energy for the device when users took the controller and pushed the buttons. The proposal was accepted by the group.'],ccaf48107ec268049c05e55bd8272bbfff31be9335a790f9,en,qmsum," The user interface designer recommended to discuss the product quotation in a detailed manner, ensuring that all aspects of the product, such as its features, functionality, and design, are thoroughly evaluated and communicated.",,qmsum,1.0,Answer:,532
"Query: What did Vaughan Gething think of the perinatal mental health service when discussing the long-term special care for the pregnant women?
",10507,"['Besides the crisis care, Vaughan Gething also claimed that they did not stop the perinatal mental health service either. However, there were still some problems. For example, because of the shut down of many public services, there might be not enough inpatient care for the pregnant, and less women were willing to resort to such service during the outbreak. Therefore, apart from providing enough inpatient care like the hospital beds, they would also pay attention to how to encourage the mothers to enjoy their service.']",6e0eaedbec902c0ef5fcb6f6c8408969a7d353db9d9c2ce3,en,qmsum," Vaughan Gething stated that the perinatal mental health service continues to be provided and is not stopped, and that it is being adapted to be provided through phone or online means where possible, as the same concerns about physical contact exist. He emphasized that the service may have changed but still absolutely exists.",,qmsum,1.0,Answer:,532
"Query: What did Industrial Designer say about the customers' taste?
",6031,"['Industrial Designer said that the younger people fancied soft materials and primary colors. For example, total yellow or totally red could be visible. The shapes could be curved and round,which would be easier to use. It would be better to use the basic battery so everybody could get it at the supermarket, or to use a kinetic battery after shaking it a few times, it could be loaded. Industrial Designer suggested hard plastic material and rubber since the younger people liked that. The survey also discovered that the young favored a scroll push like the mouse to use for channels and volume.']",991da5da949c52e8ee10d884e5816ef058c4a5acca503efe,en,qmsum," The Industrial Designer mentioned that younger people want remote controls with soft materials, primary colors, and curved, rounded shapes that are easy to use and feel comfortable in the hand. They also emphasized that the design should be different from standard remote controls to stand out.",,qmsum,1.0,Answer:,532
"Query: Why did the Marketing think they should have LCD when presenting the market trends?
",8984,"[""When Industrial Designer mentioned that LCD was basically feedback from television and questioned the necessity of LCD, Marketing suggested that they could integrate with the television then it could come up with new information about what was on, and users could just see that on the remote rather than TV itself so that users won't get interrupted by viewing pleasure. Also, Marketing thought the group could have a minimalist remote control so that users could flip it open if they wanted to mess about it.""]",73807dde6c08ff12d79bd63ce33110082d3126651007be60,en,qmsum," The Marketing Expert thought they should have an LCD because it aligns with current market trends and user preferences for innovative, technologically advanced features. They believed that an LCD display would enhance the product's appeal by offering a modern look and improved functionality, such as providing feedback and integrating with other features like voice recognition.",,qmsum,1.0,Answer:,532
"Query: What was the future of data collection?
",19654,['The group aims to collect over 100 hours of Meeting Recorder data in total. Speaker consent forms are being revised. It was suggested that subjects should sign a new consent form after 10 recording sessions.'],2cc7738467d6098ff04980af3f7cd9ef3610f97d63a8c211,en,qmsum," The future of data collection involves continuing to record meetings, aiming to gather significantly more data, potentially exceeding a hundred hours. This includes recording additional meetings, exploring collaborations with local broadcast media, and possibly recording radio shows with multi-channel setups. The goal is to have a substantial dataset for research, even if some data remains untranscribed.",,qmsum,1.0,Answer:,532
"Query: What did Julie Morgan elaborate on their work with the foster organizations when talking about the adequate social support for those children who were in foster?
",10512,"[""According to Julie Morgan, the group had been in close cooperation with the fostering organizations in Welsh to guarantee the children in need. To people's relief, the fostering organizations were running well with enough staff and equipment during the pandemic so that the children could enjoy good care there. What's more, the fostering organizations prolonged their helpline time in case some emergencies would happen. Other support measures, say, the fund for the foster carers, would be followed up.""]",fded50244f8bd8009b811afa71bb452bde5d0aa794066bfd,en,qmsum," Julie Morgan elaborated that the Welsh Government has worked closely with foster organizations, supporting the Association of Fostering and Adoption Cymru (AFA Cymru) to develop guidance for foster carers, which has been well-received across the sector. Additionally, the Fostering Network has extended its helpline hours, and Voices from Care has developed specific support for care leavers, ensuring that foster carers and children receive necessary assistance during the pandemic.",,qmsum,1.0,Answer:,532
"Query: What did D think about the experimental setup of the computer navigation system?
",15412,['D wanted to know if the videos for the navigation system would be recorded from a first person perspective. D was also trying to understand how ambitious the system was. D learned that the goal was to understand how people reacted and talked in such a scenario. D provided some information about potential candidates for the human operator and wizard roles as well.'],e78c1d22676e96bd0120c447a29d170e08ae2be5a5132ca4,en,qmsum," D thought the experimental setup of the computer navigation system was interesting and acknowledged that it would provide valuable data for researchers. However, D also expressed some concerns about the complexity of the system and the challenges of interpreting the data accurately.",,qmsum,1.0,Answer:,532
"Query: Summarize the whole meeting
",15403,"['The meeting was about a computer based navigation system that will be used to conduct linguistic experiments on navigational terminology and intentionality, and it was simultaneously being recorded for another project. The navigational interface allows people to walk around a place and perform basic actions, like entering a building. Its goal is to understand what people intend to do based on granular linguistic features. The experimental set up is that people talk to a human assistant who controls the program in an attempt to complete a certain task. To study intentionality, the team will determine important linguistic features and use a Bayes model to see if they can predict the intention based on utterances.']",5b08bd00034eb028529a238aeb4881c86b81a05a203f5896,en,qmsum," The meeting discussed a research project focused on understanding intentions behind user queries in a tourist context, using a belief-net approach to differentiate between intentions like viewing, entering, or approaching a location. The team planned to collect data through simulated scenarios, analyze linguistic and contextual features, and use tools like JavaBayes or Kevin Murphy's toolkit for belief-net implementation. They also discussed data collection methods, anonymization, and the use of XML for data interchange. The meeting concluded with plans to start implementing the belief-net and further discussions on the project's next steps.",,qmsum,1.0,Answer:,532
"Query: What was the discussion about the government's policy to improve long-term care facilities and protect the seniors?
",20279,"['The opposition party claimed that people across Canada were appalled by the situation in care homes which left seniors suffering. The minister explained that the government was fully aware of the situation. The minister promised that they would fully play their role federal level with advice, with guidance, with support and with investments. They were going to have those conversations about how best they can improve the care for all seniors.']",03e102d88a0c17c0ee70ad09e848cd08354eff1db619c886,en,qmsum," The discussion centered on the government's policy to improve long-term care facilities and protect seniors, particularly in response to the alarming conditions revealed by the Canadian Armed Forces' report. The government acknowledged the need for better care and committed to working with provinces and territories to address the issues. However, there was criticism that the federal government has not taken sufficient action, and calls were made for national standards, an end to profit-driven care, and increased oversight to ensure the dignity and safety of seniors in long-term care facilities.",,qmsum,1.0,Answer:,532
"Query: What did Albert Heaney think of the coronavirus Act when discussing the evaluations on the legitimacy of the children's rights, protection and demands?
",10509,"[""When it comes to the evaluations on the legitimacy of the children's rights, protection and demands, Nicola Edwards mentioned that they had been working on the coronavirus Act to see if they could ease some of the statutory requirements, further helping the childcare and education affairs in the future. Then Albert Heaney went on to elaborate that it was because that they were not meant to include any easements in children's social services at first, however, it was obvious at present that at least for those carers, they had to break the law of social distance to keep looking after the children in need. Therefore, they were calling for the possibility of losing the law for those who did have something to do with childcare and education.""]",29041bda02a95bd53805363c72505c873f34db1c93d32881,en,qmsum," Albert Heaney stated that no easements were introduced in relation to children's services legislation, emphasizing that the standards in place remained unchanged, and therefore, there was no necessity for a children's rights impact assessment in relation to the primary legislation.",,qmsum,1.0,Answer:,532
"Query: How does the product manager want to achieve the expected profit when discussing the group's plan of their marketing strategy?
",6397,"[""The project manager wants to sell the remote internationally for 25 euros and keep its cost under 12.50 euros to meet the global profit target of 50 million euros. But project managers don't calculate exactly how much they want to sell.""]",2befdd68a14b01e6a7ee21cf4e8118c64704869306ed4c6a,en,qmsum," The product manager wants to achieve the expected profit by selling the new television remote control at 25 Euros internationally, aiming for a global profit of fifty million Euros. They also plan to make the remote compatible with various devices like the D_V_D_ player and television, and to design it in a way that appeals to a wide audience, including different cultures and age groups, to ensure its market success.",,qmsum,1.0,Answer:,532
"Query: What did Vaughan Gething elaborate on the crisis care when talking about the evaluations on the increasing suicide crimes during the COVID-19 and the long-term special carefor the pregnant women?
",10516,"['When talking about the evaluations on the increasing suicide crimes during the COVID-19, Vaughan Gething said that in order to prevent more tragedies, they had been offering mental health care for the people. Even if most public service had to be shut down during the outbreak, the staff at the crisis help continued to be available. In addition, they had a seven-day-a-week crisis care, which they hoped that could also be a long-term service to help people in need even after this particular period.']",8476fcbe8bf6f7ea7092d0bae410ca82db60f2baf733adb7,en,qmsum," Vaughan Gething elaborated that crisis care continues to be available for children and young people, emphasizing that mental health services, including those for children and young people, are essential and not scaled down. He mentioned that the Welsh Government is assessing the impact of the pandemic on mental health, including the potential increase in suicide rates among children and young people, and is working on a review to understand these effects. Additionally, he highlighted the importance of perinatal mental health support, noting that services are still provided and efforts are being made to ensure consistent support for pregnant women during this challenging time.",,qmsum,1.0,Answer:,532
"Query: Summarize the discussion about user interface concept.
",6955,"['The user interface designer presented a good-looking design with few buttons. As for the colour, the user interface designer suggested making a backlight of the LCD screen with different colours, but this was denied due to the high cost. Then the industrial designer recommended changing the colour of the assembly at an extra charge to meet special needs. Light and infrared were also taken into consideration to make the controller glow in the dark. In order to make a smart controller, the group mentioned speech recognition and user identification.']",5dbc2db3da6a9bdb08c6a8e2cbe75a5e5eea7df3c933c0f0,en,qmsum," The discussion about the user interface concept centered on deciding between a push-button interface and a liquid crystal display (LCD). The team ultimately decided to use push buttons due to cost-effectiveness and simplicity, while also incorporating speech recognition technology. They also considered the possibility of an LCD display but found it too expensive and complex. The interface was designed to be user-friendly, with a focus on simplicity and functionality, and they explored trends in design, such as a spongy, fruit-like appearance, to make the remote control more appealing and stylish.",,qmsum,1.0,Answer:,532
"Query: What was the finding of the market?
",4754,"['Marketing did a usability lab-test with a hundred people and found that users disliked the ugly look of current remote controls and the market segmentation includes different attitudes towards new functions. Users felt it hard to learn new functions and they zapped a lot. The channel switch was the most popular function while the power, volume and channel selections buttons were very relevant. The market was to be segmented to different groups and most users were between thirty-six and forty-five years old and young users had different tastes about the LCD compared to the old. The speech recognition features were welcomed by the second largest group, the young but which group they should targeted remained to be discussed. Marketing concluded that less important functions should be discarded and the device should be user friendly.']",63f4307f60a34be95eae22709e5ab91989eb78c4ad10531b,en,qmsum," The market findings indicated that users generally disliked the look and feel of current remote controls, finding them very ugly and hard to learn how to use. Additionally, users emphasized the importance of easy zapping, and it was noted that fifty percent of users only used ten percent of the buttons, suggesting that many features on remote controls go unused. Younger users were more interested in new features like an LCD screen or speech recognition, while older users were less interested in such features but more willing to spend money.",,qmsum,1.0,Answer:,532
"Query: Summarize their discussions on university mergers.
",13868,"['Kirsty Williams firstly proposed that the main goal he would like to pursue was a healthy, strong and sustainable HE sector. They did not pursue or urge a policy of mergers, but they welcomed the mergers, if this was beneficial for individual institutions. Hefin David proposed that was in contrast with the predecessors, and talked about the situation when Cardiff Metropolitan University was under pressure from the previous Minister to merge with the University of Glamorgan and Newport. Kirsty Williams thought they needed to look at the future instead of looking at the past. They had a strong institution in Cardiff Met now. However, it was obvious that they got to learn some lessons from that process.']",7cdd460402ce68d8e853fef68dafc4707461bf156b146293,en,qmsum," The discussions on university mergers highlighted that there is no formal government policy pushing for mergers, and the decision to merge remains with individual institutions. While collaboration between institutions is encouraged, the focus is on ensuring that any mergers benefit students and maintain the quality of education. Concerns were raised about the potential disruption to staff and students, as seen in past merger attempts, and the government emphasized that it does not have a burning desire to pursue mergers but is open to them if they are beneficial.",,qmsum,1.0,Answer:,532
"Query: What was the debate about a particular fundraising campaign?
",20271,"['The opposition party claimed that the Minister of Digital Government has been promoting a fundraising campaign to sue Global News for their story criticizing the Chinese Communist Party, and the opposition party thought the minister was supporting the Communist Party of China and threatening our media and freedom of expression. The Minister explained that community outreach was a very important part of the work of a member of Parliament and WeChat was one of many social media sites regularly used by members, and the minister did not share any personal views on Wechat.']",9510dd17d2c5a97bbc0407a2bcf8332b7120244a7ff22863,en,qmsum," The debate centered around a fundraising campaign by the Minister of Digital Government, Joyce Murray, who was promoting a campaign to sue Global News for their story criticizing the Chinese Communist Party. Critics, including Ms. Rosemarie Falk, questioned the minister's use of her authority to support the Communist Party of China and expressed concerns about the government's threat to freedom of expression.",,qmsum,1.0,Answer:,532
"Query: Summarize the discussion about the functional design of the remote control.
",3974,"[""The group felt that the remote control didn't need a lot of buttons,and on the basis of ensuring originality, it should also ensure conventionality and make it applicable to all kinds of groups.""]",4c352d84523e227d261645b0ceb0a513154e9c0cc2e68986,en,qmsum," The discussion about the functional design of the remote control focused on creating an original, user-friendly, and trendy product. The team planned to start with individual work on the functional design, identifying the necessary functions of the remote control. They would later come together to refine these ideas. The functional design would involve determining the specific tasks the remote control must perform, while ensuring the design remains intuitive and accessible to users.",,qmsum,1.0,Answer:,532
"Query: Why did the group decide to give two points on usefulness when doing product evaluation?
",8565,"['The basic mode of the product had only two directional buttons with which people could control the volume and change channels. Except for the two main functions, other functions were on the LCD screen and there was a jog dial controlling the cursor on the LCD screen. Therefore, the controller was very easy to use.']",ccd19ca5bb434c2d2489bf6f0377d7b7ecbbba427e369cee,en,qmsum," The group decided to give two points on usefulness during the product evaluation because they found the prototype to be functional and met the basic requirements of a remote control, but they felt it lacked some advanced features and had limitations in practicality, such as the complexity of navigating through channels and the potential weight issues.",,qmsum,1.0,Answer:,532
"Query: What were the changes decided on the equipment?
",12786,['The group decided to purchase one additional head-mounted crown microphone. A tentative decision was also made to acquire a hand-held wireless microphone to pass around to additional meeting participants should the installation of more close-talking microphones prove too difficult.'],0e2225e8f7ec8c9043081af8b54369bb795f759ea0160d22,en,qmsum," The meeting decided to order one more wireless microphone system, which includes a transmitter and receiver, and to explore the possibility of using a different headset that can be soldered to the existing connector. They also discussed the idea of having a hand-held microphone that can be passed around for additional speakers, and they considered the need for a more comfortable and effective microphone setup for future meetings.",,qmsum,1.0,Answer:,532
"Query: Summarize their discussion on the decision of not accrediting the University of South Wales with the ability to deliver teacher training.
",13883,"['Kirsty Williams firstly made it clear that it would not be appropriate to comment this since this process was independent of Government. Hefin David then proposed the impact on students and staff. Kirsty Williams thought there would be a responsibility upon the University of South Wales to ensure that those students already in the system were able to complete their studies with the appropriate level of support and tuition to enable them to achieve their career aspirations and graduate from that program. The same was true for staff. Kirsty Williams thought that would be a matter for the institution. After this, they had some discussions on the geographic spread of provision.']",c94b97c772d9dcbb690f444b5ded279f02fc875f28f3daff,en,qmsum," The discussion centered on the decision not to accredit the University of South Wales (USW) to deliver teacher training. The Cabinet Secretary for Education, Kirsty Williams, stated that the accreditation process is independent of the government and that the Education Workforce Council (EWC) made the decision. While the government does not comment on the EWC's decisions, it expressed confidence in the EWC's process and emphasized that the focus remains on ensuring the quality of teacher training. The government also noted that it will continue to work with USW and other institutions to ensure that students and staff are supported, and that the accreditation decision does not preclude future collaboration.",,qmsum,1.0,Answer:,532
"Query: Summarize the whole meeting.
",6026,"['Firstly, User Interface suggested trendy and one-color cases, good icons on the big buttons since they would be recognizable and excite the young people. Secondly, Industrial Designer introduced that young people favored soft materials and primary colors, but trendy design on the button and the use of LCD display would increase cost since the budget had always been a big problem. Moreover, the team would aim at the younger market based on the decision of the former meeting and agreed that to make the device more profitable they should sell the product for longer than one year. The team also discussed the button function of the remote control but they had not come to an agreement. Lastly, Project Manager decided on a normal battery and no kinetic to control the budget.']",fb9ca77d269a3d56b656f5a9a3c497c6374b61fd92066df3,en,qmsum," The meeting involved a discussion on the design and functionality of a new remote control. The User Interface team presented their concept, including button layouts, colors, and design preferences. The Industrial Designer discussed the shape, materials, and cost considerations for the remote, suggesting a curved, hand-shaped design with soft materials. The Marketing team emphasized the importance of trends and target audience preferences, particularly for younger users. The group debated features like scroll buttons, LCD screens, and battery types, ultimately deciding to create two concepts—one with an LCD screen and one without. They also agreed to finalize the design and prepare for the next meeting focused on detailed design.",,qmsum,1.0,Answer:,532
"Query: What did Grad F think about intermediate categories?
",11886,"['Grad F informed the team that he was building a system that classified intermediate categories with multi-band techniques. Then, to reduce error for phoneme recognition, the intermediate categories could be added to improve performance. The method could be replicated for large vocabulary tasks like switchboard.']",c89e36776d5ceeb609d0033cb4d2fb227500190a519e297b,en,qmsum," Grad F thought that intermediate categories could be useful in the classification process. He mentioned that he was considering starting with a reasonable set of intermediate features, similar to regular phonetic features, to build a system for phoneme recognition. He also planned to refine these categories based on the errors observed in the recognition process.",,qmsum,1.0,Answer:,532
"Query: What did the group talk about the evaluations on the increasing suicide crimes during the COVID-19 and the long-term special care for the pregnant women?
",10511,"['Lynne Neagle pointed out that due to the outbreak of the pandemic, more people reported depression and committed suicide. To deal with the harsh problem, they might have to carry out a review over the accidental mortality through the period. At the same time, Vaughan Gething suggested that even if most public services were shut down, the mental care, especially the perinatal mental health service, could not be stopped, just in order to support the vulnerable people.']",5951181e325d441c3dcd613014af0005a6c50daabfc58002,en,qmsum," The group discussed the Welsh Government's assessment of an increase in suicide among children and young people during the pandemic, noting that they are investigating and have commissioned a review to understand the potential effects of lockdown restrictions on mental health and well-being. Regarding long-term special care for pregnant women, the discussion focused on perinatal mental health support, ensuring consistent care, and adapting services to the challenges posed by the pandemic.",,qmsum,1.0,Answer:,532
"Query: Summarize the whole meeting.
",10663,"['The group mainly talked about the extra deciding of the product at this meeting including the presentation of the prototype assessment, the discussion of the requirements and trends of marketing and the product cost and quotation. Firstly, the Industrial Designer introduced the prototype of the product. It had not only the round basic shape which was made of hard plastics and titanium using different colors, but also the buttons like channel and volumn. Later, the group discussed some details and changes of redesigning the logo, buttons and screens. Next, the Marketing Expert mentioned the exterior of the product, the material attraction, and how easy it was to learn or use the basic functions of the product. Besides, the group discussed some details of the cost of components and made the product cheaper by replacing the titanium by hard plastics with similar color. They finally got an estimate of fourteen point one Euros, which was above the budget. In the end, they discussed the distinction between the product and other devices, and celebrated the completion of the project.']",9035e6ef4a0e54ae451cfe04f315c2ddfc6f84ca98946844,en,qmsum," The meeting involved a discussion about the design and development of a new remote control device. The team presented their prototype, discussed design elements, and evaluated the feasibility of the project. They faced challenges with costs, particularly regarding the use of titanium and the advanced chip required for the LCD screen. The team considered alternatives, such as using plastic and simplifying the design, to reduce expenses. They also discussed the use of a SMARTboard and digital pen, finding them useful for certain tasks but ultimately deciding they were not essential. The meeting concluded with a decision to proceed with a titanium-colored plastic design, while acknowledging the financial constraints and the need to balance creativity with practicality.",,qmsum,1.0,Answer:,532
"Query: Summarize the discussion about industrial components.
",6954,"['The industrial designer provided several options respectively for energy, material and interface. Among these options, the industrial designer preferred traditional battery, titanium and simple push buttons so that they would have enough money for speech recognition. After that, the user interface designer proposed an LCD display only for output, which might be taken into account. The group also talked about how to enable the users to find their controllers.']",fa8c057c5f731a94c02ccb7858ad9d93b508df9b6f3b7f4d,en,qmsum," The discussion about industrial components focused on selecting materials and features for the remote control. The team considered using batteries instead of solar cells due to reliability and cost concerns. They opted for titanium over rubber or plastic for its aesthetic appeal, despite manufacturing challenges with curved shapes. Push buttons were chosen over LCD displays to reduce costs and complexity, while also incorporating speech recognition technology for added functionality. The design also aimed to align with current trends, such as a spongy, fruit-like appearance and feel, to make the remote control more appealing and stylish.",,qmsum,1.0,Answer:,532
"Query: What did the team think about the new idea of Industrial Designer concerning the cover of the device?
",4765,"['Industrial Designer suggested having a trendy remote control with bright color, red for instance. But Marketing argued that it might add to cost and make it more difficult to design if the cover were to be changed. Industrial Designer also suggested that young people could draw on the cover to make their own remote control more unique. But again, it was questioned by User Interface who were not sure about whether it would be profitable.']",e63f08352d2ddeaa2966eb24df252ab55577583f3b7da018,en,qmsum," The team had mixed reactions to the Industrial Designer's idea of having a cover for the remote control. While the User Interface Designer thought it was a good idea and original, the Marketing representative expressed uncertainty about whether it would generate enough profit. The Project Manager ultimately decided not to pursue the idea, suggesting that it might not be worth the additional cost and effort.",,qmsum,1.0,Answer:,532
"Query: What did Project Manager think of the manual design when discussing the ease of use?
",11310,"[""Project Manager thought the beeping device was not easy to learn but Industrial Marketing thought the design expert should put more time on the ease of use design than a manual because they didn't have much time. While Project Manager mentioned that they were a design team, they could find some writers to make a manual point which could help maintain consistency with the older remote manual for the users.""]",2d7446d7ab51f5e5e91cfc6c5e087baf73fc68f12755390a,en,qmsum," The Project Manager thought that the manual design was not as important as the design of the remote control itself, emphasizing that the remote should be intuitive and easy to use, so that users could pick it up and use it without needing to read a manual.",,qmsum,1.0,Answer:,532
"Query: Why did User Interface think they should use more buttons than the current one when discussing the technical function design?
",11315,"['Compared with the current manufacturer design, User Interface mentioned that they should reduce the option to control the DVD. And according to the new requirements, they need to control the maximum number of buttons within ten.']",0f9368e96dde1615381dc1be9aa0f8252cbbe613d80d90d1,en,qmsum," User Interface thought they should use more buttons than the current one when discussing the technical function design because they believed the additional buttons would provide more functionality and better meet the needs of the target audience, particularly the younger demographic that values features like an LCD screen and voice recognition.",,qmsum,1.0,Answer:,532
"Query: Summarize the presentations on working design, technical functions, functional requirements.
",8486,"['Firstly, Industrial Designer presented on working design, identifying a few basic components of the remote. From the functional design perspective, Industrial Designer introduced what exactly the components were and how they worked with each other. Next, User Interface presented on technical functions design and personally suggested a small size of remote, red in colour and easy to use with must-have buttons. Then, Marketing presented on functional requirements and suggested the group aiming at both the functionality and beauty of the remote.']",46decc83309c06b2174be470a553c6e59e4fc74fd76872b7,en,qmsum," The presentations covered the working design of the remote control, focusing on its components and how they function together, such as the energy source, chip, and infrared communication. The technical functions emphasized simplicity and compatibility with televisions, avoiding outdated features like teletext. Functional requirements included identifying essential buttons (on/off, channel, volume) and considering user preferences for a sleek, stylish design while balancing usability and cost. The team also discussed target groups, with a focus on younger audiences aged 15-35, and explored features like voice recognition as an optional enhancement.",,qmsum,1.0,Answer:,532
"Query: Summarize their evaluations on the legitimacy of the children's rights, protection and demands.
",10499,"[""In terms of their evaluations on the legitimacy of the children's rights, protection and demands, it was said that the group was launching a survey of children to see what the children were thinking over the outbreak of the COVID-19. The survey was carried online, asking mainly about whether the students were willing to go back to school and how they view other related problems. However, there were still indeed some drawbacks of their evaluations over the coronavirus Act. For example, the group thought that they should go further and view the laws from a future perspective, and assess each case individually more closely.""]",d8b9063b291be35887a1f0b2bf8a799e4510f9ebcbbe5468,en,qmsum," The Welsh Government acknowledged the importance of children's rights and protection, emphasizing their commitment to safeguarding vulnerable children and addressing their needs during the pandemic. They recognized the challenges posed by the crisis, including the impact on mental health, access to services, and the need for continued support for children and families. The Government expressed a willingness to adapt and improve their strategies, ensuring that children's rights remain a priority and that their voices are heard in shaping future policies.",,qmsum,1.0,Answer:,532
"Query: Summarize the discussion on storage disks and computer connections
",12803,"[""The participants learned that the storage disks had eventually arrived. They were waiting on the disks to be installed. Grad E volunteered storage space on their own computer for the meantime. The meetings were around 1.5 gigs uncompressed and .5 gigs compressed. So, the group needed substantial space. The professor encouraged the team members to talk to Dave, the person responsible for managing the organization's storage systems, and figure things out.""]",248bb2bfc8ee2a7469ab4c3e88a0ebb9742f6e52577a8723,en,qmsum," The discussion on storage disks and computer connections revolved around the limited disk space and the need for additional storage. The group considered using available SUN-Blades and other machines to expand storage capacity, but faced challenges such as limited disk rack space and the need for proper network connections. They also discussed the possibility of using external drives and the importance of ensuring data is accessible and properly backed up. The group acknowledged the need for a more permanent solution, such as acquiring additional disk space and setting up a reliable storage system.",,qmsum,1.0,Answer:,532
"Query: What did Industrial Designer say about the structure of the device?
",4758,"['There were a lot of small wires connecting the components, the battery and the switches. On the top of the remote control, there was the chip, buttons with numbers and teletext. Industrial Designer suggested that the remote control should be small and contain only one long-lasting battery to cut cost. And a bleep could be added to remind the battery usage.']",a0757a5b028f7ee51e64add0449392f17916fbcb3ce542a1,en,qmsum," The Industrial Designer explained that the remote control has a complex internal structure, including a chip, batteries, wires, and various electronic components. He also discussed the design considerations, such as using a single battery to reduce cost, limiting the number of buttons, and using plastic to keep the cost low.",,qmsum,1.0,Answer:,532
"Query: What did the Professor think about the results?
",14016,['The professor noted that the results were better than he expected and that the MSG did nothing. He also noted that adding French and Spanish to the multilingual English model hurt the model.'],f6b42e71481f73f3251f8ea567e124f21d5cbf3d29201043,en,qmsum," The Professor thought the results were mixed, with some approaches working well and others not. He acknowledged that using PLP and delta features improved performance, and that the multi-English training set yielded the best results. However, he also expressed concerns about the language dependency and noise dependency issues, and the need for further investigation into the effectiveness of different training targets and methods.",,qmsum,1.0,Answer:,532
"Query: Summarize the meeting
",8183,"[""The meeting began with the team catching up the professor, who had missed the previous meeting. Then, the team moved onto talking about echo cancelling techniques. They were trying to get the voice of other people from the primary person's microphone. Then, the team discussed how they could improve the performance on the Aurora task by playing around with the model. The team ended the meeting with various comments on different topics.""]",30b6109f9318d10ec2da2bada6557e8181bfb620e907f59b,en,qmsum," The meeting involved a discussion among researchers about various aspects of their work, including downsampling issues, filter design, noise removal techniques, and echo cancellation. They also touched on the development of speech recognition systems, the use of different feature extraction methods, and the challenges of coordinating between teams. Additionally, they discussed potential improvements to their models and explored tools like Octave as an alternative to MATLAB for batch processing.",,qmsum,1.0,Answer:,532
"Query: Summarize the whole meeting.
",9366,"[""This meeting was about the detailed design. Firstly, User Interface presented on the prototype, including the shape, the size of the remote and the user interface including the buttons and the scrolling wheel. Next, the group had an evaluation criterion on the prototype. They scored an overall six point five average on the prototype and thought they had done well on it. Then, the group had a discussion about project finance. The group decided not to have a sample sensor and the locator because they had a production cost of 12.5 Euros. Lastly, the group had a discussion about the project process, including the use of a pen, the whiteboard and the PowerPoint. Also, the group was satisfied with Project Manager's leadership and Project Manager also mentioned that their costs were within the budget as well as some admin work.""]",a604016698c42f5694326bbba28d66f628f218a5cf6f7d89,en,qmsum," The meeting was a final design review where the team presented their remote control prototype, discussed its features, and evaluated it against specific criteria. They addressed budget constraints, made adjustments to the design, and confirmed that the project was within budget. The team also reflected on the design process, noting the challenges and successes, and concluded the meeting with positive feedback and plans for next steps.",,qmsum,1.0,Answer:,532
"Query: Summarize the whole meeting.
",11299,"['This meeting was about the functional design of the remote control. Firstly, the Project Manager mentioned new requirements including one recognizable button in the middle, the handy design, rubber materials and they would not use teletext. Next, Marketing presented on functional requirements including a fancy look, ease of use, and the LCD as well as speech recognition. Then, Industrial Designer introduced technical design and working design on remote interfaces. Lastly, User Interface presented on component design and the group decided to adopt a user-centered approach to reduce the main buttons and put a big circle in the middle with the power button, channel, and volume buttons.']",5255f8fb6009436b504bff67efebd701422e33fa2d604676,en,qmsum," The meeting focused on discussing the design and functionality of a new remote control. Key topics included user preferences, ergonomic considerations, and the integration of features like an LCD screen. The team debated the placement of buttons, the importance of a user-friendly design, and the inclusion of features such as a backlight and voice recognition. They also discussed the target audience, primarily younger users, and the need to balance functionality with simplicity. The meeting concluded with a decision to proceed with a basic design that includes essential functions and a discussion on further refinements.",,qmsum,1.0,Answer:,532
"Query: Summarize the whole meeting.
",6952,"['The meeting was mainly about conceptual design. In the beginning, the group focused on industrial components: energy, material and interface. The industrial designer preferred traditional batteries, titanium and simple push buttons so that they would have enough money for speech recognition. After that, the group talked about LCD display and locating methods. The second topic was user interface concept, which was basically a good-looking design with few buttons. The group decided to change the colour of the assembly at an extra charge to meet special needs. To make a smart controller, they mentioned speech recognition and user identification. When it came to trend watching, the marketing put forward three noteworthy aspects - being fancy, technologically innovative and useful. The group agreed to follow the trend but the specific design was not decided.']",9a8063232ff3eaa5b36ef3cba810f8bdcb99f8b23620cd9c,en,qmsum," The meeting focused on discussing the conceptual design of a new remote control. Key topics included choosing between battery or solar power, material options like titanium or rubber, and the interface design, such as using push buttons or an LCD display. The team also considered incorporating speech recognition and explored design trends, aiming for a ""fancy"" look inspired by natural elements like fruits and vegetables. They decided to explore two design options: a spongy, fruit-like texture and a titanium shape. The team agreed to create prototypes using modeling clay and finalize decisions in the next meeting.",,qmsum,1.0,Answer:,532
"Query: What were the advantages of the design for the prototype?
",8560,"[""According to the technical specifications given by the industrial designer, the product was very flexible because users could add buttons. Users could use the jog wheel to select whichever option on the LCD and do the power control. There was also an LCD control, so users could switch on the LCD display if they wanted to use LCD and use a normal button if they didn't want to use LCD. What's more, the controller had the functions of speech recognition and location finder.""]",01528954d4fddca73a4cf96e6bae7bcb20f9630139d79079,en,qmsum," The advantages of the design for the prototype included its fancy and attractive appearance, the use of titanium for a modern and practical material, the inclusion of advanced features like speech recognition and location finding, and the adaptability of the design to different user preferences and needs. Additionally, the design was praised for its innovative use of strawberries as a decorative element and its potential for customization in terms of color and functionality.",,qmsum,1.0,Answer:,532
"Query: What would happen after the demo?
",12644,"['After the demo, the focus of research can switch towards purely scientific goals, including issues on ontology, deep semantic constructions, execution engines etc. Moreover, a new system will be designed for the project and at least some parts of it should be built.']",a9db92bf70da64873396c0a61a99a736ae4f2191a1c368df,en,qmsum," After the demo, the group would shift focus to scientific research, specifically working on formalizing the belief-net and exploring topics like spatial reference frames and deixis. They would also begin working on building a system and making decisions about ontology and system design.",,qmsum,1.0,Answer:,532
"Query: What did the Prime Minister say about students?
",23785,"['The Prime Minister clarified that while young people are in need of funds, especially due to loss of income over the summer, they are also in need of work experience. The government would start providing the Canada emergency student benefit which will assist in this by making both jobs and money available.']",8b1565c7ab08cc53f1efa1e359953a8df2f700b2797b7cfd,en,qmsum," The Prime Minister mentioned that the government is investing $9 billion to support students and recent graduates affected by the COVID-19 pandemic. This includes doubling the Canada student grants, raising the cap on student loans, creating new employment opportunities for students, and launching the Canada emergency student benefit, which provides $1,250 a month to eligible students or $2,000 for students with disabilities or dependants.",,qmsum,1.0,Answer:,532
"Query: Summarize the discussion about interface concept design.
",6029,"['The team believed that there were always large and many buttons on the standard remote control. To design its unique device, they decided on a pure color one with arrows to eliminate the number of buttons used. They also planned to incorporate the company logo. Moreover, User Interface suggested a set of buttons with its own color to make it recognizable. But this idea was turned down by Project Manager.']",321708580db1f71d9f8fff12c1ae35b349d0160a0c2fb289,en,qmsum," The discussion about the interface concept design focused on the layout and functionality of the remote control's buttons, including the use of a scroll wheel for navigation, the placement of buttons such as power, mute, and channel controls, and the consideration of user-friendly design elements like size, shape, and color. The team also debated the inclusion of a menu button and the use of an LCD screen, weighing the benefits of advanced features against cost and usability. They ultimately decided to keep the scroll wheel and consider a joystick-like design for better control, while also discussing the need for a clear and intuitive interface.",,qmsum,1.0,Answer:,532
"Query: Summarize the discussion about the presentation on the prototype model.
",8560,"['With a working prototype, the user interface designer displayed the appearance and the texture of the product, which was fruit-like and spongy. As for the material, they still wanted to use titanium because it was the most modern material that they could select. Then the industrial designer gave some technical specifications on the product, including instructions on buttons, LCD display, speech recognition and location finder.']",6c228dbff74d39025c9cd8170bb200ad19fd989c3e06129a,en,qmsum," The discussion about the prototype model involved presenting the design, which included a remote control with a unique strawberry-themed appearance and advanced features like speech recognition, location finding, and a touchscreen display. The team evaluated the prototype based on criteria such as fanciness, technology, robustness, and adaptability, and they discussed its potential for market success and cost-effectiveness. They also considered design elements like color, material (titanium), and functionality, and addressed concerns about usability and budget constraints.",,qmsum,1.0,Answer:,532
"Query: What did the meeting discuss about universities that had secured funding for investing in their estates?
",10208,"['Bethan Owen took Cardiff University as an example and he believed that in the short term, the reserves of Cardiff would appear as though they have significant cash balances. However, the investing was much restricted and it could not be a long-term solution towards the serious financial stress. To help with this process as well as monitoring the regulated approaches, the government received forecasts, around five-year forecasts which indicated that, for 2018-19, there would be a sector that was roughly in a break-even position, since the income was not increasing, which was the biggest problem. But luckily, they were not likely to lose any of the universities.']",88babc359d55338b31d093edae580f039947186e387b0f35,en,qmsum," The meeting discussed that universities in Wales have secured funding for investing in their estates, and this funding is often obtained through bonds rather than traditional borrowing. This approach allows universities to manage their financial obligations while still investing in their infrastructure. The discussion also highlighted the importance of monitoring the financial health of universities, including their ability to meet their financial commitments and maintain liquidity.",,qmsum,1.0,Answer:,532
"Query: What was the debate over the situation of long-term care?
",20272,"['The opposition party questioned about sending military groups to provinces in order to fix long-term care. The Prime Minister answered that the government needed to make sure seniors across the country were properly cared for, and they sent in the military to help the provinces. The opposition party also questioned about applying the national standards so that long-term care was governed by the same principles as the Canada Health Act. The Prime Minister elaborated that due the Covid-19, pushing the project had become extremely difficult.']",31341465a9a89a842e9ae73efa9e267541fa76b155d4417b,en,qmsum," The debate over the situation of long-term care centered on the poor conditions and neglect in care facilities, as highlighted by a report from the Canadian Armed Forces. Critics, including members of the opposition and the public, called for urgent action, national standards, and an end to profit-driven models in long-term care. The government acknowledged the issues and committed to working with provinces and territories to improve care, but faced criticism for delayed responses and insufficient measures to address the systemic failures in the sector.",,qmsum,1.0,Answer:,532
"Query: What did the professor think about improving the back recognizer for the Aurora task?
",8194,"['The Professor thought that the experiments were pretty simple, so computational power was not really a problem. He also thought that it would be okay to increase the states from six to nine.']",6ef9b5b50b66b2670abbb3753bfe1a4ebe0d40aacb54f281,en,qmsum," The professor thought that improving the back-end recognizer for the Aurora task was a worthwhile experiment and encouraged exploring ways to enhance its performance, such as adjusting the number of states in the Hidden Markov Models (HMMs) to better match the characteristics of the words being recognized.",,qmsum,1.0,Answer:,532
"Query: What did Project Manager question about the Industrial Designer's presentation?
",4757,"['Project Manager questioned the reason why not to use two batteries and Industrial Designer argued that two batteries would enlarge the size and thus, make the cost rise. Project Manager also questioned the button design.After discussion, they agreed that the menu button will only work on the newer televisions.']",26341aee783d9a99e9ded367172975abf2f39d62d8fbf62e,en,qmsum," The Project Manager questioned the Industrial Designer about the location of the presentation file and asked for clarification on the design and functionality of the remote control, specifically regarding the battery usage, button count, and the overall design considerations.",,qmsum,1.0,Answer:,532
"Query: What did PhD A think about the results?
",14016,"['PhD A thought that most of the nets are not that good, except for the multi English. MSG was not bringing as much information as he thought it would. He explained that even when the features were not normalized, the neural network would perform at 90%, as it would with normalization.']",78f6c42056bd08025eeed815449c24526a051751d7c415fd,en,qmsum," PhD A thought that the results showed that using PLP with delta features was effective, and that the MLP helped improve performance when trained on the target task. However, he also noted that the MLP did not always help and sometimes even increased the error rate when trained on different tasks. He also mentioned that the results indicated the importance of using good normalization and that there were still many questions and areas for improvement.",,qmsum,1.0,Answer:,532
"Query: What did User Interface say about the interface concept design?
",6032,"['User Interface introduced to use the power button to switch the television on and off. The mute button to switch the volume on and off. The channels buttons, one to nine, or zero to nine. The volume and channel quadrants, from left to right, and up and down arrows, to control the volume and channel. And last, the menu button to manipulate the LCD display. User Interface also suggested that power buttons are usually at the top left or right and the team should decide to choose the right icons, or letters on the buttons.']",4d091ad0d5b74a257368a09ef6eef821ea8cfd0bfa58eb99,en,qmsum," The User Interface discussed the interface concept design, mentioning the buttons chosen, such as the power button for turning the television on and off, the mute button, and the channel buttons. They also talked about the colors and design of the buttons, noting that some buttons had icons, but they decided not to use them. The User Interface also suggested that the menu button should be clear and that the icons on the arrows needed consideration. They emphasized the importance of having clear and recognizable buttons, especially for the younger audience.",,qmsum,1.0,Answer:,532
"Query: What is Marketing's presentation mainly about?
",11171,"['Marketing talks about the adoption of some latest trends and latest fashion updates on the remote control. She thought it important that the control looks fancy for targeted young users, like having the LCD screen, vivid colors, and cool shape, and the last model of the company is comparatively functional.']",ab2e0c823a8fdb67527f3ce4b6f053788eb9292572529053,en,qmsum," Marketing's presentation is mainly about the design and features of the remote control, focusing on trends, colors, materials, and user preferences. They emphasize the importance of a fancy and stylish appearance, the use of bright and colorful designs, and the need to appeal to younger audiences. They also discuss the inclusion of a touchscreen and the importance of a strong, modern look that aligns with current fashion trends.",,qmsum,1.0,Answer:,532
"Query: Why did the group disagree with the Project Manager when reflecting on the previous meetings and their project progress?
",9197,"[""All the other three group members did not agree with the Project Manager that they thought they did not do enough as a team. Even though it might be because this was only a virtual project which did not require an actual building, as the Marketing said, it should be a much longer time of actual work rather than just imagining the remote control through three hours' meetings.""]",b83d7e101f2aab9b4ebf02f02ccd41dca171191be9ef5cd6,en,qmsum," The group disagreed with the Project Manager when reflecting on the previous meetings and their project progress because they felt the information provided was insufficient and inconsistent, leading to confusion about roles, tasks, and the overall direction of the project. They also expressed concerns about the lack of clear communication and the difficulty in keeping track of the project's development.",,qmsum,1.0,Answer:,532
"Query: What did the Project Manager elaborate on the members when discussing the materials of the television remote?
",5341,"['The group talked about the material and they found it would be hard to balance the budget and the quality. In order to save the cost and ensure satisfying user experience, the Project Manager decided to choose high-quality recycled plastic as the material. But in terms of the battery, he would pay a lot to equip the remote with a cutting-edge lithium battery.']",c9ca0b248e72caee3e1d6e28747a81fab00b968618ba3d28,en,qmsum," The Project Manager elaborated on the materials of the television remote by emphasizing the need to use plastic instead of metal due to potential interference and safety concerns, suggesting high-quality recycled plastic for both functionality and aesthetic value.",,qmsum,1.0,Answer:,532
"Query: Summarize the whole meeting.
",7870,"['The whole meeting was about a detailed prototype of the remote control. As before, this meeting also began with personal presentations. The Industrial Design focused on the components of the remote control, including the energy source, the buttons and the materials, while the User Interface suggested to use voice recognition technique and add secured or hidden programming onto the touch screen. Then the problem came that if they would like to make it so complex, they would go beyond the budget and have to raise the cost. Thus they decided to simplify some functions and buttons. Before the meeting ended, they also discussed the shape of the remote control.']",e5d75b66f46b2d62c17bceceb4d514393cf1f2b9b89fa3c1,en,qmsum," The meeting focused on discussing the design and features of a new remote control. The team considered options for the remote's design, including materials, shape, and functionality. They debated between using a touch screen and voice recognition, ultimately deciding to prioritize voice recognition due to its feasibility and existing in-house technology. They also discussed the remote's casing, aiming for a modern, non-traditional design that appeals to a younger audience. The team agreed to develop a prototype with a focus on simplicity, functionality, and aesthetic appeal, with specific tasks assigned to each member.",,qmsum,1.0,Answer:,532
"Query: What did Morneau say about the debt?
",23784,"['Morneau explained that the government was committed to supporting Canadians. It came into the pandemic with a strong fiscal position, and while the pandemic will bring challenges, it will face those challenges while supporting small businesses and Canadians.']",01da31922224bf9588d8462904e10ec51ac016f0ae9e8b3a,en,qmsum," Morneau stated that the government is in a strong fiscal position and that they will continue to make investments to support Canadians during the crisis, emphasizing that these investments are necessary to help Canadians and ensure a strong economy and fiscal position after the crisis. He also mentioned that the government is focused on supporting Canadians and that they will continue to take on debt as appropriate to get the economy to a better position at the end of the crisis.",,qmsum,1.0,Answer:,532
"Query: Summarize their discussions on pay dispute situations.
",13869,"[""Dawn Bowden proposed the topic of pay dispute and asked what could be done as a Government to try to get parties back round the table and solve this dispute. Eluned Morgan thought this was about ColegauCymru's negotiation, and they were keeping a close eye on this situation. Eluned Morgan thought it would be fair to wait until they get further along down the line. Then Eluned Morgan had a detailed explanation about what they had done, including listening and speaking to ColegauCymru, and they were aware of what the unions were saying as well. Furthermore, Eluned Morgan said they would wish to see pay equality in relation to teaching, but details in relation to this should be waited until the outcome of the negotiations of ColegauCymru. They were aware of all those situations and they knew they were going to have to deal with it in the future.""]",2cd681b2816d7918b9233e089eac9cd6dd977df9789ba125,en,qmsum," The committee discussed the ongoing pay dispute in further education (FE) colleges, with concerns raised about the stalemate and the potential impact on staff recruitment and retention. The Welsh Government acknowledged the situation, emphasizing that it is a matter for ColegauCymru to negotiate, while expressing interest in supporting resolution efforts. There were calls for greater pay equality between schoolteachers and FE staff, as well as concerns about the financial implications of pension reforms on FE institutions. The Welsh Government stated it would monitor the situation closely and remain open to providing support if needed.",,qmsum,1.0,Answer:,532
"Query: What did the Project Manager think about their presentation contents when reflecting on their meetings and project progress?
",9196,"['The Project Manager planned to include their project process in the presentation. In addition, he thought it would be an interesting experiment to carry out an open mic presentation in which the team members could get out of the roles and share their satisfaction of the room and their creativity freely.']",4ab48bae28dde01e9ecca702579f3b13c01dbfb974255154,en,qmsum," The Project Manager reflected that their presentation contents were somewhat underwhelming and lacked depth, as they felt the meetings had become repetitive and the project progress was not as stimulating as they had hoped. They also noted that the presentations were often just copies of given materials with minimal original input.",,qmsum,1.0,Answer:,532
"Query: What did the Industrial Designer and the Project Manager discuss about the LCD screen?
",10673,"[""The User Interface Designer thought\xa0it might be in the middle of the product because the way users hold the product wouldn't influence the view to the screen, but the Project Manager and the Marketing thought the screen might be covered when held by hands, so the users couldn't figure out what happened on the screen. Then the Project Manager proposed that it was totally unusable, still needing marketing research.""]",8793ec1dfcde4d8e9d70d92f7427ae2138e43883d35a61de,en,qmsum," The Industrial Designer and the Project Manager discussed the LCD screen, agreeing that it was necessary for the device and that it required an advanced chip to function. They also considered the cost implications of including the LCD screen and debated whether to keep it or remove it due to financial constraints.",,qmsum,1.0,Answer:,532
"Query: What did the group talk about as their reflection on the meetings and their progress?
",9193,"['The User Interface first pointed out that they did not use the whiteboard at all, neither did they use the pen as well. However, according to Marketing, it was quite understandable that due to the room constraints, such devices were not used. But the worse problem was that they did not receive as many notes as they wanted, the Marketing even received no reply after he wrote his coach.']",2788a5aed47e75ec6c72b3023be8031f6cd35efec976db4f,en,qmsum," The group reflected on their meetings and progress by discussing the project's development, the challenges they faced, the creative process, and the overall experience. They evaluated the prototype, considered design choices, and discussed the implications of their decisions, such as the trade-offs made with the solar cell feature. They also reflected on teamwork, the role of each member, and the effectiveness of their collaboration throughout the project.",,qmsum,1.0,Answer:,532
"Query: Summarize the meeting
",14011,"['The participants went over the results of the most recent experiments, discussing future directions to take. Adding in more languages was still decreasing model performance. The best network consisted of the TIMIT and noise. The team thought that they should try to reduce their dependence on noise in the data. The Professor outlined how they could continue their experimentation.']",c51d91b59219381d853e798c0af85cf38754d61186e33b2e,en,qmsum," The meeting discussed ongoing research on improving speech recognition systems using neural networks and various feature extraction methods. Key topics included the performance of different training sets, the impact of using features like PLP and MSG, and the challenges of noise robustness. The group also discussed future work, such as integrating their system with OGI's framework, exploring multi-band approaches, and addressing issues like language and noise dependencies. They concluded that while some methods showed promise, further experimentation and refinement were needed.",,qmsum,1.0,Answer:,532
"Query: What were the three main causes for the financial challenges facing the universities?
",10205,"['Dr David Blaney introduced that the first was the impact of the demographic dip of 18-year-olds and as a result there was an increased pension cost generally. Second, current uncertainty also came as a result of the political environment like the Augar review in England and Brexit. This might deepen the funding gap. Third, due to the political decision to invest in students, universities were faced with challenges of providing more services under limited funding.']",56aa2c5a89761478c2169cfc6050acf5d84842c294d3b9fb,en,qmsum," The three main causes for the financial challenges facing the universities were: 1) the impact of the demographic dip of 18-year-olds, which is deeper and longer in Wales than in other parts of the UK; 2) increased pension costs and general increased costs; and 3) current uncertainty due to the Augar review in England and Brexit.",,qmsum,1.0,Answer:,532
"Query: Summarize the meeting
",11881,"['The meeting began with a discussion on the TORRENT project completion being pushed for two years. Grad F then introduced intermediate categorization, which was his topic for his qualification exams. The team then discussed mean subtraction from SRI. Using it had led to an improvement in Meeting Recorder digits though near mic performance worsened. The professor points to pre-echoes as the culprit. The team continued to study differences between SRI and Aurora. The team thought it would be interesting to do the Aurora tests with the SRI system instead of the HTK. The team was also exploring the Wiener filter and VTS. The professor did not seem too excited about the VTS.']",90f41f128c1a72bf88a72dfa04a77b726d6993f4379ec4df,en,qmsum," The meeting involved discussions among researchers about various projects and challenges in speech processing. Topics included the TORRENT chip project, status updates on individual research tasks, and the use of different datasets and techniques like TIMIT and Switchboard. There were discussions on improving speech recognition systems, handling noise and reverberation, and the implementation of various signal processing techniques such as VAD (Voice Activity Detection) and spectral subtraction. The group also considered the impact of normalization methods and the potential benefits of combining different approaches to enhance system performance.",,qmsum,1.0,Answer:,532
"Query: Summarize the decision discussion about key remote control concepts.
",8979,"['They decided to implement a LCD display with a scroll wheel. Instead of using hand dynamos, the group decided to use a wind dynamo which was more environmentally friendly. And they would keep the kinetic energy as an option and keep the spongy material preferences as well as voice recognition. At last, groupmates agreed to apply interchangeable cases with incorporated colours to make the remote more trendy. They would use a simple battery, the advanced chip, a curved side case and rubber buttons.']",baa9a253fa531bf3e7060a1137a38c9441c66e7611440d16,en,qmsum," The team decided to use a curved, rubber-covered remote control with a minimalist design, featuring an LCD display, a spinning wheel, and voice recognition. They opted for a simple battery power source and chose bright, vegetable-inspired colors. The remote will have rubber buttons and a foldable, curved case, with the LCD and spinning wheel inside. They also agreed to incorporate the company's colors into the design while keeping the overall look trendy and user-friendly.",,qmsum,1.0,Answer:,532
"Query: What was agreed upon on sample transcripts?
",19654,"['To save time, speaker mn005 will only mark the sample of transcribed data for regions of overlapping speech, as opposed to marking all acoustic events. The digits extraction task will be delegated to whomever is working on acoustics for the Meeting Recorder project.']",858a2bdb932d08fa4e16758b7b12ee923b0b6b5bc1a68051,en,qmsum," It was agreed that the sample transcripts would be used to identify and label acoustic events, such as overlaps in speech, and to explore the potential for using these transcripts in research. The group also discussed the importance of anonymizing the data and the challenges of transcribing and analyzing the audio recordings.",,qmsum,1.0,Answer:,532
"Query: Why did Project Manager think of the advanced technology design when presenting the technical functions?
",8491,"['Industrial Designer suggested the group could keep the design as simple and clear as possible because this would help them to upgrade their technology at a future point of time. Project Manager asked about the cost at this point, however, Industrial Designer had no idea about what each component cost. So Project Manager thought it should be considered because the price would increase if they were using more advanced technology.']",92498ad4ae3a40e2277dc3b13e15ef0b501c7dfa1e4acb02,en,qmsum," The Project Manager thought of the advanced technology design when presenting the technical functions to ensure the remote control could handle new features and remain compatible with most televisions, while also keeping the design simple and focused on essential functionalities.",,qmsum,1.0,Answer:,532
"Query: What did Grad E contribute to the discussion on storage disks?
",12805,['Grad E volunteered his 18 Gigabyte drive to the group. The drive had 12 gigabytes of memory and he was not using it for anything.'],fff100fc003a59ba70830ef925a879463d106038d9309087,en,qmsum," Grad E contributed by offering to use an 18 gigabyte drive on their computer, which they mentioned was available and could be used for storage purposes. They also discussed the potential of using this drive for storing data related to the project.",,qmsum,1.0,Answer:,532
"Query: What did the group discuss about the functions of the remote control?
",5985,"['The User Interface proposed to build a stand-alone one, which can be different from any other devices. The Project Manager then added that it might be better with more useful functions like changing the faces. Marketing came up with the idea of making it be functional for other devices as well, just including everything in this remote control.']",751eebc1f9a045e89cb94eb66c34f3fa129d2c336116e500,en,qmsum," The group discussed the functions of the remote control, including making it universal to work with different formats like NTSC, PAL, and various other systems. They also considered features such as a touch screen interface, multifunctionality, and the importance of design and material quality to make the remote look sleek and high-end. Additionally, they brainstormed ideas like a locator device, a button to help find the remote, and the possibility of integrating it with other devices like a phone.",,qmsum,1.0,Answer:,532
"Query: Summarize the discussion about product evaluation.
",8556,"['The marketing thought they needed to evaluate whether it made sense to do the project and whether the product could fulfil their requirement. So the group started to judge the design on a scale of one to seven, one being true and seven being false. The criteria were fanciness, technology, robustness, usefulness, size and weight, colour and shape, and adaptiveness. The product got an average score of two point one seven, which implied it was good.']",51129feaa0df6ad32bf998c49a77bcc98b5ea4353ff823a1,en,qmsum," The discussion about product evaluation involved assessing the prototype's features, such as its design, functionality, and usability. The team used a rating scale from 1 to 7 to evaluate aspects like fanciness, technology, robustness, and adaptability. They considered the prototype's potential for market success and its alignment with project goals. The evaluation concluded with an average score of 2.17 out of 7, indicating a generally positive but cautious outlook on the product's viability.",,qmsum,1.0,Answer:,532
"Query: What are the group's decisions on LSD screen, color and materials?
",11176,"[""As for the LCD screen, the Project Manager considers colored ones are a bit too expensive, so they can just do normal ones, and the shape of the control can be in a bridge shape. As for the materials, Industrial Designers think that a solid and strong appearance is necessary, and Marketing agrees that plastics don't create a strong touching feeling, and as a combination, they decide to have hard plastic for the front and then titanium for the back. As for colors, the group decides to use basic colors with some special patterns.""]",c22d1a20e4ad32c05f7549e90cd93c607fa2883a3f03dd99,en,qmsum," The group decided to place the LCD screen at the lower end of the remote for a better look and functionality. They opted for bright, fruity colors to align with current trends and target a younger audience. For materials, they chose titanium for the non-removable parts to give a strong, modern look, while the front of the remote would be made of plastic to allow for interchangeable designs and to keep costs manageable.",,qmsum,1.0,Answer:,532
"Query: What are the target price, target cost and target profit of remote control when discussing the design of the remote control?
",3984,['Project Manager wanted to make a profit of 50 million euros for a cost of 12.50 euros for 25 euros worldwide.'],1cda1c86401954c75f52c80d4b5f069ff3c9a003f0ba20a1,en,qmsum," The target price for the remote control is 25 Euros, the target cost is 12.5 Euros, and the target profit is 12.5 Euros.",,qmsum,1.0,Answer:,532
"Query: Why did the Project Manager put forward to cut down the functions when discussing the design of the functions and buttons of the remote control?
",5349,"['Due to the limited budget as well as to achieve a satisfying user experience, the Project Manager proposed only to keep the most essential functions in case they would be beyond the capacity of the microchip.']",0e325eeccec748705bae070455669e5d4351660ece67c73d,en,qmsum," The Project Manager suggested cutting down the functions to focus on the primary uses of a remote control, which are basic operations like turning the TV on, changing channels, and adjusting the volume. This decision was based on findings from usability tests indicating that most users do not utilize advanced features and often find complex remotes frustrating due to an overwhelming number of buttons. Simplifying the functions was aimed at improving user experience and aligning with the target demographic's needs.",,qmsum,1.0,Answer:,532
"Query: Summarize the whole meeting.
",4751,"['The team introduced their findings in turns and gradually came to some agreements. First, Industrial Designer introduced the structure of the device and suggested one battery and small size. Meanwhile, Project Manager questioned the cover design since it would not be cheap. Then, User Interface left a question whether the technical function should be basic or multi-functional. After that, Marketing concluded that less important functions should be discarded and the device should be user friendly. Lastly, Project Manager suggested discarding the teletext and asked for ideas about button design.']",56a700676625c22e773b7f7631ef99982ba56e2cb64b2586,en,qmsum," The meeting discussed the design and functionality of a new remote control. The Industrial Designer presented the technical aspects of remote controls, the challenges in designing a simple and cost-effective model, and proposed features like a menu button and a LCD screen. The Marketing team shared findings from a usability study, emphasizing the importance of a user-friendly and aesthetically pleasing design. The User Interface Designer discussed the need for a basic remote with essential functions. The team debated features like speech recognition and LCD screens, considering budget and target market. They decided to focus on a simple remote with basic functions, a LCD screen, and a design that appeals to a broader audience. The meeting concluded with plans for the next phase of design and a lunch break.",,qmsum,1.0,Answer:,532
"Query: What did the team think about their progress?
",14016,['The professor asked if the team was happy with their progress. The team thought that they were okay. The professor was insistent that everyone be happy since they were pretty much done.'],6455130ff761fc5e242de9b919271fb0f578567d7ffea480,en,qmsum," The team thought they had made progress, but they also recognized that there were still many issues to address, such as the language dependency and noise dependency problems, and they needed to continue experimenting and refining their approaches.",,qmsum,1.0,Answer:,532
"Query: What did the team discuss during the product evaluation?
",4807,"['The team agreed that only the scroll button and the LCD were new items for a remote control. The color of the device was doubted but Marketing argued that since the product aimed at the young market, the case looked good in pure yellow. Besides, the rubber material felt soft, making the device look and feel nice. However, the team thought that there were too many buttons, which did not align with the original idea.']",d1ba9e91e59ac664388aab0d53dd443acfc8edb13f523dd4,en,qmsum," During the product evaluation, the team discussed the design and features of the prototype, including its color scheme, materials, and functionality. They evaluated the product based on criteria such as technological innovation, target market appeal, and overall design. They also considered the product's cost and discussed potential cost reductions by modifying certain features like the joystick and button layout. The team ultimately reached a consensus on the product's rating and made decisions on necessary changes to improve its design and affordability.",,qmsum,1.0,Answer:,532
"Query: What did the team say about the new product requirements?
",4757,"['Project Manager decided that the remote control should only be used on television and targeted at the biggest size of group. Corporate colour and slogan must be used on the cover. They agreed that a power button, channel switches from zero to nine, volume control, mute should be contained and a small-size menu included.']",320cc6e71b63b99f2b92a2fb92b6e37cda38ca16ef4a3c97,en,qmsum," The team discussed several new product requirements, including the elimination of teletext due to the availability of the internet, focusing only on television functions, targeting users aged forty and under, incorporating the company's corporate color and slogan into the design, and ensuring the remote control is user-friendly and visually appealing. They also considered features like an LCD screen and a menu system, while keeping costs in mind.",,qmsum,1.0,Answer:,532
"Query: What was the discussion about the seniors care crisis?
",20271,"[""The opposition party claimed that the seniors care crisis was a national problem, and the federal government was not taking immediate response. The opposition party pointed out that these failures were the product of systemic neglect.The minister replied that they were fully aware that in long-term care facilities both seniors and persons living with a disability face unique challenges. And considering the severity of this report, the federal government promptly shared it with the Province of Ontario, and the Province of Ontario has initiated an investigation based on the report's findings.""]",6333569542bcd8c6c934d543a514c4ca3217614b0b38ed1c,en,qmsum," The discussion about the seniors care crisis centered on the alarming conditions in long-term care facilities, as revealed by a report from the Canadian Armed Forces. The report detailed severe neglect, including expired medications, lack of personal protective equipment, poor hygiene, and inadequate care, leading to preventable deaths. Members of Parliament, including the opposition, criticized the federal government for its slow response and lack of national standards, calling for urgent reforms, increased oversight, and the establishment of binding national regulations to ensure the dignity and safety of seniors. There was also a demand for transparency, accountability, and immediate action to address the systemic failures in long-term care.",,qmsum,1.0,Answer:,532
"Query: What did the group conclude on LCD screens and the speech recognition suggested by Marketing?
",11310,['Marketing mentioned that the research found it would be costly for the speech design and suggested considering LCD screens. Industrial Design suggested that they would consider both and see what they could find. The group all agreed on it.pressing the button.'],cee51c4c954baf996a9ed3267be5110df2d8f0cf5ff018f4,en,qmsum," The group concluded that they should include an LCD screen in the remote control design, as it was deemed important for the target audience. However, they decided against incorporating speech recognition due to its high cost and complexity, opting instead to focus on more feasible features.",,qmsum,1.0,Answer:,532
"Query: Summarize the discussion about appearance design.
",6954,"[""To follow the trend of fruit and vegetable, there were two options: something in titanium and smelling like fruit, or something spongy and fruity-like. The industrial designer would explore these two choices and he also suggested having two different assemblies, but the project manager said they couldn't have both. The project manager also mentioned another solution - painting the controller to pretend that it was titanium. The group didn't make a final decision.""]",4e1937467ae3cb3406cbd0cc8ed25b5ce4e83dab44febccd,en,qmsum," The discussion about appearance design focused on creating a remote control that is both ""fancy"" and trendy, with an emphasis on a natural, spongy feel and colors inspired by fruits and vegetables. The team considered using materials like rubber for its sponginess and explored the idea of making the remote control shaped like fruits. While titanium was initially considered for its aesthetic appeal, it was ultimately deemed less feasible due to manufacturing challenges. The design also aimed to incorporate a balance between functionality and style, ensuring the remote control is visually appealing and aligns with current design trends.",,qmsum,1.0,Answer:,532
"Query: Summarize the whole meeting.
",3229,"[""The main points of the discussion are the design goal and price of a new television remote control project. The group first put forward the design goal of remote control. Then they got used to the whiteboard and wrote down everyone's favourite animal and their characteristics. Project manager and Marketing wanted to sell this remote control for twenty five Euro and expected profit will be around two million Euro. Then, the group thought about colour and function features of the new remote controls. In addition, they also believed that the remote control should be safe enough for children to use, and the appearance should be acceptable to them.""]",cab36b6595dd8d35dcdc7ce577079595de37784c10292561,en,qmsum," The meeting was a kick-off session for designing a new remote control. The team discussed key features such as functionality, aesthetics, and user-friendliness, with a focus on making the remote control original, trendy, and robust. They considered aspects like size, color, waterproofing, and child-proofing, and debated whether to include a touchscreen or keep it simple. The team also discussed pricing, target market, and potential applications, with plans to meet again in thirty minutes to further develop ideas and finalize requirements.",,qmsum,1.0,Answer:,532
"Query: Please describe the semantic specification
",24579,"['The semantic specification, on the other hand, is split into three levels: ""scenario"" is a list of schemas and bindings between them, which describes the current event in terms of Source-Path-Goal, Container, etc.; ""referent"" is about the entities in the discourse and includes grammatical information and pointers to the ontology; ""discourse segment"" comprises utterance-specific things.']",84c3d29d23e375285175caf2b77fe29e6989d6050b2ed151,en,qmsum," The semantic specification in the meeting refers to a structured framework used to represent the meaning of linguistic constructions. It includes elements such as semantic constraints, semantic bindings, and the relationships between different components of meaning. The specification allows for the representation of both form and meaning, with a focus on how these elements interact within a construction. It also includes the ability to handle various types of semantic information, such as the designation of constituents, the role of constructions, and the integration of information structure elements like focus and topic. The semantic specification is part of a broader formalism that aims to capture the complexity of meaning in language, including the use of semantic schemas, image schemas, and other conceptual structures.",,qmsum,1.0,Answer:,532
"Query: What did the Industrial Designer think of fashion design when discussing the design of the remote control?
",3980,"['Industrial Designers believed that in the design of remote control, fashion should have individuality and combine with function to achieve a perfect fit between fashion and electronics. Beyond that, it should be original in order to be unique.']",2cf26fe9a282b1d59a3a5b698dd5c98f3926ab06de0e29d1,en,qmsum," The Industrial Designer did not directly comment on fashion design when discussing the remote control's design. However, they emphasized the importance of originality, user-friendliness, and functionality, suggesting that the remote control should be both intuitive and innovative.",,qmsum,1.0,Answer:,532
"Query: What did the group think of the wood case when discussing the key remote control concepts?
",8986,"['User Interface thought it would be hard to keep the remote control small with a wood case. Industrial Designer thought the thin wood remote would be easy to break. Project Manager thought given that they were looking at more spongy material preferences, rubber or plastic would be more practical. Also, the group thought that wood was not cleanable, so they decided not to use a wood case for the remote control.']",9a93e7ab3a55fbec9e77e1d132f83ac514291c381360a9c8,en,qmsum," The group thought the wood case was not a good idea because it would make the remote control too bulky, and it was not practical for a remote control. They also mentioned that wood is not cleanable and could lead to splinters, making it unsuitable for the product.",,qmsum,1.0,Answer:,532
"Query: Summarize the discussion on improving the back recognizer for the Aurora task
",8192,['PhD B was conducting an experiment to improve the backend performance of the Aurora recognizer. The goal was recognizing the HTK system by challenging the canonical paradigm.'],4412a0516765800018512529526321ca4a924fada9e4a139,en,qmsum," The discussion on improving the back-end recognizer for the Aurora task involved exploring ways to enhance performance by adjusting model structures, such as varying the number of states and Gaussians per model. PhD B shared experiments where they analyzed the impact of different model configurations, including the number of states for each word, and found that longer words performed better due to more training data. They also considered simplifying models and reducing the number of Gaussians to make the system more efficient, while keeping an eye on how these changes affect recognition accuracy.",,qmsum,1.0,Answer:,532
"Query: What did the group think of battery design when discussing the functional design of the remote control?
",3980,"[""They felt that the battery design should be long-lived, original, and conventional to ensure the battery's innovation, versatility, and durability. It should also not be far from the usual performance, or it may cause problems for new users.""]",caab9dadbf5f025e1a6b63ccda2809c85999e3edd0f0cc47,en,qmsum," The group did not focus much on the battery design during the discussion of the functional design of the remote control. Instead, they discussed other aspects like the remote's functionality, user-friendliness, and design features. One member mentioned that battery life is not a huge problem for remote controls, as they only need to be replaced occasionally.",,qmsum,1.0,Answer:,532
"Query: What did Marketing agree with group mates when discussing the spin wheel with LCD display?
",9377,"[""User Interface asked whether they could put an additional mute button on the top of the scroll spinning when discussing the scroll wheel push button. Marketing suggested the spin wheel with the LCD because it would not add much cost. Project Manager mentioned that it already came with the LCD and it's not on their list. The scroll wheel was on the remote side. Marketing agreed on it and group mates thought it was a good idea.""]",06f6568bb3b66ad25b39c64f60dc9c80112a1cfbf2f454a2,en,qmsum," Marketing agreed with the group mates that the spin wheel with LCD display was a good idea, but they also mentioned that it was essentially the same as having two buttons for up and down, and that it wasn't a great difference.",,qmsum,1.0,Answer:,532
"Query: How did Huw Irranca-Davies ensure the high qualification and quality of the workforce while the rates remained at £4.50?
",12339,['Huw Irranca-Davies said the situation in the Valleys (model) was an example of what the team would like to see. This proved that the £4.50 seemed to work.'],1690c984951e74c31f8b86c5135938418f4365bfeb656d80,en,qmsum," Huw Irranca-Davies ensured the high qualification and quality of the workforce by focusing on registered, inspected providers and emphasizing the importance of trained and qualified staff. He mentioned the Welsh Government's 10-year workforce development plan and the collaboration with the sector to develop the workforce and physical capacity, ensuring that the £4.50 rate remains affordable while maintaining quality standards.",,qmsum,1.0,Answer:,532
"Query: Summarize the discussion about product quotation.
",10665,"['When evaluating the cost of the product, the group discussed some details of the components and made some adjustment on the chip, exterior cover material, curve, button and LCD screen. Then they agreed that it could be better changing the titanium to hard a hard kind of plastic looking like titanium than losing the LCD screen. They finally got an estimate of fourteen point one Euros, which was above the budget.']",01c496f9e6a091cbd6ac9ffafbf6743aa5319e7387a24326,en,qmsum," The discussion about the product quotation revolved around the design and cost considerations of the remote control. The team presented their design, which included a titanium-colored plastic back, a LCD screen, and specific color schemes. However, due to cost constraints, they had to reconsider using titanium and potentially remove the LCD screen. The team also discussed the importance of balancing aesthetics with affordability, ultimately deciding to use titanium-colored plastic to maintain a stylish appearance while reducing costs. They acknowledged the financial challenges and agreed to proceed with adjustments to meet budget requirements.",,qmsum,1.0,Answer:,532
"Query: Summarize the discussion on future directions
",14014,"[""The team discussed testing a multi-band approach that is more resistance to noise. The professor thought that it many not be a bad idea to put together several MLP's to improve performance. The team also thought that there might be problems with the pronunciation models.""]",2577f8475c58498ab16ed83a7222b7142419941d3ce0bc09,en,qmsum," The discussion on future directions included exploring ways to improve the system by combining features with neural network outputs, focusing on training targets and data, and addressing language and noise dependencies. There was also a plan to integrate the system with the OGI system, test different configurations, and consider approaches like multi-band training and using articulatory or soft targets. Additionally, there was a mention of evaluating the effectiveness of different training sets and exploring the potential of using neural networks with various temporal properties.",,qmsum,1.0,Answer:,532
"Query: What did the group members think of the buttons of the remote control when discussing the desired features of remote control?
",6398,['They thought that the number of buttons on existing remote controls should be reduced.So they wanted to make buttons multifunctional to simplify the remote control buttons.And they also thought that the buttons must be internationally recognized.'],628c3567292cb09e980d4d2e3042ebfcc44f369a2a16d2fd,en,qmsum," The group members thought the buttons of the remote control should not be too small or too big, and they should have enough space between them to distinguish different functions. They also suggested using icons and colors to explain the functions and make the remote more user-friendly.",,qmsum,1.0,Answer:,532
"Query: How would the mental spaces operate?
",24580,"['Mental spaces can be tackled with mechanisms that can also deal with context issues (time, space etc.): creating a base space and rules of interaction with other interconnected spaces. However, the complexity of these mechanisms has to be bound as well: it is necessary to define the range of constructions to be studied. ']",679e4e9f3c4e9bf95578ed0a431156a6203ebfa122ce7894,en,qmsum," Mental spaces operate as conceptual frameworks that allow for the organization and integration of information, enabling the construction of meaning by linking different elements of discourse. They are used to manage the complexity of meaning by creating and maintaining different contexts or ""spaces"" within which information is structured and interpreted. These spaces can be activated, blended, or connected to form a coherent understanding of the discourse, allowing for the exploration of multiple perspectives and the resolution of ambiguities.",,qmsum,1.0,Answer:,532
"Query: What did the marketing learn about the functions that users often used when discussing user requirements?
",7346,"['After conducting a survey, the marketing found power button was not used often because users used it only once per session while the channel selection was very often used which made it quite important. Volume was not often used but people wanted to have control on volume and that made sense. What much less often used was the settings, such as audio settings, screen settings, even teletext and channel settings.']",983c7f84afeec57ceb63e749e946f5488d80aae5a17d162a,en,qmsum," The marketing team learned that users often used functions such as channel selection and volume control, while functions like teletext were less frequently used. They also emphasized the importance of intuitive design and ease of use, as users found current remote controls frustrating and difficult to navigate.",,qmsum,1.0,Answer:,532
"Query: Summarize the whole meeting.
",9182,"['This was the last meeting of their work. The meeting was about a summary of the previous achievements and agreements, including the details of the design of the remote control, like issues of energy source and budget control. After talking about their ideal remote control, the group moved on to plan their group presentation. They discussed what the PPT should include, what they should and should not mention in the presentation and also compared their work with their competitors.']",2c3f6a54f59639f9d0389ee4c0fd349ba8c75ef694c635e9,en,qmsum," The meeting involved a team discussing the development of a remote control prototype, focusing on design, functionality, and budget considerations. They reviewed the prototype, discussed its features like voice recognition and a slide-out panel, and addressed cost issues, including the decision to remove the solar cell to stay within budget. The team also reflected on the project process, teamwork, and the use of technology, concluding with a celebration of their work.",,qmsum,1.0,Answer:,532
"Query: What did B think about the experimental setup of the computer navigation system?
",15412,"['B explained that the subject of the experiment will first be given texts about a city, so they can familiarize themselves with foreign terms. Then, they will be introduced to a computer navigation system with which they can navigate the city and provided with a set of tasks to complete. Then, the computer system will crash, including the GPS, so the person will not even know where they are, and the human operator will assist them. To find their location, the subject will have to provide visual information to the human operator. B also thought that creating movies of walking would require a lot of technical effort but later claimed that it may be worth it. B clarified that the goal was to see how people communicate in such a scenario.']",d94f2712dfef3f6e1b82f465fa4f3e03c793c67ce58e3ccf,en,qmsum," B thought the experimental setup of the computer navigation system was interesting and had potential, but also recognized the challenges involved. He mentioned that the system's ability to understand user intentions and provide accurate directions was crucial, and that there were many factors to consider, such as the user's purpose, the context, and the specific task at hand. B also expressed interest in exploring how the system could be improved and adapted to better serve users' needs.",,qmsum,1.0,Answer:,532
"Query: What is the description of the domains in the mental spaces?
",24585,"['Given the domains currently used (tourist, child language learning), some features, like speaker attitude, are not of equal importance at this stage. On the other hand, it was decided for the inheritance between constructions to be left out for now, as the notation can be rendered more elegant later on.']",0c2e058a3750f5b88206f02bf9aecd28451121027cbbb03d,en,qmsum," The domains in the mental spaces are described as the tourist domain and the child language learning domain. The discussion suggests focusing on these two domains to determine the necessary constructions and constraints, while also considering the broader implications for linguistic theory and practical applications.",,qmsum,1.0,Answer:,532
"Query: Summarize the whole meeting.
",4802,"[""Firstly, User Interface introduced the prototype of remote control based on the previous discussion of its function. The prototype was half rubber and half plastic with a yellow case. Secondly, Marketing designed an evaluation test under the guidance of the market trend as well as the customers' taste and the team gave one to seven points to each feature of the product.Thirdly, the team found that the current product exceeded the budget, so the team decided to discard joystick and use only one material with the normal color but the team agreed to keep the LCD as well as the advanced chips. Lastly, the team gave positive feedback on the project and the process.""]",c0534dea030f2e295fce90c3249f37a019aa216a8716a032,en,qmsum," The meeting involved a discussion about a product prototype, with the Project Manager leading the evaluation. The team discussed the design, features, and cost of the product, with the User Interface and Industrial Designer providing details about the prototype's appearance and functionality. They evaluated the product using a rating system and considered cost-cutting measures. The meeting concluded with a decision to modify the product design to reduce costs while maintaining key features, and the team expressed satisfaction with the overall project process.",,qmsum,1.0,Answer:,532
"Query: Summarize the marketing expert's opinions towards user identification.
",6956,"['The marketing expert came up with the idea that the remote control could identify the user. Since it knows who was using it, it might record the kind of channels that you often watched and the level of volumes you liked. In other words, it would provide your way of using it. This would be a good sales pitch though it might be expensive.']",ff97e137f45211e2904e419ed64a8aa91283b6d67a8d521e,en,qmsum," The marketing expert believes that user identification, such as through fingerprint recognition or voice recognition, can make the remote control ""smart"" and personalized. They suggest that the remote control could recognize users and adapt to their preferences, such as remembering frequently used channels and volume levels. This personalization could be a strong selling point, as it would make the remote control feel unique and tailored to each user.",,qmsum,1.0,Answer:,532
"Query: What policy the government was going to roll out to ease the deficit?
",20275,"['The minister argued that it was very important to be transparent with our investments and the government would look at the investments and the figures every day and be transparent about it. The minister promised that Canada would have a good economy in the future, and the government would not raise taxes after the crisis to tackle the deficit. Hence, the opposition party demanded a regular economy update.']",29bd27b3dc5f36b5e0d9af37ebe5ac75819d7507ab9d13f9,en,qmsum," The government was not explicitly outlining a specific policy to ease the deficit in the meeting transcript. However, the Prime Minister mentioned that the government is focused on supporting Canadians and businesses through various programs, and there were discussions about the economic impact of the pandemic, including the deficit and the need for economic recovery. The government emphasized its commitment to managing the economy and ensuring support for those in need, but no concrete policy to directly address the deficit was announced.",,qmsum,1.0,Answer:,532
"Query: How did User Interface answer Project Manager's question about the icon design on the buttons?
",6037,"['User Interface believed that the team should design the case and the whole remote control in the company. And for colors and the logo, User Interface would recommend a yellow case, with round edges and the logo at the bottom. User Interface also suggested a set of buttons with its own color to make it recognizable. But this idea was turned down by Project Manager.']",d90774766148b54ce28f127ce14b124bce7380910c1dce36,en,qmsum," The User Interface mentioned that the icons on the buttons were not very clear in terms of their function, and they expressed concern that the icons, such as the ""V_"" for volume, were not distinct enough for users to understand their purposes.",,qmsum,1.0,Answer:,532
"Query: What was Bethan Owen's comment towards the high-risk category?
",10201,"['Bethan Owen suggested that maintaining the attractiveness of Welsh universities to students would be a key driven for solving the financial stress. Also, the research portfolio should be heavily invested in, which would also bring economic benefits.']",bc161633b40e517e2753f2f8e64afaf951851f316df3824c,en,qmsum," Bethan Owen mentioned that the high-risk category is not something they are going to specify, and they only publish numbers, not the names of the universities.",,qmsum,1.0,Answer:,532
"Query: What did A think about setting up the recording equipment?
",15409,['A noted that all participants will have to sign a consent form and read out digits and requested that microphones be kept away from the mouth to minimize breathing sounds. A also mentioned that people will be anonymized in the transcript. A explained that the goal was to eventually be able to query meetings for information.'],4d8c615c156394483d329cb54bf8a99df7aec90b6d056168,en,qmsum," Grad A thought the recording equipment was set up and ready to use, and he mentioned that the microphones were already on and functioning properly. He also provided instructions on how to wear the microphones correctly and emphasized the importance of minimizing breath sounds to ensure clear audio recordings.",,qmsum,1.0,Answer:,532
"Query: Summarize the whole meeting.
",6381,"['The meeting was mainly about the exchange of the preliminary ideas about a new TV remote control project. They first got used to the writeboard and drew some animals with it.Project manager wanted to sell this remote control for twenty five Euro and expected profit will be around fifty million Euro. Afterwards the team raised different opinions about features of the new remote controls and related questions about market potential. Among all the features, having a good look and size were unanimously considered to be the most essential.']",a565ae2ca48e83f04c79559ae288968745b95d4bc7a6516a,en,qmsum," The meeting was a kick-off session for a project to design a new television remote control. The team discussed project goals, including making the remote original, trendy, and user-friendly for a global audience. They outlined the project phases, shared ideas on the remote's design and functionality, and addressed technical aspects like materials, buttons, and connectivity. The team also explored marketing strategies and considered the remote's compatibility with various devices. The meeting concluded with plans to continue the project in future meetings, and the team expressed enthusiasm for the collaborative process.",,qmsum,1.0,Answer:,532
"Query: What did Kirsty Williams say about the trend of teacher recruiting, the reasons for it, and the steps they had taken?
",13883,"[""Even though there was no specific figure that could be provided, they had only been recruiting about 65 percent of targets.Therefore, there was a lot of work they have to do about this. First, they were making sure that their ITE provision was world class, and recently they were through an accreditation process for a new ITE provision that would start in the next academic year. Second, they had looked at financial incentives.Third, they were embarking on their first national ITE recruitment marketing exercise. Kirsty Williams mentioned that this was not a unique issue in Wales, but a common issue across the globe. Money was not the only reason that prevented people from getting onto these courses. What's more, from next year, they would be going to have their unique part-time PGCE route into qualification, which allowed people to bring their outside world experience into teaching, and this could increase the diversity in their teaching workforce.""]",c92a7f7a273a180d68fc7b57ffe6cf3daf6a8aadfea9cb04,en,qmsum," Kirsty Williams acknowledged that there is still a trend of difficulty in recruiting teachers, with only 65% of priority places being filled. She attributed this issue to a broader global challenge in teacher recruitment and retention, noting that it is not solely a financial issue. To address this, she mentioned various steps taken, including financial incentives for priority subjects, a national ITE recruitment marketing exercise, and the introduction of a part-time PGCE route to accommodate different lifestyles and work commitments.",,qmsum,1.0,Answer:,532
"Query: What did the team discuss about the use of advanced chips and LCD display?
",6036,"['Industrial Designer introduced both simple chips and advanced chips could be used for the mouse. But it would require the use of LCD display, which would highly increase the cost. Project Manager agreed that the LCD was easy when using the scroll buttons and could see the number. But Project Manager argued that young people were less likely to have their own room to afford a LCD TV and decided not to choose the advanced ones.']",39d9741666c148e7ce5a65b0eea5439dd7d1a29fe25faade,en,qmsum," The team discussed that using an LCD display would require an advanced chip, which is more expensive than a regular chip. They also considered the cost implications and noted that the advanced chip would significantly increase the costs, making it less feasible within their budget.",,qmsum,1.0,Answer:,532
