answer_prefix,language,compression_ratio,length,max_new_tokens,all_classes,answers,predicted_answer,task,question,_id,dataset
Answer:,en,0.5,13883,532,,"['Kirsty Williams firstly made it clear that it would not be appropriate to comment this since this process was independent of Government. Hefin David then proposed the impact on students and staff. Kirsty Williams thought there would be a responsibility upon the University of South Wales to ensure that those students already in the system were able to complete their studies with the appropriate level of support and tuition to enable them to achieve their career aspirations and graduate from that program. The same was true for staff. Kirsty Williams thought that would be a matter for the institution. After this, they had some discussions on the geographic spread of provision.']"," The discussion highlighted that the decision not to accredit the University of South Wales (USW) for teacher training was made by the Education Workforce Council (EWC), an independent body. The Welsh Government emphasized that the EWC's decision is not subject to government influence, and the focus is on ensuring that the accreditation process meets the required standards for teacher training. The Welsh Government expressed confidence in the EWC's process and emphasized that the decision is based on the quality of the training provided by USW. The discussion also touched on the potential impact of this decision on students and staff at USW, with the Welsh Government expressing a commitment to ensuring that the number of teacher training places remains sufficient to meet the needs of the education system.",qmsum,"Query: Summarize their discussion on the decision of not accrediting the University of South Wales with the ability to deliver teacher training.
",c94b97c772d9dcbb690f444b5ded279f02fc875f28f3daff,qmsum
Answer:,en,0.5,11887,532,,['The professor thought it was possible to reduce the effects of reverberation by removing the low-energy segments. He thought a VAD-like approach would work. This would make it so that the model was more likely to keep an echo than throw out speech.']," The professor believed that echoes and reverberation could be addressed by implementing a VAD (Voice Activity Detection) system to identify and remove low-energy sections of audio that might contain echoes. He suggested that by setting very low or near-zero values for these sections, the impact of reverberation could be reduced. Additionally, he mentioned that high-pass filtering could help reduce the effects of reverberation by removing low-energy components of the audio signal.",qmsum,"Query: What did the professor think about echoes and reverberation?
",811b75e9dfe2f5e9a4aee66d32892fd0faf154d4e4445646,qmsum
Answer:,en,0.5,19656,532,,"['The group discussed topics including a potential collaboration with another ICSI member regarding the analysis of inference structures, efforts by speaker mn005 to detect speaker overlap, the current status of recordings and transcriptions, and future efforts to collect meeting data. In addition to weekly meetings by the BMR group, efforts are in progress to record meetings by other ICSI research groups, as well as routine discussions by non-ICSI members.']"," The main discussion points of the meeting included:  
1. **Data Collection and Transcription**: Discussing the collection of meeting data, the use of close- and far-field microphones, and the challenges of transcribing and analyzing the data.  
2. **Research Topics**: Exploring topics such as speaker overlap, inference structures, and the use of transcripts for research.  
3. **Data Management and Ethics**: Addressing issues like data privacy, the use of names in transcripts, and the ethical implications of using human subjects' data.  
4. **Technical Challenges**: Discussing technical challenges such as echo cancellation, signal processing, and the use of machine learning for speech recognition.  
5. **Project Planning and Collaboration**: Planning future research directions, collaboration with other researchers, and the potential for new data collection methods.",qmsum,"Query: What were the main discussion points of the meeting?
",cbbd3e6a889f75b2b93a57e125690b10a6ca00e754965b27,qmsum
Answer:,en,0.5,4807,532,,"['The team agreed that only the scroll button and the LCD were new items for a remote control. The color of the device was doubted but Marketing argued that since the product aimed at the young market, the case looked good in pure yellow. Besides, the rubber material felt soft, making the device look and feel nice. However, the team thought that there were too many buttons, which did not align with the original idea.']"," The team discussed the evaluation of a product prototype, focusing on its design, functionality, and cost. They assessed the prototype's features, such as the use of a joystick, the color scheme, and the materials used. They also evaluated the product's alignment with the company's motto of ""put fashion in electronics"" and its appeal to the target market. Additionally, they discussed the product's cost, considering the use of advanced components like an advanced chip and a LCD display, and explored cost-saving measures such as reducing the number of buttons or changing the color scheme. The team also discussed the overall design and usability of the product.",qmsum,"Query: What did the team discuss during the product evaluation?
",d1ba9e91e59ac664388aab0d53dd443acfc8edb13f523dd4,qmsum
Answer:,en,0.5,6032,532,,"['User Interface introduced to use the power button to switch the television on and off. The mute button to switch the volume on and off. The channels buttons, one to nine, or zero to nine. The volume and channel quadrants, from left to right, and up and down arrows, to control the volume and channel. And last, the menu button to manipulate the LCD display. User Interface also suggested that power buttons are usually at the top left or right and the team should decide to choose the right icons, or letters on the buttons.']"," The User Interface discussed the interface concept design by explaining the buttons they chose, such as the power button for turning the television on and off, the mute button for volume control, and the channel buttons for navigating through channels. They also mentioned the use of colors and design elements, and emphasized the importance of clear and user-friendly icons and buttons.",qmsum,"Query: What did User Interface say about the interface concept design?
",4d091ad0d5b74a257368a09ef6eef821ea8cfd0bfa58eb99,qmsum
Answer:,en,0.5,12646,532,,"['The translation of SmartKom to english is in its final stages. The synthesis module will be the last one to do, after the english syntax trees are completed. The system is still buggy and unstable, but it will soon be ready for a demonstration.']"," The SmartKom system faced issues with the synthesis module, which could not correctly handle the English sentence ""I am Smarticus."" Additionally, there were challenges with the system's ability to handle German and English sentences, as well as with the integration of the system's components, such as the dialogue manager, which required converting XML data into other formats. The system also had issues with the synthesis of speech, as it struggled with certain grammatical structures and required extensive configuration to function properly.",qmsum,"Query: What were the problems encountered with SmartKom system?
",3557f2e7ac4e81949735d91a8dee454b98f97def5c16d078,qmsum
Answer:,en,0.5,13870,532,,"['Kirsty Williams said he was in favor of a healthy, strong and sustainable HE sector. If individual institutions wish to collaborate, that was a matter for themselves. They did not pursue or urge a policy of mergers, but if individual institutions felt that was of benefit to them and their students, they would have an interest in that and make sure that they were robust plans.']"," Kirsty Williams stated that she is not in favor of a specific policy for university mergers. She emphasized that the decision to merge should be left to individual institutions, as long as it benefits students and is in the best interest of the institution. She also mentioned that while collaboration between institutions is encouraged, there is no formal policy promoting mergers.",qmsum,"Query: How did Kirsty Williams respond to university mergers?
",563ce48625a707202a34068e87ea4cea511b23c80962756a,qmsum
Answer:,en,0.5,8986,532,,"['User Interface thought it would be hard to keep the remote control small with a wood case. Industrial Designer thought the thin wood remote would be easy to break. Project Manager thought given that they were looking at more spongy material preferences, rubber or plastic would be more practical. Also, the group thought that wood was not cleanable, so they decided not to use a wood case for the remote control.']"," The group did not favor the wood case for the remote control, as it was considered too bulky and not practical for a compact design. Additionally, wood was deemed less suitable due to its potential to make the remote control too large and not align with the desired sleek and modern aesthetic.",qmsum,"Query: What did the group think of the wood case when discussing the key remote control concepts?
",9a93e7ab3a55fbec9e77e1d132f83ac514291c381360a9c8,qmsum
Answer:,en,0.5,3980,532,,"[""They felt that the battery design should be long-lived, original, and conventional to ensure the battery's innovation, versatility, and durability. It should also not be far from the usual performance, or it may cause problems for new users.""]"," The group discussed that while battery life is not a major concern for remote controls, they acknowledged that batteries will need to be replaced periodically. However, they emphasized that the design should focus on functionality and user-friendliness rather than battery life, as it is not a critical factor in the overall design of the remote control.",qmsum,"Query: What did the group think of battery design when discussing the functional design of the remote control?
",caab9dadbf5f025e1a6b63ccda2809c85999e3edd0f0cc47,qmsum
Answer:,en,0.5,13887,532,,"['Eluned Morgan said that they would wish to see pay equality in relation to teaching. As for whether all staff should get the increase or only teaching staff but not non-teaching staff, Eluned Morgan thought this should be up to ColegauCymru to negotiate and to discuss, and they should wait for their outcomes.']"," Eluned Morgan acknowledged the concern about pay equality between schoolteachers and further education (FE) staff, but emphasized that the negotiations and settlements are the responsibility of Coleg Cymraeg Cymraeg. She noted that the Welsh Government is aware of the situation and is keeping a close eye on the developments.",qmsum,"Query: How did Eluned Morgan respond to whether wishing to see people have greater pay equality between schoolteachers and FE when discussing the pay dispute situation?
",585f667a0717f95cc0c7398ab295818570d6c307c7ed1ade,qmsum
Answer:,en,0.5,7344,532,,"['The user interface designer recommended to have a screen with a backlight which could change colours and to put all the options into this screen so that few buttons were needed and users would find it easy to use. As for the material, titanium was preferred because it was unbreakable and baby-proof. The user interface designer also suggested making the power and volume control fully automatic.']"," The user interface designer recommended focusing on simplicity and usability, suggesting that the remote control should be designed with minimal buttons and a clear, intuitive interface. They emphasized the importance of a simple design, suggesting that the remote control should only include essential functions like power, volume, and channel selection, while avoiding unnecessary complexity. They also proposed incorporating a screen with a backlight that can change colors to enhance usability and suggested using a simple, user-friendly interface that aligns with user needs and preferences.",qmsum,"Query: What did the user interface designer recommend to do when discussing technical function design?
",a81acf4510dd3154c2f73c46b86b077b281307fcabe0a4bd,qmsum
Answer:,en,0.5,24580,532,,"['Mental spaces can be tackled with mechanisms that can also deal with context issues (time, space etc.): creating a base space and rules of interaction with other interconnected spaces. However, the complexity of these mechanisms has to be bound as well: it is necessary to define the range of constructions to be studied. ']"," Mental spaces operate by allowing for the creation of temporary, context-specific frameworks that help in understanding and interpreting information. These mental spaces are dynamic and can be constructed and deconstructed as needed. They allow for the integration of new information into existing knowledge structures, enabling more nuanced and contextually appropriate interpretations. The operation of mental spaces involves the creation of a temporary context, the integration of new information into that context, and the subsequent application of that context to the interpretation and understanding of new information.",qmsum,"Query: How would the mental spaces operate?
",679e4e9f3c4e9bf95578ed0a431156a6203ebfa122ce7894,qmsum
Answer:,en,0.5,4807,532,,"['In terms of the material used on the device, the team decided to use only one material, either rubber or plastic instead of both or titanium. Moreover, the team agreed to discard the joystick but keep the LCD and advance chips,to make it still favored by the young market. Lastly, a normal color would be incorporated instead of a special color to decrease the cost by at least half Euro.']"," The team discussed the product's cost, specifically the price of the advanced chip, the use of a double curved design, and the materials used (such as rubber and plastic). They considered cost-saving measures like removing the joystick and using push-buttons instead, and discussed the impact of these changes on the overall product cost. They also evaluated the feasibility of reducing the cost by using a normal color instead of a special color and by simplifying the design.",qmsum,"Query: What did the team discuss about the product cost?
",38a35e48b9691446552ad525856b71612bef0c93da7bdfc9,qmsum
Answer:,en,0.5,10512,532,,"[""According to Julie Morgan, the group had been in close cooperation with the fostering organizations in Welsh to guarantee the children in need. To people's relief, the fostering organizations were running well with enough staff and equipment during the pandemic so that the children could enjoy good care there. What's more, the fostering organizations prolonged their helpline time in case some emergencies would happen. Other support measures, say, the fund for the foster carers, would be followed up.""]"," Julie Morgan elaborated on the Welsh Government's collaboration with foster organizations, highlighting the development of guidance for foster carers by the Association of Fostering and Adoption Cymru (AFA Cymru). She also mentioned the extension of helpline hours by the Fostering Network and the support provided by Voices from Care Cymru for care leavers. Additionally, she addressed the issue of temporary foster carers who may be unable to continue due to the virus, noting that while there have been no specific requests for support from local authorities, some have provided additional financial assistance to foster carers.",qmsum,"Query: What did Julie Morgan elaborate on their work with the foster organizations when talking about the adequate social support for those children who were in foster?
",fded50244f8bd8009b811afa71bb452bde5d0aa794066bfd,qmsum
Answer:,en,0.5,24585,532,,"['Given the domains currently used (tourist, child language learning), some features, like speaker attitude, are not of equal importance at this stage. On the other hand, it was decided for the inheritance between constructions to be left out for now, as the notation can be rendered more elegant later on.']"," The description of the domains in the mental spaces refers to the different contexts or scenarios that are considered when analyzing the meaning and structure of language. These domains include the current context of the conversation, the specific topic being discussed, and the broader linguistic and cognitive frameworks that influence how meaning is constructed and understood. The discussion in the meeting highlights the importance of considering these domains when analyzing the interaction between language, cognition, and context.",qmsum,"Query: What is the description of the domains in the mental spaces?
",0c2e058a3750f5b88206f02bf9aecd28451121027cbbb03d,qmsum
Answer:,en,0.5,4805,532,,"['Marketing wrote down a few evaluation criteria, based on previous marketing strategy, on the latest trends, and on user preferences. There was a seven-point scale rating for each criterion. The team would give comments to each feature listed and agree on the final rating.']"," Marketing designed the product evaluation by creating a seven-point scale to rate the product based on criteria such as technological innovation, target audience, design, and functionality. They discussed and agreed on the criteria, then evaluated the product together, assigning ratings on a scale from 1 to 7. The ratings were then averaged to determine the overall product evaluation.",qmsum,"Query: How did Marketing design the product evaluation?
",afdce0dffab8af2a881a638a168da0c636087169e9f900f4,qmsum
Answer:,en,0.5,3236,532,,"['The group thought remote controls should keep children safe while using them. At the same time, the remote control should be brightly coloured. Even if it is not colourful, it should also choose a monochrome colour that children like to attract them.']"," The discussion about the design of a remote control for children focused on making it child-proof, robust, and durable. The team discussed features like waterproofing, a small size, and a simple, intuitive design. They also considered the need for colorful, easy-to-use buttons and a focus on safety, especially since children might accidentally ingest or damage the remote. The design aimed to be both functional and safe for children, with features like a small size, robust construction, and a child-friendly interface.",qmsum,"Query: Summarize the discussion about the design of remote control for children.
",876ed3e1d5021071ec791827d68bcfe5c2e4a7c4605eaffd,qmsum
Answer:,en,0.5,3984,532,,['Project Manager wanted to make a profit of 50 million euros for a cost of 12.50 euros for 25 euros worldwide.']," The target price for the remote control is 25 Euros, the target cost is 12.5 Euros, and the target profit is 50 million Euros.",qmsum,"Query: What are the target price, target cost and target profit of remote control when discussing the design of the remote control?
",1cda1c86401954c75f52c80d4b5f069ff3c9a003f0ba20a1,qmsum
Answer:,en,0.5,10509,532,,"[""When it comes to the evaluations on the legitimacy of the children's rights, protection and demands, Nicola Edwards mentioned that they had been working on the coronavirus Act to see if they could ease some of the statutory requirements, further helping the childcare and education affairs in the future. Then Albert Heaney went on to elaborate that it was because that they were not meant to include any easements in children's social services at first, however, it was obvious at present that at least for those carers, they had to break the law of social distance to keep looking after the children in need. Therefore, they were calling for the possibility of losing the law for those who did have something to do with childcare and education.""]"," Albert Heaney stated that no easements were introduced in relation to children's services legislation, emphasizing that the standards in place for children's services remain unchanged. He also mentioned that the Welsh Government has not conducted a children's rights impact assessment related to the coronavirus Act, as the legislation did not require any relaxation of regulations affecting children's services.",qmsum,"Query: What did Albert Heaney think of the coronavirus Act when discussing the evaluations on the legitimacy of the children's rights, protection and demands?
",29041bda02a95bd53805363c72505c873f34db1c93d32881,qmsum
Answer:,en,0.5,9375,532,,"['The group agreed that the remote had a high score in terms of locatability, so they first thought it was also intuitive. Then, Industrial Designer mentioned that it might be a little more difficult for people to get used to in the beginning because the scroll was a new technology. Marketing thought it was obvious how to use it. Therefore, groupmates agreed to give an average score of five.']"," The conclusion of the discussion about intuitiveness during the evaluation criteria presentation was that the design is somewhat intuitive, but not fully, and was given a score of 5 out of 7. The team acknowledged that while the design is not immediately intuitive, it is still considered a good design with potential for improvement.",qmsum,"Query: What's the conclusion of the discussion about intuitive when presenting on evaluation criteria?
",30da039b34de89757a048d6ada97c24def61dc30a7706b77,qmsum
Answer:,en,0.5,8194,532,,"['The Professor thought that the experiments were pretty simple, so computational power was not really a problem. He also thought that it would be okay to increase the states from six to nine.']"," The professor thought that improving the back-end recognizer for the Aurora task could potentially enhance overall performance, and he suggested exploring ways to optimize the recognizer's performance by adjusting parameters like the number of states in the Hidden Markov Models (HMMs) and considering the impact of different feature sets and training methods.",qmsum,"Query: What did the professor think about improving the back recognizer for the Aurora task?
",6ef9b5b50b66b2670abbb3753bfe1a4ebe0d40aacb54f281,qmsum
Answer:,en,0.5,5336,532,,"['In terms of putting fashion into the electronics, this is both their slogan and their design target. Apart from the company colour of black and red, the Project Manager came up with the idea of providing skins for the users. But the members were not in favour of this idea for that the work would be huge, at the same time, they were inspired to add the logo on the boot-up screen and introduce a dormant mode because most people do not want the remote to be flashing when the TV is on.']"," The group discussed the appearance of the television remote, focusing on the use of company colors (red and black), the slogan ""we put fashion in electronics,"" and the design of the remote to be aesthetically appealing. They also considered the use of modern, high-quality plastics and the integration of company branding and aesthetics into the remote's design.",qmsum,"Query: What did the group talk about the appearance of the television remote?
",3cf831ee97fdc099975661a966f34810d7cf1874ca6b3639,qmsum
Answer:,en,0.5,12805,532,,['Grad E volunteered his 18 Gigabyte drive to the group. The drive had 12 gigabytes of memory and he was not using it for anything.']," Grad E contributed by offering to use an eighteen gigabyte drive on their computer for storing data, which could be used for the storage of meeting data. They also mentioned that they would not be able to use the drive for new transcriptions until they receive new meetings to transcribe.",qmsum,"Query: What did Grad E contribute to the discussion on storage disks?
",fff100fc003a59ba70830ef925a879463d106038d9309087,qmsum
Answer:,en,0.5,10490,532,,"['The meeting was about caring Welsh children during the outbreak of COVID-19. Due to the coronavirus, the state was locked down and a strict social distance was required, and then most schools in Welsh were shut down. The group was concerned whether the existing support was enough to ensure their children get through such a period healthily, in terms of both mentally and physically. They listed several possible solutions, including having the vaccination on the susceptible group, offering psychological support for the children as well as the pregnant women, and raising a contingency fund. Through their asking and answering with the ministers, the group finally agreed on a bright blueprint for the education and economic recovery in Welsh.']"," The meeting focused on the impact of the coronavirus pandemic on children and young people in Wales, with discussions on health, education, mental health, and childcare. The Welsh Government provided updates on their response, including the availability of childcare services, mental health support, and the impact of the pandemic on education and social services. The discussion also addressed the challenges of remote learning, the importance of mental health services, and the need for continued support for vulnerable children and families. The meeting concluded with a focus on ensuring that children's needs are prioritized in the post-pandemic recovery.",qmsum,"Query: Summarize the whole meeting.
",5770240f11b9eae7d4a9a8a8de1e70bd557229796d9324f0,qmsum
Answer:,en,0.5,5989,532,,"['According to the Project Manager, the finance department proposed to price the product at 25 euros and make a profit of fifty million euros in total. However, the cost might be at only twelve fifty, meaning that the profit would be at one hundred percent.']"," The Project Manager thought the profit target of fifty million Euros for the remote control was ambitious but believed it was achievable. However, he expressed skepticism about the initial price point of twenty-five Euros (approximately $30 USD), noting that it would need to offer significant value to justify the cost, such as being a universal remote with advanced features. He also mentioned the need to balance the product's features with its price to ensure it remains competitive and profitable.",qmsum,"Query: What did the Project Manager think of the profit when discussing the financial issue and why?
",815f4222b3b738706aa5fad352b72ccc47e9454fcb391b09,qmsum
Answer:,en,0.5,7342,532,,['The industrial designer thought the automatic power control would be a bit problematic because there were different criteria for different people. Then the marketing proposed that they should design a personalized product so that the users could have their own settings. The proposal was accepted by the industrial designer but later the idea of automatic power control was still abandoned because of price issues.']," The final decision was that automatic power control is not currently possible due to the current price constraints, but it could be considered in future steps.",qmsum,"Query: What was the final decision of the discussion about automatic power control?
",deb8cf5944a71dbddc14260aa6e64e66f6110f5b27d13847,qmsum
Answer:,en,0.5,10516,532,,"['When talking about the evaluations on the increasing suicide crimes during the COVID-19, Vaughan Gething said that in order to prevent more tragedies, they had been offering mental health care for the people. Even if most public service had to be shut down during the outbreak, the staff at the crisis help continued to be available. In addition, they had a seven-day-a-week crisis care, which they hoped that could also be a long-term service to help people in need even after this particular period.']"," Vaughan Gething elaborated on the importance of maintaining crisis care services for children and young people, emphasizing that these services are essential and not to be scaled down. He also highlighted the need for ongoing evaluation of the impact of the pandemic on mental health, including the potential increase in suicide rates. Regarding pregnant women, he mentioned the importance of ensuring continued access to perinatal mental health services and the need for ongoing support and monitoring to address the unique challenges faced by pregnant women during the pandemic.",qmsum,"Query: What did Vaughan Gething elaborate on the crisis care when talking about the evaluations on the increasing suicide crimes during the COVID-19 and the long-term special carefor the pregnant women?
",8476fcbe8bf6f7ea7092d0bae410ca82db60f2baf733adb7,qmsum
Answer:,en,0.5,5977,532,,"['The meeting was about a preliminary idea of new remote control, covering the price, the functions, the appearance and the name. After a brief self-introduction, Project Manager assigned the task. One of the most important issues of the meeting was about the price. Project Manager supposed the product should be sold at 25 euros with a one hundred percent profit. As it would be a multifunctional remote control, the members were confident that it would stand alone. Moving on to the issue of the appearance, the group analyzed the problems of the existing remotes and briefly talked about the user interface as well as came up with a name of the product.']"," The meeting involved a team of professionals—Project Manager, Marketing, Industrial Designer, and User Interface Designer—discussing the design and development of a universal remote control. They discussed the project's goals, including making the remote stylish, functional, and affordable, with a target price of 25 Euros. The team brainstormed features like a touch screen interface, multifunctional capabilities, and design elements such as a sleek appearance and customizable face plates. They also considered user experience aspects, such as the remote's material quality and potential features like a locator device or a ""page"" button. The meeting concluded with a plan to continue discussing ideas and refining the project's direction in future meetings.",qmsum,"Query: Summarize the whole meeting.
",e3a49dfe9f6e41eadacfe0240ea115164a42c9e8de3ef126,qmsum
Answer:,en,0.5,15408,532,,"['One of the graduate students is working on building the PDA of the future. The idea is to be able to record meetings for personal use and then query them for pertinent information. The data collection will be anonymized to a large extent, but not so much that the meeting does not represent a real scenario. This meeting will be one of the recorded meetings.']"," The discussion about setting up the recording equipment included checking the wireless microphones, ensuring they are on and properly positioned two thumb widths away from the mouth. They also discussed the use of two types of microphones: close-talking and far-field, to capture both high-quality audio and provide a baseline for comparison. Additionally, they mentioned the importance of anonymizing the transcripts but not the audio, and the need to ensure participants sign consent forms and complete speaker forms. The meeting also covered the use of a belief-net to differentiate between different user intentions, such as viewing, entering, or touching a location.",qmsum,"Query: Summarize the discussion about setting up the recording equipment
",57d72ebce7c5bbd100c5a666dcd7500997be8169e632f0db,qmsum
Answer:,en,0.5,5341,532,,"['The group talked about the material and they found it would be hard to balance the budget and the quality. In order to save the cost and ensure satisfying user experience, the Project Manager decided to choose high-quality recycled plastic as the material. But in terms of the battery, he would pay a lot to equip the remote with a cutting-edge lithium battery.']"," The Project Manager elaborated on the materials of the television remote by emphasizing the need for a plastic construction due to the risk of interference and potential safety issues with metal. They also discussed the use of high-quality recycled plastic for the user interface and the importance of incorporating the company's colors (red and black) and slogan ""we put fashion in electronics"" into the design.",qmsum,"Query: What did the Project Manager elaborate on the members when discussing the materials of the television remote?
",c9ca0b248e72caee3e1d6e28747a81fab00b968618ba3d28,qmsum
Answer:,en,0.5,8187,532,,"['The professor was not too excited about clustering. He thought that the team could identify the bands that were the most promising and weigh them more highly in the model. As it stood, the model was using all bands with equal strength.']"," The professor thought that clustering could be a viable approach, as he mentioned, ""Guess you could, yeah."" However, he also expressed some hesitation about the complexity of using continuous variables and the potential challenges of converting them into binary labels. He suggested that clustering could be a way to handle continuous data, but he was also concerned about the complexity of implementing such methods.",qmsum,"Query: What did the professor think about clustering?
",a1a2237c1562561d950bc8e245f0a9612fbb452532c318a1,qmsum
Answer:,en,0.5,13883,532,,"['Although there were no exact figures,they had seen over recent years that they were only recruiting to about 65 percent of targets. It was partially due to the financial incentives, but that was not all of the problems. Because this issue was not only in Wales, but a common issue in all over the world. For example, in England, despite higher financial incentives to join ITE courses, people still were not getting onto those courses. To solve this problem, they had taken several steps including making sure their ITE provision was world class, embarking on the first national ITE recruitment marketing exercise, etc. In this process, Llyr Gruffydd had a doubt that the level of ambition did not reflect the level of action that was needed actually. Kirsty Williams responded that different statistics told different stories. They obviously understood there were many steps they had to take, but they were trying instead of just sitting back and waiting.']"," The group discussed the trend of teacher recruitment, noting that only 65% of the target teacher training places are being filled. They identified that the issue is not unique to Wales but a global challenge. To address this, they have implemented various measures, including financial incentives for teaching in priority subjects, a national ITE recruitment marketing campaign, and the introduction of a part-time PGCE route to accommodate different learning needs. Additionally, they are working on improving the diversity of the teaching workforce and addressing the specific challenges of recruiting teachers who can teach through the medium of Welsh.",qmsum,"Query: What did the group discuss about the trend of teacher recruiting and the reasons for it, and steps they had taken?
",3814c81130c13d1df955f1c6e235e30559ced35bda5f139e,qmsum
Answer:,en,0.5,10497,532,,"['Vaughan Gething pointed out that due to the school lockdown, children as well as their parents would face difficulties at home learning and social-contacting. In case they would suffer from potential mental health problems, the government have to carry out a mental health recovery plan. Sian Gwenllian then mentioned that the CAMHS, as well as all the schools, should follow up the mental states of children and offer telephone and online support.']"," During the lockdown, mental health services have continued through various means, including the use of telehealth and online platforms to provide remote consultations. In-person services have been maintained where necessary, with strict safety protocols in place. Additionally, there has been an increased focus on community support and outreach to ensure that individuals have access to mental health resources and support. The Welsh Government has also emphasized the importance of maintaining mental health services as essential during the pandemic.",qmsum,"Query: Summarize the ways of continuing mental health service during the lockdown.
",64b7fea1da7e7545784befc76fae5be9970ede51f6866170,qmsum
Answer:,en,0.5,6031,532,,"['Industrial Designer said that the younger people fancied soft materials and primary colors. For example, total yellow or totally red could be visible. The shapes could be curved and round,which would be easier to use. It would be better to use the basic battery so everybody could get it at the supermarket, or to use a kinetic battery after shaking it a few times, it could be loaded. Industrial Designer suggested hard plastic material and rubber since the younger people liked that. The survey also discovered that the young favored a scroll push like the mouse to use for channels and volume.']"," The Industrial Designer mentioned that younger people prefer soft materials and primary colors like yellow, red, and other bright colors. They also emphasized that the remote control should have a curved, rounded shape to make it more user-friendly and visually appealing to the target audience.",qmsum,"Query: What did Industrial Designer say about the customers' taste?
",991da5da949c52e8ee10d884e5816ef058c4a5acca503efe,qmsum
Answer:,en,0.5,8556,532,,"['The marketing thought they needed to evaluate whether it made sense to do the project and whether the product could fulfil their requirement. So the group started to judge the design on a scale of one to seven, one being true and seven being false. The criteria were fanciness, technology, robustness, usefulness, size and weight, colour and shape, and adaptiveness. The product got an average score of two point one seven, which implied it was good.']"," The meeting discussed the evaluation of a prototype remote control, assessing its functionality, design, and feasibility. The team evaluated the product based on criteria such as usability, aesthetics, and cost-effectiveness. They considered features like speech recognition, location finding, and the use of materials such as titanium. The evaluation included a scoring system from 1 to 7, with the team discussing the prototype's strengths and areas for improvement. The discussion also covered the financial aspects, including the cost of components and potential budget constraints. The team concluded that the product was generally well-received, with some concerns about its practicality and cost.",qmsum,"Query: Summarize the discussion about product evaluation.
",51129feaa0df6ad32bf998c49a77bcc98b5ea4353ff823a1,qmsum
Answer:,en,0.5,11315,532,,"['Compared with the current manufacturer design, User Interface mentioned that they should reduce the option to control the DVD. And according to the new requirements, they need to control the maximum number of buttons within ten.']", User Interface believed they should use more buttons than the current one because they felt that the current remote control had too few functions and did not meet the needs of the target audience. They believed that adding more buttons would enhance the user experience by providing more features and functionality.,qmsum,"Query: Why did User Interface think they should use more buttons than the current one when discussing the technical function design?
",0f9368e96dde1615381dc1be9aa0f8252cbbe613d80d90d1,qmsum
Answer:,en,0.5,23784,532,,"['Morneau explained that the government was committed to supporting Canadians. It came into the pandemic with a strong fiscal position, and while the pandemic will bring challenges, it will face those challenges while supporting small businesses and Canadians.']"," In response to the query about the debt, Morneau stated that the government is focused on supporting Canadians and that the country's fiscal position is strong. He emphasized that the government's approach is to support businesses and individuals, ensuring that the economy remains resilient. However, he did not provide specific figures or detailed information about the national debt.",qmsum,"Query: What did Morneau say about the debt?
",01da31922224bf9588d8462904e10ec51ac016f0ae9e8b3a,qmsum
Answer:,en,0.5,9196,532,,"['The Project Manager planned to include their project process in the presentation. In addition, he thought it would be an interesting experiment to carry out an open mic presentation in which the team members could get out of the roles and share their satisfaction of the room and their creativity freely.']"," The Project Manager reflected that their presentation contents were somewhat underwhelming, as they felt the meetings had become less impactful over time, with some participants feeling under pressure initially but later realizing the presentations were not as significant as they had initially thought.",qmsum,"Query: What did the Project Manager think about their presentation contents when reflecting on their meetings and project progress?
",4ab48bae28dde01e9ecca702579f3b13c01dbfb974255154,qmsum
Answer:,en,0.5,3229,532,,"[""The main points of the discussion are the design goal and price of a new television remote control project. The group first put forward the design goal of remote control. Then they got used to the whiteboard and wrote down everyone's favourite animal and their characteristics. Project manager and Marketing wanted to sell this remote control for twenty five Euro and expected profit will be around two million Euro. Then, the group thought about colour and function features of the new remote controls. In addition, they also believed that the remote control should be safe enough for children to use, and the appearance should be acceptable to them.""]"," The meeting was a kick-off session for designing a new remote control. The team discussed key features such as functionality, conceptual design, and detailed design. They explored ideas like making the remote child-proof, robust, and colorful. The team also considered the target market, pricing, and potential features like a universal remote with customizable buttons. They planned to meet again in thirty minutes to further develop the design and finalize requirements.",qmsum,"Query: Summarize the whole meeting.
",cab36b6595dd8d35dcdc7ce577079595de37784c10292561,qmsum
Answer:,en,0.5,8984,532,,"[""When Industrial Designer mentioned that LCD was basically feedback from television and questioned the necessity of LCD, Marketing suggested that they could integrate with the television then it could come up with new information about what was on, and users could just see that on the remote rather than TV itself so that users won't get interrupted by viewing pleasure. Also, Marketing thought the group could have a minimalist remote control so that users could flip it open if they wanted to mess about it.""]"," The Marketing expert believed they should include LCDs (Liquid Crystal Displays) in the product because they align with current market trends and user preferences. They noted that LCDs are seen as technologically innovative and visually appealing, which aligns with the target audience's desire for modern, stylish, and functional products. Additionally, LCDs can enhance user interaction and provide a more engaging user experience, which is a key factor in the product's success.",qmsum,"Query: Why did the Marketing think they should have LCD when presenting the market trends?
",73807dde6c08ff12d79bd63ce33110082d3126651007be60,qmsum
Answer:,en,0.5,15412,532,,['D wanted to know if the videos for the navigation system would be recorded from a first person perspective. D was also trying to understand how ambitious the system was. D learned that the goal was to understand how people reacted and talked in such a scenario. D provided some information about potential candidates for the human operator and wizard roles as well.']," D believed that the experimental setup of the computer navigation system was not ideal, as it did not account for the different intentions people might have when navigating, such as wanting to see a place, enter it, or get close to it. D also expressed concerns about the system's ability to handle different contexts and user intentions, suggesting that the system should be able to differentiate between these intentions to provide more accurate navigation.",qmsum,"Query: What did D think about the experimental setup of the computer navigation system?
",e78c1d22676e96bd0120c447a29d170e08ae2be5a5132ca4,qmsum
Answer:,en,0.5,6381,532,,"['The meeting was mainly about the exchange of the preliminary ideas about a new TV remote control project. They first got used to the writeboard and drew some animals with it.Project manager wanted to sell this remote control for twenty five Euro and expected profit will be around fifty million Euro. Afterwards the team raised different opinions about features of the new remote controls and related questions about market potential. Among all the features, having a good look and size were unanimously considered to be the most essential.']"," The meeting began with a kick-off discussion where the team discussed the design of a new television remote control. The Project Manager outlined the project's goals, including creating an original, trendy, and user-friendly remote that is suitable for young people and easy to use. The team discussed the design aspects, such as the remote's shape, button placement, and materials, emphasizing usability, international recognition, and compatibility with various devices like DVD players and televisions. They also considered the use of colors, shapes, and materials for the remote, with a focus on ergonomics and user experience. The meeting concluded with a plan to continue the project in future meetings, with each team member responsible for specific tasks.",qmsum,"Query: Summarize the whole meeting.
",a565ae2ca48e83f04c79559ae288968745b95d4bc7a6516a,qmsum
Answer:,en,0.5,6961,532,,"['Although the industrial designer regarded LCD as costly, the user interface designer proposed adding an LCD as a kind of output that only displayed some information or menu and was not touch sensitive, which might reduce the cost.']"," The user interface designer proposed a simple remote control with a few buttons and speech recognition technology. They suggested using push buttons instead of a liquid crystal display (LCD) due to cost and complexity considerations. They also emphasized the importance of a user-friendly interface and discussed the potential for incorporating features like speech recognition and a sleek, modern design.",qmsum,"Query: What did the user interface designer propose in the discussion about industrial components?
",6099595c582213359f4e7074624c740d1e79642bb85ffb92,qmsum
Answer:,en,0.5,9381,532,,"[""Industrial Designer mentioned that they were considering that the remote was more for right-handed people than for left-handed people. Project Manager said that there didn't always have all left-handers or all right-handers in a family. Marketing mentioned that users could use their finger to scroll rather than their thumb and this would negate the whole RSI issue. Project Manager agreed on it and the group would need an investigation.""]"," The Project Manager agreed with the Marketing team's assessment that the remote control's design, which is more suited for right-handed users, is acceptable because the majority of the target audience is right-handed, and the design is not a significant issue for the majority of users.",qmsum,"Query: Why did Project Manager agree with Marketing when assessing the criteria of matching the operating behaviour of the user?
",b8c1aabbc14e5638795bf99a0d587884cfaf9d87b524a793,qmsum
Answer:,en,0.5,10208,532,,"['Bethan Owen took Cardiff University as an example and he believed that in the short term, the reserves of Cardiff would appear as though they have significant cash balances. However, the investing was much restricted and it could not be a long-term solution towards the serious financial stress. To help with this process as well as monitoring the regulated approaches, the government received forecasts, around five-year forecasts which indicated that, for 2018-19, there would be a sector that was roughly in a break-even position, since the income was not increasing, which was the biggest problem. But luckily, they were not likely to lose any of the universities.']"," The meeting discussed that some universities, like Cardiff University, have secured funding for investing in their estates through bonds rather than traditional borrowing. This approach allows them to have significant cash balances, but these are restricted for investment in the estate and will be utilized over the next two to three years. The discussion also highlighted the financial challenges faced by universities due to increased costs, including pension costs and the impact of the Augar review in England. The meeting emphasized the importance of monitoring universities' financial health and ensuring that their financial strategies are sustainable.",qmsum,"Query: What did the meeting discuss about universities that had secured funding for investing in their estates?
",88babc359d55338b31d093edae580f039947186e387b0f35,qmsum
Answer:,en,0.5,7338,532,,"[""The marketing thought it not easy to keep pressing 'next' to get to the channel people wanted. Then the user interface designer offered a solution that users could set up the channels that they often watched as one, two, and three so that they would never have to go through dozens of channels. However, in the Marketing's previous presentation, some people did love zapping, so the user interface designer suggested carrying out some research to find out how many people really needed to skip from one channel to another.""]"," The discussion about selecting channels focused on user preferences and usability. The Marketing team highlighted that users often use channel selection frequently, so it should be easy to access. They suggested features like direct channel number entry, voice commands, and a simplified interface to enhance user experience. Additionally, they discussed the importance of making channel navigation intuitive and efficient, especially for users who frequently switch between channels.",qmsum,"Query: Summarize the discussion about how to select channels.
",712f5d33fc0ce12997abb5f5465a62659d8783be2dd7191f,qmsum
Answer:,en,0.5,7337,532,,"[""The user interface designer stressed that they should design nothing but a remote control because their principle was to make users' simple desires into simple actions. Therefore, the proposed concept for the design included just a few buttons, a screen with a back light which can change colours and titanium, which was accepted by the group.""]"," The discussion about technical function design focused on the requirements for the new remote control, including user needs, technical specifications, and design considerations. The team discussed features like speech recognition, automatic on/off functions, and user interface design. They also addressed the need for a simple, user-friendly design with a focus on usability, aesthetics, and functionality. The technical aspects included considerations for battery life, infrared technology, and potential integration of features like voice commands and gesture recognition. The team also discussed the importance of user testing and the need to balance functionality with cost-effectiveness.",qmsum,"Query: Summarize the discussion about technical function design.
",3ea9e37eb926855d2b4d18a264f1ff2e13c99be8c3bb35db,qmsum
Answer:,en,0.5,19653,532,,"['Efforts by speaker mn005 are in progress to detect overlapping speech. For a single transcribed meeting, speaker mn005 reported approximately 300 cases of overlap. Future work will involve manually deriving time marks from sections of overlapping speech for the same meeting, and then experimenting with different measures, e.g. energy increase, to determine a set of acoustically salient features for identifying speaker overlap. ']"," The discussion about speech overlap involved identifying and analyzing instances where multiple speakers were talking simultaneously. PhD D discussed their work on identifying overlapping speech in recorded meetings, noting that they had identified 300 instances of overlapping speech in a 45-minute session. They also discussed the challenges of identifying overlapping speech, including the need for a detailed analysis of the audio data and the importance of considering the context and context of the speech. The discussion also included the use of different types of microphones and the importance of considering the acoustic properties of the environment. The group also discussed the potential for using machine learning techniques to automatically detect and analyze speech overlap.",qmsum,"Query: What was said on speech overlap?
",cb5b1672ca426597251b6def8cbab8ec5249c9662a0c9888,qmsum
Answer:,en,0.5,11881,532,,"['The meeting began with a discussion on the TORRENT project completion being pushed for two years. Grad F then introduced intermediate categorization, which was his topic for his qualification exams. The team then discussed mean subtraction from SRI. Using it had led to an improvement in Meeting Recorder digits though near mic performance worsened. The professor points to pre-echoes as the culprit. The team continued to study differences between SRI and Aurora. The team thought it would be interesting to do the Aurora tests with the SRI system instead of the HTK. The team was also exploring the Wiener filter and VTS. The professor did not seem too excited about the VTS.']"," The meeting discussed various research topics, including the development of the TORRENT chip, the use of the SRI system for speech recognition, and the challenges of handling noisy data. Participants discussed techniques like mean subtraction, spectral subtraction, and the use of VAD (Voice Activity Detection) to improve speech recognition accuracy. They also discussed the impact of reverberation, the use of different datasets like TIMIT and Switchboard, and the implementation of various signal processing techniques. Additionally, the group discussed the potential of using the cubic root of the power spectrum and the application of Wiener filters for noise reduction. The meeting also included discussions on the implementation of the VTS (Vector Taylor Series) method and the use of different normalization techniques.",qmsum,"Query: Summarize the meeting
",90f41f128c1a72bf88a72dfa04a77b726d6993f4379ec4df,qmsum
Answer:,en,0.5,4754,532,,"['Marketing did a usability lab-test with a hundred people and found that users disliked the ugly look of current remote controls and the market segmentation includes different attitudes towards new functions. Users felt it hard to learn new functions and they zapped a lot. The channel switch was the most popular function while the power, volume and channel selections buttons were very relevant. The market was to be segmented to different groups and most users were between thirty-six and forty-five years old and young users had different tastes about the LCD compared to the old. The speech recognition features were welcomed by the second largest group, the young but which group they should targeted remained to be discussed. Marketing concluded that less important functions should be discarded and the device should be user friendly.']"," The market findings indicated that users generally disliked the look and feel of current remote controls, finding them ugly and difficult to use. Additionally, it was found that 50% of users only use 10% of the buttons on their remote controls, highlighting the presence of many unused buttons. Younger users (ages 16-45) were more interested in new features like LCD screens and speech recognition, while older users (ages 46-65) were less interested in new features but more willing to spend money on them. The findings also suggested that the design of the remote control is crucial, as users expressed a desire for a more attractive and user-friendly design.",qmsum,"Query: What was the finding of the market?
",63f4307f60a34be95eae22709e5ab91989eb78c4ad10531b,qmsum
Answer:,en,0.5,6952,532,,"['The meeting was mainly about conceptual design. In the beginning, the group focused on industrial components: energy, material and interface. The industrial designer preferred traditional batteries, titanium and simple push buttons so that they would have enough money for speech recognition. After that, the group talked about LCD display and locating methods. The second topic was user interface concept, which was basically a good-looking design with few buttons. The group decided to change the colour of the assembly at an extra charge to meet special needs. To make a smart controller, they mentioned speech recognition and user identification. When it came to trend watching, the marketing put forward three noteworthy aspects - being fancy, technologically innovative and useful. The group agreed to follow the trend but the specific design was not decided.']"," The meeting focused on discussing the conceptual design of a new remote control. Key topics included the choice of materials (such as titanium and rubber), the type of interface (push buttons vs. LCD displays), and the integration of features like speech recognition. The team also discussed design trends, emphasizing a ""fancy"" look and feel, and considered the feasibility of incorporating elements like spongy materials, fruit and vegetable-inspired designs, and color options. The meeting concluded with plans to create prototypes using modeling clay and to explore two main design directions: a spongy, fruit-inspired design and a titanium-based design. The team also decided to proceed with a basic design that includes a simple interface, batteries, and a focus on aesthetics and user-friendliness.",qmsum,"Query: Summarize the whole meeting.
",9a8063232ff3eaa5b36ef3cba810f8bdcb99f8b23620cd9c,qmsum
Answer:,en,0.5,8192,532,,['PhD B was conducting an experiment to improve the backend performance of the Aurora recognizer. The goal was recognizing the HTK system by challenging the canonical paradigm.']," The discussion focused on improving the back-end recognizer for the Aurora task by analyzing the current system's performance. PhD B discussed an experiment where they compared the original system trained on mel cepstral features with an optimized version using the HTK system. They found that the original system's performance was similar to the optimized version. They also explored adjusting the number of states in Hidden Markov Models (HMMs) to better match the actual word lengths, which could improve recognition accuracy. Additionally, they considered the impact of model complexity and computational resources, suggesting that simpler models might be more practical for real-world applications.",qmsum,"Query: Summarize the discussion on improving the back recognizer for the Aurora task
",4412a0516765800018512529526321ca4a924fada9e4a139,qmsum
Answer:,en,0.5,4809,532,,"['The color of the prototype was yellow and the material was half rubber and half plastic with a company logo. Moreover, it could be curved inside to cover the buttons which were big and blue except the power button. Besides, both the button and joystick could switch the device off and the joystick was especially designed to control the channel and volume to make the device more fashionable. The team agreed that it was overall a good design.']"," The User Interface introduced the prototype of the remote control by describing its physical features, such as its color (yellow), materials (rubber and hard plastic), and design elements like the joystick for volume and channel control, as well as the placement of buttons and the use of a LCD display.",qmsum,"Query: How did User Interface introduce the prototype of the remote control?
",e0d4f5b971b7fafacd2c38ac34ac2eb514b590f6e89dbfe9,qmsum
Answer:,en,0.5,4757,532,,"['Project Manager questioned the reason why not to use two batteries and Industrial Designer argued that two batteries would enlarge the size and thus, make the cost rise. Project Manager also questioned the button design.After discussion, they agreed that the menu button will only work on the newer televisions.']"," The Project Manager questioned the Industrial Designer about the location and name of the presentation file, and later asked about the content of the presentation, specifically the working design of the remote control.",qmsum,"Query: What did Project Manager question about the Industrial Designer's presentation?
",26341aee783d9a99e9ded367172975abf2f39d62d8fbf62e,qmsum
Answer:,en,0.5,8984,532,,"['When User Interface mentioned about the new developments they would include, Industrial Designer asked about what a spinning wheel with the LCD display was. User Interface explained that it was a wheel but not separate buttons. Marketing supplemented that it was a fast wheel to control over. Industrial Designer agreed on LCD with spinning and would include it into the design.']"," The Industrial Designer thought the scroll wheel was a good option, but noted that it might not be the best choice for a remote control due to potential usability issues. They also mentioned that the scroll wheel is a recent development by the company and can be used with either a regular or advanced chip. However, they expressed some hesitation about its practicality for a remote control.",qmsum,"Query: What did Industrial Designer think of the scroll wheel when presenting the user interface?
",3c20063825daaab20d854f6316d64b98e5c8a99bfebc5374,qmsum
Answer:,en,0.5,10507,532,,"['Besides the crisis care, Vaughan Gething also claimed that they did not stop the perinatal mental health service either. However, there were still some problems. For example, because of the shut down of many public services, there might be not enough inpatient care for the pregnant, and less women were willing to resort to such service during the outbreak. Therefore, apart from providing enough inpatient care like the hospital beds, they would also pay attention to how to encourage the mothers to enjoy their service.']"," Vaughan Gething expressed that the Welsh Government continues to provide perinatal mental health services, which are essential and not reduced due to the pandemic. He emphasized the importance of these services for the mental health of pregnant women and highlighted the ongoing commitment to ensure they remain accessible and effective.",qmsum,"Query: What did Vaughan Gething think of the perinatal mental health service when discussing the long-term special care for the pregnant women?
",6e0eaedbec902c0ef5fcb6f6c8408969a7d353db9d9c2ce3,qmsum
Answer:,en,0.5,14011,532,,"['The participants went over the results of the most recent experiments, discussing future directions to take. Adding in more languages was still decreasing model performance. The best network consisted of the TIMIT and noise. The team thought that they should try to reduce their dependence on noise in the data. The Professor outlined how they could continue their experimentation.']"," The meeting discussed recent experiments and results related to neural networks and speech recognition. They reviewed the impact of different features, such as PLP and MFCC, and the effectiveness of using delta and delta-delta features. The group discussed the performance of various models, including the impact of using different training sets and the importance of on-line normalization. They also explored the potential of combining features and neural network outputs, and considered the impact of different training data on performance. The discussion also included the challenges of using different languages and the importance of proper normalization and feature selection. The group concluded that while some methods showed promise, there were still many open questions and areas for further research.",qmsum,"Query: Summarize the meeting
",c51d91b59219381d853e798c0af85cf38754d61186e33b2e,qmsum
Answer:,en,0.5,10511,532,,"['Lynne Neagle pointed out that due to the outbreak of the pandemic, more people reported depression and committed suicide. To deal with the harsh problem, they might have to carry out a review over the accidental mortality through the period. At the same time, Vaughan Gething suggested that even if most public services were shut down, the mental care, especially the perinatal mental health service, could not be stopped, just in order to support the vulnerable people.']"," The group discussed the impact of the pandemic on mental health, including the potential increase in suicide rates among children and young people. They also addressed the importance of providing adequate mental health support and services for pregnant women, emphasizing the need for continued monitoring and the development of long-term strategies to ensure their well-being.",qmsum,"Query: What did the group talk about the evaluations on the increasing suicide crimes during the COVID-19 and the long-term special care for the pregnant women?
",5951181e325d441c3dcd613014af0005a6c50daabfc58002,qmsum
Answer:,en,0.5,20282,532,,"[""The Prime Minister explained that the government recognized that several organizations and companies were facing difficulties because of COVID-19 and they were supporting people all over the country through that program. Although the opposition party was getting rigorous about the intensity of the question, the Prime Minister kept emphasizing that the government's priority had always been workers in difficulty so that they do not lose their jobs. This applied to all organizations and companies in the country to the extent possible.""]"," During the pandemic, the opposition party and the Prime Minister discussed the impact of the pandemic on businesses and the need for government support. The Prime Minister emphasized the importance of supporting businesses and workers, while the opposition criticized the government's response, arguing that the government's programs were not adequately addressing the needs of small businesses and workers. The Prime Minister highlighted the government's efforts to provide financial support, while the opposition argued that the programs were too rigid and needed adjustments to better support businesses and workers during the pandemic.",qmsum,"Query: What did the opposition party and the Prime Minister commented about companies laying off workers in the midst of pandemic?
",a0d685f51d4520fac9c8c7139e76c889302e3f6f98cb8d81,qmsum
Answer:,en,0.5,6026,532,,"['Firstly, User Interface suggested trendy and one-color cases, good icons on the big buttons since they would be recognizable and excite the young people. Secondly, Industrial Designer introduced that young people favored soft materials and primary colors, but trendy design on the button and the use of LCD display would increase cost since the budget had always been a big problem. Moreover, the team would aim at the younger market based on the decision of the former meeting and agreed that to make the device more profitable they should sell the product for longer than one year. The team also discussed the button function of the remote control but they had not come to an agreement. Lastly, Project Manager decided on a normal battery and no kinetic to control the budget.']"," The meeting discussed the design and functionality of a new remote control, focusing on user interface concepts, material choices, and cost considerations. The team explored features like scroll buttons, menu systems, and the use of a display (L_C_D_). They debated the use of colors, shapes, and materials, with a focus on appealing to younger audiences. The team also discussed the costs associated with different components, such as batteries, chips, and materials, and decided to create two concepts: one with an L_C_D_ and one without. They planned to finalize the designs and present them in a future meeting.",qmsum,"Query: Summarize the whole meeting.
",fb9ca77d269a3d56b656f5a9a3c497c6374b61fd92066df3,qmsum
Answer:,en,0.5,11178,532,,"[""Marketing thinks that if they don't have a bit of titanium between the two fronts, users may get problems with the LCD screen, like some dust in it — because people have always all kinds of filth between the mobile, when people exchange all the fronts, the control is open. And the group decides to have a bit of titanium in between, and with the curved edge.""]"," The group discusses the problem of dust in the control by considering the design of the remote, specifically the potential issues that arise when exchanging fronts. They discuss the importance of having a secure and clean design to prevent dust from entering the device, especially when the front is removable. They also consider the use of materials like titanium and plastic to ensure durability and ease of cleaning.",qmsum,"Query: What does the group discuss on the problem of dust in the control?
",2089ef31097ecaa4f1bda64e55713637ac9132447c529382,qmsum
Answer:,en,0.5,11886,532,,"['Grad F informed the team that he was building a system that classified intermediate categories with multi-band techniques. Then, to reduce error for phoneme recognition, the intermediate categories could be added to improve performance. The method could be replicated for large vocabulary tasks like switchboard.']"," Grad F believed that using a reasonable set of intermediate categories, such as regular phonetic features, could help build a system for phoneme recognition. He suggested starting with a manageable set of intermediate categories to reduce errors in phoneme recognition, and then iteratively refining these categories based on the errors observed.",qmsum,"Query: What did Grad F think about intermediate categories?
",c89e36776d5ceeb609d0033cb4d2fb227500190a519e297b,qmsum
Answer:,en,0.5,12329,532,,"['In this part, the meeting talked about the affordability of £4.50 amount (the universal amount) and add-ups for some cases. The group separately discussed the situation of families of different incomes levels and different areas.']"," The discussion centered around the £4.50 hourly rate for the childcare service, with the Minister, Huw Irranca-Davies, emphasizing that this rate is a simplified, universal rate that is welcomed by parents. He noted that while the rate is currently appropriate, it may need adjustment in the future, especially in more expensive areas like Cardiff and Newport. The rate was compared to the complex, variable rates in England, and the discussion highlighted the need for a centralized system to reduce administrative burdens and improve accessibility for families. The rate was also discussed in the context of the broader childcare offer, which includes 10 hours of early education and additional hours of childcare, with the £4.50 rate being a contribution towards the wraparound childcare element. The discussion also addressed concerns about the potential for creating a two-tier system where wealthier families could access better care through add-ons, but the Minister emphasized that the current rate is appropriate and that the system is being evaluated for possible future adjustments.",qmsum,"Query: Summarize the discussion about hourly rates of the service.
",5190386bb6fc900f09a0d14bcd2400d1f556e932722cb09b,qmsum
Answer:,en,0.5,12333,532,,['Huw Irranca-Davies mentioned two things that their teams learned from early implementer areas. The first one was how to deal with bureaucracy and the second was about communication with both parents and pilot authorities.']," The two lessons that can be learned from the early implementer areas are: 1) The administrative burden of the current approach is significant, as it requires parents to provide extensive documentation, which can be challenging for families with complex backgrounds. 2) There is a need for improved communication to address the confusion and concerns of parents who are not in the pilot areas, as well as those who are.",qmsum,"Query: What were the two lessons that can be learned from early implementer areas?
",10c03d597a3478f601be3286b2671d5f1c27f944488b74be,qmsum
Answer:,en,0.5,7881,532,,"['The User Interface affirmed their previous efforts at first, but he thought that was not enough, so he went on to propose that they might consider buying another face plate and include a touch screen. In terms of the buttons on the screen, the User Interface found the existing problem that some of the buttons would be stuck in the screen and not so easy to be found and touched, so he suggested making those essential buttons in conspicuous colours like red.']", The User Interface thought their previous suggestions were good and agreed with the idea of using voice recognition and a non-traditional remote design. They also appreciated the idea of incorporating a more organic and natural design elements into the remote control.,qmsum,"Query: What did the User Interface think about their previous suggestions when discussing the user interface?
",d0e735b5709aecfc3b98bc0e4bf071d35096c7f39c0dcce0,qmsum
Answer:,en,0.5,23785,532,,"['The Prime Minister clarified that while young people are in need of funds, especially due to loss of income over the summer, they are also in need of work experience. The government would start providing the Canada emergency student benefit which will assist in this by making both jobs and money available.']", The Prime Minister mentioned that the government is working with seasonal industries and different regions to ensure that students can access the Canada Emergency Student Benefit (CESB) and that the government is working to provide students with the necessary support and opportunities to gain work experience and financial assistance during the pandemic.,qmsum,"Query: What did the Prime Minister say about students?
",8b1565c7ab08cc53f1efa1e359953a8df2f700b2797b7cfd,qmsum
Answer:,en,0.5,1789,532,,"['Project Manager believed that it could not be heavy. Industrial Designer indicated that fewer and bigger buttons are better and should be bust-free, for instance, rubber could be used on it. Industrial Designer also suggested that when users push a button, they could hear some sort of bleep. User Interface suggested a LED on the corner and not too expensive material like plastic could be used. Marketing added that it should look nice for better sales and should work with as many as possible of existing products listed on their website. Industrial Designer also concluded that it should be battery-saving.']"," The decision for the remote control's feature design includes creating a user-friendly, original, and trendy remote with a focus on usability. Key features include a design with large, easily identifiable buttons, a built-in LED indicator to show battery life, and a durable, drop-resistant construction. Additionally, the remote should be compatible with multiple devices (TV, DVD player, satellite receiver, etc.) and have a minimalistic design with a focus on functionality and aesthetics. The team also discussed the importance of a budget-friendly material choice, such as plastic, and the need for a design that is both visually appealing and practical for the target market.",qmsum,"Query: What's the decision of remote feature design?
",1bcc88ac7d093359f8141e3c134965acf095f900f09113e3,qmsum
Answer:,en,0.5,20275,532,,"['The minister argued that it was very important to be transparent with our investments and the government would look at the investments and the figures every day and be transparent about it. The minister promised that Canada would have a good economy in the future, and the government would not raise taxes after the crisis to tackle the deficit. Hence, the opposition party demanded a regular economy update.']"," The government's policy to ease the deficit involved implementing a combination of fiscal measures, including the introduction of new programs such as the Canada Emergency Wage Subsidy (CEWS) and the Canada Emergency Rent Subsidy (CERS). These programs aimed to support businesses and workers affected by the pandemic, thereby helping to reduce the deficit by maintaining economic activity and preventing further economic downturn. Additionally, the government aimed to manage the deficit by focusing on long-term fiscal responsibility, including the implementation of new tax policies and the reduction of unnecessary expenditures.",qmsum,"Query: What policy the government was going to roll out to ease the deficit?
",29bd27b3dc5f36b5e0d9af37ebe5ac75819d7507ab9d13f9,qmsum
Answer:,en,0.5,10506,532,,"['The group mentioned that the vulnerable children and adequate social support should be carried out through the outbreak of the pandemic to protect them from infection or other mental and physical problems. The situation seemed awkward. However, fortunately, the group found that there were still enough staff available to offer mental support to those children. In terms of the children in foster, they thought the key problem at present was to ensure their living environment in the foster homes.']"," The priority for vulnerable children is ensuring they receive adequate social support, including access to essential services, mental health care, and educational support. The Welsh Government has emphasized the importance of maintaining contact with vulnerable children through various means, including technology, and has implemented measures to ensure their well-being. Additionally, the government has recognized the need for flexible and adaptive support systems to address the unique challenges faced by vulnerable children, especially during the pandemic.",qmsum,"Query: Summarize the problem of the priority for the vulnerable children and adequate social support for those who were in foster.
",2e714029680f4f3e0e47e17fecc1114de8bd4fe86681f2c4,qmsum
Answer:,en,0.5,13869,532,,"[""Dawn Bowden proposed the topic of pay dispute and asked what could be done as a Government to try to get parties back round the table and solve this dispute. Eluned Morgan thought this was about ColegauCymru's negotiation, and they were keeping a close eye on this situation. Eluned Morgan thought it would be fair to wait until they get further along down the line. Then Eluned Morgan had a detailed explanation about what they had done, including listening and speaking to ColegauCymru, and they were aware of what the unions were saying as well. Furthermore, Eluned Morgan said they would wish to see pay equality in relation to teaching, but details in relation to this should be waited until the outcome of the negotiations of ColegauCymru. They were aware of all those situations and they knew they were going to have to deal with it in the future.""]"," The discussion focused on the pay dispute in further education (FE) colleges, with concerns raised about the potential impact on staff retention and recruitment. The Welsh Government emphasized the importance of resolving the dispute to ensure the continued operation of FE colleges. The discussion highlighted the need for a fair pay settlement and the potential for industrial action if the dispute is not resolved. The Welsh Government expressed its interest in facilitating a resolution to the pay dispute, but emphasized that the negotiations are between the FE colleges and their staff. The Welsh Government is not the employer and therefore cannot directly intervene in the negotiations. However, the Welsh Government is keeping a close eye on the situation and is prepared to take action if necessary.",qmsum,"Query: Summarize their discussions on pay dispute situations.
",2cd681b2816d7918b9233e089eac9cd6dd977df9789ba125,qmsum
Answer:,en,0.5,10510,532,,"[""When discussing the evaluations on the legitimacy of the children's rights, protection and demands, Julie Morgan mentioned that they had carried out an online survey to look into the children's thoughts and demands over the pandemic.The survey involved what did the children do through the lockdown, what they thought about the measures that Welsh government and their schools had taken, and whether they were looking for the reschooling. With those questions, the group was meant to have a more overall idea of the children's rights and demands in order to care for them better during this period.""]"," Julie Morgan elaborated on an online survey that the Welsh Government is launching to gather children's perspectives on the impact of the coronavirus pandemic, their experiences with education and services, and their views on the measures taken. This survey aims to understand the challenges children face and their needs, which will inform future policies and support systems. The survey is being conducted in collaboration with the Children's Commissioner, Young Wales, and the Youth Parliament.",qmsum,"Query: What did Julie Morgan elaborate on the online survey when talking about the evaluations on the legitimacy of the children's rights, protection and demands?
",8d457d23bd54c7a04f340ddd350bbbf47bdfc265b643f1bd,qmsum
Answer:,en,0.5,14016,532,,"['PhD A thought that most of the nets are not that good, except for the multi English. MSG was not bringing as much information as he thought it would. He explained that even when the features were not normalized, the neural network would perform at 90%, as it would with normalization.']"," PhD A believed that the results showed that using the neural network with PLP features and delta information significantly improved the accuracy. However, the addition of MSG features did not provide a significant improvement. PhD A also noted that the results indicated that the neural network could be beneficial when the training data is similar to the test data, but it might not be as effective when the training and test data are different. Additionally, PhD A suggested that the results indicated that the use of delta features was important for improving performance.",qmsum,"Query: What did PhD A think about the results?
",78f6c42056bd08025eeed815449c24526a051751d7c415fd,qmsum
Answer:,en,0.5,6954,532,,"[""To follow the trend of fruit and vegetable, there were two options: something in titanium and smelling like fruit, or something spongy and fruity-like. The industrial designer would explore these two choices and he also suggested having two different assemblies, but the project manager said they couldn't have both. The project manager also mentioned another solution - painting the controller to pretend that it was titanium. The group didn't make a final decision.""]"," The discussion about appearance design focused on creating a remote control that is both ""fancy"" and ""fashionable,"" with an emphasis on aesthetics over functionality. The team considered using materials like titanium and rubber, with a preference for a ""spongy"" and ""fruit and vegetable"" inspired design. They discussed the importance of a visually appealing product that aligns with current trends, such as using natural shapes and colors, and incorporating elements like spongy textures and fruit-like colors. The team also considered the possibility of making the remote control customizable with different colors and shapes to cater to individual preferences.",qmsum,"Query: Summarize the discussion about appearance design.
",4e1937467ae3cb3406cbd0cc8ed25b5ce4e83dab44febccd,qmsum
Answer:,en,0.5,10200,532,,"['To start with, Bethan Owen first pointed out that figures showed that the percentage of income that had come from research in Wales was smaller than that in England, so the Welsh universities were receiving less of the money that was available, which was a factor that resulted from having less QR as a percentage. To tackle this issue, the government had provided funding in 2017-18 and 2018-19 to WISERD Education, which was a research collaboration between a number of the Welsh universities, specifically looking at educational issues. However, it was still early to see how allocation for 2019-20 would work.']"," The allocation for 2019-20 contributes to educational research by supporting initiatives like WISERD Education, a collaborative research effort among Welsh universities focused on educational issues. Additionally, the allocation includes funding for educational research through the support of projects that align with the Welsh Government's educational policies and initiatives, such as the evaluation of the three-to-15 curriculum. This funding helps to advance educational research and its application in policy development and educational practice.",qmsum,"Query: How would the allocation contribute to educational research?
",8684df04bd344a18f0767a3276fb4d0848b31db0ee52316b,qmsum
Answer:,en,0.5,12644,532,,"['After the demo, the focus of research can switch towards purely scientific goals, including issues on ontology, deep semantic constructions, execution engines etc. Moreover, a new system will be designed for the project and at least some parts of it should be built.']"," After the demo, the group would shift focus to scientific research, moving away from the applied project to explore fundamental issues. They would also work on formalizing the system's structure and integrating it with the belief-net project, aiming to create a robust framework for understanding and generating language. Additionally, they would focus on developing a shared understanding of the system's components and how they can be utilized for future research and development.",qmsum,"Query: What would happen after the demo?
",a9db92bf70da64873396c0a61a99a736ae4f2191a1c368df,qmsum
Answer:,en,0.5,11299,532,,"['This meeting was about the functional design of the remote control. Firstly, the Project Manager mentioned new requirements including one recognizable button in the middle, the handy design, rubber materials and they would not use teletext. Next, Marketing presented on functional requirements including a fancy look, ease of use, and the LCD as well as speech recognition. Then, Industrial Designer introduced technical design and working design on remote interfaces. Lastly, User Interface presented on component design and the group decided to adopt a user-centered approach to reduce the main buttons and put a big circle in the middle with the power button, channel, and volume buttons.']"," The meeting focused on designing a new remote control, with discussions on user preferences, functional requirements, and design considerations. Key points included the need for a user-friendly design with a focus on younger audiences, the importance of a clear and intuitive layout, and the inclusion of features like an LCD screen and voice recognition. The team also discussed the importance of a recognizable company identity and the need to balance functionality with aesthetics. The meeting concluded with a decision to proceed with a design that includes an LCD screen, with further discussions on cost and implementation.",qmsum,"Query: Summarize the whole meeting.
",5255f8fb6009436b504bff67efebd701422e33fa2d604676,qmsum
Answer:,en,0.5,6030,532,,"['There were two groups, the young and trendy, and the old and rich. For the first group, they would like fruit and vegetables as a theme for clothes, shoes, and also products. And for the material, a spongy feeling one would be better. But the old and rich would like dark colors, simple, and recognizable shapes as well as familiar material, wood especially.']"," The Marketing team discussed findings from market trend research, highlighting that younger consumers prefer products with soft, curved, and rounded designs, using primary colors like yellow, red, and other vibrant colors. They also mentioned that younger people prefer materials like rubber and plastic, and that they are more likely to purchase products that are visually appealing and easy to use. Additionally, they emphasized the importance of keeping up with trends to ensure the product remains relevant and appealing to the target market.",qmsum,"Query: What did Marketing talk about market trend findings?
",c0397164ffe22014a21e40af053ca9703cdc78677d20472d,qmsum
Answer:,en,0.5,9193,532,,"['The User Interface first pointed out that they did not use the whiteboard at all, neither did they use the pen as well. However, according to Marketing, it was quite understandable that due to the room constraints, such devices were not used. But the worse problem was that they did not receive as many notes as they wanted, the Marketing even received no reply after he wrote his coach.']"," The group reflected on their meetings and progress by discussing the design and development of a remote control with voice recognition capabilities. They discussed the prototype's features, such as the use of a rubber coating for durability, the inclusion of a slide-out panel for advanced functions, and the decision to use a non-touchscreen interface with large buttons. They also discussed the challenges of staying within budget, the importance of teamwork, and the need for creativity in design. Additionally, they reflected on the process of collaboration, the use of technology, and the importance of communication in achieving their goals.",qmsum,"Query: What did the group talk about as their reflection on the meetings and their progress?
",2788a5aed47e75ec6c72b3023be8031f6cd35efec976db4f,qmsum
Answer:,en,0.5,6954,532,,"['The industrial designer provided several options respectively for energy, material and interface. Among these options, the industrial designer preferred traditional battery, titanium and simple push buttons so that they would have enough money for speech recognition. After that, the user interface designer proposed an LCD display only for output, which might be taken into account. The group also talked about how to enable the users to find their controllers.']"," The discussion about industrial components focused on selecting materials for the remote control's design, including options like plastic, rubber, and titanium. The team decided to use titanium for its aesthetic appeal and durability, despite its higher cost, while considering the feasibility of manufacturing curved shapes. They also discussed the use of batteries instead of solar cells due to practicality and cost-effectiveness. Additionally, they explored the integration of speech recognition technology and the importance of a user-friendly interface.",qmsum,"Query: Summarize the discussion about industrial components.
",fa8c057c5f731a94c02ccb7858ad9d93b508df9b6f3b7f4d,qmsum
Answer:,en,0.5,9366,532,,"[""This meeting was about the detailed design. Firstly, User Interface presented on the prototype, including the shape, the size of the remote and the user interface including the buttons and the scrolling wheel. Next, the group had an evaluation criterion on the prototype. They scored an overall six point five average on the prototype and thought they had done well on it. Then, the group had a discussion about project finance. The group decided not to have a sample sensor and the locator because they had a production cost of 12.5 Euros. Lastly, the group had a discussion about the project process, including the use of a pen, the whiteboard and the PowerPoint. Also, the group was satisfied with Project Manager's leadership and Project Manager also mentioned that their costs were within the budget as well as some admin work.""]"," The meeting involved a final design review for a new product, focusing on a remote control shaped like a banana. The team presented their design, discussed evaluation criteria, and addressed financial constraints. They evaluated the design's usability, aesthetics, and functionality, and made adjustments to stay within budget. The team also discussed the project's process, challenges, and future improvements, ultimately concluding that the design was successful and within budget.",qmsum,"Query: Summarize the whole meeting.
",a604016698c42f5694326bbba28d66f628f218a5cf6f7d89,qmsum
Answer:,en,0.5,12783,532,,"['The group discussed recognition results generated for 20 minutes of close-talking microphone data. Recognition performance was very good, indicating promising results for forced alignment procedures and the ability to analyze other important signal information, e.g. prosody and overlapping speech. It was decided that close-talking data should be downsampled and fed to the SRI recognizer to compare recognition performance, and that data from the far-field microphones should be tested on the recognizer as soon as possible. The group also discussed recording setup and equipment issues. ']"," The general discussion in the meeting revolved around the setup and use of wireless microphones, the results of a speech recognition system, and the challenges of data collection and processing. The group discussed the setup of microphones, the issues with the speech recognition system, and the need for proper data handling and processing. They also discussed the use of different microphones, the importance of proper microphone placement, and the challenges of data collection and processing. Additionally, they discussed the use of different microphones, the importance of proper microphone placement, and the challenges of data collection and processing. The meeting also covered the setup of the speech recognition system, the issues with the system, and the need for proper data handling and processing.",qmsum,"Query: What was the general discussion?
",fb7891826fb3f47e3750d45365e8c0c97e23613752335cc0,qmsum
Answer:,en,0.5,19654,532,,['The group aims to collect over 100 hours of Meeting Recorder data in total. Speaker consent forms are being revised. It was suggested that subjects should sign a new consent form after 10 recording sessions.']," The future of data collection involves expanding the current dataset by recording more meetings, including those with political content and other types of discussions. The team plans to continue recording meetings, aiming to collect a significant amount of data, potentially reaching over a hundred hours. They also plan to explore additional data sources, such as radio shows, and collaborate with external groups to enhance their dataset. The goal is to collect a diverse range of meeting types to better understand and analyze human interaction in various contexts.",qmsum,"Query: What was the future of data collection?
",2cc7738467d6098ff04980af3f7cd9ef3610f97d63a8c211,qmsum
Answer:,en,0.5,9188,532,,"['The group briefly talked about their agreements of the past meetings. They were all concerned with the interchangeable user interfaces and they agreed to make it more natural-looking and multi-faces. The Industrial Design then mentioned the issue of the material. They decided to use a rubber coat in case the remote control would be damaged when being dropped occasionally. After most details were checked, the Project Manager turned to the budget problem. It is quite essential for them to be both environmentally friendly and economic.']"," The review of past meetings highlighted issues such as unclear roles and communication, inconsistent information sharing, and a lack of structured brainstorming. There were also concerns about the lack of a clear project timeline and the need for better coordination and communication among team members. Additionally, there were discussions about the need for more structured documentation and clearer expectations for each team member's responsibilities.",qmsum,"Query: Summarize the review of some problems from the past meetings.
",30051e7f58ab4869cb0d06c302b96d628ef87eec2d64fa4a,qmsum
Answer:,en,0.5,4802,532,,"[""Firstly, User Interface introduced the prototype of remote control based on the previous discussion of its function. The prototype was half rubber and half plastic with a yellow case. Secondly, Marketing designed an evaluation test under the guidance of the market trend as well as the customers' taste and the team gave one to seven points to each feature of the product.Thirdly, the team found that the current product exceeded the budget, so the team decided to discard joystick and use only one material with the normal color but the team agreed to keep the LCD as well as the advanced chips. Lastly, the team gave positive feedback on the project and the process.""]"," The meeting involved a team discussing the design and evaluation of a new remote control prototype. The team reviewed the product's features, such as its color scheme, materials, and functionality, including the use of a joystick and LCD display. They evaluated the product's design, usability, and cost-effectiveness, considering factors like target market, technological innovation, and pricing. The team also discussed potential cost reductions, such as replacing the joystick with buttons and adjusting materials, to make the product more affordable. The meeting concluded with a decision to make changes to the design to reduce costs and improve usability, followed by a summary of the evaluation results and next steps.",qmsum,"Query: Summarize the whole meeting.
",c0534dea030f2e295fce90c3249f37a019aa216a8716a032,qmsum
Answer:,en,0.5,6385,532,,"['They want to keep the cost under 12.50 euros by controlling the materials, and they want to sell them internationally for 25 euros, with a target of 50 million euros worldwide. So they wanted the remote to be compatible with most TVS in the world, or at least all the TVS they make.']"," The group's marketing strategy involves creating a universal remote control that is original, trendy, and user-friendly. They aim to design a remote that is compatible with various devices like DVD players and televisions, with a focus on international usability and cultural adaptability. The remote should have a modern design, intuitive button placement, and be customizable with different colors and shapes. Additionally, they plan to conduct market research, analyze competitors, and ensure the remote is both functional and aesthetically appealing to appeal to a global audience. The team also plans to use the insights from the meeting to develop a detailed design and marketing plan for the product.",qmsum,"Query: Summarize the group's plan of their marketing strategy.
",4cef52b157fa90da2563ef28624ba261f062834c9504b8d2,qmsum
Answer:,en,0.5,6955,532,,"['The user interface designer presented a good-looking design with few buttons. As for the colour, the user interface designer suggested making a backlight of the LCD screen with different colours, but this was denied due to the high cost. Then the industrial designer recommended changing the colour of the assembly at an extra charge to meet special needs. Light and infrared were also taken into consideration to make the controller glow in the dark. In order to make a smart controller, the group mentioned speech recognition and user identification.']"," The discussion about the user interface concept focused on the type of interface to use, such as push buttons or a liquid crystal display (LCD), and whether to include supplementary features. The team decided to use push buttons due to their cost-effectiveness and simplicity, while also considering the inclusion of speech recognition technology. They also discussed the importance of a user-friendly design that balances functionality with aesthetics, ensuring the interface is intuitive and aligns with user expectations.",qmsum,"Query: Summarize the discussion about user interface concept.
",5dbc2db3da6a9bdb08c6a8e2cbe75a5e5eea7df3c933c0f0,qmsum
Answer:,en,0.5,11310,532,,['Marketing mentioned that the research found it would be costly for the speech design and suggested considering LCD screens. Industrial Design suggested that they would consider both and see what they could find. The group all agreed on it.pressing the button.']," The group concluded that an LCD screen is important for the remote control, as it is considered a key feature for the target audience. However, they also acknowledged that speech recognition is more complex and costly, and thus, it was not included in the final design.",qmsum,"Query: What did the group conclude on LCD screens and the speech recognition suggested by Marketing?
",cee51c4c954baf996a9ed3267be5110df2d8f0cf5ff018f4,qmsum
Answer:,en,0.5,8489,532,,"['When Marketing mentioned about the long battery life, the group came up with the locator that the remote could beep when users clapped. Also, this function should be designed to not beep every five minutes so that users would not like the remote. The group mates agreed on it and thought it was an interesting and excellent idea.']"," The group considered a locator feature to help users find the remote control if it was lost, as it could be difficult to locate in a home environment. This feature was discussed as a way to enhance user experience by making the remote control more easily findable.",qmsum,"Query: Why did the group think of the locator when presenting the functional requirements?
",274323138561357bf8a1fbd2e63863add766d5587fbe69dc,qmsum
Answer:,en,0.5,3234,532,,"['The point of this discussion is that the group should optimize buttons and switch designs, adjust the number and size of buttons and their functions, filter out unnecessary functions, reduce the number of buttons and replace them with screens to enhance the applicability of remote controls, just like mobile phones.']"," The group decided that the remote control should be original, trendy, and user-friendly, with a focus on functional design. They emphasized the importance of making the remote control robust, child-proof, and colorful. The design should be simple, with a focus on usability, and include features like a small size, a minimal number of buttons, and a user-friendly interface. The team also discussed the idea of a universal remote control that can be used for various devices, but also considered the possibility of a targeted remote control for specific functions. The design should also include features like a small size, a minimal number of buttons, and a user-friendly interface.",qmsum,"Query: Summarize the decision of the discussion about function design.
",b1ec1680b7b16c8dd4518e141d376a45572111aa1fbe1436,qmsum
Answer:,en,0.5,8483,532,,"['The group had a discussion about the target age group and they agreed to look at 15 to 35 year olds. Also, they decided to make it look simple, but still have those key buttons so it would be easy to use. Lastly, the group agreed to include one sort of menu button and voice recognition as an option.']"," The group discussed the general requirements for the remote control, focusing on its target group and functions. They decided to target a younger audience, specifically those aged 15-35, as they are more likely to appreciate a stylish and functional design. The remote should be simple, user-friendly, and include essential functions like channel switching, volume control, and basic navigation. They also considered the inclusion of voice recognition as an optional feature, though it requires further evaluation due to potential technical and cost challenges. The group emphasized the importance of a clean, intuitive design that aligns with user needs and market trends.",qmsum,"Query: Summarize the group discussion about general requirements.
",cce23622045135fe365469483bad6bbe18af6cea038052db,qmsum
Answer:,en,0.5,9368,532,,"['The production cost was 12.5 Euros. So, the group decided to have one simple battery, no kinetic energy, no solar, one advanced chip on print, one sample speaker, one single-curved surface which can be folded, push-buttons, the scroll wheel, the LCD display. And they decided to give up the sample sensor as well as the locator.']"," The discussion about project finance focused on ensuring the design and production costs remain within the budget. The team discussed the need to cut costs by removing non-essential features like the locator and the scroll wheel, and by simplifying the design. They also considered the cost of materials, such as the use of rubber for the remote, and discussed the potential for cost savings by using a single-color option instead of a more expensive special color. The team concluded that the project is within budget, with some minor adjustments made to ensure financial feasibility.",qmsum,"Query: Summarize the discussion about project finance.
",6a093742535636fe9687002f2db47be1d5af18de447655fe,qmsum
Answer:,en,0.5,10205,532,,"['Dr David Blaney introduced that the first was the impact of the demographic dip of 18-year-olds and as a result there was an increased pension cost generally. Second, current uncertainty also came as a result of the political environment like the Augar review in England and Brexit. This might deepen the funding gap. Third, due to the political decision to invest in students, universities were faced with challenges of providing more services under limited funding.']"," The three main causes for the financial challenges facing the universities are: 1) the impact of the demographic dip of 18-year-olds, which is deeper and longer in Wales than in the rest of the UK; 2) increased pension costs and general costs; and 3) current uncertainty due to the Augar review in England and the impact of Brexit.",qmsum,"Query: What were the three main causes for the financial challenges facing the universities?
",56aa2c5a89761478c2169cfc6050acf5d84842c294d3b9fb,qmsum
Answer:,en,0.5,5990,532,,"['After coming up with the idea of multi plates, the Industrial Designer asked to give the remote control a name and patent it. Within a brief discussion, they named it as Leopard Print out of the hope that it would also be helpful in cold winter days.']"," The Industrial Designer recommended considering the material quality of the remote control, suggesting that using a nice material would help the remote stand out from other, cheaper universal remotes. This recommendation was made to ensure the product's quality and appeal.",qmsum,"Query: What did the Industrial Designer recommend to do when discussing the naming of remote control and why?
",44c1e3d51ee56bb2e0496c09966a0d75766e517d44b59672,qmsum
Answer:,en,0.5,10510,532,,"['When it comes to continuing mental health service during the lockdown, Vaughan Gething insisted that it was of great necessity to carry out a mental health recovery plan that with such a system, government can ensure the children could enjoy a healthy mental state during the school lockdown. However, at present they had not yet finished a detailed research in this job for that they were still under the cooperation with health boards to get a whole perspective of the situation.']"," Vaughan Gething believed that the mental health recovery plan should be informed by the understanding of the impact of the pandemic on children's mental health and well-being. He emphasized the importance of ongoing support services and the need to continue providing mental health services during the lockdown, ensuring that children and young people receive the necessary support. He also highlighted the importance of understanding the long-term effects of the pandemic on mental health and the need for a comprehensive recovery plan.",qmsum,"Query: What did Vaughan Gething think of the mental health recovery plan when talking about the ways of continuing mental health service during the lockdown?
",7fb01a4aefc5e0620242bb052bbbb3b3a044e2a51de76db5,qmsum
Answer:,en,0.5,7338,532,,"[""Since the marketing and the user interface designer mentioned speech recognition in their previous presentations, the industrial designer suggested putting a simple speech recogniser on the digital signal processing chip and training the speech recogniser for particular users. However, the user interface designer concerned that it would be too complex. Then the industrial designer argued that even some simple mobile devices could have these voice dialers so it wouldn't be so sophisticated, and the marketing also said the product would be good to sell with the speech recogniser.""]"," The group discussed the potential of integrating speech recognition into the remote control design. They considered its feasibility, cost, and user appeal, noting that it could be a valuable feature for targeting younger users. However, they also acknowledged the challenges, such as the cost of implementation and the need for user training. The discussion included considerations of whether to include speech recognition in the final product and how it could enhance user experience.",qmsum,"Query: What did the group discuss about speech recognition?
",ade5c4dcd4a442994f97e0ec271c936e2e00bc66516daeb3,qmsum
Answer:,en,0.5,10201,532,,"['Bethan Owen suggested that maintaining the attractiveness of Welsh universities to students would be a key driven for solving the financial stress. Also, the research portfolio should be heavily invested in, which would also bring economic benefits.']"," Bethan Owen mentioned that there is one university in the high-risk category, five in the medium-risk category, and two in the low-risk category. She emphasized that the focus is on ensuring the sustainability and attractiveness of Welsh universities to students, as well as maintaining the research capacity and economic benefits they provide.",qmsum,"Query: What was Bethan Owen's comment towards the high-risk category?
",bc161633b40e517e2753f2f8e64afaf951851f316df3824c,qmsum
Answer:,en,0.5,4757,532,,"['Project Manager decided that the remote control should only be used on television and targeted at the biggest size of group. Corporate colour and slogan must be used on the cover. They agreed that a power button, channel switches from zero to nine, volume control, mute should be contained and a small-size menu included.']"," The team discussed several new product requirements, including the elimination of teletext due to the availability of internet, focusing only on television-related features, and incorporating the company's corporate color and slogan into the design. They also discussed the importance of user-friendly features like a clear and easy-to-use remote control, and the need to consider the target market, particularly younger users who value features like an LCD screen and speech recognition. However, they decided to prioritize the LCD screen over speech recognition due to cost considerations.",qmsum,"Query: What did the team say about the new product requirements?
",320cc6e71b63b99f2b92a2fb92b6e37cda38ca16ef4a3c97,qmsum
Answer:,en,0.5,15409,532,,"['C began by asking some questions about the recording procedure and wanted to know what excising utterances from the transcript would look like. C asked several questions to that end but clarified that the source of inquiry was curiosity and nothing more. Additionally, C wanted A to explain to the meeting participants what the experiment was for.']", Professor C believed that the recording equipment should be set up in a way that allows for the collection of high-quality audio data. He emphasized the importance of using both close-talking microphones for accurate speech recognition and far-field microphones for capturing ambient sounds. He also mentioned the need to ensure that the equipment is properly configured to capture the necessary data for the project.,qmsum,"Query: What did C think about setting up the recording equipment?
",975d4e997974135de214468ed968e79573563f68e352716a,qmsum
Answer:,en,0.5,24580,532,,"['The revised semantic specification and construction formalism are more stable than the previous versions. In the latter, we find both construction types and meaning types along with formal considerations like verb subcategorization, or the ones a ""directed motion"" construction would dictate.']", The meeting concluded that the semantic specification involves a revised semantic specification and a revised construction formalism. The semantic specification includes a semantic specification that includes a semantic specification that includes a semantic specification that includes a semantic specification that includes a semantic specification that includes a semantic specification that includes a semantic specification that includes a semantic specification that includes a semantic specification that includes a semantic specification that includes a semantic specification that includes a semantic specification that includes a semantic specification that includes a semantic specification that includes a semantic specification that includes a semantic specification that includes a semantic specification that includes a semantic specification that includes a semantic specification that includes a semantic specification that includes a semantic specification that includes a semantic specification that includes a semantic specification that includes a semantic specification that includes a semantic specification that includes a semantic specification that includes a semantic specification that includes a semantic specification that includes a semantic specification that includes a semantic specification that includes a semantic specification that includes a semantic specification that includes a semantic specification that includes a semantic specification that includes a semantic specification that includes a semantic specification that includes a semantic specification that includes a semantic specification that includes a semantic specification that includes a semantic specification that includes a semantic specification that includes a semantic specification that includes a semantic specification that includes a semantic specification that includes a semantic specification that includes a semantic specification that includes a semantic specification that includes a semantic specification that includes a semantic specification that includes a semantic specification that includes a semantic specification that includes a semantic specification that includes a semantic specification that includes a semantic specification that includes a semantic specification that includes a semantic specification that includes a semantic specification that includes a semantic specification that includes a semantic specification that includes a semantic specification that includes a semantic specification that includes a semantic specification that includes a semantic specification that includes a semantic specification that includes a semantic specification that includes a semantic specification that includes a semantic specification that includes a semantic specification that includes a semantic specification that includes a semantic specification that includes a semantic specification that includes a semantic specification that includes a semantic specification that includes a semantic specification that includes a semantic specification that includes a semantic specification that includes a semantic specification that includes a semantic specification that includes a semantic specification that includes a semantic specification that includes a semantic specification that includes a semantic specification that includes a semantic specification that includes a semantic specification that includes a semantic specification that includes a semantic specification that includes a semantic specification that includes a semantic specification that includes a semantic specification that includes a semantic specification that includes a semantic specification that includes a semantic specification that includes a semantic specification that includes a semantic specification that includes a semantic specification that includes a semantic specification that includes a semantic specification that includes a semantic specification that includes a semantic specification that includes a semantic specification that includes a semantic specification that includes a semantic specification that,qmsum,"Query: What was concluded on semantic specification?
",4629a555e4748fcf19fce224d09b3c75040d4c1fa89c0bfb,qmsum
Answer:,en,0.5,6029,532,,"['The team believed that there were always large and many buttons on the standard remote control. To design its unique device, they decided on a pure color one with arrows to eliminate the number of buttons used. They also planned to incorporate the company logo. Moreover, User Interface suggested a set of buttons with its own color to make it recognizable. But this idea was turned down by Project Manager.']"," The discussion about the interface concept design focused on the layout and functionality of the remote control's buttons and display. The User Interface team discussed the placement of buttons such as power, mute, channel navigation, and volume controls. They also considered the use of icons and colors for clarity. The team debated the use of a scroll wheel for navigation, the placement of the menu button, and the integration of a display. They also discussed the design of the remote control's shape, materials, and colors to make it user-friendly and visually appealing. The team emphasized the importance of usability, especially for younger users, and considered the cost implications of different design choices.",qmsum,"Query: Summarize the discussion about interface concept design.
",321708580db1f71d9f8fff12c1ae35b349d0160a0c2fb289,qmsum
