dataset,language,all_classes,answer_prefix,max_new_tokens,predicted_answer,compression_ratio,_id,answers,length,question,task
multi_news,en,,Summary:,532,"  

Mikhail Kalashnikov, the inventor of the iconic AK-47 assault rifle, passed away in December 2013 at the age of 94. Known for creating one of the most widely used and recognizable weapons in the world, Kalashnikov had previously denied any personal responsibility for the deaths caused by his invention. However, in the months before his death, he expressed deep spiritual anguish over the weapon's impact, writing a heartfelt letter to Patriarch Kirill of the Russian Orthodox Church.  

In the letter, Kalashnikov, who described himself as a ""slave of God,"" questioned whether he, as a Christian, could be held morally responsible for the lives lost due to his invention. He wrote of ""spiritual pain"" and a persistent, unresolved question about the role of human sin and aggression in the use of such weapons. The letter, typed on his personal paper and signed with a wavering hand, was published by the pro-Kremlin newspaper *Izvestia*. His daughter, Elena, suggested that a priest may have helped him compose the letter.  

Despite his earlier stance, Kalashnikov's letter revealed a shift in his perspective, particularly as he approached the end of his life. He had previously attributed the weapon's misuse to the policies of other nations, but the letter suggested a growing sense of guilt. The Russian Orthodox Church responded to his letter, with Patriarch Kirill's press secretary, Alexander Volkov, stating that the Church supports weapons used to defend the Fatherland and that Kalashnikov's design was intended for national defense, not for terrorist use.  

Kalashnikov's AK-47, designed in the 1940s during World War II, became a symbol of both military power and global conflict. It is estimated that over 100 million units have been sold worldwide, with the weapon being used in various conflicts and by non-state actors, including child soldiers. Despite its widespread use, Kalashnikov received numerous state honors in Russia, including the Order of Lenin, but he never profited significantly from his invention.  

Kalashnikov's funeral was attended by Russian President Vladimir Putin, highlighting his significance not only as an inventor but also as a national icon. His legacy remains complex, marked by both pride in his creation and a late-life reflection on its moral consequences. The letter to the Patriarch offers a poignant glimpse into the inner turmoil of a man who, despite his fame and accolades, grappled with the profound impact of his invention on the world.",0.0,0cd7b0bfc70d78aa6805925975d9fb26b281c482ff482b7c,"['In our own obituary of AK-47 inventor Mikhail Kalashnikov last month, we included this quote: The rifle was invented ""for the protection of the Motherland,"" he said. ""I have no regrets and bear no responsibility for how politicians have used it."" It turns out ""no regrets"" might not have exactly been true. The AFP picks up a report from Russia\'s Izvestia that Kalashnikov penned a letter to the head of the Russian Orthodox Church nine months before his December death in which he wrote of ""unbearable ... spiritual pain"" and asked about his culpability. It contains this line: ""I keep having the same unsolved question: if my rifle took away people\'s lives, then can it be that I ... am guilty for people\'s deaths, even if they were enemies?"" AFP notes that Izvestia ran a copy of the letter, which is typed on Kalashnikov\'s personal stationery and signed ""with a wavering hand."" A rep for Patriarch Kirill confirms that the letter was sent, and says the church leader wrote a reply—one that very may well have calmed his fears. Says the rep, ""The Church has a very definite position: when weapons serve to protect the Fatherland, the Church supports both its creators and the soldiers who use it."" But the BBC notes that it\'s not clear whether every word came from Kalashnikov: Izvestia reports that his daughter believes a priest helped him write the letter.']",1377,"Now, write a one-page summary of all the news.

",multi_news
multi_news,en,,Summary:,532,"  

On November 1, 2013, a gunman opened fire at Los Angeles International Airport (LAX), killing Transportation Security Administration (TSA) officer Gerardo Hernandez and wounding several others. The incident began when Paul Ciancia, 23, entered Terminal 3 with a duffel bag containing an assault rifle and a note expressing his intent to ""kill TSA"" and instill fear, criticizing their security practices. Ciancia was shot four times by airport police and taken into custody, remaining in fair condition at a hospital.  

Hernandez, who was shot in the chest, was left bleeding for over 30 minutes before being evacuated to an ambulance. During this time, paramedics were unable to enter the terminal due to police concerns about potential threats, despite the suspect being in custody. Law enforcement officials later stated that the suspect had not posed a threat for most of the time, raising questions about the coordination between police, fire, and emergency services.  

The delayed response and lack of immediate medical attention contributed to the tragic outcome. Trauma surgeons emphasized the importance of rapid first aid in such situations, noting that simple measures like pressure dressings and tourniquets could have saved Hernandez's life.  

Following the incident, there was public mourning for Hernandez, who was the first TSA officer killed in the line of duty. A memorial service was held in his honor, attended by hundreds.  

Ciancia was charged with murder and wounding, with the potential for a death sentence.  

The incident has sparked discussions about the need for better coordination between law enforcement agencies and improved first aid training for police officers. While airport police have the necessary training, a recent audit revealed that the Los Angeles Police Department (LAPD) had a zero percent compliance rate with required first aid and CPR refreshers, highlighting a critical gap in preparedness.  

As the investigation continues, officials are examining the response protocols and communication breakdowns that may have contributed to the delay in treating Hernandez and other victims. The case has underscored the importance of swift action and effective interagency cooperation in managing active shooter situations.",0.0,82cafb9831bcafa681b45205a34677e2bf6b6c2fb992649f,"['Unnamed officials say TSA officer Gerardo Hernandez lay bleeding for 33 minutes at LAX before being taken to an ambulance. For 28 of those minutes, alleged shooter Paul Ciancia was in police custody, though officers hadn\'t yet declared the area safe to enter. Officers checked on Hernandez, who was just 20 feet from an exit, then moved on while paramedics waited 150 yards away, the AP reports, noting it\'s not clear if immediate attention might have saved Hernandez\'s life. Now under review: the conversations took place between police and fire commanders to determine when it was safe enough to enter, and whether paramedics could have gone into the terminal earlier. While an officer who checked on Hernandez about 5 minutes after he was shot told numerous officers he was dead, the AP reports that it\'s not known whether that officer had the training needed to make that determination; no first-aid was administered. ""I basically think there\'s a lack of coordination between entities at this airport. That lack of coordination may have led to something that shouldn\'t have happened,"" an LAX employee says. ""We may be talking about Officer Hernandez as a survivor."" The results of the investigation could be months away, the AP adds. Ciancia was on Tuesday upgraded from critical to fair condition at UCLA Medical Center.']",1422,"Now, write a one-page summary of all the news.

",multi_news
multi_news,en,,Summary:,532,"  

In late July 2013, European Union foreign policy chief Catherine Ashton met with deposed Egyptian President Mohamed Morsi, marking the first time he had engaged with an independent official since his ouster by the military nearly a month earlier. The meeting, which took place in an undisclosed location, was described as a two-hour, frank and open conversation. Ashton confirmed that Morsi was in good health, had access to television and newspapers, and was being held incommunicado. The meeting was seen as a significant step in the ongoing political crisis in Egypt, which had been marked by violent clashes between security forces and Morsi supporters, resulting in over 80 deaths in recent protests.  

Morsi, a leader of the Muslim Brotherhood, faces allegations of espionage and murder, which his supporters have dismissed as politically motivated. The military, which has taken control of Egypt following Morsi’s removal, allowed the meeting, signaling a potential willingness to engage in a political resolution. Ashton also met with Egypt’s interim vice president, Mohamed ElBaradei, a liberal leader who acknowledged Morsi’s failure but called for the inclusion of Muslim Brotherhood allies in the new political process.  

Ashton emphasized the EU’s commitment to supporting Egypt’s democratic transition without imposing solutions, stating that the Egyptian people should determine their own future. During her visit, she met with a range of political figures, including military leaders, liberal activists, and representatives of the Muslim Brotherhood. The EU’s involvement was seen as an effort to de-escalate tensions and facilitate dialogue between the interim government and Morsi’s supporters.  

Despite the meeting, Morsi’s supporters continue to demand his return to power and the restoration of the constitution and parliament, which were enacted under his leadership. The U.S. Defense Secretary Chuck Hagel also called for restraint and an inclusive reconciliation process in Egypt. The situation remains volatile, with ongoing protests and political uncertainty as Egypt seeks a path forward from the crisis that followed Morsi’s ouster.",0.0,2e5eae4e8ae651f706cfaee0918b5da3fede2e742d98f71c,"['Under circumstances that sound straight out of a Le Carre novel, Mohamed Morsi has met with an outsider for the first time since being dumped by Egypt\'s military, holding a midnight meeting with the European Union\'s top diplomat at an ""undisclosed location"" last night, the Wall Street Journal. Though many have feared for Morsi\'s well-being after almost a month in captivity, Catherine Ashton, the EU\'s foreign affairs and security policy chief, reports that he is well and has access to TV and newspapers, Reuters reports. The pair had a ""very long and in-depth conversation,"" Ashton says. Ashton, who has met with several other Egyptian political figures while in the country, says she wasn\'t there to help Morsi break out, but rather to facilitate discussions toward a peaceful end to the country\'s political unrest, the Washington Post reports. ""First of all, we are here to help. We are not here to impose,"" she says. ""The people of Egypt will determine their own future."" But will Morsi play ball? ""He\'s a very proud man,"" says a source close to the former leader, per the Journal. ""I think the idea of doing anything on (the) army\'s terms will not work with him.""']",1480,"Now, write a one-page summary of all the news.

",multi_news
multi_news,en,,Summary:,532,"  

The Mediterranean region has seen heightened military and diplomatic activity in response to the ongoing crisis in Syria. The U.S. Navy’s regional commander has postponed a scheduled port call in Naples, Italy, for a destroyer, in order to keep the ship in striking distance of Syria alongside a second destroyer. Both vessels are equipped with Tomahawk cruise missiles, which could be deployed quickly in the event of U.S. military action against Syria. This decision was not linked to specific orders from Washington, but reflects the growing concern over the situation in the region.  

Meanwhile, the Russian government has called on Syrian President Bashar al-Assad to allow United Nations investigators access to the area east of Damascus where a recent attack occurred. However, U.S. and foreign diplomats suggest that this move does not indicate a change in Russia’s support for Assad or its opposition to punitive measures in the United Nations Security Council. Russia’s foreign ministry has placed the responsibility on Syria’s opposition forces to provide secure access to the site, and has suggested that the attack was a provocation by the rebels.  

A Russian foreign ministry spokesman, Aleksandr K. Lukashevich, claimed that the attack was a premeditated act by the rebels, citing online reports that criticized government troops before the attack. However, there may be confusion regarding the timing of the attack, as YouTube’s time-stamping system based on California time could have led to a misinterpretation of the event’s actual date.  

Additionally, the Syrian government has not commented on the recent developments. Meanwhile, CBS News reported that U.S. intelligence agencies have detected activity at known chemical weapons sites prior to the attack, suggesting possible preparations for the assault. This raises further concerns about the use of chemical weapons in the conflict and the potential for international intervention.  

Overall, the situation in Syria continues to escalate, with both military and diplomatic tensions rising as the international community grapples with the humanitarian and security implications of the ongoing conflict.",0.0,3a7faeaefe15b8c33d9120f97591dfdad212b0778e2b830b,"[""A government backed by Russia is accused of killing its own civilians. That applies not only to the current situation in Syria but to the 1999 situation in Kosovo. And as the New York Times reports, top US officials are keeping Kosovo very much in mind as they weigh their options. President Obama would likely never get the approval of the UN Security Council for a military response because of Russia's veto power. When Bill Clinton was in the same boat in 1999, he turned to NATO and got its blessing for 78 days of airstrikes. “It’s a step too far to say we’re drawing up legal justifications for an action, given that the president hasn’t made a decision,” a government official tells the Times. “But Kosovo, of course, is a precedent of something that is perhaps similar.” Obama was meeting today with national security aides to determine next steps if the US concludes that Bashar al-Assad used chemical weapons. (Assad in turn accused the rebels of doing the same today.) Meanwhile, the US Navy is keeping two destroyers positioned in the Mediterranean in case the green light is given for a cruise-missile attack, reports the Wall Street Journal.""]",626,"Now, write a one-page summary of all the news.

",multi_news
multi_news,en,,Summary:,532,"  

In a high-profile gender discrimination case that captured significant attention in Silicon Valley, Ellen Pao, a former partner at venture capital firm Kleiner Perkins Caufield & Byers (Kleiner Perkins), lost her lawsuit against the firm in March 2015. A jury found in favor of Kleiner Perkins, clearing the firm of claims that it had short-circuited Pao’s career due to her gender. The case sparked widespread discussion about gender inequality in the U.S. technology industry.  

Following the verdict, Kleiner Perkins filed a court request seeking to recover approximately $972,814 in legal costs, including about $865,000 in expert witness fees. The firm offered to waive its legal costs if Pao agreed not to appeal the decision. Kleiner Perkins’ spokeswoman, Christina Lee, stated that the firm believed focusing on gender diversity outside of litigation would be more beneficial for women in technology.  

Pao, who is now the interim CEO of Reddit, claimed that her career at Kleiner Perkins declined after she ended a brief affair with a partner, and that the firm retaliated against her in a hostile environment for women. Her legal team argued that her negative performance reviews undermined her case.  

Despite the jury’s ruling, three jurors told Reuters that they had focused on Pao’s performance reviews, which they believed weakened her argument. Kleiner Perkins’ offer to drop its cost claim in exchange for an end to the case is a common practice when defendants win employment lawsuits.  

The case is now under consideration for appeal by California’s First District Court of Appeal, which has historically supported employers in similar cases.  

In a separate filing, Kleiner Perkins revealed that it had previously offered Pao $964,502 to settle the case before it went to trial, but Pao’s legal team did not respond. The firm also noted that it could now seek witness fees, which are typically not recoverable, due to its earlier settlement offer.  

Legal experts have noted that Kleiner Perkins’ approach may come across as punitive, suggesting that the firm could have taken a more conciliatory stance by focusing on supporting initiatives aimed at addressing gender diversity in tech.  

Overall, the case has highlighted the ongoing challenges women face in the tech industry and the legal and reputational implications of such disputes for major firms. Pao’s legal team is still considering whether to appeal, and the outcome of this case could have broader implications for gender discrimination claims in the tech sector.",0.0,3c382dfa0b8fe302ceead369a782680ad9e36897e99ee903,"[""Even though Ellen Pao lost her gender-discrimination suit against a former employer, she's still widely hailed as a hero for bringing the boys' club atmosphere of Silicon Valley under a microscope. But now she's got a tough choice on her hands: The venture-capital firm she sued, Kleiner Perkins Caufield & Byers, says she owes almost $1 million in legal fees—but it will drop its pursuit of the money if she doesn't appeal last month's ruling, reports the Wall Street Journal. Pao's attorneys say they will have a decision in a few weeks. Kleiner Perkins says it offered Pao about $1 million as a settlement before the trial began, but received no response from her legal team. Because of that offer, the company can now go after Pao for expensive witness fees, explains the New York Times. One factor that will surely weigh on the decision: A review of previous cases suggests that Pao has only a slim chance of winning on appeal, reports Reuters.""]",1166,"Now, write a one-page summary of all the news.

",multi_news
multi_news,en,,Summary:,532,"  

In recent news, the controversy surrounding Rush Limbaugh's comments on Georgetown student Sandra Fluke has sparked significant public and media backlash. The situation reached a peak when Saturday Night Live (SNL) addressed the issue in its opening sketch, with cast member Taran Killam portraying Limbaugh. The sketch humorously depicted Limbaugh's frustration with sponsors who had distanced themselves from his controversial remarks about birth control. While the sketch was noted for its satirical take and creative sponsor ideas, it was also criticized for being repetitive and over-the-top, mirroring the style of Limbaugh's actual radio show.  

The controversy has had real-world consequences, with a growing number of advertisers pulling their ads from Limbaugh's show. According to reports from Radio-Info.com, 98 advertisers have requested to avoid advertising on Limbaugh's program or other shows with ""offensive or controversial"" content. This exodus includes major companies such as Ford, GM, Toyota, Allstate, Geico, Prudential, State Farm, McDonald's, and Subway. These advertisers are reportedly asking radio stations to schedule their commercials during segments that do not include content deemed offensive or controversial, which has led to a shift in programming on some stations.  

The advertisers' decision is directly linked to Limbaugh's misogynistic remarks about Sandra Fluke, which sparked widespread outrage and calls for accountability. As a result, Limbaugh's flagship station, WABC, has increasingly aired public service announcements during his show, indicating a decline in commercial support. This trend reflects a broader shift in corporate attitudes toward public figures whose rhetoric is seen as harmful or divisive.  

The incident highlights the growing influence of social media and public opinion in shaping corporate decisions and media landscapes. It also underscores the ongoing debate over free speech, the role of media in shaping public discourse, and the ethical responsibilities of public figures in a polarized society. As the fallout continues, the impact on Limbaugh's career and the broader media industry remains to be seen.",0.0,cf88a8491dd60e29cc2556f7b7083eb1e90e7023afa242a2,"['Rush Limbaugh may be bleeding sponsors—one count now has the number fleeing his show up to 98—because of his ""slut"" comment, but Saturday Night Live had some suggestions last night about who might fill the advertising void. A few of the highlights, as per Mediaite: Misaki Dolphin Poppers: ""Start your day off right, with bits of dolphin."" Depends for Racists: ""If you pee a little every time you see a Mexican, you need Depends for Racists."" Schoder\'s fake rape whistles: ""Help is not on the way."" Syria Tourism Board: Because, ""Ah! No! There\'s nowhere to hide!""']",495,"Now, write a one-page summary of all the news.

",multi_news
multi_news,en,,Summary:,532,"  

Greg Gianforte, the newly elected congressman from Montana, has pleaded guilty to misdemeanor assault after an incident in which he body-slammed a reporter, Ben Jacobs, during a campaign event the night before the congressional election. Gianforte was sentenced to a 180-day deferred sentence, 40 hours of community service, 20 hours of anger management, a $300 fine, and a $85 court fee. The judge initially considered jail time but opted for community service and anger management, as those charged with assault are ineligible for work programs. Gianforte apologized to Jacobs and pledged to donate $50,000 to the Committee to Protect Journalists, expressing hope that some good could come from the incident.  

President Donald Trump responded to the incident by praising Gianforte’s actions, calling the body slam a “tremendous success” and stating that he had “no regret” for making light of the assault. Trump described Gianforte as a “great person” and a “tough cookie,” and he claimed that Gianforte’s actions were a “different league” compared to the alleged murder of Saudi journalist Jamal Khashoggi. The White House Correspondents’ Association condemned Trump’s comments, calling them a celebration of a crime and an attack on the First Amendment.  

The incident occurred during a heated political climate in Montana, where Trump is actively campaigning against Democratic Senator Jon Tester, who is running for re-election against Matt Rosendale. Trump has focused his campaign on issues such as immigration, law and order, and the midterm elections, which he has framed as an “election of Kavanaugh, the caravan, law and order, and common sense.” Tester, a moderate Democrat, has maintained a slight lead in polls despite the high cost of the race.  

While Trump’s comments on Gianforte have drawn criticism, many Montana voters remain focused on the broader political contest, with some not even aware of the details of Trump’s personal vendetta against Tester, which stems from the controversy surrounding White House physician Ronny Jackson’s failed nomination. The race has become one of the most expensive in Montana’s history, with millions of dollars spent on advertising and campaigning.  

In addition to the news about Gianforte and Trump, several tweets with location information were shared, though they did not contain substantive news content.  

Overall, the news highlights the intersection of political rhetoric, media freedom, and the legal consequences of public misconduct, while also reflecting the intense political climate in Montana and the broader national discourse.",0.0,8ad91bc1637b400cca59acc79bd17b2f2946d969437362aa,"['""Any guy that can do a body-slam, he\'s my guy,"" President Trump shouted to a cheering Montana audience Thursday night as he simulated slamming someone to the ground, then noting, ""I shouldn\'t say that."" Trump was discussing Rep. Greg Gianforte, who assaulted Guardian reporter Ben Jacobs last year during the special election for the House seat vacated by Ryan Zinke, a misdemeanor assault to which he pleaded guilty and completed community service and an anger management class. Trump said after the incident, he feared Gianforte had blown his chance at the congressional seat. ""I said, \'Oh, this is terrible, he\'s gonna lose the election,\'"" Trump recounted. ""Then I said, \'Well, wait a minute—I know Montana pretty well. I think it might help him.\' And it did."" Trump was in Big Sky Country stumping for Matt Rosendale in his race for Democrat Jon Tester\'s Senate seat. Reaction came quickly: John Mulholland, US editor of the Guardian, put out a statement after the rally blasting Trump\'s words as ""an attack on the First Amendment,"" asking for an apology and adding, ""In the aftermath of the murder of Jamal Khashoggi, it runs the risk of inviting other assaults on journalists both here and across the world."" ABC News reports on what the Toronto Star\'s Daniel Dale calls the ""most significant"" and ""truly horrible"" moment in the rally: ""The president is gleefully applauding violence against a journalist."" Trump also praised Gianforte as ""smart"" and then advised the crowd to ""never wrestle him."" (Trump seems to acknowledge Khashoggi is dead.)']",1550,"Now, write a one-page summary of all the news.

",multi_news
multi_news,en,,Summary:,532,"  

Recent studies have revealed that cigarette smoke not only harms human health but also enhances the virulence and resistance of antibiotic-resistant bacteria, particularly MRSA (Methicillin-resistant Staphylococcus aureus). Researchers at the University of California, San Diego School of Medicine, led by Dr. Laura E. Crotty Alexander, have found that exposure to cigarette smoke extract significantly increases MRSA's ability to survive and resist the body's immune defenses.  

MRSA is a dangerous strain of bacteria that causes severe infections, including pneumonia, bloodstream infections, and surgical site infections. It is already difficult to treat due to its resistance to common antibiotics. However, the new research shows that cigarette smoke alters the structure of MRSA's cell wall, making it more resistant to immune responses such as reactive oxygen species and antimicrobial peptides. This resistance allows the bacteria to evade destruction by macrophages, which are immune cells that typically engulf and kill pathogens.  

In laboratory experiments, MRSA exposed to cigarette smoke was found to be four times more resistant to macrophage killing than unexposed MRSA. Additionally, the bacteria became more aggressive in invading human cells, increasing their ability to cause disease. The effects of cigarette smoke on MRSA were more pronounced than those of e-cigarette vapor, which also showed some resistance-enhancing properties but to a lesser extent.  

The study also found that the resistance induced by cigarette smoke can persist for up to 24 hours, suggesting that the bacteria may pass on this trait to subsequent generations. This could lead to the rapid spread of more resilient MRSA strains, posing a serious threat to public health.  

The research challenges the traditional view that cigarette smoke primarily harms smokers by damaging their own respiratory and immune systems. Instead, it suggests that smoke may also act as a ""signal"" to MRSA, prompting it to activate its defenses and become more aggressive. This dual effect—harming the host while aiding the pathogen—highlights the need for stronger public health measures to reduce smoking and combat the growing threat of antibiotic-resistant infections.  

These findings add another compelling reason to avoid smoking, as it not only endangers the smoker's health but also contributes to the spread and severity of life-threatening bacterial infections. The study underscores the importance of addressing both individual and environmental factors in the fight against superbugs and antibiotic resistance.",0.0,d85214d7a1d4e7baee46ea5ab26fbf01211116e0d19b9ee3,"['Superbugs such as MRSA are already bad enough. But it turns out that something can make them even nastier: cigarette smoke. Researchers found that antibiotic-resistant bacteria exposed to the smoke became more aggressive and far more difficult to kill, they explain at Eureka Alert. It\'s almost as if the smoke sets off an alarm that causes the bacteria to strengthen its defenses, explains the Union-Tribune of San Diego. Scientists made the discovery by exposing immune cells to two different batches of MRSA, one normal and one treated with cigarette smoke extract. The bigger the dose of smoke, the bigger the effect, notes Medical Daily. ""We already know that smoking cigarettes harms human respiratory and immune cells, and now we\'ve shown that, on the flipside, smoke can also stress out invasive bacteria and make them more aggressive,"" says lead author Laura Crotty Alexander of UC San Diego. It\'s a double-whammy: Smokers already have weakened immune systems that make them more susceptible to infectious diseases, and the smoke they inhale seems to make invading pathogens even more dangerous. In this study, the smoke helped MRSA survive longer and kill more mice with pneumonia. (The latest antibiotic-resistant bug to make headlines is a nasty stomach virus.)']",1487,"Now, write a one-page summary of all the news.

",multi_news
multi_news,en,,Summary:,532,"  

On January 23, 2017, Fabio Sementilli, a renowned hairdresser and executive at Coty Inc., was found dead in his Woodland Hills, Los Angeles home. The 49-year-old Canadian-born man was discovered by his wife and daughter on the patio of his gated residence, where he had been stabbed multiple times in the face, neck, and upper body. He was pronounced dead at the scene. Paramedics were called to the 5000 block of Queen Victoria Road shortly after 5 p.m. on Monday, January 23, but Sementilli had already succumbed to his injuries.  

Homicide detectives from the Los Angeles Police Department (LAPD) are investigating the case, which is still under review for possible motives. The victim’s black 2008 Porsche 911 Carrera with paper license plates was reported missing from the home, leading authorities to suspect that two men may have broken in and fled in the vehicle. The neighborhood, known for its upscale nature, has been the subject of increased attention due to the crime, with some residents noting a rise in car break-ins.  

Sementilli was a respected figure in the hairdressing industry, having served as vice president of education for Wella, a subsidiary of Coty Inc., and later as a creative director for North America Professional. He was known for his mentorship of thousands of hairdressers, both individually and through initiatives like Wella’s Hairdressers at Heart program. His leadership and positive attitude were widely recognized, and he often emphasized the importance of integrity, mentorship, and giving back to the community.  

Friends and colleagues, including Eden Sassoon, daughter of Vidal Sassoon, expressed deep sorrow over his death, calling him a mentor, friend, and a significant figure in the industry. Sementilli was also remembered for his personal quotes on leadership, happiness, and paying it forward, which reflected his philosophy on life and work.  

The LAPD is seeking any information that could help solve the case, and residents in the area have been encouraged to come forward with any relevant details. Security cameras in the neighborhood, including those from a home across the street, were reportedly used in the investigation.  

Sementilli’s death has left a profound impact on the beauty and hairdressing community, with many mourning the loss of a beloved leader and icon. His legacy continues to be celebrated through the countless lives he touched and the positive influence he had on the industry.",0.0,3b5368b348fce578138b895df499567d7ca6eec71d0d9473,"['One of the most renowned hairstylists in Los Angeles was murdered on Monday by intruders who made their getaway in his Porsche, police say. Fabio Sementilli was stabbed several times and was found on his home\'s patio by his wife and daughter, CBS Los Angeles reports. Paramedics were called but the 49-year-old was bleeding profusely and died at the scene. Police say the Canadian-born hairstylist\'s 2008 Porsche 911 Carrera was missing from the scene and they believe it was stolen by two men who broke into the upscale Woodland Hills home and attacked Sementilli. Police aren\'t sure whether the murder was random or a targeted attack, the AP reports. Sementilli gained international recognition during his 30 years as a hairstylist and also served as an exec at companies including Wella, the Los Angeles Daily News reports. He was ""recognized as an exceptional stylist, educator, and visionary,"" Wella said in a statement that describes him as ""an icon in the hairdressing industry."" A post at Modern Salon says he was a VP of education for cosmetics company Coty, adding that he ""mentored tens of thousands of hairdressers with a hands-on approach either on a one-to-one basis or on a grander scale."" (This man was murdered just two months after President Obama commuted his sentence.)']",2237,"Now, write a one-page summary of all the news.

",multi_news
multi_news,en,,Summary:,532,"  

A recent study led by Young-Ho Eom from the University of Toulouse analyzed Wikipedia's 24 major language editions to determine the most influential historical figures, using a method inspired by Google's PageRank algorithm. The study aimed to assess whether Wikipedia's content is biased in terms of gender, time, or location, and how it reflects the importance of individuals.  

The initial analysis, using the PageRank algorithm, which measures a page's importance based on the number of incoming links, ranked Frank Sinatra as the most important person in the English-language Wikipedia, followed by Michael Jackson and Pope Pius XII. However, when the study expanded to all 24 language editions, it found that Adolf Hitler was the most important figure, with Michael Jackson in second place and Madonna in third.  

The researchers noted that Wikipedia tends to highlight local figures, as most articles are written in the language of the edition, and that the majority of the most important historical figures are born in Western countries after the 17th century and are male.  

To address the peculiarities of the PageRank method, the researchers also applied the CheiRank algorithm, which measures outgoing links, and combined both to create the 2DRank metric. This approach led to a different ranking, with Carl Linnaeus emerging as the most influential thinker across all 24 language editions. Linnaeus, the 18th-century Swedish naturalist, was found to be the central figure in a vast network of scientific names, as many Wikipedia pages referencing species and taxonomic classifications ultimately link back to him.  

This result was somewhat unexpected, as Linnaeus was not a widely recognized public figure. However, the study explained that his influence is reflected in the sheer number of scientific names that trace back to his system of classification.  

The study also noted that while Linnaeus topped the list in the 2DRank analysis, other studies have produced different results. For instance, a previous study found Karl Marx to be the most influential academic, based on how often scholars referenced each other in their work.  

In addition to the study on Wikipedia, the Internet Archive is working to preserve web content by archiving pages as they are created and maintaining links to archived versions, aiming to reduce the number of broken links on the web.  

Overall, the research highlights the complex ways in which online encyclopedias and search algorithms can shape our understanding of historical and intellectual influence, and how these tools can reveal both global and local perspectives on the most significant figures in history.",0.0,6ad28d1ca4f136c6c60610ed1ccdacaf3a6708d9c74d68bb,"['Using methods borrowed from Google, a group of researchers has analyzed all Wikipedia pages and determined that, at least on the English language version of the site, Frank Sinatra is the world\'s most important person. Second place goes to Michael Jackson, and third to Pope Pius XII. When factoring in all 24 language editions of the online encyclopedia, the team found that Adolf Hitler ranked the most important person, while Michael Jackson was again second and Madonna third, reports the Guardian. ""Our analysis shows that most important historical figures across Wikipedia language editions are born in western countries after the 17th century, and are male,"" the authors write. The researchers combined two algorithms to reach these conclusions. First, Google\'s PageRank algorithm, which determines a page\'s importance based on how many other pages link to it. In using PageRank on Wikipedia, the most important person in the world was 18th-century Swedish naturalist Carl Linnaeus, likely because the pages of organism after organism link back to the ""father of taxonomy."" So the researchers added an algorithm called CheiRank, which determines importance based on the number of outgoing links, the thought being that an important person would himself be connected to other important people, things, and events. Using the two together—an approach they dubbed 2DRank—no one beat out Frank Sinatra on English pages or Adolf Hitler across all language versions. Last year, in a separate study analyzing academic references, one team deemed Karl Marx to be the world\'s most important scholar, according to the Smithsonian. (Click to read about one of Sinatra\'s quirks.)']",1414,"Now, write a one-page summary of all the news.

",multi_news
multi_news,en,,Summary:,532,"  

The recent news highlights a mix of political commentary, media ratings, and public reactions to a major television show's transition in hosting. Passage 1 reflects a political sentiment, with a message wishing someone the best of luck and encouraging them to work for ""ALL of the American people"" as aggressively as they worked for their ratings. This suggests a critique of media influence or political performance, possibly referencing a public figure's focus on ratings over public service.  

Passage 2 references a quote from Abraham Lincoln’s inaugural address, which was shared by former President Donald Trump on social media. The quote is said to have inspired the speaker during their time as governor, indicating a connection between historical leadership and modern political figures. This passage underscores the use of historical rhetoric in contemporary political discourse.  

Passage 3 humorously or critically notes that Arnold Schwarzenegger's ratings performance on *Celebrity Apprentice* was significantly lower than that of Donald Trump, who previously hosted the show. The phrase ""swamped"" or ""destroyed"" by comparison suggests a sharp decline in viewership, possibly reflecting public sentiment or media perception of Schwarzenegger's suitability for the role.  

Passage 4 provides a detailed account of the ratings performance of *Celebrity Apprentice* after its transition to Arnold Schwarzenegger as host. The show, which is part of the broader *Apprentice* franchise, aired on NBC and faced stiff competition from ABC and CBS during its premiere. The premiere averaged 4.9 million total viewers, which was notably lower than the 6.6 million viewers for ABC’s *The Bachelor* and the 6 million viewers for CBS’s sitcom block. This marks a significant drop in ratings compared to Trump’s tenure, where the show averaged 7.6 million viewers per episode.  

The show’s ratings also declined by over 22% from Trump’s most recent season, with the key demographic (18–49 years old) seeing a 46% drop in viewership. Despite the poor ratings, NBC continued to promote the show and its new host, even amid controversy over Trump’s ongoing involvement as an executive producer.  

While the show faced competition from the *Bachelor* premiere and a major college football game, NBC’s ratings expert, Tom Bierbaum, noted that the show still managed to provide a strong lead-in for the new game show *The Wall*. However, the overall performance was seen as underwhelming, especially in the post-Trump era of the franchise.  

In conclusion, the news passages reflect a blend of political commentary, media ratings analysis, and public reaction to a",0.0,30546aafe4821ca55d852a55484d41f5e4bf82f1247e91f3,"['Arnold Schwarzenegger seems to think Donald Trump needs a lesson in making friends after the president-elect chose to criticize his Celebrity Apprentice successor. ""Wow, the ratings are in and [new host] Arnold Schwarzenegger got \'swamped\' (or destroyed) by comparison to the ratings machine, DJT,"" Trump tweeted Friday after the Trump-less show premiered Monday to 4.9 million viewers, according to Nielsen. The last season hosted by Trump averaged 7.6 million viewers, per Fortune. ""So much for … being a movie star,"" Trump continued. ""But who cares, he supported [John] Kasich & Hillary [Clinton]."" Schwarzenegger offered up a reply on Twitter, tweeting, ""I wish you the best of luck and I hope you\'ll work for ALL of the American people as aggressively as you worked for your ratings."" He next shared a video he made after the election in which he quotes Abraham Lincoln\'s inaugural speech, beginning, ""We are not enemies, but friends. We must not be enemies."" ""Please study this quote ... @realDonaldTrump,"" he tweeted with the video. ""It inspired me every day I was Governor, and I hope it inspires you."" (The New York Times is unimpressed with the new season.)']",740,"Now, write a one-page summary of all the news.

",multi_news
multi_news,en,,Summary:,532,"  

In recent news, several major technology companies have faced scrutiny over their privacy practices, particularly regarding voice recognition and data collection on smart devices. Samsung, Microsoft, and others have introduced features that allow their devices to listen and respond to user commands, raising concerns about user privacy and data security.  

Samsung’s new privacy policy for its Smart TVs has sparked significant controversy. The policy allows the company and its partners to listen to users’ conversations through voice recognition software, which transmits data to third parties. This has drawn comparisons to George Orwell’s dystopian novel *1984*, with critics likening the technology to “telescreens” that monitor users’ every word. While users can disable the voice recognition feature, doing so also disables the functionality, and Samsung continues to collect non-voice data about how users interact with the TV. The policy emphasizes that data is encrypted and users can disconnect from Wi-Fi to enhance privacy, but many remain concerned about the broader implications of the Internet of Things (IoT) and the potential for increased data collection.  

Microsoft, too, has faced privacy concerns with its new Xbox One console. The console comes with a new Kinect sensor that is always listening, even when the console is turned off. This feature allows the Xbox to respond quickly to voice commands, such as “Xbox On,” which powers the console up. Critics have likened this to the surveillance depicted in *1984*, with some users finding it unsettling that the device is constantly listening. The Kinect can also recognize individual voices and even detect heartbeats, raising questions about the extent of data collection and potential security risks. Microsoft has stated that the Kinect listens only for specific commands and that the company prioritizes user privacy, but concerns persist about the always-on nature of the device and the potential for misuse.  

Both Samsung and Microsoft have faced similar criticisms for their use of voice recognition and data collection technologies. While they offer users the ability to disable certain features, the default settings and the broader ecosystem of connected devices raise concerns about the long-term implications for user privacy. These developments highlight growing public unease about the increasing integration of smart devices into daily life and the potential for companies to collect and use personal data in ways that may not be fully transparent or secure. As the Internet of Things continues to expand, the balance between convenience and privacy remains a critical issue for both consumers and regulators.",0.0,311b6c43c5ac950a65751dba5eaf7245c6b5d8eb10b784f1,"['Own a Samsung smart TV? Then take note: Your television is not only listening, it\'s sending your data to a third party, the Independent reports. The TV\'s voice-recognition software lets you give it orders, but the product\'s privacy policy warns that ""personal or other sensitive information ... will be among the data captured and transmitted to a third party through your use of Voice Recognition."" Samsung tells the BBC that the third party is Nuance, the company that does Samsung\'s speech-to-text conversion. But intellectual property lawyer Corynne McSherry says it would be nice to see that clarified in Samsung\'s policy, the Daily Beast reports. ""And I’d definitely like to know whether my words were being transmitted in a secure form,"" she says. An activist tweets that Samsung\'s policy sounds a lot like the description of ""telescreens"" in George Orwell\'s dystopian novel, 1984—which reads in part, ""Any sound that Winston made, above the level of a very low whisper, would be picked up by [the screen]."" Unnervingly, it wasn\'t clear how often ""the Thought Police plugged in on any individual wire was guesswork."" Samsung, however, says it doesn\'t keep voice data, and customers can opt to turn off voice-recognition or even unplug the TV from Wi-Fi. And Samsung isn\'t alone: the Verge reports that XBoxes already use voice recognition while being connected to the Internet. ""Samsung\'s privacy policy is not unique; its rhetoric just happens to be similar to that of a well-known sci-fi novel,"" the Verge says.']",2580,"Now, write a one-page summary of all the news.

",multi_news
multi_news,en,,Summary:,532,"  

Recent news highlights a series of legal victories for NFL cheerleaders seeking fair pay and treatment. The New York Jets' cheerleaders, known as the Flight Crew, have reached a $325,000 settlement with the team in a class-action lawsuit. The agreement, approved by a New Jersey court, provides each of the 52 cheerleaders with $2,500 per season for the 2012-13 and 2013-14 NFL seasons. Cheerleaders who participated in photo shoots are also eligible for an additional $400 per shoot. The settlement follows a 2014 lawsuit filed by Krystal C., who claimed the cheerleaders were paid only $150 per game and $100 for special events, with no compensation for practice or rehearsal time.  

The Jets denied the claims, stating the settlement was reached to avoid litigation. The case has drawn attention from state Senator Diane Savino, who praised the settlement and called for similar actions by other NFL teams, including the Buffalo Bills. The Bills' cheerleaders, the Jills, have already been granted class-action status in a similar wage suit, alleging strict rules governing their appearance, diet, and personal hygiene.  

This case is part of a broader trend in which NFL cheerleaders across multiple teams have pursued legal action to secure fair wages. Courts have increasingly rejected the teams' argument that cheerleaders are independent contractors rather than employees. Similar settlements have been reached with the Tampa Bay Buccaneers ($825,000), Cincinnati Bengals (tentative pact), and Oakland Raiders ($1.25 million). These cases underscore growing pressure on NFL teams to provide fair compensation and employee protections for their cheerleading squads.  

The legal battles reflect a shift in how cheerleaders are viewed, with courts recognizing their work as legitimate employment. As more teams face similar lawsuits, the NFL may be forced to establish uniform standards for pay and treatment across all teams, ensuring that cheerleaders are treated as employees rather than unpaid volunteers.",0.0,85d436ff69fd321053a637abf7b161208e70bb7d59a57775,"['A New Jersey court on Wednesday gave the Flight Crew—aka the New York Jets cheerleaders—something to cheer about: a $325,000 settlement of the class-action lawsuit filed in 2014 by a cheerleader identified as Krystal C., CNNMoney reports. That amounts to each of the 52 cheerleaders getting $2,500 per season worked and $400 per photo shoot. The settlement covers the 2012-13 and 2013-14 seasons. New York State Sen. Diane Savino, per the New York Post, cheered the settlement, calling on the NFL to ""develop uniform rules … to ensure that all cheerleaders in every state received the employee pay and protections they deserve."" NFL teams have sought to justify low pay for cheerleaders by saying they\'re independent contractors, CNN notes. In the case of the Flight Crew, Krystal C.\'s suit claimed that cheerleaders were compensated $150 per game and $100 for special appearances. But, when you factor in practices and rehearsals, that pans out to $3.77 per hour. Throw in hair, makeup, and transportation expenses and ""the hourly rate goes below $1.50 an hour,"" says the cheerleaders\' attorney. The Flight Crew isn\'t alone: Cheerleaders have taken to the courts to seek higher pay from the Cincinnati Bengals (tentative agreement reached), Tampa Bay Buccaneers (settled for $825,000), Oakland Raiders (settled for $1.25 million), and the Buffalo Bills (class-action suit on the horizon).']",859,"Now, write a one-page summary of all the news.

",multi_news
multi_news,en,,Summary:,532," Acute Flaccid Myelitis (AFM) is a rare but serious condition that affects the nervous system, particularly the spinal cord, and is characterized by sudden muscle weakness and paralysis. It is often compared to polio due to its similar symptoms. The Centers for Disease Control and Prevention (CDC) has been tracking AFM since 2014, and recent reports indicate a significant increase in cases, raising concerns among health officials.

In 2014, there were 120 confirmed cases of AFM across the United States, primarily affecting children under the age of 21. The condition was linked to a surge in enterovirus D68 (EV-D68) infections, although the exact causal relationship remains unproven. This year, as of August 2016, there have been 50 confirmed cases across 24 states, nearly double the number reported in 2015. The CDC continues to investigate the cause of AFM, with no definitive treatment or vaccine currently available.

Symptoms of AFM include sudden limb weakness, facial drooping, difficulty breathing or swallowing, and slurred speech. Most cases occur in children, but adults can also be affected. The condition can lead to long-term disability, with many patients requiring ventilator support and extensive rehabilitation. While some patients show partial recovery, full recovery is rare.

Health officials emphasize the importance of good hygiene, such as frequent hand washing and avoiding close contact with sick individuals, as a preventive measure. The CDC has issued health alerts and is working with state and local health departments to monitor and report cases. Research is ongoing, with some studies suggesting that IVIG (intravenous immunoglobulin) and other treatments may offer some benefit, though more research is needed.

The cases of AFM have been particularly alarming for families, as seen in the stories of children like Carter Roberts and McKenzie Anderson, who experienced sudden paralysis and required extensive medical care. These cases highlight the need for increased awareness, research, and public health efforts to better understand and combat this mysterious and potentially debilitating illness.",0.0,69b0462ff955b459b70c0eefe0dd4d8ea39db80b77d92351,"['At first, it seemed like 4-year-old Laura Carson was suffering from a simple headache. Then came rapid shallow breathing, a tremor, double vision. Within days in August 2014, she was ""a limp rag doll,"" reports Today—but it took doctors some time to diagnose her with acute flaccid myelitis, a rare disease the CDC warns is becoming increasingly more common. Not much is known about the polio-like disease that plagues mostly children, including what causes it. What is known is that AFM affects the spinal cord and causes weak limbs or paralysis, drooping in the face, and slurred speech or difficulty breathing. About 200 kids have been diagnosed since 2014, and this year\'s figures are especially troubling. The CDC reports 121 cases of AFM were confirmed in 2014, but that was followed by just 21 cases in 2015, reports Fox News. From January to August of this year, however, there were 50 confirmed cases in 24 states. Among that first spike of cases in 2014, the Washington Post reports that 85% of kids recovered partially, but only three recovered fully. A CDC study found 68% of patients had a fever and 81% had a respiratory illness before AFM symptoms appeared. Some had been diagnosed with the West Nile virus, and others with an enterovirus. ""August to October is typically when enteroviruses circulate"" and ""we see more acute flaccid myelitis during that season,"" a doctor tells NBC News. Washing your hands and covering your mouth when coughing or sneezing are among the ways suggested to help. (Four siblings suffer from a mysterious disease.)']",4776,"Now, write a one-page summary of all the news.

",multi_news
multi_news,en,,Summary:,532,"  

The Shroud of Turin, a 14-foot-long linen cloth bearing the image of a crucified man, has long been the subject of religious and scientific debate. Revered by some Christians as the burial cloth of Jesus of Nazareth, the shroud has also been scrutinized for its authenticity. Recent forensic research, published in the *Journal of Forensic Sciences*, has cast doubt on its authenticity, suggesting that the bloodstain patterns on the cloth are inconsistent with those of a crucified or hanging body.  

The study, conducted by forensic anthropologist Matteo Borrini of Liverpool John Moores University and organic chemist Luigi Garlaschelli of the University of Pavia, used real and synthetic blood samples to simulate blood flow on a mannequin. They tested various body positions and compared the resulting bloodstains to those on the shroud. Their findings revealed that the blood patterns on the cloth do not align with any single position—some suggest a standing model, while others imply a supine or crucified position. For instance, the blood flow on the forearm and hand appears to have occurred at different angles, inconsistent with a person hanging on a cross. The researchers also found that the bloodstains on the lower back could not be replicated, further undermining the shroud’s authenticity.  

The study challenges the long-held belief that the shroud is a genuine relic from the time of Jesus. Radiocarbon dating conducted in 1988 placed the shroud’s origin between 1260 and 1390 CE, suggesting it is a medieval artifact. While the image on the shroud has been the subject of much speculation—some believe it was created through a chemical process, while others suggest it is a painting—the new research adds to the growing body of evidence that the shroud may be a medieval forgery.  

Despite the findings, the shroud remains a powerful symbol for many, and its mystery continues to attract both scientific and religious interest. The research highlights the importance of forensic techniques in analyzing historical artifacts and underscores the complexity of determining the authenticity of such enigmatic relics. While the study does not definitively prove the shroud is a fake, it raises significant questions about its origins and the methods used to create the image and bloodstains. The debate over the shroud’s authenticity is far from over, and future research may yet provide new insights into this enduring mystery.",0.0,732a283b839f4cf989dff0eadbf6b0b1ad9500799a3dfcee,"['The Shroud of Turin is supposedly the burial cloth that was wrapped around Jesus after his crucifixion; bloodstains on the linen shroud, which are said to have been transferred to it during the three days Jesus was in the tomb, form the image of a crucified man. But a new study reported in the Journal of Forensic Sciences finds the bloodstain image was likely faked. Researchers looking at the blood spatter found that the stains appeared to come from someone standing up, rather than someone who was flat on the fabric, Science Alert reports. As the researchers put it, the stains are ""totally unrealistic"" when compared to what they should look like. The shroud, which is held in the Cathedral of St. John the Baptist in Italy, is considered an icon, as opposed to a genuine religious relic, by the Vatican; Fox News notes ""the church has never weighed in on its authenticity."" ""This is the kind of forensic work done all the time in police investigations,"" the forensic scientist who conducted the analysis tells BuzzFeed News. ""Even a crucified or hanging person should leave a distinct blood pattern on the cloth, which would be fascinating information to have."" The study found inconsistent staining, with researchers concluding multiple poses were used to create the bloodstains—a standing model was likely used to imprint patterns on the cloth at various angles for various body parts. Another bloodstain pattern expert notes that more research could be done to see whether cleaning a body or preparing it for burial might account for the inconsistent staining, though he notes that the stains do appear to have come from flowing blood, meaning a heart that was beating at the time the stains were made. (See previous stories in the real-or-fake debate here.)']",2394,"Now, write a one-page summary of all the news.

",multi_news
multi_news,en,,Summary:,532,"  

On Tuesday, President Donald Trump made headlines with a series of unconventional and attention-grabbing remarks during a marathon press conference in Singapore following his historic summit with North Korean leader Kim Jong Un. Trump highlighted the potential of North Korea's untapped property market, suggesting that the country could benefit from developing its coastline into a world-class hotel destination. He humorously remarked that the country's beaches, which are often visible during military exercises, could be transformed into luxury real estate. Trump also mentioned that the U.S. delegation had shown Kim a video simulation of potential economic development projects, which he believed the North Korean leader found interesting. Despite his earlier skepticism, Trump expressed optimism that Kim was interested in the proposals, which were part of the broader effort to encourage denuclearization talks.  

In addition to his remarks on North Korea, Trump took the opportunity to showcase his presidential limousine, ""The Beast,"" to Kim Jong Un. The moment, which occurred as the summit wound down, was seen as a classic display of Trump's personality—showcasing his vehicle as a way to assert dominance and build rapport. The event was initially met with confusion but was quickly interpreted as a symbolic gesture.  

Separately, the Internet Archive announced efforts to improve the web by archiving pages and preserving links to prevent broken links. This initiative, known as ""No More 404,"" aims to ensure that users can access historical versions of web pages even if the original content is no longer available. The project is part of a broader effort to maintain the integrity of online information and provide a more reliable web experience.  

As the summit concluded, Trump expressed confidence that North Korea had agreed to relinquish its nuclear weapons and was ready to work toward a lasting peace and complete denuclearization of the Korean Peninsula. He is expected to leave Singapore shortly after the press conference, marking the end of a significant diplomatic event.",0.0,3a255c25765000d506cf43538a553334a0bf0744d14530c2,"['You can temporarily take Donald Trump out of real estate, but you can\'t take the real estate out of Donald Trump. That much was clear at a Singapore press conference Tuesday, which took place after the president\'s meeting with Kim Jong Un and in which he touched upon the potential of North Korea\'s coastline. ""They have great beaches,"" Trump noted, per the Washington Examiner. ""You see that whenever they\'re exploding their cannons into the ocean."" And that spectacular view got him to thinking: ""Wouldn\'t that make a great condo? Instead of doing that you could have the best hotels in the world right there. Think of it from a real estate perspective, you have South Korea, you have China, and they own the land in the middle, how bad is that, right? It\'s great."" The AP also reports on another post-summit activity, which it deems a ""classic alpha male move"": Trump showing off ""The Beast,"" the presidential limousine, to the North Korean leader. CNN shows a video clip of the two men approaching the limo, a Secret Service agent opening the door, and Kim peering in to take a look. ""We know that these men were trying to find ways to bond, in just like a personal, human way, and what\'s more natural for guys [than] to want to check out one another\'s car,"" Chris Cuomo notes. (Here are seven complimentary things Trump said about Kim after the summit.)']",848,"Now, write a one-page summary of all the news.

",multi_news
multi_news,en,,Summary:,532,"  

On Tuesday, President Barack Obama signed a bill authorizing the Congressional Gold Medal for Nisei veterans—Japanese Americans born to immigrant parents—who served in World War II. The award honors the bravery and sacrifice of these veterans, particularly those who served in the 442nd Regimental Combat Team and the 100th Infantry Battalion, as well as members of the Military Intelligence Service. These soldiers, many of whom were interned in detention camps by the U.S. government during the war, volunteered to fight for their country despite facing discrimination and prejudice.  

The Nisei veterans, including Art Iwasaki and Kenji Yaguchi, were among the most decorated units in U.S. military history. Despite being labeled “enemy aliens” and facing restrictions, they proved their loyalty by serving with distinction in Europe and Asia. The 442nd Regimental Combat Team, in particular, became renowned for its heroism, including the rescue of the “Lost Battalion” in France and capturing German forces who were surprised to find American soldiers of Japanese descent.  

The Congressional Gold Medal is one of the highest civilian honors in the United States, recognizing individuals and groups who have made significant contributions to the nation’s security and interests. This recognition is a historic moment, as it acknowledges the courage of Nisei veterans who fought for their country while their families were unjustly detained.  

Senator Daniel K. Akaka (D-Hawaii) emphasized that the recognition of these veterans not only honors their service but also reflects the progress toward a more tolerant and just society. The award also honors the Military Intelligence Service, whose members provided critical language and cultural expertise that aided the U.S. in the Pacific theater.  

This legislation marks a long-overdue tribute to the sacrifices of Nisei veterans, many of whom still live in the Northwest region of the United States. Their story is one of resilience, patriotism, and the enduring spirit of American service.",0.0,77669a00afc203753f5ed451ba5886ee429b2f984c7c4a41,"['President Obama today signed legislation to honor Japanese-American soldiers who fought on behalf of the Allies during World War II—even as some of their families were kept in confinement in the US. This long-awaited bill will open the door for more than 6,000 soldiers known as Nisei veterans to collectively receive the prestigious Congressional Gold Medal. For more on the vets, see the Digital Journal or Oregon Public Broadcasting.']",1182,"Now, write a one-page summary of all the news.

",multi_news
multi_news,en,,Summary:,532,"  

Wilbur Ross, the U.S. Secretary of Commerce under President Donald Trump, has been at the center of controversy over his financial disclosures and net worth. Forbes initially listed Ross at $2.9 billion in 2017, but he claimed the figure was too low, asserting he was closer to $3.7 billion. However, after reviewing his financial disclosures, Forbes concluded that Ross had lied about his wealth, with the $2 billion he claimed to have transferred to family trusts never actually existing. Ross, who had previously exaggerated his net worth for years, was accused of misleading investors, colleagues, and the public, leading to legal issues, including a $2.3 million fine from the SEC and the return of $11.8 million to investors.  

Ross's career has been marked by a pattern of financial misrepresentation. He built his private equity firm, WL Ross & Co., into a successful business, but his net worth was often inflated through carried interest and strategic financial maneuvers. Despite personally investing only a fraction of the firm's assets, Ross was frequently listed as a billionaire on Forbes' 400 list, a status he maintained for years despite his actual net worth likely being much lower. His financial opacity extended to his role in the Trump administration, where he faced scrutiny over his asset disclosures and a controversial claim of transferring $2 billion to family trusts between the 2016 election and his nomination as Commerce Secretary.  

President Trump defended Ross's appointment, stating that he wanted a wealthy individual in charge of economic policy, arguing that ""rich people"" are better suited for such roles. Trump highlighted that Ross and other appointees had to give up significant wealth for their positions, contrasting their current roles with their previous high-paying jobs. This sentiment aligns with Trump's broader narrative of appointing successful, wealthy individuals to his administration, making it the wealthiest in U.S. history.  

The controversy surrounding Ross's finances has raised questions about transparency and ethics in government, particularly given his close ties to Trump and his history of financial misrepresentation. Despite the scrutiny, Ross has continued to assert his financial standing, even as evidence suggests his wealth was exaggerated. The situation highlights the broader issue of wealth and influence in American politics, as well as the challenges of verifying the financial disclosures of high-profile officials.",0.0,b93cdb70f28fb1e103681a4b3bd5fdf26d3434411df67bbe,"['Earlier this year, President Trump noted ""I just don\'t want a poor person"" in charge of economic posts in his administration, then touted Commerce Secretary Wilbur Ross as ""a very rich person"" who was up to the task. But just how rich Ross really is is now up in the air, Forbes reports, noting it\'s yanked Ross off its billionaires list after a one-month probe revealed that $2 billion or so or Ross\' alleged fortune ""never existed,"" and that Ross had engaged in an ""apparent sequence of fibs, exaggerations, omissions, fabrications, and whoppers"" with the magazine going back 13 years. The discovery came when Ross, 79, contacted Forbes in October to refute his ranking: Last year he was listed with a net worth of $2.9 billion on the Forbes 400; he claimed he was worth closer to $3.7 billion. Then Forbes talked with 10 of Ross\' ex-employees at his private equity firm, who noted a ""penchant for misleading"" that affected fellow workers and investors and spurred big fines, suits, and refunds to backers. ""Wilbur doesn\'t have an issue with bending the truth,"" one longtime colleague says, while another is more blunt: ""He\'s lied to a lot of people."" The magazine delves into Ross\' back story, including how, when he first made the Forbes billionaires list in 2004 with a net worth of $1 billion, ""everyone that I knew that worked with Wilbur knew it wasn\'t true,"" per a former colleague. When Forbes told Ross he was being removed from its billionaires club, Ross retorted the magazine wasn\'t counting family trusts that he wasn\'t obligated to inform the feds about—in the amount of ""more than $2 billion,"" assets Ross said he put into the trusts sometime ""between the election and [my] nomination."" When Forbes asked to see a paper trail proving that, Ross cited ""privacy issues""—and the magazine lays out other problems with Ross\' story on the supposed $2 billion transfer. Read the in-depth findings here.']",4687,"Now, write a one-page summary of all the news.

",multi_news
multi_news,en,,Summary:,532,"  

The ongoing legal battle over Kurt Cobain’s iconic guitar, a Martin D-18E played during Nirvana’s 1993 “MTV Unplugged” performance, has escalated into a high-stakes, multimillion-dollar dispute. The guitar, which is believed to be the last one Cobain played before his death in 1994, is now valued significantly more than its original $1 million insurance coverage. The conflict centers on Frances Bean Cobain, Kurt’s daughter with Courtney Love, and her estranged husband, Isaiah Silva, a musician in the band the Eeries.  

Silva claims that Frances gifted him the guitar as a wedding present during their secret 2014 marriage. However, Frances denies this, asserting that the guitar is a family heirloom and not his to claim. Courtney Love has publicly stated that the guitar belongs to the family and is not Silva’s to take.  

The dispute has led to a court battle, with Silva refusing to relinquish the guitar despite months of negotiation. According to sources, a judge ordered Frances to pay Silva $15,000 per month in spousal support as part of an interim settlement while the guitar issue is resolved through mediation. However, Silva is reportedly taking “extreme and unsupportable positions,” pushing the matter toward litigation.  

Complicating the situation is Silva’s request for spousal support, which he claims he is entitled to due to the financial commitments he made during their marriage. He is seeking $25,000 per month, arguing that Frances, who has access to her father’s $100 million estate, should cover his expenses, including private school tuition for his child from a previous relationship.  

Frances, in her divorce documents, has made it clear that the Cobain estate is hers alone and not subject to division. However, she is open to paying some spousal support. The case highlights not only the emotional and legal complexities of the dispute but also the immense value of the guitar as a cultural artifact and a symbol of Cobain’s legacy. As the legal battle continues, the outcome could set a precedent for the ownership and inheritance of iconic musical memorabilia.",0.0,6602db3a57e65ab95169ca598234a737599fcfa102af4a3d,"['A guitar that once belonged to Kurt Cobain, which is likely worth millions, is now in the hands of Eeries frontman Isaiah Silva, and Cobain\'s daughter is fighting to get it back in the family. Frances Bean Cobain was married to Silva for 21 months, and she\'s been trying to get the Martin D-18E (which had the bridge flipped so Cobain, a leftie, could play it comfortably) back ever since they split in March. Silva claims she gave it to him as a wedding gift and it\'s rightfully his. Now, the battle is headed to court, Page Six reports. ""It’s not [Silva’s]. It’s a treasured heirloom of the family. It’s not his to take,"" Frances Cobain has said. But sources tell Page Six that Silva isn\'t giving in, and ""is forcing the matter to litigation."" The guitar, the one Cobain played during Nirvana\'s 1993 MTV Unplugged show and also thought to be the last one he played before taking his life, was once insured for $1 million but, per experts, is probably worth several times that now. Back in August, Silva requested $25,000 a month in spousal support and half of any money Frances made during the marriage, and said the couple had no prenup, TMZ reported. A judge has since ordered Frances Cobain to pay Silva $15,000 a month as part of an interim settlement.']",810,"Now, write a one-page summary of all the news.

",multi_news
multi_news,en,,Summary:,532,"  

In late 2017, a wave of public outrage and activism surrounding sexual misconduct in Hollywood intensified, particularly following the #MeToo movement. This movement, sparked by allegations against Harvey Weinstein, led to widespread discussions about the nature and consequences of sexual harassment and assault. Several high-profile figures, including actors Matt Damon and Alyssa Milano, found themselves at the center of this debate due to their public comments on the issue.  

Matt Damon, known for his role in the film *Good Will Hunting*, made controversial remarks during an interview with ABC News, suggesting that there is a ""spectrum"" of sexual misconduct, with some behaviors—like patting someone on the butt—being less severe than others, such as rape or child molestation. He argued that society should differentiate between these behaviors, with the more severe ones requiring legal consequences. However, his comments were widely criticized by other actors and activists, including Alyssa Milano and Minnie Driver, who argued that such distinctions were harmful and minimized the experiences of survivors.  

Alyssa Milano, a prominent advocate for the #MeToo movement, responded to Damon’s comments with a series of tweets that emphasized the systemic nature of sexual misconduct. She argued that the outrage surrounding these issues is not about isolated incidents but about a culture that has normalized and perpetuated misogyny. Milano highlighted that the real issue is not the specific behavior but the broader societal structures that enable and excuse such behavior. She concluded her tweets with the hashtag #MeToo, reinforcing the movement’s message of solidarity and collective action.  

Minnie Driver, Damon’s co-star in *Good Will Hunting*, also criticized his comments, calling them ""tone deaf"" and ""Orwellian."" She argued that men, even those who are well-intentioned, cannot fully understand the daily realities of abuse faced by women. Driver emphasized that it is not men’s place to define or judge the severity of abuse, as it is deeply personal and individual. She called for men to listen and support women without attempting to categorize or downplay their experiences.  

Damon’s comments were also scrutinized in the context of his defense of comedian Louis CK, who had faced allegations of inappropriate behavior. Driver questioned why Damon would defend someone who had not been accused of rape, suggesting that such a stance reflected a broader failure to recognize the seriousness of all forms of sexual misconduct.  

In a separate interview, Damon addressed the allegations against Harvey Weinstein, acknowledging that Weinstein was a ""womanizer"" but stating that he had not personally witnessed any of the more severe allegations. He suggested that while some behaviors are more severe than others, the key",0.0,088f63f5603e5d81dbee5cbc194b1942cc6e16aec56b24c8,"['Matt Damon opined this week that the wave of sex harassment and assault claims sweeping Hollywood and society at large include ""a spectrum of behavior"" and that ""none of us came here perfect,"" and the woman he once dumped on Oprah wasted no time in shutting him down. ""Gosh it’s so interesting (profoundly unsurprising) how men with all these opinions about women’s differentiation between sexual misconduct, assault and rape reveal themselves to be utterly tone deaf and as a result, systemically part of the problem,"" Minnie Driver tweeted. She further unloaded to the Guardian: ""I’ve realized that most men, good men, the men that I love, there is a cut-off. They simply cannot understand what abuse is like on a daily level. I honestly think that until we get on the same page, you can’t tell a woman about their abuse. ... It is so individual and so personal, it’s galling when a powerful man steps up and starts dictating the terms, whether he intends it or not.” Damon was also getting zero sympathy from Alyssa Milano, reports USA Today, who tweeted that, ""as a victim of each component of the sexual assault spectrum of which you speak,"" ""they all hurt."" ""We are not outraged because someone grabbed our a---s in a picture. We are outraged because we were made to feel this was normal. We are outraged because we have been gaslighted. We are outraged because we were silenced for so long."" (Damon has said he had no idea that Harvey Weinstein routinely sexually harassed and assaulted women; his full interview this week with ABC News is here.)']",4436,"Now, write a one-page summary of all the news.

",multi_news
multi_news,en,,Summary:,532," 

Microsoft officially unveiled its new motion-control system, now named **Kinect**, during a special event at the University of Southern California’s Galen Center. The system, previously known as **Project Natal**, was introduced as a major innovation in gaming and digital living room experiences. The event, which coincided with the E3 Expo, featured a unique performance by **Cirque du Soleil**, blending theatrical elements with technology demonstrations to showcase Kinect’s capabilities.

The unveiling was marked by a dramatic and immersive experience, with attendees dressed in white ponchos and led through a mock living room environment. The performance included a narrative that emphasized the shift from traditional gaming to motion-based interaction, with a voiceover declaring that “history is about to be rewritten.” The event highlighted Kinect’s ability to recognize body movements, voice commands, and even facial expressions, positioning it as a competitor to Nintendo’s **Wii** and Sony’s **Move** motion control systems.

During the demonstration, Microsoft showcased a variety of games and applications designed for Kinect, including:

- **Kinect Sports**: A multi-sport game featuring hurdles, bowling, volleyball, soccer, and track and field.
- **Kinect Adventures**: A river rafting game where players move their bodies to control the raft.
- **Dance Central**: A dance game developed by MTV Games.
- **Kinectimals**: A game allowing players to interact with virtual animals like tigers and lions.
- **Star Wars**: A game where players can wield a lightsaber and battle Darth Vader.
- **Yoga/Tai Chi**: A fitness game that mirrors the user’s movements.
- **Joyride**: A racing game where players steer using hand gestures.
- **Kinect Sports**: A collection of sports games including boxing, beach volleyball, and table tennis.

In addition to gaming, Kinect was demonstrated as a tool for interacting with the Xbox 360 dashboard, allowing users to scroll through photos, start video chats, and share content using motion controls. Microsoft also hinted at future applications, such as integrating Kinect with **Netflix** and other media services.

While the event was more of a preview than a full product launch, it set the stage for Microsoft’s upcoming E3 press conference, where more details on pricing, availability, and software support would be revealed. The company positioned Kinect as a significant step forward in motion control technology, aiming to challenge Nintendo and Sony in the gaming market. However, the demonstration was seen as somewhat predictable, with many of the features already anticipated due to the long-standing development of Project Natal. Despite this, the event underscored Microsoft’s commitment to innovation and its vision",0.0,be803cfd04c14b94a7dfdbf267e4d8530333774edb9c8975,"['Microsoft unveiled its much-hyped Project Natal motion control system—now renamed “Kinect”—at E3 last night, in a performance long on grandiosity and short on actual revelations. After walking through a set of fake living rooms, the white-poncho-wearing audience was treated to a performance by Cirque du Soleil acrobats dressed as cavemen, as a narrator declared that “history is about to rewritten” and a boy, raising his arms, used his movements usher in the new motion-based way to play games, according to the Wall Street Journal. And what was this grand historical event all about? Well, mostly mimicking the Wii, according to CNET. Microsoft’s camera-based motion controller may have potential, but the games demoed last night mostly looked like analogues for successful Wii efforts, including a yoga game, a racing game, and a Wii Sports-esque game titled—wait for it—Kinect Sports. IGN has a full list of launch titles. Microsoft is expected to reveal more details, including pricing, at its press conference today.']",2768,"Now, write a one-page summary of all the news.

",multi_news
multi_news,en,,Summary:,532,"  

This week’s news highlights a range of events, from the sale of memorabilia belonging to a notorious criminal to the charitable efforts of a celebrity and the auction of a rare historical film reel.  

The first story centers on the online auction of personal effects belonging to Ted Kaczynski, the Unabomber, who was arrested in 1996 after a 17-year bombing spree that killed three people and injured 23 others. Now serving a life sentence in a Colorado federal prison, Kaczynski’s belongings are being auctioned off to raise $15 million in restitution for his victims. Despite the high value needed, the auction includes items like his 35,000-word handwritten manifesto, which has a current bid of $17,525, and his iconic hoodie, which is up to $20,025. Other items, such as his Smith-Corona typewriter, have also drawn interest. While some items, like a hand-bowed wood saw, have low bids, experts and collectors suggest that the emotional and historical value of the items, particularly the manifesto and the hoodie, may drive up their prices. Crime memorabilia collectors, like Scott Michaels, argue that the appeal of owning items connected to notorious figures is rooted in fascination with history and the desire to connect with current events.  

In contrast, the second story focuses on a charitable effort led by actor Kellan Lutz, who is auctioning off his travel luggage as part of a celebrity baggage auction organized by JetBlue and DoSomething.org. The initiative aims to raise funds for youth groups across the country. Lutz, known for his role in the *Twilight* series, expressed enthusiasm for the cause, noting that he “lives on planes” and was happy to participate. The first round of the auction raised over $15,000, and the second round, featuring items from Lutz, Taylor Swift, and Jessica Simpson, is set to begin on May 31. The auction is open for bidding on eBay.  

The final story discusses the sale of a rare film reel, *Charlie Chaplin in Zepped*, which is the only known surviving copy of a 1917 film. The reel, which is seven minutes long, is believed to be one of the earliest examples of animation and was created as a morale-boosting film for British troops during World War I. Collector Morace Park purchased the reel in 2009 for its aesthetic appeal, but it is now expected to sell for a six-figure sum. The film shows",0.0,e07c67df44c00106f6f042496897a8ad07ffc881bb51e615,"['Get out your checkbooks, kids: There is a slew of famous and infamous items up for auction. The US Marshal\'s office\'s online auction of the Unabomber\'s personal effects ends tomorrow, and Aol\'s Weird News astutely observes that Ted Kaczynski\'s 35,000-word handwritten manifesto ($17,525) is currently going for less than the gray hoodie ($20,025) that figured so prominently into his FBI Wanted poster. Bonus: sunglasses included. Looking for more of a bargain? A bow and arrows in a Sears box is currently a steal at $743. And in other bizarre auction news: Balloon boy\'s dad is trying to auction off the infamous ""flying saucer"" balloon for $1 million. But don\'t worry, reports KTLA: Richard Heene has vowed to give all the money to charity (specifically, Japan). A bunch of celebrities are hoping JetBlue loses their luggage ... right into the hands of eager bidders. The Celebrity Baggage Auction will benefit DoSomething.org. Buy a signed Jessica Simpson-brand bag or a leather Coach bag personally used by Rosario Dawson, and get two roundtrip JetBlue tickets, too. Click for more. Maybe eBay is the place to buy stuff: Morace Park bought a film reel for $5.25 that turned out to be the only known copy of the Charlie Chaplin film Zepped. The Telegraph reports that it\'s expected to fetch six figures in a June 29 auction.']",1551,"Now, write a one-page summary of all the news.

",multi_news
multi_news,en,,Summary:,532,"  

Kevin Spacey, the acclaimed actor and former star of *House of Cards*, has been embroiled in a major scandal following a wave of sexual misconduct allegations from multiple accusers. The allegations, which span decades, have led to widespread condemnation and significant consequences for the actor.  

The controversy began on October 29, 2017, when actor Anthony Rapp accused Spacey of making inappropriate sexual advances toward him when Rapp was 14 years old. In response, Spacey issued a public apology and came out as gay, a move that drew criticism from some as an attempt to deflect from the allegations. This was followed by a series of additional accusations from over a dozen men, including several who were minors at the time of the alleged incidents.  

Among the accusers were Roberto Cavazos, who claimed Spacey fondled him during his time at the Old Vic theater; Daniel Beal, who alleged that Spacey exposed himself to him in 2010 and offered him a watch in exchange for silence; Justin Dawes, who described an awkward but non-threatening encounter in 1988; Mark Ebenhoch, who said Spacey attempted to solicit him for sex in 1995; Harry Dreyfuss, who recounted an incident in 2008 where Spacey groped him in the presence of his father; Tony Montana, who described a 2003 incident involving sexual assault; and Kris Nixon, who claimed Spacey grabbed his crotch in 2007.  

Anonymous accusers also came forward, including a bartender who alleged sexual assault in 2008, a New York artist who claimed a sexual relationship with Spacey in 1983, and a British journalist who described repeated sexual harassment in the early 2000s. Heather Unruh, a former Boston news anchor, accused Spacey of sexually assaulting her 18-year-old son in 2016, leading to a criminal investigation in Massachusetts.  

As a result of the allegations, Netflix announced that Spacey would not appear in the final season of *House of Cards*. Additionally, Spacey was removed from the upcoming film *All the Money in the World*, with Christopher Plummer replacing him. His representatives stated that he is seeking evaluation and treatment.  

The scandal has sparked broader discussions about sexual misconduct in the entertainment industry and the need for accountability. Many accusers have expressed their willingness to speak out, hoping to prevent further harm and ensure that predators face consequences. The ongoing legal and public scrutiny highlights the serious nature",0.0,348357789b1ce50b1ac8e572e21e6e5b421d11ac696bd0e1,"['A former Boston TV news anchor says that last year, when her son was 18, he was at a bar in Natucket, Mass., when he met Kevin Spacey. The actor ""bought him drink after drink after drink and when my son was drunk, Spacey made his move and sexually assaulted him,"" said Heather Unruh at a press conference Wednesday. She says Spacey stuck his hand down her son\'s pants and onto his genitals, and tried to convince him to go to a party where they could continue to drink, USA Today reports. A bystander asked the teen if he was OK and the teen said no, at which point the woman urged the teen to flee and he took her advice, Unruh said. Unruh, who appeared with an attorney, says her son filed a police report last week and handed over evidence; she says a criminal investigation has been opened but the Nantucket Police Department has not confirmed that. The attorney with Unruh noted that her son\'s accusations are ""well within"" both the civil and criminal statutes of limitations. USA Today has a list of the 14 people so far accusing Spacey of sexual assault or harassment. Meanwhile Jon Bernthal, who worked with Spacey on Baby Driver, told a SiriusXM radio show Tuesday that he lost respect for Spacey while working on the film. ""I thought he was a bit of a bully,"" Bernthal said, per People. ""I didn’t really care for the way he was behaving toward some of the other people on set.""']",3331,"Now, write a one-page summary of all the news.

",multi_news
multi_news,en,,Summary:,532,"  

The news passages present two distinct but thematically connected stories. The first passage discusses the long-standing collaboration between Alexa Internet and the Internet Archive, where Alexa has been donating its web crawl data since 1996 to the Wayback Machine. This data is stored after an embargo period, allowing for the preservation of web history for future research and access.  

The second passage is a deeply personal and powerful narrative by J.K. Rowling, detailing the founding of the charity Lumos. Inspired by a haunting black-and-white photograph of a child in a caged bed at a residential institution, Rowling was moved to action, leading to the creation of Lumos. The organization aims to end the institutionalization of children worldwide, advocating for family-based care and highlighting the severe physical, emotional, and developmental harm caused by institutional living.  

Rowling explains that approximately 8 million children are currently separated from their families globally, often due to poverty, disability, or lack of local support systems. These children are not orphans but are placed in institutions by families who cannot provide adequate care. The passage emphasizes that institutionalization leads to long-term negative outcomes, including developmental delays, psychological trauma, and increased vulnerability to abuse and trafficking.  

Despite these challenges, Lumos reports significant progress in several countries. In Moldova, there has been a 70% reduction in institutionalized children since 2007. In the Czech Republic, a 75% drop in admissions has been achieved in Lumos’s demonstration area, and in Bulgaria, the number of children in institutions has decreased by 54%, with a significant increase in foster carers.  

Rowling argues that ending institutionalization is not only a moral imperative but also an economically sound solution, as supporting children in families is more cost-effective than institutional care. She calls for international donors, governments, and the public to support family-based care models and to raise awareness through initiatives like the #Letstalklumos campaign.  

Ultimately, Rowling envisions a future where the practice of institutionalizing children is seen as a relic of the past, a cruel and unnecessary practice that belongs to a fictional world. Her commitment to Lumos as its president for life reflects her unwavering belief in the possibility of a world where every child can grow up in a loving family environment.",0.0,e4b27be5d2d4a2f9518155efce2d9b5b799990bd146def3b,"['JK Rowling makes the case today that millions of kids around the world are living in appalling conditions—the stuff of Grimms\' fairytales—in institutions that are supposed to be caring for them. Rowling wants to change that, not by improving these orphanages with ""pretty murals"" or teddy bears, but by eliminating them altogether, she writes in the Guardian. The big challenge is providing support for often-poor families who think they have no choice but to place their child in such an institution. If a child\'s biological family isn\'t up to the task, then foster families can step in. But Rowling argues that institutions are absolutely the wrong answer. Rowling has started a charity called Lumos (yes, after one of her Harry Potter spells), and writes that it has made genuine progress in reducing new placements in countries such as Bulgaria, Moldova, and the Czech Republic. She wants to raise awareness and donations with campaigns like this one. ""I recently committed to becoming president of Lumos for life,"" writes Rowling. ""It is my dream that, within my lifetime, the very concept of taking a child away from its family and locking it away will seem to belong to a cruel, fictional world."" Click for her full column.']",1530,"Now, write a one-page summary of all the news.

",multi_news
multi_news,en,,Summary:,532,"  

The U.S. and Pakistan have taken steps to mend their strained relationship following the controversial 2011 U.S. raid that killed Osama bin Laden in Abbottabad, Pakistan. U.S. Senator John Kerry, who visited Pakistan to address tensions, emphasized the importance of rebuilding trust and cooperation between the two nations. The raid, which was conducted without prior notification to Pakistan, sparked outrage among Pakistani officials and citizens, who viewed it as a violation of their sovereignty.  

Kerry, the most senior U.S. envoy to visit Pakistan since the raid, stated that the operation was a necessary triumph against terrorism and that the extreme secrecy was essential to the mission's success. He also acknowledged the anger of the Pakistani public but defended the decision, noting that bin Laden and his followers had violated Pakistan's sovereignty by supporting extremist groups that have caused significant casualties.  

As part of efforts to improve relations, Pakistan has agreed to return the tail of a damaged U.S. military helicopter used in the raid. This gesture, along with increased intelligence sharing and joint operations against ""high-value targets,"" was highlighted in a joint U.S.-Pakistan statement. Kerry also announced that Secretary of State Hillary Clinton may soon visit Pakistan, signaling a renewed commitment to the alliance.  

Despite these efforts, tensions remain high. Pakistan has criticized U.S. drone strikes and has called for an end to CIA operations in the country. In response, Kerry emphasized that the U.S. has no interest in Pakistan's nuclear arsenal and that the secrecy of the bin Laden raid was not a sign of distrust.  

The U.S. relies on Pakistan as a critical supply route for troops in Afghanistan, and a breakdown in relations could have serious regional consequences, including the potential for Pakistan's nuclear weapons to fall into the hands of extremists. Meanwhile, Pakistan depends on U.S. aid to bolster its military and economy, and its strategic alliance with the U.S. remains important despite widespread anti-American sentiment.  

In recent days, Pakistan's Parliament has passed a resolution condemning the bin Laden raid and threatening to cut off NATO supply routes. However, Kerry expressed confidence that the relationship could be repaired through concrete actions rather than words. He also warned that a continued deterioration in U.S.-Pakistan ties would be dangerous for both nations and the broader region.  

The situation remains complex, with both countries navigating a delicate balance between security concerns, political tensions, and strategic interests. As the U.S. and Pakistan work to rebuild their partnership, the success of these efforts will be crucial in maintaining stability in South Asia.",0.0,2eeba772e4954887281b316f04ac32ac8de8065274f352f4,"['The US and Pakistan have agreed to work together in the future against ""high value targets"" in Pakistan, the countries announced in a joint statement today. The news comes after Sen. John Kerry arrived in Pakistan last night, intending to send a strong message following the death of Osama bin Laden: Cooperate more when it comes to rooting out terrorists, or face ""profound"" changes in the US-Pakistan relationship—which could include kissing billions in aid goodbye. Kerry is the most senior US official to go to Pakistan since bin Laden\'s death, but since issuing the joint pledge, he said Secretary of State Hillary Clinton will soon announce her own plans to visit, the AP reports. Kerry\'s meetings with Pakistani leaders began last night, the Washington Post reports. Many in Washington think Pakistan is harboring Islamist militants, and some members of Congress are calling for the US to sever the billions of dollars in aid it provides to Pakistan. Kerry is in Pakistan to lay out the new stakes following bin Laden\'s death, and question officials about how bin Laden was able to hide in Pakistan for years. In Kabul, Kerry said there is ""some evidence"" that the Pakistan government has knowledge of insurgent activities, calling it ""very disturbing.""']",1688,"Now, write a one-page summary of all the news.

",multi_news
multi_news,en,,Summary:,532,"  

In February 2017, Kim Jong-nam, the half-brother of North Korea's leader Kim Jong-un, was assassinated at Kuala Lumpur International Airport using the highly toxic nerve agent VX. Malaysian authorities confirmed the use of VX, which is classified as a weapon of mass destruction under the United Nations, after toxicology reports detected the substance on Kim's face and eyes. The attack occurred when two women, one Indonesian and one Vietnamese, reportedly applied the poison to his face while he waited for a flight to Macau. One of the women later fell ill with vomiting, raising questions about how she avoided the effects of VX, which is extremely potent and can kill in minutes.  

Malaysia's police chief, Khalid Abu Bakar, stated that the airport had not been decontaminated for 11 days after the attack, raising concerns about public safety. VX, a clear, oily liquid that can be absorbed through the skin, eyes, or lungs, is banned under the Chemical Weapons Convention, which North Korea has never signed. The country is believed to possess a large stockpile of chemical weapons, including VX, mustard gas, and sarin, with production capabilities estimated at up to 4,500 metric tons annually.  

North Korea has denied involvement in the attack, accusing Malaysia of fabricating evidence and aligning with South Korea. The North Korean government claimed responsibility for the death of one of its citizens, while Malaysia accused Pyongyang of spreading ""lies"" and demanded the expulsion of its envoy. The case has sparked a diplomatic crisis, with North Korea threatening Malaysia and accusing it of conspiring with its enemies.  

Kim Jong-nam, a long-time critic of the North Korean regime, had lived abroad for years and was bypassed in favor of his half-brother, Kim Jong-un, as the successor to the leadership. His assassination has raised concerns about North Korea's use of chemical weapons and its potential to target individuals abroad. Malaysian authorities are investigating the incident, including the role of North Korean embassy staff and other suspects, while the airport remains under scrutiny for possible contamination.  

The incident has also highlighted the risks associated with VX, which can persist in the environment for days or weeks and pose a threat to anyone exposed. Experts suggest that the two women involved may have been given an antidote, which could explain their lack of symptoms. The case has intensified international speculation about North Korea's capabilities and its potential to use chemical weapons in both regional and global contexts.",0.0,cef9105b35619a56715bd8971c08f04183c9884ea5315029,"['Kim Jong Nam\'s assassins killed him with a banned chemical weapon, Malaysian police revealed Friday. The country\'s police chief said toxicology reports on swabs from the face and eyes of the exiled North Korean found VX nerve agent, which the BBC notes is classed as a weapon of mass destruction by the United Nations. He said that one of two women believed to have rubbed the extremely toxic substance on Kim\'s face with their hands suffered from vomiting after the attack. The New York Times reports that VX agent can be created by mixing two compounds—and police suspect the two women put the substances on Kim\'s face, one after the other, to create a deadly dose. The police chief said the airport where Kim was attacked is now being decontaminated. North Korea—which is widely suspected to have been behind the killing of leader Kim Jong Un\'s half brother—never signed the Chemical Weapons Convention that banned VX, the AP notes. Pyongyang denies involvement and says Malaysia\'s investigation is full of ""holes and contradictions."" The father of one of the two women being held, Vietnamese citizen Doan Thi Huong, tells the Times his daughter trained as a pharmacist and he has seen little of her in recent years. (Police say that after Malaysia refused to give Kim\'s body to North Korean diplomats, somebody tried to break into the morgue.)']",2917,"Now, write a one-page summary of all the news.

",multi_news
multi_news,en,,Summary:,532,"  

In October 2009, a 15-year-old girl was brutally raped and beaten by a group of up to 10 individuals at Richmond High School in Richmond, California, during a homecoming dance. The attack, which occurred on Saturday, October 24, 2009, took place in a dimly lit picnic area near benches, where the victim had left the dance to drink alcohol with a group of students. The assault lasted for over two hours, and as many as two dozen people reportedly witnessed the attack without intervening or notifying authorities.  

The victim was found semiconscious and naked from the waist down near a picnic table and was airlifted to a hospital with non-life-threatening injuries. Police have identified two suspects in custody: Manuel Ortega, a 19-year-old former student who was arrested after attempting to flee the scene, and a 15-year-old boy who is a student at the school and knew the victim. Additional suspects are still being sought, and authorities are offering a $20,000 reward for information leading to the conviction of any of the assailants.  

The incident has sparked outrage and raised serious concerns about campus safety and the role of bystanders in such violent crimes. Richmond, a city known for its high crime rate, has seen a spike in violent incidents, including a previous shooting at the school where a student died. Despite the presence of surveillance cameras at the school, none were functioning at the time of the attack, and security measures were reportedly inadequate.  

Police have emphasized the disturbing nature of the crime, with one officer calling it ""one of the most disturbing crimes in my 15 years as a police officer."" The case has also prompted discussions about the need for improved security and the importance of bystander intervention in preventing such atrocities. As the investigation continues, authorities remain committed to bringing all those involved to justice and ensuring the safety of students and staff at Richmond High School.",0.0,b8ad3a4d5f7ed3008f93632c7880e2ddd7dc5e37f6a2088f,"['San Francisco-area cops have arrested three more young men in the savage gang rape, beating, and robbery of a 15-year-old girl outside her homecoming dance while dozens more watched. Five youths are being held, ranging from a 15-year-old boy who knew the victim to a 21-year-old. The girl was drinking outside the dance Saturday night, reports the San Francisco Chronicle, and the group turned on her when she became drunk. Charges are expected today. ""This was a barbaric act. I still cannot get my head around the fact that numerous people either watched, walked away or participated in her assault,"" a Richmond cop tells the AP. ""It\'s one of the most disturbing crimes in my 15 years as a police officer."" Some students began transferring out of the school. ""It\'s not safe there at all,"" said a 16-year-old girl. ""I\'m not going back.""']",1576,"Now, write a one-page summary of all the news.

",multi_news
multi_news,en,,Summary:,532,"  

The news passages provided cover a significant political and legal controversy involving the FBI, the Department of Justice (DOJ), and the House Intelligence Committee, particularly in the context of the 2016 U.S. presidential election. The central issue revolves around the ""Nunes memo,"" a classified document released by the House Permanent Select Committee on Intelligence (HPSCI) chaired by Devin Nunes (R-Calif.). This memo alleges that the FBI and DOJ abused their surveillance authority under the Foreign Intelligence Surveillance Act (FISA) when they sought a secret court order to monitor Carter Page, a former Trump campaign adviser.  

The memo, which was declassified and released on February 2, 2018, under the authority of President Donald Trump, claims that the FBI and DOJ failed to disclose key information to the Foreign Intelligence Surveillance Court (FISC), including the role of the Democratic National Committee (DNC) and Hillary Clinton’s campaign in funding the Steele dossier—a collection of information compiled by former FBI source Christopher Steele, which formed a significant part of the FISA application. The memo also highlights that Steele had previously been suspended and terminated as an FBI source for unauthorized media disclosures, yet this information was not included in the FISA applications.  

Additionally, the memo points out that the FBI and DOJ did not disclose the political origins of the Steele dossier, nor did they reveal that Steele had been paid by the DNC and Clinton campaign. The memo further criticizes the FBI for not properly vetting the credibility of the information provided by Steele, despite his known biases against Donald Trump. It also notes that the FBI’s internal investigations, including those involving FBI agent Peter Strzok and his relationship with Lisa Page, revealed a clear bias against Trump and a pro-Clinton stance, which may have influenced the FISA process.  

The FBI and DOJ had previously lobbied against the release of the memo, expressing concerns that it contained incomplete or misleading information. However, the White House, under President Trump, authorized the declassification of the memo, citing the public interest in transparency and oversight. The memo has sparked significant debate about the integrity of the FISA process, the role of political bias in intelligence operations, and the balance between national security and civil liberties.  

The second passage, a brief Twitter-related note, appears unrelated to the main news and is likely a placeholder or test content. It does not contribute to the summary of the primary news.  

In conclusion, the Nunes memo represents a major point of contention between the executive and legislative branches, highlighting concerns about the FBI’s conduct during the 2016 election and the potential for",0.0,04ee10332dea447fd20ba0b36c23c61fc1e4bbf4009eb6b6,"['The White House on Friday declassified a partisan and bitterly disputed memo on the Russia investigation, and a House committee immediately made it public. Media outlets were just beginning to assess it. You can read the document here, via the Washington Post. The White House move came over the fierce objections of the FBI and Justice Department, which have said the document prepared by Republicans on the House intelligence committee is inaccurate and missing critical context, per the AP. The memo alleges that the FBI abused US government surveillance powers in its investigation into Russian election interference. Trump, who has called the investigation a ""witch hunt,"" has supported the release of the memo in the apparent hopes that it could help undermine the probe being led by special counsel Robert Mueller. The president, dogged by the unrelenting investigation into his campaign\'s ties to Russia, lashed out anew Friday at the FBI and Justice Department as politically biased against Republicans. ""The top Leadership and Investigators of the FBI and the Justice Department have politicized the sacred investigative process in favor of Democrats and against Republicans - something which would have been unthinkable just a short time ago. Rank & File are great people!"" Trump tweeted.']",2676,"Now, write a one-page summary of all the news.

",multi_news
multi_news,en,,Summary:,532,"  

*The Wolfman* (2010), a remake of the 1941 Universal horror classic, was released in the United States on February 12, 2010. Directed by Joe Johnston and starring Benicio Del Toro, Anthony Hopkins, Emily Blunt, and Hugo Weaving, the film attempts to bridge the gothic storytelling of the original with modern horror elements. However, it is criticized for its hybrid approach, which fuses traditional makeup with CGI in an uneasy manner. The film's attempt to recreate the atmosphere of the original is seen as middling, with the transition from black and white to color losing some of the original's haunting quality.  

Benicio Del Toro's portrayal of Lawrence Talbot, the cursed werewolf, is compared to Lon Chaney Jr.'s iconic performance, but is seen as lacking emotional depth and connection. The supporting cast, including Anthony Hopkins and Emily Blunt, is noted for being underused or overly dramatic. The film's special effects, while visually impressive, are considered dated by today's standards, and the violence, though graphic, does not elevate the film.  

Critics argue that the film is unnecessary and fails to capture the essence of the original, despite its visual beauty and homage to classic horror. The film is also criticized for its campy makeup, over-the-top acting, and lack of narrative cohesion. While some reviewers find it enjoyable as a nostalgic, campy horror experience, others view it as a misfire that does not live up to the legacy of the original *Wolfman*.  

In contrast, other films mentioned in the news include *Valentine's Day*, a romantic comedy criticized for its clichéd plot and lack of originality, and *Ajami*, an Oscar-nominated Arab-Israeli drama that explores themes of revenge and tribal conflict. The *Red Riding Trilogy*, based on the Yorkshire Ripper murders, is praised for its intense storytelling and performances.  

The news also highlights the original *Wolfman* (1941), directed by Robert Siodmak, which introduced the character of Lawrence Talbot and set the foundation for the werewolf genre. The 1981 film *An American Werewolf in London* is noted for its comedic take on the werewolf myth, while *Wolf* (1994) reimagines the legend in a corporate setting.  

Overall, the news provides a mix of reviews and commentary on various films, with *The Wolfman* (2010) being the central focus, highlighting its strengths and weaknesses in the context of horror film remakes",0.0,c41f1472a8b70be78713deaa0e3248b28a9931fd049c6fd7,"[""Critics aren’t exactly howling over the new remake of The Wolfman starring Benicio del Toro, giving it mostly mediocre or failing marks. Here’s what they’re saying: “The movie is pungent with atmosphere, laying down a thick fog of creepy Victorian murk,” writes Kyle Smith of the New York Post, but the story is toothless, centering on a mystery “so simple that even Marmaduke could have sniffed it out.” “The movie is scary only as regards all its wasted potential,” laments John Anderson of the Wall Street Journal. There are good elements here, but they’re “reduced to a gruesome fondue, accessorized by actorly ham and studio cheese.” The filmmakers obviously loved the original Wolfman, but “nostalgia isn't always the best barometer,” writes James Berardinelli of ReelViews. The makeup is “inexcusably campy,” and scenes from the original are “recreated in a fashion that seems more Monty Python than unsettling.” But Ty Burr of the Boston Globe had fun. “The movie is by no means good,” he writes, “but it’s surprisingly enjoyable: a misty, moody Saturday-matinee monster-chiller-horror special.”""]",3747,"Now, write a one-page summary of all the news.

",multi_news
multi_news,en,,Summary:,532,"  

In May 2014, Sinn Féin leader Gerry Adams was arrested and questioned by Northern Ireland police over his alleged involvement in the 1972 murder of Jean McConville, a mother of ten who was abducted, shot, and secretly buried by the IRA during the Troubles. Adams, who had voluntarily presented himself for questioning, was arrested under the Terrorism Act, sparking controversy over the timing of the arrest, which occurred during an election campaign. Adams criticized the police for using ""pernicious, coercive legislation"" and claimed the timing was politically motivated. He denied any involvement in the murder and emphasized that the IRA is ""gone and finished.""  

Jean McConville's son, Michael McConville, expressed frustration over the long wait for justice, stating the family would continue their fight ""to the bitter end."" The case has been part of a broader effort to address the legacy of the Troubles, including the so-called ""Disappeared,"" individuals abducted and murdered by republicans.  

The police investigation included 33 taped interviews and presented Adams with photographs and statements from individuals deemed ""enemies of the peace process."" A file was sent to the Public Prosecution Service (PPS), which will decide whether to bring charges. The decision will be made by the PPS, with Northern Ireland's director of public prosecutions, Barra McGrory QC, delegating the task to his deputy, as he was previously a solicitor for Adams.  

The arrest also sparked political debate, with some parties accusing Sinn Féin of attempting to politicize the issue, while others defended the police's actions as necessary. Democratic Unionist Party (DUP) leader Jeffrey Donaldson and Ulster Unionist leader Mike Nesbitt criticized Adams for initiating the process and questioned the timing of the arrest. Meanwhile, the Social Democratic and Labour Party (SDLP) leader Alasdair McDonnell expressed concern over the lack of clarity on when a political leader should be arrested.  

The case is linked to the Boston College tapes, a series of interviews with former paramilitary members that have provided critical evidence in several Troubles-related investigations. Recently, Ivor Bell, a former Provisional IRA leader, was charged with aiding and abetting McConville's murder, highlighting the ongoing efforts to bring closure to historical atrocities.  

As the legal process unfolds, the case remains a significant moment in Northern Ireland's ongoing reconciliation efforts, balancing the pursuit of justice with the complexities of political and historical legacy.",0.0,3a36e0fd6f9a7f242575108e48446297bb639cf08ccfc9f4,"[""Sinn Fein leader Gerry Adams, lately the very high-profile suspect in a 1972 murder, will go free without charge, Northern Ireland police officials tell the BBC. Adams has been questioned since Wednesday in County Antrim over allegations that he, as an IRA commander ordered the murder of a 37-year-old widow and mom of 10, Jean McConville. The AP confirms the report, saying that Adams will likely be freed today, but notes that police say they'll send an evidence file to their British counterparts.""]",1816,"Now, write a one-page summary of all the news.

",multi_news
multi_news,en,,Summary:,532,"  

Two daycare workers, Lizandra Cosme, 32, and Susana Gonzalez, 27, have been charged following an incident in which five toddlers were injured with a hot glue gun at the Children’s Learning Place daycare in Chicago. The incident occurred on December 1, 2024, and was captured on surveillance footage, which allegedly shows Cosme applying hot glue to the hands and arms of five 2-year-old children, causing them to wince and cry in pain. Gonzalez, who was present in the room, is reportedly seen laughing as the incident unfolded.  

Cosme, who was working with 16 children at the time, is accused of five felony counts of aggravated battery to a child, while Gonzalez faces five misdemeanor charges of child endangerment. Cosme was denied bail during her court appearance and is scheduled to return to court on December 26. Her defense attorney stated that Cosme’s actions were not malicious, though she admitted to “screwing up” during the incident.  

According to prosecutors, Cosme brought the hot glue gun from home to the daycare for a Christmas project. The daycare center, which serves children from 6 weeks to 6 years old, immediately terminated both Cosme and Gonzalez following the incident. Lissa Druss Christman, a spokeswoman for the daycare, emphasized that the well-being of the children is a top priority and that the facility has notified the Department of Children and Family Services (DCFS) for an investigation.  

The DCFS is currently examining the allegations of abuse and child endangerment. The incident has sparked public outrage and raised concerns about child safety in daycare settings. The exact cause of the incident remains unclear, though the mother of one of the affected children, an ER physician, reportedly noticed the burns and prompted an investigation by demanding the review of surveillance footage.  

This case highlights the serious consequences of negligence in childcare and underscores the importance of strict oversight and accountability in early childhood education facilities.",0.0,994c4e5487e91bef73af6ea24878a117dc1a335f34d0ebbb,"['Two workers at a Chicago day care were fired and arrested after a disturbing incident that left five toddlers injured. Police say surveillance video captured one of the workers burning the 2-year-olds with a hot glue gun while the other woman watched and laughed, People reports. Lizandra Cosme, 32, has been charged with five counts of aggravated battery of a child causing great bodily harm, the Chicago Sun-Times reports. Susana Gonzalez, 27, faces five misdemeanor charges of causing the circumstances of child endangerment over the Dec. 1 incident at the Children\'s Place day care. It\'s not clear how seriously the children were injured. Prosecutors say Cosme, who brought the glue gun for a Christmas project, was captured on video applying the hot glue directly to the hands and arms of the three girls and two boys. ""Each of the child victims winced and some whined at the hot glue gun application,"" a prosecutor said during a Monday court appearance. Prosecutors said Cosme tried to cover up the incident, asking a father whether his child had been burned at home, ABC7 reports. They said her actions were discovered when one child\'s mother, an ER physician, saw the burns and demanded to see surveillance footage. Cosme\'s lawyer said his client ""screwed up"" but did not mean to hurt the children.']",1272,"Now, write a one-page summary of all the news.

",multi_news
multi_news,en,,Summary:,532,"  

Texas Democratic gubernatorial candidate Wendy Davis has revealed in her upcoming memoir, *Forgetting to Be Afraid*, that she had two abortions in the 1990s. The first occurred in 1997 when she and her then-husband, Jeff, decided to terminate a pregnancy with their third child, Tate Elise, after discovering the fetus had a severe brain abnormality. Doctors told Davis the condition would cause the baby to suffer and likely be incompatible with life. She described the decision as heartbreaking, writing that she and her husband spent time with the unborn child, had her baptized, and said their goodbyes before the baby was delivered by cesarean section. Davis wrote that the experience left her in a deep, dark despair, but also changed her forever.  

The memoir also details an earlier ectopic pregnancy in 1994, which Davis described as a medical necessity. She noted that while the termination of the ectopic pregnancy is technically classified as an abortion, it was not a choice but a life-saving measure to protect her health. Davis wrote that she was heartbroken over the loss, as she had already named the child “Baby Lucas.”  

These personal stories, which Davis considered sharing during her historic 2013 filibuster against Texas’ restrictive abortion laws, were ultimately left out, as she felt they would overshadow the broader message of the day. The filibuster, which lasted nearly 13 hours, became a national sensation and brought widespread attention to the issue of women’s reproductive rights.  

The memoir, published by Blue Rider Press, is priced at $27.97 and is dedicated to Davis’ daughters, including Tate, whom she describes as a source of profound love and loss. The book also delves into her personal history, including her difficult childhood, financial struggles, and the impact of her parents’ turbulent relationship.  

Davis is running for governor against Republican Attorney General Greg Abbott, a staunch opponent of abortion rights. While her personal story has drawn attention, political analysts suggest it may not significantly impact her campaign, as it is unlikely to sway voters who already hold strong views on abortion.  

The memoir adds depth to Davis’ narrative, highlighting her journey from a young mother to a political leader, and underscores the emotional and moral complexities of her decisions. It also reflects her broader advocacy for women’s access to healthcare and her belief in the importance of personal stories in shaping public policy.  

As the race for governor intensifies, Davis’ memoir serves as both a personal reflection and a political statement, offering insight into the challenges she has faced and the values that continue",0.0,7a9199c5521da5c99e3de3cb0d86abbcff0f1489e6b3f731,"['Texas gubernatorial candidate Wendy Davis\' new memoir is dedicated in part to daughters Amber, Dru, and Tate, and those familiar with Davis\' life story might be puzzled by the last name on that list. That\'s because Davis is revealing for the first time that Tate is the unborn child that she and her husband aborted in the second trimester, after doctors discovered a severe brain abnormality. The San Antonio Express-News and the AP obtained advanced copies, and the news is generating headlines given that Davis shot to national fame while filibustering against an abortion bill in Texas. Davis writes that she decided to abort in 1996 after doctors said the baby would be blind, deaf, and in a vegetative state if she survived the pregnancy. Davis also felt the fetus “tremble violently"" in the womb, ""as if someone were applying an electric shock to her, and I knew then what I needed to do. She was suffering."" Her doctor ""quieted"" the unborn child\'s heart and delivered her by C-section. Davis and her husband had Tate baptized. After the abortion, ""an indescribable blackness followed,"" writes Davis in Forgetting to Be Afraid, ""and when I finally did come through it, I emerged a different person."" Davis also writes of a previously disclosed procedure to terminate an earlier ectopic pregnancy in which the embryo was implanted outside the uterus. She says she opted not to talk about either case during her famous filibuster because she feared it would ""overshadow the events of the day.""']",2373,"Now, write a one-page summary of all the news.

",multi_news
multi_news,en,,Summary:,532,"  

In November 2017, two men were arrested in Pittsfield, Massachusetts, for allegedly running a citywide prostitution ring that involved multiple women, some of whom may have been as young as 15. The investigation, which began in the spring of 2017, was prompted by reports of an increase in prostitution activity in the city, particularly around areas such as First, Adam, North, Linden, and Wahconah streets.  

Joseph E. Van Wert, 65, of Becket, and Randy W. Lambach, 45, of Pittsfield, were charged with human trafficking and other related offenses. Lambach, identified by witnesses as the man known as ""Randy,"" allegedly targeted women with severe drug addictions, photographed them, and posted their services on online platforms such as backpage.com. He would then arrange meetings with potential clients, set rates (typically $80 for 30 minutes or $160–$200 for an hour), and transport the women to the locations, sometimes even outside the state.  

Lambach allegedly kept a significant portion of the money earned by the women, either in cash or in the form of drugs such as heroin and crack cocaine. He also threatened the women with legal consequences if they attempted to leave the operation or provide information to the police. Some of the women recruited by Lambach were reportedly his former foster children.  

Van Wert, who lived in a third-floor apartment at a senior living facility, allegedly allowed the prostitution activities to take place in his apartment in exchange for drugs and cash. He was also charged with conspiracy to commit human trafficking, deriving support from prostitution, maintaining a house of prostitution, and engaging in sexual conduct for a fee.  

Both men were held on charges pending a dangerousness hearing on November 29, 2017, to determine bail. Lambach pleaded not guilty to four counts of human trafficking, while Van Wert pleaded not guilty to multiple charges. The investigation, involving the Pittsfield Police Department, anti-crime unit, drug unit, and state police, is ongoing, with the possibility of additional charges.  

The case highlights the exploitation of vulnerable individuals, including those with drug addictions and possibly minors, and underscores the role of organized criminal activity in facilitating prostitution and human trafficking. The arrests have drawn attention to the need for continued law enforcement efforts and community support to address such issues.",0.0,eaa81a89e0cd98188339f02482df2c273f0bc1257f1c4a66,"['Two men have been charged with human trafficking after police arrested them for running a prostitution ring out of a senior living facility in Pittsfield, Mass. Police say Joseph Van Wert, 65, and Randy Lambach, 45, will face a hearing later this month, the New York Daily News reports. Lambach would allegedly seek out women with drug addictions and post their pictures online, then arrange meetings with clients. Some of these meetings took place in Van Wert\'s apartment in a senior facility. Van Wert offered his apartment in return for cash or drugs. The Berkshire Eagle reports that the police investigation began last spring in response to citizen complaints about increased prostitution across the city. Lambach would allegedly keep up to 90% of the money the women made, sometimes refusing them cash altogether and paying them in heroin or crack cocaine instead. At least one woman said Lambach drove her to an ""appointment"" across state lines. Police estimated one of the victims was 15 years old. They were also told that some of the women were Lambach\'s former foster children. Both men have pleaded not guilty, Lambach to four counts of human trafficking and Van Wert to conspiracy to commit human trafficking, deriving support from prostitution, maintaining a house of prostitution, and sexual conduct for a fee.']",1457,"Now, write a one-page summary of all the news.

",multi_news
multi_news,en,,Summary:,532,"  

Recent archaeological discoveries in Wiltshire, England, have shed new light on the Neolithic and Bronze Age cultures that once thrived in the region, particularly around the area of Marden Henge and Wilsford Henge. These findings, uncovered by the University of Reading and other partners, are part of a broader effort to understand the people who lived in the Vale of Pewsey, a region closely associated with Stonehenge and other ancient monuments.

One of the most significant discoveries is a 4,300-year-old house, believed to be one of the best-preserved Neolithic structures in the UK. The house, located on the edge of Marden Henge, was constructed with white chalk imported from miles away and was used for feasting and gatherings rather than as a permanent residence. The site, which is part of a vast 15-hectare enclosure, was deliberately covered with earth after abandonment, suggesting a ritualistic or symbolic act. The house has yielded a wealth of artifacts, including flint tools, decorated pottery, and even the remains of a vole, which may have been part of the last meal prepared there. Analysis of seeds and charred grains will provide insight into the diet and agricultural practices of the time.

In addition to the house, the excavation has uncovered a 4,000-year-old Bronze Age skeleton, believed to be that of a child, found in a fetal position and wearing an amber necklace. This discovery, made at Wilsford Henge, offers the potential for scientific analysis to determine the child’s gender, diet, and place of origin. The skeleton is part of a broader effort to understand the people who lived in the area surrounding Stonehenge, with the Vale of Pewsey dig being a three-year collaboration between the University of Reading, Historic England, the Arts and Humanities Research Council, and Wiltshire Museum.

Marden Henge itself, the largest prehistoric monument in Britain, is a massive structure that predates Stonehenge and Avebury. Its size and complexity suggest it may have served as a symbol of power and status, with the ability to mobilize a large workforce. The site, which includes a network of smaller monuments and features, has been largely overlooked due to its location in fertile farmland, where it has been plowed out or buried under modern development. However, recent excavations are beginning to reveal its significance, with the discovery of a previously unrecorded Roman complex nearby.

The excavation has also highlighted the importance of the River Avon in connecting these ancient sites, with Marden Henge and other henges linked to",0.0,11612bf9150914c57c3107b73b864d6311c010bcfdc458f0,"['You think Stonehenge is impressive? Archaeologists in Britain are excavating a monument ten times larger than the iconic structure, though it appears to the naked eye to be little more than farmland. A henge is a circular earthwork, and the one in question is Marden Henge, which sits a few miles north of Stonehenge in Wiltshire. National Geographic reports that roughly 4,500 years ago it featured 10-foot-tall earthen berms that encompassed some 40 acres. The Guardian writes that the henge was ""far larger than the Avebury or Stonehenge circles, and too large for any imaginable practical use."" But over the ages Marden Henge\'s berms have ""slumped"" and farmers have worked the land, and archaeologists have gravitated to the more breathtaking Stonehenge. Until now. Jim Leary of the University of Reading has just kicked off a three-year study of the site; his excavations (he worked at the site in 2010, too) are the only ones to have occurred there in nearly 50 years. He hopes the berms will help explain the ""insane, utterly unsustainable"" construction boom that led to Marden Henge and four other nearby Neolithic monuments, including Stonehenge. ""Not nearly enough attention has been paid to the archaeology of the fertile valley in between these places,"" says Leary. So far he\'s found the remains of a 4,000-year-old teen wearing an amber necklace just outside Marden Henge, per the BBC; fancy arrowheads; and a stone building within the henge containing the bones of at least 13 pigs, suggesting a huge feast was held there. ""For all the attention that has been lavished on Stonehenge over the years, we may well find out that Marden was where it was really at during the Neolithic,"" he says. (There\'s a giant ""super henge"" under Stonehenge.)']",1428,"Now, write a one-page summary of all the news.

",multi_news
multi_news,en,,Summary:,532,"  

The provided news passages discuss various aspects of financial assistance, particularly focusing on quick cash loans and emergency financial solutions. Passage 1 emphasizes the challenges individuals face when applying for loans, especially those seeking fast cash help during difficult times. It highlights the importance of understanding the costs associated with such loans, including fees and interest, and warns against predatory lending practices. The passage also mentions that these loans can be used for a variety of urgent needs, such as medical expenses, utility bills, rent, and debt repayment.  

It further explains that some loans are available without a credit check, making them accessible to individuals with poor or no credit history. These loans can be obtained online, often with a quick application process and fast approval. The passage also outlines the eligibility criteria for such loans, including being a UK resident, being at least 18 years old, having a stable income, and maintaining a savings account.  

The text also notes that while these loans can provide immediate financial relief, they come with repayment terms that include monthly installments and interest charges. It encourages borrowers to consider saving for emergencies rather than relying on high-cost loans.  

Passage 2, on the other hand, shifts focus to a different topic altogether. It mentions Jay’s love for cars and invites readers to share their favorite automobiles. This passage appears to be unrelated to the financial content in Passage 1 and seems to be a separate piece of information, possibly a blog post or a social media update.  

In summary, the news passages cover two distinct topics: one focusing on financial assistance and loan options, and the other on a personal interest in automobiles. The first passage provides detailed information on emergency loans, their costs, and application processes, while the second passage is a brief, unrelated mention of a car enthusiast's interest.",0.0,d74bcb4b88344c46da1ff0c29dec67d014083c13f3848a87,"['As everyone wonders whether Conan O’Brien will stay at NBC or move to Fox, the Tonight Show host offered up a few more novel ideas yesterday: Perhaps he’ll “pretend to put my son in a giant foil balloon, then sit back and watch the offers come pouring in!” Watch him deliver the rest of his options on the video above—then check out Jay Leno, who also addressed the drama last night on his show. “NBC says the show performed exactly as they expected it would, and then they canceled it,” Leno said. “Now don’t confuse that with when we were on at late night and we performed better than expected and then they canceled us. That was totally different!” Meanwhile, the Los Angeles Times takes a closer look at Fox’s early talks with Conan—who “would be a very compatible fit for our brand,” says the president of Fox Entertainment.']",791,"Now, write a one-page summary of all the news.

",multi_news
multi_news,en,,Summary:,532,"  

BP PLC faced significant shareholder backlash over its executive pay decisions, particularly the 20% increase in Chief Executive Bob Dudley’s total compensation package for 2015, which amounted to $19.6 million. Despite the company recording a $5.2 billion loss that year and announcing job cuts, Dudley’s pay was defended as necessary due to the challenging environment caused by falling oil prices and the aftermath of the 2010 Deepwater Horizon disaster.  

Shareholders, including major institutional investors like Royal London Asset Management and Aberdeen Asset Management, voted against the pay package, with 59% of proxy votes rejecting the decision. This marked one of the largest rejections of a corporate pay deal in the UK and highlighted growing shareholder dissatisfaction with executive compensation, especially in light of BP’s poor financial performance.  

The controversy was amplified by comparisons to other energy executives, such as Shell’s Ben van Beurden, whose pay dropped significantly in 2015. While Dudley’s compensation was deemed in line with his responsibilities, including improving safety and financial recovery, many investors felt it was excessive given the company’s struggles.  

BP’s chairman, Carl-Henric Svanberg, acknowledged the shareholder concerns and promised to review the pay structure in consultation with investors. However, he emphasized that Dudley’s pay would not be adjusted immediately, as the compensation policy was approved by 96% of shareholders in 2014.  

The shareholder rebellion also raised broader questions about corporate governance and executive pay in the UK, with some experts suggesting that the government may need to introduce stricter regulations if companies fail to align pay with performance.  

In addition to the pay dispute, BP also signaled potential reductions in dividends due to ongoing financial pressures from low oil prices, further intensifying the challenges faced by Dudley and the board. The situation underscores the increasing influence of institutional investors in corporate decision-making and the growing demand for transparency and accountability in executive compensation.",0.0,b52067a71a631691a2448c313aef0dcb0870b66526c87e77,"['Oil giant BP lost $5.2 billion last year, but the company somehow saw fit to propose maximum bonuses for 2015 for its top executives, including a 20% pay increase for CEO Bob Dudley—a proposal that 59% of shareholders roundly rejected by proxy vote at Thursday\'s annual meeting, MarketWatch reports. The company had indicated earlier in the day that it may also have to reduce its dividend, the Wall Street Journal reports. Dudley is set to receive the full bonus he was eligible for, which comes to $4.2 million (including $1.4 million in cash and a portion in deferred BP shares), per an earlier MarketWatch report. This amount was bumped up from the $3 million ($1 million in cash) he received in 2014. BP\'s CFO was also on the list to rake in his full bonus. ""We think it sends the wrong message,"" a rep for shareholder Royal London Asset Management tells the BBC. ""It shows that the board is out of touch."" Not only did BP suffer straight-up monetary losses as the price of oil fell, it also announced it will be getting rid of about 7,000 jobs and taking other belt-tightening measures. And the Financial Times notes that other energy company execs saw their pay slashed in 2015. But a BP spokesman says ""executives performed strongly in a difficult environment in 2015, managing the things they could control and for which they were accountable."" Andy Critchlow, writing for the Reuters Breakingviews blog, agrees. ""Dudley has to work harder than his predecessors,"" he writes, noting the CEO has helped the company recover from the 2010 Deepwater Horizon disaster and improved safety protocol. ""The mild-mannered American has had possibly the toughest job in the oil industry. His rewards look in line with that task."" Carl-Henric Svanberg, chairman of BP\'s board, says the nonbinding shareholder vote won\'t alter the payouts they\'ve already decided on, but that the board will take investors\' concerns into account when coming up with next year\'s compensation packages.']",3225,"Now, write a one-page summary of all the news.

",multi_news
multi_news,en,,Summary:,532,"  

Peru's top organized crime investigator, Eusebio Felix Murga, has been placed on leave after making sensational claims about a gang of serial killers who allegedly murdered up to 60 people to extract their fat for sale to Italian cosmetics companies. The investigator, who referred to the killers as ""Pishtacos""—a mythical figure from Andean folklore—claimed the gang had been apprehended and that police had displayed bottles of human fat and body parts as evidence. However, the story has since been widely discredited.  

Initial reports suggested the gang had committed gruesome murders, with victims' torsos strung up and fat extracted for sale. Police even showed a bottle of what they claimed was human fat, stored in an Inca Kola bottle, and displayed body parts from a grave in the mountainous region of Huanuco. However, subsequent investigations revealed that the case was based on a mix-up and lack of evidence. The regional police in Huanuco, who were not involved in the initial investigation, stated that there was only one confirmed murder victim, linked to the cocaine trade. The four suspects, still in custody, may have been using the fat as a means of intimidation in a drug-trafficking area.  

The police chief, General Miguel Hidalgo, admitted the investigation was botched and expressed embarrassment over the incident, which has damaged the police's reputation. Critics, including anthropologists and medical experts, have condemned the use of the Pishtacos legend to sensationalize the case. They argue that the story was not only based on a myth but also served to distract from real issues in Peru, such as drug trafficking and violence.  

Medical professionals have pointed out that human fat has no significant commercial value and that extracting it for sale would be impractical and dangerous. Some have suggested that the story was a fabrication or a publicity stunt, possibly intended to generate media attention or divert public focus from other pressing concerns.  

The incident has sparked public outrage and criticism from politicians, who have accused the police of scaring away tourists and undermining public trust. The case highlights the dangers of sensationalism in law enforcement and the potential consequences of misusing cultural myths to justify criminal investigations. As the investigation continues, the case remains a controversial example of how misinformation and exaggeration can lead to serious reputational and legal repercussions.",0.0,3b272a3cb912cb9130ace7be7a17757c1206b90893edf887,"['The Peruvian cop who claimed to have busted a crime ring that killed dozens of people to harvest their fat has been suspended for lying. Felix Murga, the country\'s top organized crime investigator, said that a gang had killed 60 people to sell their fat at $15,000 a liter. Investigators now believe there was just one victim and his murder was linked to drug trafficking, the BBC reports. Murga appears to have revived an ancient Andean legend of killers who roam the mountains extracting fat from travelers, say authorities, who blame him for damaging the police force\'s reputation and scaring tourists away. ""This has been a ruse of bad taste,"" a local politician tells Reuters.']",1088,"Now, write a one-page summary of all the news.

",multi_news
multi_news,en,,Summary:,532," 

Cheryl Strayed’s memoir *Wild*, which chronicles her transformative journey along the Pacific Crest Trail (PCT), has inspired a surge in interest in long-distance hiking. The book and its subsequent film adaptation have significantly increased the number of people attempting the trail, with the Pacific Crest Trail Association (PCTA) reporting a 300% increase in website traffic following the movie’s release. This rise in popularity has led to a notable increase in permit applications for long-distance hikes, with over 4,000 permits issued in 2016 alone. The PCT, stretching 2,650 miles from Mexico to Canada, has seen a dramatic rise in hikers, particularly since the 2010s, with over 1,000 hikers attempting the full trail in 2014 and nearly 3,000 in 2016.

While the trail offers a powerful, life-changing experience, concerns have emerged about overcrowding and its impact on the environment and trail communities. The PCTA introduced a permit system with a daily cap of 50 hikers to manage the influx and reduce environmental damage, especially in fragile desert areas. However, the honor system remains in place for many hikers, raising concerns about sustainability as numbers continue to grow. Environmental degradation, increased human waste, and strain on local services such as emergency response and infrastructure are among the challenges faced.

The trail also faces social challenges, including the behavior of some hikers who may lack preparation or responsibility, potentially harming the trail’s reputation and the experience of others. The PCTA and trail advocates emphasize the importance of ""leave no trace"" practices and responsible hiking to preserve the trail’s natural beauty and ensure a positive experience for all hikers.

Despite these challenges, the PCT remains a symbol of personal growth and resilience, with many hikers finding solace and transformation through the journey. The trail’s appeal continues to grow, with more women and diverse groups of hikers inspired by stories like Strayed’s. As the trail becomes more popular, the balance between accessibility and preservation remains a critical issue for the hiking community and trail stewards.",0.0,f8ac8ff14795766c86a489e1a4175f54fdb45baab5b808e3,"['Hikers on the Pacific Crest Trail can expect to encounter harsh-but-beautiful landscapes, extreme fatigue, and—these days, at least—traffic. ""You can’t talk about the Pacific Crest Trail without mentioning the crowds,"" Pete Brook writes for Outside. He should know: Brook currently is trekking the 2,650-mile PCT, which runs from the Mexican border through California, Oregon, and Washington to the border with Canada. But don\'t take his word for it: The Pacific Crest Trail Association so far this year has issued more than 4,000 permits to people planning on tackling at least 500 miles of the trail. To put things in perspective: 300 people attempted to complete the entire PCT in 2006, according to the AP, with about 120 of those making it. In 2014, 1,000 people set off and about half completed the trail. More traffic means more stress on the land, more improperly disposed of poop, and more inexperienced hikers requiring rescue. So what\'s with the increase in traffic over the past few years? You can thank Cheryl Strayed and her enormously popular memoir-turned-major-motion-picture Wild. After the book came out in 2012, there was a small increase in interest in the trail, the PCTA\'s Jack Haskel told the AP in 2015. But after the movie, starring Reese Witherspoon, was released in 2014, interest in the PCT exploded. ""Millions are hearing about it now and are being inspired,"" Haskel said. Strayed, more or less unprepared for the journey, hiked 1,100 miles of the trail as a form of therapy as she grappled with personal demons. ""However for others that follow her strategy of deliberate ineptitude, things might not turn out so well,"" writes DontHikeLikeWild.org. ""Our advice to would-be hikers: Grow a spine first. Then get out there and hike the PCT."" (This female hiker is the ""biggest badass you\'ve never heard of."")']",2416,"Now, write a one-page summary of all the news.

",multi_news
multi_news,en,,Summary:,532,"  

Pete Davidson, a cast member of *Saturday Night Live* (SNL), has been in the spotlight for his candid discussions about his use of medical marijuana and his journey toward sobriety. In a recent interview with *High Times*, Davidson spoke openly about how he uses cannabis to manage his Crohn’s disease, a chronic condition he was diagnosed with at a young age. He criticized the New York State medical marijuana program for being difficult to access and expressed frustration with those who oppose the legalization of cannabis, stating that it is essential for his ability to perform on SNL. “I wouldn’t be able to perform on SNL if I couldn’t smoke weed!” he said, emphasizing the role cannabis plays in his daily life and career.  

Despite his advocacy for cannabis, Davidson has also made a significant personal announcement. In a heartfelt post on Instagram, he revealed that he has been sober for the first time in eight years. He shared that he has quit drugs and is now in a stable, happy place, thanks to the support of his girlfriend, friends, and fans. “I’ll always be here for you guys, I promise,” he wrote, expressing gratitude for the love and support he has received. He also encouraged others not to give up hope, calling his fans a “family.”  

Davidson’s journey has not been without challenges. He has previously spoken about the emotional toll of his father’s death in the 9/11 attacks and his struggles with mental health. He has credited Kid Cudi’s music for helping him through difficult times, even going so far as to say that the rapper “saved my life.” This sentiment was echoed during an interview with *The Breakfast Club*, where he acknowledged Cudi’s own struggles with depression and addiction, which he found comforting.  

In addition to his personal revelations, Davidson has been active in the entertainment industry. Season 42 of *Saturday Night Live* is set to premiere on October 1st, and his first hour-long stand-up special, *SMD*, will air on Comedy Central on October 29th. Despite his public advocacy for cannabis and his recent sobriety, Davidson remains a prominent and respected figure in the comedy world, with his work continuing to resonate with fans and peers alike.  

Overall, Pete Davidson’s recent news highlights a complex mix of personal growth, advocacy, and professional success, as he continues to navigate the challenges of fame, health, and recovery.",0.0,676c95b1b4d773fc7ada84cef6392d0ce2fe2e29c50f4880,"['Noticed Pete Davidson\'s absence from SNL as of late? Well, there\'s a good reason behind it: The 23-year-old has been focusing on his sobriety. After telling High Times last fall that he couldn\'t function without the medical marijuana he\'s prescribed for Crohn\'s disease, Davidson now says, ""I quit drugs and am happy and sober for the first time in eight years"" in an Instagram post. Rapper Kid Cudi might have inspired that sobriety, per the New York Daily News. Last fall, Davidson told a radio station, ""I would have killed myself if I didn\'t have Kid Cudi,"" who\'d checked himself into rehab a few weeks earlier.']",805,"Now, write a one-page summary of all the news.

",multi_news
multi_news,en,,Summary:,532,"  

Jeff Herman, a high-profile Florida lawyer known for his aggressive pursuit of cases involving child sexual abuse, has filed multiple lawsuits against Hollywood figures, including ""X-Men"" director Bryan Singer and Broadway producer Gary Goddard. These suits allege that Singer and Goddard sexually assaulted underage boys, with one case involving an anonymous British man who claims he was drugged, threatened, and forcibly sodomized by Singer and Goddard during a 2006 London premiere of ""Superman Returns."" Herman provided photos and emails as evidence, including an email from Goddard with a suggestive subject line and a handwritten note with a box of Hershey’s chocolates.  

Herman has previously sued Michael Egan, who alleges he was sexually assaulted by Singer and others in the late 1990s. The defendants have denied the allegations, calling Herman a publicity-seeking lawyer who lacks credible evidence. They argue that the lawsuits are attempts to ""shake down"" them for money and damage their reputations.  

Herman, who has litigated over 800 sexual abuse cases, is known for his ""voice for victims"" approach and has taken on powerful institutions like the Catholic Church and the Boy Scouts of America. He has also faced legal challenges, including an 18-month suspension from practicing law in Florida for ethical violations. Despite this, he continues to push forward with his cases, claiming that the pushback he faces is similar to the early days of the clergy sex abuse scandal.  

Herman has also revealed personal experiences with sexual abuse, including a traumatic incident in law school and a childhood memory of being held by his arms and legs, which he cannot fully recall. He emphasizes the importance of empowering victims and creating safe spaces for them to come forward.  

The lawsuits have sparked a wave of attention and concern about child sexual abuse in Hollywood, with Herman suggesting that there may be a broader ""sex ring"" involving industry players. He plans to file more suits, including one related to another alleged sex ring, and has stated that the current cases are part of a larger movement to hold powerful figures accountable.  

Herman’s approach has drawn criticism for its public nature, with some accusing him of grandstanding and using the media to gain attention. However, he maintains that his goal is to give victims a voice and to bring hidden abuse into the light. The cases continue to generate significant media coverage and public debate about the prevalence of sexual abuse in the entertainment industry.",0.0,309b673245e2ff9762cede34389c26378423ba8e6aded612,"['Bryan Singer has already been hit with two lawsuits alleging sexual abuse of minors—and the lawyer who filed both of them, plus other suits against Hollywood bigwigs, says more are coming. ""I’ve heard from victims about very recent claims of being sexually exploited in Hollywood,"" Jeff Herman said at a news conference yesterday, according to Variety. He said one coming lawsuit involves another Hollywood ""sex ring."" Herman also shared photos showing the second alleged victim (with his face redacted) and Singer at the London premiere of Singer\'s Superman Returns in 2006; John Doe, then 17, says Singer abused him after the premiere, the New York Daily News reports. As for the strenuous denials from all the Hollywood VIPs named in the various suits, Herman said, ""The pushback I’m getting reminds me of the early days of the clergy sex abuse scandal."" Meanwhile, in an interview with the Daily Beast, Herman says he himself has vague memories of being sexually abused as a child. He says he\'s worked on some 800 sex abuse cases in his career, notably involving the Catholic Church and the Boy Scouts.']",5805,"Now, write a one-page summary of all the news.

",multi_news
multi_news,en,,Summary:,532,"  

On Saturday, two young women, Mary Kristene Chapa, 18, and her girlfriend Mollie Judith Olgin, 19, were shot in the head at Violet Andrews Park in Portland, Texas. Chapa, who was critically injured, is making an “amazing” recovery, according to her brother Hilario Chapa, who described her progress as “strong” and “impressing everybody.” Despite the severity of her injuries, doctors have not yet used the word “paralyzed,” and her family remains hopeful. Olgin, however, did not survive the attack.  

The incident has sparked an ongoing investigation by the Texas Rangers and Portland Police, with no evidence yet indicating the shooting was a hate crime. However, authorities are not ruling it out. The families of both victims have expressed their grief and hope for justice. Mollie Olgin’s father, Mario Olgin, described his daughter as his “guardian angel” and expressed confidence that justice will be served. He also shared that Mollie had dreams of becoming a psychiatrist and had just completed her first semester of college.  

Hilario Chapa, a tech sergeant in the Air Force Reserve, has been a central figure in sharing updates about his sister’s condition. He noted that Chapa, who is Mexican-American, has been communicating through sign language, a skill she learned in high school. He also mentioned that the family is still waiting for a response from the left side of her body, though she is showing significant physical progress.  

The Chapa family, who live in Sinton, Texas—a town that is 72 percent Latino—has been receiving widespread support from the community and the LGBTQ+ community. A Facebook event for a candlelight walk in memory of Olgin and in support of Chapa has already gathered over 700 participants. The family has also set up a donation page to help cover Chapa’s medical bills, as her father is currently between jobs and the family lacks insurance.  

Mollie Olgin’s family has reached out to the Chapa family, but the meeting has not yet occurred due to the emotional toll on the Chapa family, particularly the mother, who is struggling to cope with the loss. Both families hope to eventually meet and support one another.  

A memorial service for Mollie Olgin is planned for Friday at Limbaugh Funeral Home in Portland, followed by a candlelight vigil at the park where the shooting occurred. The community is coming together to honor the lives of the two young women and to seek justice for the tragedy.  

The case remains under investigation,",0.0,9e0865c920d77e5a813ed7f10720ed9fa759768e28493f1f,"['The dad of the teenage lesbian shot dead in a Texas park called for justice yesterday. He immediately had a ""bad feeling"" when his 19-year-old daughter, Mollie, failed to show up for work, said Mario Olgin. “It was not like Mollie,"" he told KIII-TV. ""If she had some place to be she was going to be there.” Mollie and her 18-year-old girlfriend, Mary Kristene Chapa, had been shot in the head by an unknown assailant. Mollie died at the scene, but Chapa is making an ""amazing"" recovery, her brother told NBC Latino. Mollie has just finished her first semester of college and dreamed of becoming a psychiatrist. ""She was happy,"" Olgin recalled. Now, ""she\'s my guardian angel. I know she\'s looking down on us, in a better place."" He\'s confident police will find her killer. ""Justice will be served,"" he declared. Texas Rangers have joined Portland police in continuing to investigate the crime, but haven\'t yet discussed any progress. They haven\'t labeled the shootings a hate crime, but aren\'t ruling it out.']",1296,"Now, write a one-page summary of all the news.

",multi_news
multi_news,en,,Summary:,532," 

A groundbreaking discovery in paleontology has unveiled a new dinosaur species, *Caihong juji*, which lived approximately 161 million years ago during the Jurassic Period in what is now northeastern China. This crow-sized theropod dinosaur, named ""rainbow with a big crest"" in Mandarin, is notable for its iridescent feathers, a feature previously thought to be exclusive to modern birds. The nearly complete fossil, discovered in Hebei Province, was preserved in exceptional conditions, allowing scientists to study its plumage in detail.

The dinosaur's feathers, particularly on its head, neck, and chest, contained microscopic melanosomes—structures responsible for pigmentation. These melanosomes were shaped like pancakes, similar to those found in hummingbirds, suggesting the feathers could have shimmered and shifted colors in the light, creating an iridescent effect. This discovery challenges previous assumptions about the coloration and complexity of dinosaur feathers, indicating that the Jurassic Period may have been more colorful than previously believed.

*Caihong juji* possessed a bird-like body with features such as asymmetrical feathers, which are associated with flight. However, scientists are uncertain whether it could actually fly, as its body structure may have been more suited for gliding or display. The dinosaur had a Velociraptor-like skull with sharp teeth and crests above its eyes, likely used for display or communication. Its feathers may have played a role in attracting mates, similar to the peacock's tail in modern animals.

The study, published in the journal *Nature Communications*, was led by researchers from the Chinese Academy of Sciences and the Field Museum. The fossil was found by a local farmer and later acquired by the Paleontological Museum of Liaoning. Using advanced imaging techniques, including scanning electron microscopy, scientists were able to analyze the nanostructures within the feathers and compare them to melanosomes in modern birds, confirming their iridescent nature.

This discovery adds to the growing body of evidence that feathers evolved for display before being adapted for flight. *Caihong juji* is the oldest known dinosaur with asymmetrical feathers, a trait that is also seen in *Archaeopteryx*, which lived about 10 million years later. The findings highlight the complexity of dinosaur evolution and the importance of feathers in both survival and social behavior. Further research on this and other feathered dinosaurs may provide more insights into the origins of birds and the role of coloration in prehistoric ecosystems.",0.0,4b5569781c8b5ee5eb269a2146d94d32c9546088c727a6dd,"['Scientists are now saying there may have been ""a more colorful Jurassic World than we previously imagined,"" thanks to the recent discovery of a fossil in China\'s Hebei province. Reuters reports that a closer look at the ""exquisitely preserved,"" almost completely intact fossil of a crow-like dinosaur that lived about 161 million years ago revealed that Caihong juji had luminous, brilliantly hued feathers that closely resembled those of hummingbirds. The study in the journal Nature Communications documenting the find explains that ""Caihong"" means ""rainbow"" in Mandarin. Scientists think the colorful plumage, which appeared to have covered the bony-crested creature\'s head, neck, and chest areas, may have kept the dinosaur warm, as well as attracted potential mates; National Geographic compares it to peacock feathers. So how were researchers able to tell what color feathers the creature had from preserved bones? They used high-tech microscopes able to home in on 66 sites on the fossil, detecting tiny cell structures called melanosomes, which underlie pigmentation. Which colors they led to can be found by their shapes, and the melanosomes in Caihong were long and flat like pancakes—similar to those found in hummingbirds, which boast iridescent plumage. Although they can\'t pick out from the Pantone wheel Caihong\'s exact colors, researchers say the creature likely sported feathers with a ""rainbow glimmer."" Study co-author Xing Zu tells National Geographic that Caihong was a predator that spent its days gliding from tree to tree. And ""glide"" is the operative word, as this dinosaur likely didn\'t fly: Its feathers were located on its tail, not on its wings like birds, Discover notes. (A study postulated that nearly all dinosaurs had feathers.)']",7411,"Now, write a one-page summary of all the news.

",multi_news
multi_news,en,,Summary:,532,"  

Recent news has highlighted the discovery of rare photographs from Nirvana's first concert in March 1987, shared by Maggie Poukkula, the 19-year-old daughter of Tony Poukkula, a member of the Seattle band Laytem. Poukkula, who grew up with Kurt Cobain and hosted Nirvana's first show in his basement, recently tweeted a photo strip featuring three snapshots from the 1987 gig in Raymond, Washington. The images, which she initially thought were just of her father and Cobain jamming together, were found tucked away in her father's biographies of Cobain and Nirvana. The concert featured Cobain, bassist Krist Novoselic, and drummer Aaron Burckhard, with Poukkula reportedly playing guitar for at least two Led Zeppelin covers. The set list included covers of ""Heartbreaker"" and ""How Many More Times,"" as well as early versions of songs like ""Aero Zeppelin"" and ""If You Must."" A recording of ""Heartbreaker"" was included in the 2004 box set *With the Lights Out*, and a bootleg version of ""If You Must"" is available on YouTube.  

This discovery comes as part of a broader trend of uncovering rare Cobain and Nirvana artifacts, including those featured in Brett Morgen's documentary *Montage of Heck*, which provided unprecedented access to Cobain's personal archives. The documentary, which premiered on HBO and is now returning to theaters, includes a wealth of previously unseen material, such as notebooks and audio cassettes.  

In a separate development, the Internet Archive has launched an initiative to combat broken links by archiving web pages as they are created and preserving links to referenced pages. This effort, known as ""No More 404,"" aims to ensure that links to historical content remain functional, even as pages are updated or removed from the web. The project involves crawling supported websites to archive pages and replace broken links with references to archived versions, helping to preserve the integrity of online content for future generations.",0.0,9ad3bb9f5aea6c704ffdf6d959a67966b0e67bdcde9ee4af,"['Most teens don\'t find music history in their dad\'s stuff, but Maggie Poukkula\'s dad is Seattle musician Tony Poukkula, who was a friend of Kurt Cobain. Her find? Photos of Nirvana\'s first concert, performed by then 20-year-old Cobain and his new band in March 1987 in Tony Poukkula\'s basement. ""My dad showed me them awhile back, but he never mentioned that\'s what was going on in the photos,"" Maggie Poukkula, 19, tells Rolling Stone. ""I found out because of all the articles. I didn\'t realize it was such a historical thing. I thought they were just cool pictures of my dad and Kurt jamming together."" She tweeted the photos last week, and the post quickly went viral. That first concert featured the early Nirvana lineup of Cobain, bassist Krist Novoselic, and drummer Aaron Burckhard playing original songs and Led Zeppelin covers. Similar early-days footage of Cobain and Co. featured in the recent documentary Montage of Heck has renewed interest in the grunge band. The Emmy-nominated project includes home movies, never-before-heard music, and intimate interviews with Cobain\'s family and friends, notes SPIN. After being critically acclaimed at festivals across the country, the film will return to theaters on Aug. 7, adds Rolling Stone. (Want a little more Cobain history? Here\'s the mix tape he made at 21.)']",751,"Now, write a one-page summary of all the news.

",multi_news
multi_news,en,,Summary:,532,"  

A tragic incident occurred on March 25 when Jane Wilson, a 53-year-old experienced mountain walker and academic engagement librarian at the University of Manchester, fell to her death while attempting to find a safe route down the west face of Tryfan in Snowdonia, Wales. Jane and her husband, Gary Wilson, had decided not to ascend to the summit as dusk approached and opted to descend via the west face, using only Gary’s smartphone app for navigation.  

According to the inquest, Jane went ahead of Gary to scout a route and asked if it was safe. Gary, who was using the Ordnance Survey app on his phone, confirmed they would only proceed if both agreed. However, Jane fell approximately 30 feet down a vertical cliff and tumbled about 150 meters further into an area known as Notch arrete. Gary, realizing the severity of the situation and lacking first-aid knowledge, climbed to a safer ledge and raised the alarm.  

Members of the Ogwen Valley Mountain Rescue Team eventually located Jane’s body over 150 meters below. The coroner, John Gittins, recorded a conclusion of accidental death. Detective Constable Tim Bird, who led the rescue team, explained that the couple had attempted to traverse the west face to avoid the summit, but this route was not straightforward and involved tricky rock steps. He noted that the smartphone app provided limited detail compared to a traditional map and that the couple may have misinterpreted a footpath, leading them to an unsafe route.  

Bird also mentioned that the light boots Jane was wearing were unsuitable for the rough terrain, and the dry weather conditions did not mitigate the risks. He emphasized that the North Ridge, an alternative route, would have been safer, but the couple had chosen a more challenging path.  

Chris Lloyd, a member of the rescue team, highlighted that Tryfan is responsible for about 30% of the incidents the Ogwen Rescue team handles. He advised that first-time climbers should be accompanied by experienced individuals and urged the use of traditional navigation tools like maps and compasses alongside electronic devices. Andy Simpson, a spokesperson for Mountain Rescue England and Wales, echoed this sentiment, warning that electronic navigation aids can have poor detail and may fail when most needed.  

Despite being an active and experienced climber, Jane Wilson’s death serves as a sobering reminder of the dangers of mountain terrain and the importance of proper preparation, route selection, and the use of reliable navigation tools.",0.0,fe6c148424a7b65c8e0600ac87fe46d72b7befcada96bb7e,"['A hiker\'s fatal fall in March has been blamed on using a smartphone app map instead of an actual map. The BBC reports Jane Wilson and her husband Gary were hiking on Tryfan in Wales when it started to get dark and they decided to skip the summit. While attempting to descend the mountain, Gary was looking at an Ordnance Survey app while Jane went a short way ahead to make sure the path was safe, according to the Telegraph. The Manchester Evening News reports Gary heard his wife fall, got to safety, and called for help. Rescuers found the 53-year-old librarian\'s body at the bottom of a 30-foot cliff with a fractured skull. At a hearing Friday, Jane\'s was ruled an accidental death due, in part, to using an app instead of a map. ""Apart from potential difficulties caused by poor detail on an electronic map, batteries on mobile phones have a nasty habit of running out just when you need them most,"" the Telegraph quotes a spokesperson for Mountain Rescue England and Wales as saying. A detective says the app map ""would have been small and not as detailed"" and took the couple on a route that was not the safest. A director with Ordnance Survey says hikers should always use the app in conjunction with an actual map ""due to the nature of mobile devices when navigating the real world."" Authorities also say Jane wasn\'t wearing appropriate footwear for the hike. (Go inside the futile search for ""Inchworm"" on the trail.)']",1566,"Now, write a one-page summary of all the news.

",multi_news
multi_news,en,,Summary:,532,"  

In the lead-up to the 2012 U.S. presidential election, several prominent political figures voiced their opinions on the candidates, the campaign dynamics, and key policy issues. New York Mayor Michael Bloomberg, an independent who has registered as both a Republican and a Democrat, praised President Barack Obama as a ""credible, formidable candidate"" for reelection. He also commended Rick Perry and Mitt Romney for policies that have been criticized in their campaigns, such as Perry’s HPV vaccine mandate and Romney’s Massachusetts health care plan. Bloomberg expressed concern over anti-science positions in the Republican field but defended the policies of both candidates. He also endorsed New Jersey Governor Chris Christie, suggesting he should enter the GOP race. Bloomberg criticized Obama for using Warren Buffett as an example for raising taxes on the wealthy, calling it ""theatrics.""  

Indiana Governor Mitch Daniels, who had considered a presidential run, urged Republicans to be patient with Rick Perry’s debate performances, stating it was too early to judge him. Daniels also praised Virginia Senator Mark Warner for his bipartisan efforts in budget negotiations, expressing a desire for Warner to be president.  

Republican National Committee Chairman Reince Priebus mocked Obama’s 2008 slogan ""Hope and Change,"" suggesting it would not resonate with voters in 2012. He also criticized Democratic National Committee Chair Debbie Wasserman Schultz, claiming her talking points had been disproven by recent GOP victories.  

Virginia Senator Mark Warner criticized the potential government shutdown due to congressional gridlock, blaming tea party-affiliated Republicans for the stalemate. He argued that the Senate should not prioritize spending on foreign projects over domestic needs. Meanwhile, Senator Lamar Alexander accused Senate Majority Leader Harry Reid of creating a crisis over disaster aid, claiming the House had already passed a bill that included the necessary relief.  

Senator Lindsey Graham called for the U.S. to consider all options, including military action, in response to allegations that Pakistan’s intelligence agencies are aiding terrorist groups. He emphasized that Pakistan’s actions are hostile to the U.S. and urged the country to make the right choice.  

President Obama’s senior adviser, David Plouffe, stated that there would be no major changes to the White House staff or Cabinet ahead of the 2012 campaign. He expressed confidence in Obama’s team and his plan to pass the American Jobs Act. Plouffe also indicated that the U.S. may reduce aid to Pakistan if it fails to combat the Haqqani terror network, which is linked to anti-American terrorism.  

Overall, the news highlights the ongoing political tensions, policy debates, and strategic considerations as the 201",0.0,317596c2204663c37b6785e78ac7f631dfd73eee49358fbe,"['Mitch Daniels has some advice for those who are writing Rick Perry\'s political eulogy: Hold your horses. ""It\'s way too early to know, or to issue, to pronounce last rites over one performance,"" Daniels said today. ""There\'s still many of these (debates), too many maybe. ... I\'d cut him some slack and give him a little time."" Politico notes that Daniels also had kind words for Democrat Sen. Mark Warner\'s work on the Gang of Six, saying, ""It\'s very encouraging, by the way, to hear a guy like Sen. Warner speak to it as clearly as he just did. I wish he were president."" More fun on your Sunday dial, as per Politico: Michael Bloomberg on President Obama\'s 2012 chances: ""He would be a credible, formidable candidate. You\'re going to have a real horse race no matter who the Republican nominee is."" Reince Priebus to Debbie Wasserman Schultz on 2012: ""It sounds like the new slogan is no longer \'hope and change.\' It\'s, \'Hey, it could\'ve been worse.\' Great bumper sticker Debbie, I hope it works for you."" David Plouffe on a White House shakeup: ""I don\'t expect that."" Obama is ""confident in his team, in the direction we\'ve laid out here."" Warner on Congress\' standoff over a short-term spending bill: ""It is embarrassing. The Senate is saying, \'Why should we build schools in Iraq on the credit card but expect that rebuilding schools in Joplin, Mo.,\'"" will be paid for. Warner blames ""a group, more centered in the House, in terms of some of these Tea Party Republicans, who say on every issue, \'We\'re going to make this a make-or-break.\'"" Lindsey Graham on Pakistan: ""We need to put Pakistan on notice. We\'re going to have to put all options on the table. including defending our troops. It\'s now a time of choosing, so I hope they choose wisely.""']",1454,"Now, write a one-page summary of all the news.

",multi_news
multi_news,en,,Summary:,532,"  

On the night of August 22, 2016, a tragic incident occurred in San Diego involving a 34-year-old man named Jonathan Carlyle Merkley, who was killed after being run over by a car driven by a female friend. The incident took place at the Staybridge Suites hotel in the 6600 block of Mira Mesa Boulevard, near Sorrento Valley, during Merkley’s birthday celebration. The event occurred around 12:30 a.m., just after midnight.  

According to police reports, Merkley and his female friend had been consuming alcohol with other guests at the hotel. The woman, who was driving a BMW, attempted to leave the party early. Merkley, who was trying to prevent her from leaving, reportedly walked into the path of her moving vehicle and lay down in front of it. The woman did not stop, ran over Merkley, and continued driving away. Merkley suffered severe chest trauma and died approximately 45 minutes later at a local hospital.  

San Diego Police Sergeant Tom Sullivan confirmed that the identity of the BMW driver was known, but she had not been arrested as of late Sunday morning. The police department urged anyone with information about the hit-and-run to contact them or Crime Stoppers at 888-580-8477.  

The investigation into the incident was ongoing as of August 23, 2016. Police had interviewed the female driver and had a vehicle in custody for examination. A statement from the police department indicated that they were still evaluating the culpability of other parties involved and had not made any arrests.  

On August 24, 2016, San Diego Police Sergeant Tim Underwood reported that the woman had been located at a friend’s house and had been interviewed. A car that “may have been involved” in the crash was impounded. Underwood noted that there was still much to be determined in the case, as it was the nature of collision investigations.  

The incident has sparked public concern and outrage, with some guests at the hotel expressing disbelief and frustration over the lack of accountability. One guest, Gloria Williams, emphasized the need for the woman to turn herself in and called for a greater respect for human life.  

As of the latest update, the case remains under investigation, and no arrests have been made. The community continues to await further developments in the case, which has raised questions about the consequences of alcohol consumption and the legal responsibilities of drivers in such situations.",0.0,1f0ed1dcfa414cfcf54092ede4021392d314cf4617efb3ca,"['A birthday party in California turned tragic after the guest of honor was run over and killed by his friend. Police say Jonathan Carlyle Merkley was celebrating his 34th birthday early Sunday at a hotel near San Diego when a woman decided to leave the party. Merkley wanted her to stay and reportedly walked toward her BMW and laid down in front of what the Orange County Register describes as a moving car. The woman didn’t stop, ran him over, and kept going. Police cite witnesses as saying both had been drinking, Fox 5 reports. Merkley, who suffered major chest trauma, died about 45 minutes later at a hospital. Police tracked the woman down and a car that ""may have been involved"" was impounded, cops tell the San Diego Union-Tribune. The woman was not arrested but police said on Tuesday that the investigation is continuing. ""There\'s a lot we still need to find out,"" says San Diego Police Sgt. Tim Underwood.']",885,"Now, write a one-page summary of all the news.

",multi_news
multi_news,en,,Summary:,532," 

The news covers a range of topics related to missing persons in Humboldt County, California, with a particular focus on the case of Rebekah (Bekah) Martinez, a 22-year-old woman who was reported missing in November 2017 but was later identified as a contestant on the reality show *The Bachelor*. Her case gained attention when she was included in a list of 35 missing persons published by the *North Coast Journal*, which explored why Humboldt County has the highest per-capita rate of missing persons reports in California. Bekah was found on the show, and her mother was able to contact her, leading to her removal from the missing persons list. However, the case highlights the broader issue of missing persons in the region, particularly linked to the cannabis industry, which often attracts individuals who may go off-grid or lose contact with family.

The article also delves into the broader context of missing persons in Humboldt County, noting that the county has a disproportionately high number of missing persons reports compared to other parts of the state. This is attributed to several factors, including the high number of children in transitional or foster care, the presence of the cannabis industry, and the tendency of law enforcement to accept missing persons reports quickly. Some cases are resolved quickly, while others remain unresolved for years, sometimes due to lack of cooperation from individuals or families, or because the missing person is not actually missing but has chosen to disappear.

The article also discusses the challenges of tracking missing persons, including the use of databases like the California Attorney General’s website and the National Missing and Unidentified Persons System (NamUs). It highlights cases like the 1977 disappearance of the Stuart family, the ongoing search for Karen Mitchell, and the unresolved case of Jeff Joseph, a dispensary owner who disappeared in 2014. These cases illustrate the emotional toll on families and the difficulty of finding missing individuals in a region with a complex social and economic landscape.

In addition, the article touches on the issue of reporting errors and the inclusion of individuals who are not actually missing or who have voluntarily disappeared. It emphasizes the need for better coordination between law enforcement agencies and the importance of community involvement in missing persons investigations. The story also includes the perspective of families who have lost loved ones, highlighting the frustration and emotional impact of not being able to find answers. Overall, the news underscores the complexity of missing persons cases in Humboldt County and the ongoing efforts to address the issue through law enforcement, community support, and public awareness.",0.0,6c46adce88e2967d7f47b60afd409758f2fd778d1fdd6453,"['It turns out missing people are pretty easy to find when they appear every week in your living room. The San Francisco Chronicle reports a 22-year-old woman reported missing in November in California was found this week—because she\'s a current contestant on The Bachelor. The strange story started when Bekah Martinez\'s mom reported her missing to the Humboldt County Sheriff\'s Office on Nov. 18. According to BuzzFeed, Martinez\'s mom said her daughter had gone to the area to work on a marijuana farm and she hadn\'t heard from her in a week. The Sheriff\'s Office was unable to find Martinez or contact anyone who might know her, so Martinez was added to the California Department of Justice\'s list of missing people. That list was the basis for a story in the North Coast Journal about the high number of missing people in Humboldt County. The newspaper shared the story Thursday on Facebook and asked readers if they recognized any of the missing people. Amy O\'Brien did. ""I was like wait a minute, she looks so familiar,"" O\'Brien tells the Chronicle. ""I instantly thought of The Bachelor."" The Journal informed the sheriff\'s office, which contacted Martinez and removed her from the list. ""MOM. how many times do I have to tell you I don’t get cell service on The Bachelor??,"" Martinez tweeted after learning she was a missing person. The Bachelor started filming in September, and it\'s unclear if Martinez was still filming when she was reported missing. She tweets ""the scariest thing"" about being a missing person ""is that my efforts to conceal The Worst Drivers License Photo Of All Time have been thwarted""']",4630,"Now, write a one-page summary of all the news.

",multi_news
multi_news,en,,Summary:,532,"  

A Central California woman, Myrna Arias, has filed a lawsuit against her former employer, Intermex Wire Transfer LLC, alleging that she was fired for uninstalling an app that continuously tracked her location, including during non-work hours. The app, developed by Xora (now ClickSoftware Solutions), was required for all employees and included a GPS function that monitored their movements 24/7. Arias, a sales executive, claims that her boss, John Stubits, admitted to monitoring her off-duty activities and even boasted about knowing her driving speed at specific times. She objected to the constant tracking, comparing it to a ""prisoner's ankle bracelet"" and stating that the monitoring was an illegal invasion of her privacy.  

Arias claims that she met all her job quotas and earned around $7,250 per month. However, after she uninstalled the app to protect her privacy, Stubits scolded her, and she was subsequently fired. Her attorney, Gail Glick, argues that while employers may legally monitor employees during work hours, continuous tracking outside of work hours violates California and federal privacy laws. She further alleges that Intermex retaliated against her by interfering with her employment with a rival company, NetSpend, leading to her termination there as well.  

The lawsuit seeks damages exceeding $500,000 and includes claims of invasion of privacy, retaliation, labor code violations, intentional interference with contract, wrongful termination, and unfair business practices. Intermex has not responded to comment requests.  

The case highlights growing concerns about employee privacy in the context of workplace technology. The app in question, StreetSmart, is marketed as a management tool that allows employers to track employee locations, dispatch work orders, and analyze performance. It is available on over 140 devices and costs approximately $1 per day per user. While the app is designed to improve productivity and customer service, its use raises ethical and legal questions about the extent of employer surveillance.  

The incident underscores the tension between employer monitoring and employee rights, particularly in industries where real-time tracking is used to manage field workers. As more companies adopt such technologies, the legal boundaries of employee privacy and employer oversight are increasingly under scrutiny. Arias' case may set a precedent for how such practices are regulated in the future.",0.0,88292edcdf81828250e22165aa865b7311de51849e7827d5,"['Myrna Arias didn\'t like the GPS app on her phone that constantly tracked her, so she uninstalled it. The problem: Arias\' iPhone was issued by her employer, which required her to run the app constantly, and after she removed it, the California woman was fired. Now she\'s suing her former employer, money transfer service Intermex, for invasion of privacy, unfair business practices, and retaliation, among other things, Ars Technica reports. Arias started researching the app, then called Xora—its website touts the app\'s ability to let employers ""instantly see where their employees are and where they have been""—and eventually she and some of her colleagues asked a trainer from the app company to clarify. Boss John Stubits then, per the suit, ""admitted that employees would be monitored while off duty and bragged that he knew how fast she was driving at specific moments."" Arias says she has no problem being monitored while at work, but she complained to Stubits about being tracked in her free time; he was unsympathetic and said she should have no problem because of how much she was being paid by Intermex. ""Her manager made it clear that he was using the program to continuously monitor her, during company as well as personal time,"" the complaint states, noting that he told Arias she needed to keep her phone on at all times in case a customer called. Arias\' attorney tells Courthouse News that there was no way to turn the app off, as it would constantly run in the background. ""She found it very offensive that they were treating her like a felon,"" the attorney says. Arias says her boss ""scolded"" her for uninstalling the program last year, and fired her soon after. (Elsewhere, a woman got fired over a text mistakenly sent to the boss.)']",1970,"Now, write a one-page summary of all the news.

",multi_news
multi_news,en,,Summary:,532,"  

Two recent news stories highlight incidents involving shootings and legal developments in the United States.  

In Phoenix, Arizona, a man named Leslie Allen Merritt Jr. was released from jail after a judge reduced his bond to zero, allowing him to return home under electronic monitoring. Merritt was charged in a series of freeway shootings that occurred in August and September 2015, which caused panic among drivers and led to heightened security measures. The Arizona Department of Public Safety had previously labeled the shootings as the work of a domestic terrorist. Merritt, who was arrested in September 2015, has pleaded not guilty to multiple charges, including drive-by shootings and aggravated assault. His defense team argued that ballistic evidence and phone records cast doubt on the prosecution's case, suggesting Merritt was not the perpetrator. The judge imposed a gag order, preventing lawyers from discussing the evidence, and the case is set for a court date on May 18. Despite being branded as a public enemy and held in solitary confinement for seven months, Merritt expressed relief at his release, with his attorneys calling the outcome a major victory.  

In a separate incident in Brooksville, Alabama, a driver suspected of firing a gun at motorists on U.S. Highway 278 was killed during a high-speed pursuit with law enforcement. Alabama State Troopers responded to reports of gunfire and located the suspect’s vehicle, which led to a chase. The suspect, whose identity has not been released, crashed the vehicle and engaged in a shootout with officers before being pronounced dead. No further details about the suspect or the officers involved were immediately available. The incident occurred in Blount County, approximately 45 miles northeast of Birmingham.  

These two stories reflect the ongoing challenges law enforcement faces in addressing gun violence and the legal battles that follow such incidents. While one case saw a defendant’s release due to questions about the evidence, the other resulted in a tragic confrontation that ended in the suspect’s death. Both events underscore the complexities of criminal investigations and the impact of such incidents on communities.",0.0,405458acd6900ae99c9ab88f590a016896dc550abf4b6622,"['A judge on Tuesday allowed a man charged in freeway shootings that rattled Phoenix last year to be released from jail amid questions about evidence authorities say links him to the crimes. The judge overseeing the case of Leslie Merritt Jr. reduced his bond to zero and said he can return to his home under electronic monitoring, the AP reports. He was expected to be released later in the day. The reduction of the bond—once $1 million—was a major victory as defense lawyers contend that ballistic tests cast doubt on the claim by authorities that Merritt was behind four of the freeway shootings. ""With all due respect your honor, there\'s no evidence against him to show he\'s responsible for this,"" defense lawyer Jason Lamm said. ""He is no more the I-10 shooter than, respectfully, you are."" Merritt lifted up his shackled arms in celebration as he walked from the courtroom. After the hearing, family members hugged and shook the hands of defense lawyers. Merritt has pleaded not guilty to drive-by shooting, aggravated assault, and other charges. The shootings caused panic on Phoenix-area freeways, where 11 vehicles were hit in August and September. Detectives took Merritt into custody on Sept. 18; in court the next day, Merritt adamantly denied shooting any cars, telling the judge, ""I\'m the wrong guy."" His lawyers immediately began raising questions about the evidence, citing ballistics information and phone records they say provided an alibi for their client. (Also Tuesday, a motorist suspected of shooting at other vehicles on an Alabama highway died after a shootout with officers.)']",955,"Now, write a one-page summary of all the news.

",multi_news
multi_news,en,,Summary:,532,"  

Bill Cosby, the iconic comedian and actor, was sentenced to three to 10 years in prison on September 25, 2018, for drugging and sexually assaulting Andrea Constand at his home in Cheltenham Township, Pennsylvania, in 2004. The conviction was based on evidence including audio recordings and testimony from Constand and two psychologists. Judge Steven T. O’Neill also ruled that Cosby qualified as a “sexually violent predator” under state law, requiring him to receive monthly counseling for the rest of his life.  

Following the sentencing, Cosby’s defense team, led by publicist Andrew Wyatt, made strong accusations of racism and sexism, claiming that the trial was part of a broader “sex war” in Washington. Wyatt compared Cosby’s case to the controversy surrounding Supreme Court nominee Brett Kavanaugh, who faced allegations of sexual misconduct from multiple women. He called Cosby’s trial “the most racist and sexist trial in the history of the United States” and suggested that the evidence against him, including audio footage, was falsified.  

Wyatt also invoked historical parallels, referencing the persecution of Jesus and the historical mistreatment of Black men in America, suggesting that Cosby was a victim of systemic bias. The defense team also drew comparisons to the case of Emmett Till, a Black teenager falsely accused of whistling at a white woman in the 1950s.  

Cosby was sent to SCI Phoenix, a new 3,830-bed state prison in suburban Philadelphia, where he will serve his sentence. The prison is equipped to handle inmates with special needs, including those who are legally blind, as Cosby is. He will be housed in a single cell near the infirmary and will have access to phone calls, visitation, and exercise. The Pennsylvania Department of Corrections will assess his needs and safety to determine if he will eventually be placed in the general population.  

The case has sparked national debate about the justice system, the #MeToo movement, and the treatment of high-profile defendants. While Cosby’s conviction was upheld, his defense team continues to challenge the fairness of the trial and the broader societal implications of the case. Meanwhile, the controversy surrounding Kavanaugh’s nomination to the Supreme Court remains ongoing, with multiple accusers seeking further investigation before the Senate votes on his confirmation.",0.0,fccf27d8f48e0ad99942550cea832e514ab98d4b18732e01,"['Bill Cosby was labeled a ""violent sexual predator"" by the judge who sentenced him to three to 10 years in prison on Tuesday, but his publicist had a different description: one of the ""greatest civil rights leaders"" in history and one of the ""greatest educators of men and boys."" Outside the courtroom in Norristown, Pa., publicist Andrew Wyatt claimed the 81-year-old Cosby had faced the ""most racist and sexist trial"" in American history, the New York Times reports. Wyatt claimed that three psychologists who testified against Cosby in the sexual assault trial were trying to ""make money off of accusing black men of being sexual predators."" He also read a statement from Camille Cosby, the disgraced entertainer\'s wife, alleging that an audio recording played in the trial had been doctored. Wyatt, who previously called Cosby\'s trial a ""public lynching,"" accused Judge Steven O\'Neill of being part of a ""sex war"" and linked the sentencing to the treatment of Supreme Court nominee Brett Kavanaugh. Vox reports that the strangest moment came when Wyatt likened his client to Jesus. ""They persecuted Jesus, and look what happened,"" he said. ""Not saying Mr. Cosby is Jesus, but we know what this country has done to black men for centuries."" Cosby, who left the Montgomery County Courthouse in handcuffs, spent his first night behind bars at SCI Phoenix, a state prison that opened two months ago in suburban Philadelphia, reports WPVI. (Cosby\'s mug shot was released Tuesday afternoon.)']",1313,"Now, write a one-page summary of all the news.

",multi_news
multi_news,en,,Summary:,532,"  

U.S. Secretary of State Hillary Clinton addressed speculation about a potential presidential run during a series of interviews in New Zealand as part of her Asia-Pacific tour. In response to questions about running for president in 2012 or 2016, Clinton clearly stated that she ruled out such a possibility, emphasizing her satisfaction with her current role as Secretary of State. She expressed hope that the United States would be ready for a female president but made it clear that it would not be her. Clinton’s comments were made in the context of the recent U.S. midterm elections, where Democrats suffered significant losses, raising questions about the party’s future leadership and potential candidates for the 2012 and 2016 presidential elections.  

Clinton also sought to defend President Barack Obama, acknowledging the impact of the midterms but suggesting that the outcomes were not entirely unexpected. She noted that Obama’s policies, such as the economic stimulus, were necessary but not always popular, and that their effects would take time to be fully realized.  

During her visit to New Zealand, Clinton participated in a joint press event with Prime Minister John Key and Foreign Minister Murray McCully. The event took an unexpected turn when Key mistakenly referred to Clinton as “President Clinton” before correcting himself. The slip-up was met with laughter and applause, highlighting the high profile of Clinton’s visit and the public’s familiarity with her political stature.  

Clinton’s trip to New Zealand was the second-to-last stop on her Asia-Pacific tour, which concluded in Australia. The visit underscored her ongoing role in U.S. foreign policy and her continued presence in international political discourse, even as she distances herself from the presidential race. Her remarks and interactions during the trip reflect both her personal stance on political ambitions and the broader political climate in the United States.",0.0,6387bd7048692c0d8352a7064b552c5406e6a386a2d2cbd2,"['A day after being accidentally introduced as ""President Clinton,"" Hillary seems to be taking pains to kill talk of a future run in New Zealand\'s media, reports Reuters. Asked whether she\'d ""ruled out"" running through 2016, she replied, ""Oh yes, yes. I\'m very pleased to be doing what I\'m doing as secretary of state."" Asked in another interview whether she could be the first female president, she answered, ""Well, not me. But it will be someone ..."" The significance? Probably not much, writes Laura Rozen in Politico, noting how one of Clinton\'s answers is tied to her being secretary of state—a post she likely won\'t hold in 2016. On another front, Clinton said the midterm losses were ""big—but not out of the pattern of historical political elections."" She added, ""I think the president made very clear was he made decisions which were essential for the well-being of the American people.""']",1038,"Now, write a one-page summary of all the news.

",multi_news
multi_news,en,,Summary:,532,"  

Amy Schumer, the acclaimed comedian and actress, has been making headlines for her recent decisions and public stances on a variety of issues. In one development, she has opted out of participating in Super Bowl LIII commercials, a move she explained on Instagram. Schumer, who previously appeared in a Bud Light campaign during Super Bowl 50, stated that she would not be involved in this year’s ads. Her decision was influenced by her support for Colin Kaepernick’s protest against racism and police brutality, and she challenged white NFL players to join the movement, asking, “Otherwise how are you not complicit?” She also expressed her belief that targeting the NFL through advertisers is a way to pressure the league, acknowledging the difficulty of opposing the NFL, much like opposing the NRA. Despite her absence from the Super Bowl ads, Schumer received support from celebrities like Diddy, Jessica Seinfeld, and Christie Brinkley, and it remains unclear whether she was approached for a commercial this year.

In another significant news development, Schumer is expecting her first child and has used the occasion to encourage voter participation in the upcoming midterm elections. She teased her pregnancy announcement on Instagram, directing followers to Jessica Yellin’s page, where the news was revealed as part of Yellin’s #NewsNotNoise campaign. The campaign aims to educate the public on political terminology and encourage informed voting. Schumer’s announcement was strategically paired with a call to action, emphasizing the importance of voting and political awareness. This move aligns with her long-standing commitment to political causes, including her advocacy for gun control, support for the transgender community, and her involvement in protests against the Supreme Court nomination of Brett Kavanaugh.

Schumer’s activism and public engagement continue to reflect her strong stance on social and political issues. Whether through her comedy, her advocacy, or her personal life, she remains a prominent figure in both entertainment and activism, using her platform to raise awareness and inspire action. Her recent decisions highlight her dedication to using her influence for causes she believes in, whether it be supporting social justice movements or encouraging civic engagement.",0.0,e8f1a46473d0ac4e79d38b9dc21352d31b8e6b104a4794a4,"['Amy Schumer took the long way around to announce she\'s pregnant with husband Chris Fischer. The comedian and actress broke her baby news Monday on the Instagram stories of friend and journalist Jessica Yellin, the AP reports. Yellin, of the site NewsNotNoise.org, showed at the end of a list of Schumer\'s recommended congressional and gubernatorial candidates the line: ""I\'m pregnant-Amy Schumer."" Schumer had teased the announcement on her own Instagram page, captioning a photo of hers and Fischer\'s heads atop Prince Harry\'s and Meghan Markle\'s bodies, ""About to announce some exciting news on @jessicayellin insta page. Please follow her for up to the minute #newsnotnoise she breaks down what’s really going on. She agreed to post a lil noise today for me! Follow her and VOTE!!"" ""We are 15 days out from the midterms and there is a lot going on,"" Yellin explained before going into Schumer\'s ""lengthy"" list of recommendations, per Bustle. ""I wanted to share some news from our community. Maybe it\'s noise, but it\'s happy noise,"" Yellin continued. ""These are the recommendations of Amy Schumer, one of the most consistent and early supporters of #NewsNotNoise. Now, read all the way to the bottom. You\'ll see there\'s some news down there. Congratulations, Amy."" Schumer is known for her liberal politics: She was recently arrested protesting the confirmation of Judge Brett Kavanaugh to the US Supreme Court. The 37-year-old married Fischer, a chef, in February. (Here\'s why Schumer won\'t appear in any Super Bowl ads.)']",1133,"Now, write a one-page summary of all the news.

",multi_news
multi_news,en,,Summary:,532,"  

In late 2016, the animal rights organization Compassion Over Killing released undercover footage from Tyson Foods chicken processing facilities in Virginia, revealing severe mistreatment of chickens. The video, filmed by an investigator working undercover, showed workers engaging in violent and inhumane practices, including stomping, kicking, punching, and suffocating chickens by standing on their heads. Some workers also used plastic rods to poke chickens’ beaks, a process known as “boning,” and left injured birds to die in “dead piles.” One worker warned the investigator that such actions could be reported to animal rights groups, stating, “You can’t let nobody see you do that.”  

The video sparked outrage and led to at least two animal control investigations. Tyson Foods, the largest chicken-processing company in the U.S., condemned the behavior, calling it “inexcusable” and stating that it had fired 10 employees depicted in the video. The company also announced it would discontinue the use of “boning” at two of the facilities shown in the video, a practice it described as outdated. Tyson’s vice president of sustainable food production, Christine Daugherty, emphasized the company’s commitment to humane treatment of animals and stated that all workers should adhere to proper animal handling protocols.  

This incident is part of a pattern, as Compassion Over Killing has previously released similar footage from Tyson facilities, indicating a systemic issue within the company. The organization’s executive director, Erica Meier, argued that the abuse is not isolated to a few “rogue workers” but reflects a broader problem within the industry.  

In response, Tyson announced plans to retrain all live poultry workers on animal welfare policies and hold video conferences with senior management to address the issue. The company also pledged to evaluate further steps to ensure compliance with animal well-being procedures.  

The release of the video coincided with broader discussions about the ethics of animal farming, including efforts by other companies, such as Perdue, to adopt more humane methods of killing chickens, such as using carbon dioxide or argon gas. Compassion Over Killing has called for a shift away from animal consumption altogether, stating that the best way to protect animals is to “leave them off our plates.”  

Overall, the incident highlights ongoing concerns about animal welfare in industrial farming and the challenges of enforcing ethical standards in large-scale meat production.",0.0,06b3fb0b25173880e23af5143d315de2600756441e18d3e8,"['Chicken giant Tyson Foods says it will retrain all of its workers who deal with live birds after an animal rights group released hidden footage from within its facilities on Wednesday, USA Today reports. According to the Washington Post, the video from Compassion Over Killing shows workers choking, punching, and kicking chickens, plus running them over with forklifts and leaving them in piles to die. One worker in the video says it\'s ""inhumane"" to kill a chicken by stepping on its head while he kills a chicken by stepping on its head. Tyson calls the behavior ""inexcusable"" and says it fired 10 employees at the Virginia facilities shown in the video. Animal rights activists have infiltrated Tyson Foods to film such videos at least five times in a little over a year.']",1671,"Now, write a one-page summary of all the news.

",multi_news
multi_news,en,,Summary:,532," 

In late August 2016, during the U.S. presidential election, Donald Trump's campaign faced significant scrutiny and internal changes as it struggled to close the gap in the polls with Hillary Clinton. Michael Cohen, Trump's lawyer and special counsel, found himself in a contentious exchange with CNN anchor Brianna Keilar during an interview. The discussion centered on the recent shake-up of Trump's campaign, which included the appointment of new senior officials such as Kellyanne Conway as campaign manager and Steve Bannon as chief executive. 

Cohen, known for his aggressive defense of Trump, questioned the characterization of these changes as a ""shake-up,"" and when Keilar noted that Trump was trailing in the polls, Cohen responded with the now-famous retort, ""Says who?"" This exchange sparked widespread media attention and became a viral moment, with the phrase ""Says who?"" trending on Twitter. The back-and-forth highlighted the tension between Cohen and the media, as well as the broader narrative of Trump's campaign struggling to maintain momentum.

Cohen also addressed the racial tensions in the U.S., referencing Trump's ""law and order"" speech following the killing of Sylville Smith, a 23-year-old African American man. Initially, Cohen referred to the ""African American problem,"" which he later clarified was meant to refer to issues within the African American community. He emphasized that Trump was ""colourblind"" but acknowledged the racial tensions in the country.

The campaign shake-up was part of a broader effort to improve Trump's standing in key swing states, particularly Virginia, where he faced a significant deficit. The changes included the addition of Bannon and Conway, while former campaign manager Paul Manafort remained in a leadership role. Roger Ailes, the former head of Fox News, also joined as an adviser. These moves were seen as an attempt to reinvigorate the campaign and address its declining poll numbers.

Despite the campaign's efforts, Trump continued to face challenges, including low poll numbers and a media environment that was increasingly critical of his candidacy. The ""Says who?"" controversy underscored the campaign's defensive stance and the media's role in shaping public perception of Trump's political standing. The incident also highlighted the internal dynamics of the campaign and the influence of key figures like Cohen, who played a central role in both legal and strategic aspects of Trump's campaign.",0.0,0be98f81f4be6b430895a33274ee163bda21ed649554d9ce,"['Donald Trump\'s lawyer has apparently decided that it\'s his turn to make the gaffes. In an interview with CNN Wednesday, notoriously combative Trump Organization attorney Michael Cohen interrupted host Brianna Keilar when she said that the campaign was ""down,"" Politico reports. ""Says who?"" he asked. ""Polls. Most of them. All of them?"" she replied. ""Says who?"" Cohen asked again. When she repeated it was polls, he responded, ""OK, which polls?” and Keilar said: “All of them."" USA Today reports that Twitter users were quick to mock Cohen and are now replying ""Says who?"" to all his tweets. Cohen, in what Law Newz calls ""typical lawyer fashion,"" also took issue with Trump\'s overhaul of campaign staff being called a ""shake-up,"" insisting it was actually a ""change-up."" Cohen also raised eyebrows when he told Kielar that Trump knows about ""the African-American problem in this country,"" the Independent reports. ""What I meant to say is the problem that exists in the African-American community,"" he later said. (Michael Moore says he ""knows for a fact"" that Trump never really wanted to be president.)']",1533,"Now, write a one-page summary of all the news.

",multi_news
multi_news,en,,Summary:,532,"  

In late November 2017, the U.S. Department of Defense (Pentagon) faced a public relations crisis after its official Twitter account, @DeptofDefense, mistakenly retweeted a call for President Donald Trump to resign. The tweet, posted by the account ""@proudresister,"" urged several public figures—including Alabama Senate candidate Roy Moore, Senator Al Franken, and President Trump—to step down or resign due to allegations of sexual misconduct. The tweet also criticized the GOP for making sexual assault a partisan issue.  

The Pentagon quickly disavowed the retweet, stating that an ""authorized operator"" of the account had erroneously shared the content, which would not be endorsed by the Department of Defense. The operator identified the error and deleted the retweet shortly after. Pentagon spokesman Col. Rob Manning and press secretary Dana White both issued statements clarifying that the retweet was a mistake and that the Department of Defense does not endorse the content.  

The @proudresister account, which was linked to a website selling anti-Trump merchandise, had previously posted similar messages. While many Twitter accounts include disclaimers that retweets do not imply endorsement, the Pentagon’s account did not have such a disclaimer, which raised concerns about the potential for misinterpretation.  

The incident occurred amid a broader national conversation about sexual misconduct allegations against public figures, including President Trump. Earlier that month, 16 women had accused Trump of inappropriate behavior, and he had been caught on camera making controversial remarks about women. The White House, under press secretary Sarah Huckabee Sanders, had previously dismissed the allegations as ""fake news.""  

This incident highlighted the importance of careful content management on official social media accounts and the potential for even minor errors to cause significant public backlash. It also underscored the ongoing scrutiny of political figures in light of sexual misconduct allegations, both in Washington and Hollywood.",0.0,44916c0c85c6e879c4857c68d32509354e7fcfffe6447efa,"['See, this is why all those Twitter profiles are sure to note that retweets do not equal endorsements. CBS News reports the Pentagon\'s official Twitter account on Thursday retweeted a tweet calling for President Trump\'s resignation. ""GOP: Stop making sexual assault a partisan issue,"" tweeted ""Proud Resister"" while calling for Roy Moore, Sen. Al Franken, and Trump to all resign or step aside due to allegations of sexual misconduct. The tweet was retweeted—and then soon deleted—by the Department of Defense Twitter account. According to Politico, Pentagon spokesperson Col. Rob Manning confirmed the retweet was made by the ""authorized operator"" of the department\'s Twitter account. In her own tweet, Pentagon spokesperson Dana White said the call for Trump\'s resignation was ""erroneously retweeted"" and contained ""content that would not be endorsed by the Department of Defense.""']",707,"Now, write a one-page summary of all the news.

",multi_news
multi_news,en,,Summary:,532,"  

A tragic incident occurred on Wednesday when 20-year-old Connor Cummings, a student at the University of Massachusetts Amherst, fell to his death while attempting to take photographs from the rooftop of the 52-story Four Seasons Hotel in Manhattan. Cummings, from Rockaway, New Jersey, was with his 18-year-old friend, Dimitri Olivares, when the accident took place. The pair had climbed scaffolding inside the hotel’s interior shaft, reportedly using an elevator and stairs to reach the rooftop.  

According to police, Cummings slipped while descending a ladder or stepping off the scaffolding, falling approximately nine stories and landing on a lower rooftop or catwalk. The fall occurred in the pouring rain, and the wet conditions were cited as a contributing factor. Cummings was pronounced dead at the scene, while his friend, Olivares, managed to climb down and seek help. Olivares was later interviewed by police but was not charged.  

The incident has sparked concern and questions, particularly from Cummings’ family and friends, who described him as a photography enthusiast with a bright future. His aunt, Kate Gentile, expressed confusion over the details of the incident, noting that Cummings was not a daredevil and that the circumstances were unclear.  

Hotel officials stated that the safety of guests and employees is a top priority and that they are cooperating with the investigation. The hotel’s spokeswoman, Paula Dirks, extended condolences to Cummings’ family.  

Cummings was a sophomore psychology major at the University of Massachusetts Amherst and was also involved in the fraternity Alpha Sigma Phi, where he was described as a passionate and dedicated individual. His fraternity brothers posted a heartfelt tribute on Facebook, highlighting his artistic talent and commitment to others.  

The incident has left a profound impact on those who knew Cummings, with friends and family expressing grief and disbelief. His childhood friend, Mike Pascale, described Cummings as a remarkable individual who lived with passion and integrity.  

The case remains under investigation, with authorities continuing to gather information about the exact circumstances of the fall. The tragedy serves as a sobering reminder of the dangers of unauthorized access to high places and the importance of safety precautions, even for those with a passion for photography.",0.0,6ed6a5b5c77beb9660bff83ef79b79ff803e3382c7d5e2a3,"['Connor Cummins\' family describes him to WABC-TV as a photography devotee—and that enthusiasm may have cost him his life. The New Jersey man, said to be either 20 or 24 years old, and an 18-year-old pal ascended the scaffolding outside NYC\'s Four Seasons hotel Wednesday night in search of the perfect panoramic picture—but Cummins may have slipped on railings made slippery by the rain and fell nine stories to his death, cops tell NJ.com. An NYPD spokesman tells the New York Daily News that the initial investigation suggests the men weren\'t guests of the hotel. Cummins, who originally hails from Rockaway and whose Facebook page indicates he\'s now a student at the University of Massachusetts Amherst, per ABC, landed on one of the hotel\'s lower-level rooftops around 11:15pm and was pronounced dead at the scene, reports the New York Post. His friend wasn\'t injured and was questioned by authorities to fill in the blanks; he was released Thursday morning without being charged. ""He was a loving boy, that\'s all I can say,"" one of Cummins\' relatives tells the Post. ""I don\'t know what happened."" (There\'s more suspicion surrounding a Muslim teen\'s fatal fall off a Seattle building.)']",1299,"Now, write a one-page summary of all the news.

",multi_news
multi_news,en,,Summary:,532,"  

A group of truck drivers, organized under the name “Truckers for the Constitution,” is planning a protest in Washington, D.C., aimed at drawing attention to their grievances with federal regulations, political leadership, and the perceived erosion of constitutional rights. The protest, scheduled to begin on October 11, involves truckers intentionally clogging the inner loop of the Capital Beltway, a 64-mile highway surrounding the nation’s capital. The group claims to be motivated by a desire to restore the U.S. Constitution and to hold lawmakers accountable for what they describe as unconstitutional actions.  

The truckers are frustrated with a range of issues, including low wages, high fuel costs, and regulations from the Obama administration, particularly those related to the Environmental Protection Agency’s fuel efficiency standards. They also express discontent with the U.S. government’s alleged surveillance of citizens and the national debt. The protest is framed as a necessary action to pressure lawmakers into acting in the public interest, with the group suggesting that the only way to compel politicians to operate lawfully is through a credible threat of a government shutdown.  

The protest is not without controversy. Organizers, including Earl Conlon, a Georgia trucker, have stated that participants will seek the arrest of members of Congress who they believe have violated their oaths of office. Conlon has also accused President Barack Obama of “treason” for allegedly funneling weapons to al-Qaida-linked rebels in Syria, and he has named several lawmakers, including Nancy Pelosi and Dianne Feinstein, as potential targets. However, it is important to note that attempting to arrest members of Congress would likely result in charges of attempted kidnapping.  

The group has also called for the formation of a citizens’ grand jury to facilitate the arrests, claiming that law enforcement should uphold their constitutional duties. Despite these aggressive demands, organizers have emphasized that the protest will be peaceful, though they have warned that they will take necessary actions if confronted.  

The protest has drawn a significant number of participants, with over 3,000 truckers having RSVP’d and more expected to join. The event has gained traction through social media, with a Facebook page receiving nearly 50,000 likes. While the protest is expected to cause some disruption to local traffic, organizers have indicated that the impact will depend on the number and intensity of participants.  

The movement echoes the rhetoric of the Tea Party movement, with the truckers positioning themselves as patriots and defenders of the Constitution. They argue that the American people have been let down by politicians who prioritize their own interests over the public good. The protest represents a growing sentiment among",0.0,46101830d9c9f6601eb5059912d3f5ef280380fe5fa8b7ed,"['Protesting truckers are planning a shutdown of their own—on Washington\'s beltway. Starting on Friday morning, they intend to fill the road ""three lanes deep"" with tractor-trailers, an organizer of ""Truckers Ride for the Constitution"" tells US News and World Report. In a demonstration against what they view as violations of the Constitution, planners like Earl Conlon are calling for ""the arrest of everyone in government who has violated their oath of office."" Their grievances include truckers\' wages, industry regulations, and NSA spying, the Hill reports. They\'re also accusing President Obama of treason for allegedly putting weapons in the hands of rebels with ties to al-Qaeda. Organizers have received some 3,000 RSVPs, says one. Moving at the 55mph speed limit, they\'ll leave a lane open for emergency vehicles; vehicles with ""T2SDA,"" or ""Truckers to Shut Down America,"" displayed will also be allowed to pass. ""Everybody that doesn\'t have a supporter sticker on their window, good luck: Nobody in, nobody out,"" says Conlon. A Facebook page for the event has more than 55,000 ""likes.""']",1638,"Now, write a one-page summary of all the news.

",multi_news
multi_news,en,,Summary:,532,"  

The news passages highlight the transient nature of fame, fortune, and power in American culture, where public figures often experience dramatic declines in status. Despite the media's fascination with celebrities and the wealthy, the passage notes that power can be fleeting, with individuals losing their influence rapidly due to personal failures, scandals, or political shifts. 24/7 Wall St. has compiled a list of 50 individuals who have recently experienced a significant loss in stature, spanning various fields including politics, business, and entertainment.

Anthony Scaramucci, the White House Communications Director, had the shortest tenure in the position's history, lasting less than two weeks. His brief time in office was marked by controversy, including alleged protocol breaches, conflicting statements, and a profanity-laced interview. His wife also filed for divorce during his tenure.  

Chris Christie, the former Governor of New Jersey, faced a decline in public favor due to his support for Donald Trump and the Bridgegate scandal, where allies created a traffic jam to target a Democratic mayor. His low approval ratings and actions during a government shutdown further damaged his reputation.  

James Comey, the former FBI Director, became a controversial figure during the 2016 presidential election due to his public criticism of Hillary Clinton and his announcement of an FBI investigation days before the election. He was abruptly fired by President Trump in 2017, with conflicting justifications provided by the White House.  

Mark Fields, the former CEO of Ford Motor Company, was let go in 2017 despite a rise in corporate revenue. His tenure was marked by a significant drop in stock prices and a failed attempt to compete with Tesla through investments in electric and autonomous vehicles.  

Finally, Tiger Woods, once the top-ranked golfer in the world, has faced a series of scandals, including infidelity and a recent DUI arrest. His public image has been severely damaged, and he is currently ranked 899 in the world, his lowest ever.  

These examples illustrate how even the most prominent individuals can experience a rapid decline in status, often due to personal misconduct, political maneuvering, or missteps in business. The passage serves as a reminder of the impermanence of power and the public's quick response to scandal.",0.0,29048d7f5f49ba0be1e0f6793ad344e06baacaf39e84575f,"['Power: One day you have it, the next you don\'t. No one likely knows that better than the world\'s 50 ""least powerful"" people, described by 24/7 Wall St. as ""well-known individuals around the world who have recently experienced a precipitous loss in stature."" The top 10: Anthony Scaramucci: Where to begin? Try here, here, and here. Chris Christie: The former head of Donald Trump\'s transition team has the lowest approval rating of any governor in New Jersey\'s history. James Comey: The former FBI director lasted not even five months under Trump. Mark Fields: The Ford CEO was canned after shares fell almost 40% during his tenure. Tiger Woods: Blame his DUI arrest and 899th ranking in men\'s pro golf. Kendall Jenner: Remember that Pepsi commercial? Montgomery Moran: After a wave of issues at Chipotle, the co-CEO stepped down last year. Tomi Lahren: The conservative media personality was suspended from the Blaze after announcing she was pro-choice. Park Geun-hye: The former president of South Korea was impeached and jailed after a corruption scandal involving Samsung. Mitch McConnell: As Senate majority leader, McConnell failed to repeal and replace the Affordable Care Act. Click for the full list, which also includes Sean Spicer, R. Kelly, and Theresa May. (See last year\'s ranking here.)']",1240,"Now, write a one-page summary of all the news.

",multi_news
multi_news,en,,Summary:,532,"  

In late 2013, the U.S. government faced a potential shutdown due to a political stalemate over funding for federal agencies and the Affordable Care Act (Obamacare). The House of Representatives, led by Speaker John Boehner, passed a spending bill that would fund federal agencies through December 15, but included provisions to delay the implementation of Obamacare for one year and repeal the medical device tax. These provisions were strongly opposed by Senate Democrats and President Barack Obama, who threatened to veto any bill that included changes to the health law.  

Senate Majority Leader Harry Reid, a staunch advocate for maintaining the status quo on Obamacare, pushed for a hardline Democratic strategy, insisting that Republicans would have to cave to avoid a government shutdown. Reid and his allies believed that a shutdown would be politically damaging to the GOP, especially as they were close to regaining control of the Senate. Democrats planned to block any House provisions that sought to defund or delay Obamacare, potentially leading to a partial government shutdown if the House refused to pass a clean funding bill.  

The potential shutdown had significant economic implications, particularly for the Washington, D.C. region, which is home to a large number of federal workers and contractors. Local economists projected that a shutdown could cost the region up to $200 million per day and impact over 700,000 jobs. Federal services such as Medicare, Social Security, and child-care subsidies would be affected, and federal agencies would face operational disruptions. The shutdown could also have ripple effects on state and local governments, impacting programs like Meals on Wheels and emergency preparedness.  

Despite the looming threat, some essential services, such as mail delivery and air traffic control, would continue. However, the shutdown could still lead to significant economic and social disruptions. Local governments in the D.C. area had begun preparing for the possibility of a shutdown by setting aside emergency funds.  

The situation highlighted the deepening political divide between Republicans and Democrats, with both sides unwilling to compromise on key issues. The potential shutdown underscored the risks of political brinkmanship and the potential consequences for the economy and public services. Ultimately, the resolution of the crisis would depend on whether the House and Senate could find a compromise before the October 1 deadline.",0.0,fe95b01ef6da0d7227679dff2cea623ca72453fb84011590,"['Washington is braced for the first government shutdown in 17 years, which will happen at midnight tonight unless lawmakers manage to break the deadlock over funding and hammer out a deal. Here\'s what to expect from a day of drama in DC: The House has passed legislation to delay ObamaCare for a year and repeal a tax on medical devices, so the measure will return to the Senate this afternoon, just hours before the shutdown is due to kick in. Harry Reid is expected to table the anti-ObamaCare amendments with a simple Democratic majority and quickly send it back to the House—but if any opportunity arises for Senate Republicans to use delaying tactics, expect Ted Cruz to lead the way, the Wall Street Journal predicts. There\'s a chance of a straight up-or-down vote in the House, but if it becomes clear that it will be impossible to break the deadlock by midnight—which appears to be the likeliest scenario—the partial shutdown could still be averted if lawmakers pass a short-term funding bill to buy another week or so of debating time. So who will blink first? Neither Reid nor John Boehner appears likely to give way. Reid is determined to play hardball and not give an inch on ObamaCare, Politico reports. Reid and his allies believe that giving any concessions now will only lead to bigger concessions to avoid a debt default next month—and they think the backlash from a government shutdown will hit the GOP hardest. Boehner, meanwhile, will face the wrath of his party\'s conservatives if he gives way too soon—but polls show the public will blame his House Republicans if there is a shutdown. If there is a shutdown, it won\'t be an abrupt halt to government, but more ""like a spending freeze that will gradually spread through the government like ice forming in water,"" Quartz explains. Federal employees, 800,000 of whom will be sent home without pay, will be the first affected, and the shutdown will also affect scientific research, trade negotiations, and the federal programs that guarantee home loans and provide capital to business. Air traffic controllers will still be at work, however, and agencies that deal with national security and law enforcement are exempt from the shutdown. A shutdown of a few days might not do too much damage, but experts warn that the national economy will take a serious hit if it is prolonged. In Washington, DC, however, even a brief shutdown will cost the district an estimated $200 million a day—and affect basic services like trash collection. ""This is serious,"" the director of George Mason University’s Center for Regional Analysis tells the Washington Post. ""The national economy may not notice a shutdown much unless it lasts three or four weeks. But for the Washington area, this is a tsunami.""']",3547,"Now, write a one-page summary of all the news.

",multi_news
multi_news,en,,Summary:,532," NASA's Parker Solar Probe

NASA has renamed its upcoming mission to study the Sun, originally called Solar Probe Plus, to the Parker Solar Probe in honor of Eugene Parker, a pioneering astrophysicist who predicted the existence of solar wind in 1958. This marks the first time NASA has named a spacecraft after a living individual. The mission, set to launch in July 2018, aims to explore the Sun's outer atmosphere, known as the corona, and investigate the mysteries of solar wind, which is a stream of charged particles flowing from the Sun into space.

The Parker Solar Probe will travel closer to the Sun than any spacecraft before, reaching within 3.7 million miles (6.2 million kilometers) of the Sun's surface, which is about seven times closer than any previous probe. The spacecraft will endure extreme conditions, including temperatures up to 2,500 degrees Fahrenheit (1,370 degrees Celsius) and solar radiation intensities 475 times greater than on Earth. To protect the probe, it will be equipped with a 7.5-foot-wide (2.3-meter) heat shield made of advanced carbon-composite material, which will keep the onboard instruments at a comfortable room temperature.

The mission's objectives include tracing the flow of energy that heats and accelerates the solar wind, understanding the heating of the Sun's corona, and exploring the mechanisms that accelerate and transport energetic particles. These findings could revolutionize our understanding of the Sun and improve space weather forecasting, which is crucial for protecting satellites, astronauts, and Earth's power grid from solar storms.

The Parker Solar Probe will perform 24 close flybys of the Sun over the course of seven years, using seven flybys of Venus to gradually reduce its orbit around the Sun. The mission is expected to end in June 2025. The probe will carry a chip with photographs of Eugene Parker and a copy of his seminal 1958 paper on solar wind, as well as a plate with an inscription of his choice. The mission is a testament to the importance of Parker's work, which has inspired generations of scientists and continues to shape our understanding of the Sun and its effects on the solar system.",0.0,9be57ba61a999b76bd50af15e31946bb634beb32d7e8d31e,"['NASA is going to the sun. More specifically, it\'s launching an unmanned probe next year that will travel closer to the star than any spacecraft has done previously. ""It\'s a spacecraft loaded with technological breakthroughs that will solve many of the largest mysteries about our star,"" says Nicola Fox of the Johns Hopkins University Applied Physics Laboratory. In less scientific terms, per the Telegraph: ""We will finally touch the sun."" The nuts and bolts: The mission: The 10-foot probe will launch in July or August of 2018 and eventually get to within 3.7 million miles of the sun, about seven times closer than any previous spacecraft. Eventually, it will be whizzing around the sun at a speed of 450,000 miles per hour, reports CNN. The mission ends in 2025. Corona: The probe will actually fly into the outermost part of the sun\'s atmosphere, called the corona, per a mission overview at NASA that touts ""humanity\'s first visit to a star."" The heat: The probe will rely on a 4.5-inch-thick carbon-composite solar shield to help it withstand temperatures up to 2,550 degrees Fahrenheit, reports Orlando\'s WKMG. Instruments will remain at room temperature. The name: The probe\'s name has been changed to the Parker Solar Probe to honor astrophysicist Eugene Parker, who\'s credited with discovering solar wind. Parker, who turns 90 in June, is a professor emeritus at the University of Chicago, and the Guardian recounts that the theory he put forward in 1958 about a stream of charged particles flowing from the sun was once thought to be ""crazy."" A first: This is the first time NASA has named a mission after a living scientist. ""I\'m certainly greatly honored,"" said the man himself, per Space.com. Two puzzles: Scientists hope to better understand two things in particular: ""How is the solar wind accelerated, and why is the ... corona so much hotter than the solar surface?"" (It\'s 3 million degrees Fahrenheit vs. 10,000 degrees Fahrenheit.) Why it matters: Generally, solar storms are relatively harmless when they reach Earth, but these particle bursts occasionally wreak havoc on satellites and here on Earth, and they have the potential to be devastating. ""The more we know about how these processes work, the better we can get at predicting when they will happen,"" writes Loren Grush at the Verge.']",10147,"Now, write a one-page summary of all the news.

",multi_news
multi_news,en,,Summary:,532,"  

In late 2013, both Neiman Marcus and Target Corp. experienced major data breaches that compromised customer information, raising concerns about cybersecurity and corporate responsibility. The Neiman Marcus breach, which was discovered in mid-December and fully contained by January 1, involved hackers accessing the company’s computer network as early as July. The company delayed public disclosure until after the holiday season, citing the need to confirm evidence. Neiman Marcus stated that while some customers’ payment cards were used fraudulently, Social Security numbers and birth dates were not compromised. The company offered one year of free credit monitoring to affected customers, similar to Target’s offer.  

Target, on the other hand, disclosed its breach shortly after learning about it in late November, which led to a significant drop in sales during the final shopping season. The breach affected 40 million credit and debit card accounts, along with personal information for 70 million people. A 17-page report from iSight, a cybersecurity firm, revealed that the breach was caused by malware placed in Target’s point-of-sale systems. The malware, which was new to cybercrime, allowed hackers to steal unencrypted card data during the authorization process. The report also noted that the attack was part of a broader, highly sophisticated international hacking campaign targeting multiple retailers.  

Both breaches are believed to have been carried out by criminal groups in Eastern Europe, though no definitive link has been established between the two incidents. A growing number of state attorneys general are investigating both breaches to determine if they are connected. The iSight report highlighted the growing trend of using malware for data theft due to its cost-effectiveness and low risk compared to other methods.  

The delayed disclosure by Neiman Marcus drew criticism, as it was only after inquiries from cybersecurity journalist Brian Krebs that the company publicly acknowledged the breach. The company’s spokesperson claimed the delay was due to the need for thorough investigation, but some questioned whether the timing was influenced by the holiday season.  

Overall, the breaches underscore the increasing threat of cybercrime to consumer data and the importance of timely and transparent communication from companies in the event of a security incident.",0.0,56455fb505b8dc0c26292ce43f92b16decf2d920597ee47c,"['It looks like the hackers that hit Target had lots of other, well, targets. The Department of Homeland Security recently sent retailers and financial service companies a secret memo warning that the Target hit appeared to be part of a larger international campaign, the Wall Street Journal reports, an insight gleaned with the help of Dallas cybersecurity firm iSight Partners. Yesterday, iSight released its own report, saying that a virus it\'s calling KAPTOXA ""has potentially infected a large number of retail information systems""—and noting that the ""intrusion operators displayed innovation and a high degree of skill,"" particularly in terms of the ""operational sophistication"" of the hack. The Journal shares this feature by way of example: The virus focused on stealing data during the peak hours of 10am and 5pm; the data was housed in a Target server that the hackers later accessed. The virus attacks point-of-sale systems in a way that is ""new to eCrime,"" subverting traditional efforts to protect consumer data, the report warns, according to NBC. Parts of the code, which is impervious to all known antivirus software, have been online since last spring. It\'s partly in Russian, which US officials think may indicate a link to organized crime in the former Soviet Union. The finding follows reports of similar breaches at Neiman Marcus. That breach had gone unnoticed since July, the New York Times reports today; Neiman\'s system was only fully secured Sunday.']",1464,"Now, write a one-page summary of all the news.

",multi_news
multi_news,en,,Summary:,532,"  

In March 2016, a male lion named Mohawk, one of Kenya’s most famous and beloved big cats, was shot dead by rangers from the Kenya Wildlife Service (KWS) after straying from Nairobi National Park. The incident occurred in Isinya, a town 12 miles from Nairobi, where Mohawk had been surrounded by a crowd of onlookers who had taunted, stoned, and photographed the animal for hours. The lion, known for his distinctive black mane, attacked a man on a motorcycle, causing severe injuries, and was subsequently shot by rangers to prevent further harm.  

The KWS claimed the decision to kill Mohawk was a last resort due to the escalating situation and the risk to public safety. However, the killing sparked widespread outrage among Kenyans, with many criticizing the KWS for not using tranquilizers and for failing to protect the lion. Social media campaigns, such as #JusticeforMohawk, highlighted the perceived brutality of the act, and residents expressed frustration over the lack of proper equipment and the failure to manage the lion’s escape effectively.  

Mohawk’s death was not an isolated incident. Over the past two months, several lions had escaped from Nairobi National Park, with most being recaptured alive. However, the increasing frequency of escapes has raised concerns about the park’s infrastructure, particularly the electric fence that has been damaged by construction projects and urban expansion. Conservationists and officials have pointed to habitat loss and encroachment by development as key factors contributing to the lions’ movements.  

In South Africa, a similar situation unfolded with a lion named Sylvester, who escaped from Karoo National Park. Wildlife officials initially planned to kill the lion due to its threat to humans, but public outcry led to reconsideration. The lion, which had previously escaped and eluded capture for weeks, was being tracked with a satellite collar, and officials were weighing options such as relocation or improved fencing.  

The incidents highlight the complex challenge of balancing human safety with wildlife conservation. While lions are a symbol of Kenya’s natural heritage, their increasing interactions with humans underscore the need for better management strategies, including improved infrastructure, public education, and more humane methods of handling dangerous animals. The loss of Mohawk has intensified discussions about the ethical treatment of wildlife and the long-term sustainability of conservation efforts in rapidly developing regions.",0.0,78473fa18bef2d731dde4141dffd5a7d69d71b5e2aaf66dc,"['An escaped lion, a taunting crowd, and an ill-prepared first-response team came together in Kenya to cause what some are saying was the unnecessary, senseless death of the lion, the country\'s Star reports. Mohawk, a 13-year-old lion who was one of Nairobi National Park\'s most well-known creatures due to his trademark mane and rep as somewhat of a ""ladies\' lion,"" had escaped from an unfenced section of the park and ended up in the town of Isinya, where he was promptly surrounded by a jeering group of men, the Washington Post reports. Mohawk became upset by the noise and the growing crowd—Kenya Wildlife Service officials tell the AP about 400 had surrounded him—and lunged at a 27-year-old man, who was sent to the hospital with bruises and severe lacerations on his back. The wildlife service already had an animal management team on the scene, but those rangers had only rifles, not tranquilizers. After Mohawk pounced on the bystander, the rangers felt they couldn\'t wait for a second team on its way with tranqs—so they unleashed what the Star says was nine bullets, leaving the animal ""roaring and writhing in pain"" as he died. ""If the rangers had the right equipment, this lion would not have died,"" a local resident tells the paper. ""You can\'t keep a lion in the midst of people for so many hours without stressing it. We blame them for this heinous act."" The shooting has prompted plenty of backlash on social media, including a #JusticeForMohawk hashtag, but the wildlife service says it had no choice once the lion started attacking humans. ""This action was taken as a last resort after an escalation of the situation and a concern for public safety,"" the Kenya Wildlife Service says, per CNN. A bunch of lions have busted out of the park lately, driven by what conservationists say is the noise from development projects, including a highway being built through the park. (Same ending, different means for Cecil the lion.)']",3189,"Now, write a one-page summary of all the news.

",multi_news
multi_news,en,,Summary:,532,"  

A tragic incident occurred in Queen Elizabeth National Park in Uganda, where a two-and-a-half-year-old child was attacked and killed by a leopard at the Mweya Safari Lodge. The child, the son of Elisha Nabugyere, a park ranger, was reportedly sitting with a maid at the staff quarters when the leopard attacked. The child was dragged into the bushes, and despite efforts to rescue him, he was not found alive. His remains, including a skull and some bones, were later recovered. The child's mother, also a park ranger, was away at a neighbor's house at the time of the attack.  

The father, SSP Francis Manana Nabugyere, expressed his grief and called for compensation from the Uganda Wildlife Authority (UWA), stating that he expects a reasonable amount to be provided for the loss of his son. He also emphasized the need for improved security measures to protect staff and their children.  

UWA communications manager Bashir Hangi described the incident as unfortunate and confirmed that efforts are underway to track down the leopard. He mentioned that the animal may be relocated due to the risk it poses after having attacked a human. Hangi also noted that UWA has an arrangement for compensating staff or their families in the event of a fatality or loss in the line of duty.  

The incident has shocked the local community, as leopard attacks on humans are rare in the region. This tragedy comes amid a series of unfortunate events involving wildlife in the park, including the deaths of 11 lions in early April, a French tourist's death on April 14, and another lion's death at the end of April.  

Authorities are now actively searching for the leopard, with the goal of capturing and relocating it to ensure public safety. The case has sparked discussions about wildlife management and the need for better protection of both staff and visitors in the park.",0.0,e938aa4da9ec12d68b474d25c4054b1cae4b847e686490f8,"['A horrifying story out of Uganda, where a toddler was grabbed and eaten by a leopard Friday at the Mweya Safari Lodge in Queen Elizabeth National Park. The 2-year-old boy\'s mother is a game ranger at the park and was working, and the boy was with his nanny in the kitchen of the family\'s home in the park\'s staff quarters, near a doorway. ""He was seated with the maid when the leopard grabbed and ran with him,"" the boy\'s father tells the Kampala Post. But a spokesperson for the Uganda Wildlife Authority (UWA) says the boy followed the nanny outdoors: ""The maid was not aware the child followed her. She heard the kid scream for help, she intervened but it was too late the leopard had vanished with it in the bush."" The staff quarters are reportedly in a protected area that is popular with tourists, USA Today reports, but the family\'s home is said to be unfenced. A search team ultimately found some of the boy\'s bones, including his skull, and they were buried over the weekend. The boy\'s father says he expects compensation from the UWA and that the organization should do more to protect staff and their families. ""UWA gave us the coffin,"" he says. ""I have not talked to them about the incident but I would expect something reasonable to compensate me, although my son\'s life is gone."" Leopard attacks on humans are rare in Uganda. The UWA spokesperson says efforts are being made to locate the leopard and possibly relocate it. ""The hunt is on with the intention of capturing the leopard and removing it from the wild because once it has eaten human flesh, the temptations are high to eat another human being, it becomes dangerous,"" he says, per the Telegraph.']",1170,"Now, write a one-page summary of all the news.

",multi_news
multi_news,en,,Summary:,532,"  

Netflix has recently announced a significant update to its employee benefits policy, introducing an unlimited maternity and paternity leave program for new parents. This policy allows employees to take as much time as they need during the first year following the birth or adoption of a child. The initiative reflects Netflix’s commitment to fostering a “freedom and responsibility” culture, where employees are empowered to make decisions about their work-life balance while being held accountable for their responsibilities.  

Under the new policy, parents can return to work part-time, full-time, or take additional time off later in the year, all while receiving full pay. This eliminates the need for employees to navigate complex state or disability pay systems, providing financial security and flexibility. The company emphasizes that this policy supports employees in managing the challenges of new parenthood, allowing them to return to work more focused and dedicated.  

This move is part of a broader trend in the tech industry, where companies are increasingly prioritizing work-life balance over traditional office-centric perks. Previously, companies like Yahoo, Facebook, and Google had expanded their parental leave policies to remain competitive in attracting and retaining top talent. Netflix’s unlimited time-off policy, combined with this new parental leave initiative, underscores its ongoing efforts to remain a top employer in the tech sector.  

While the policy is praised for its inclusivity and support for both mothers and fathers, it also comes with potential challenges. Unlimited leave can place additional pressure on employees to coordinate with their teams and managers to ensure that their absence does not disrupt projects or deadlines. However, Netflix believes that by providing this flexibility, it can attract and retain the most talented individuals, ultimately contributing to the company’s continued success.  

Overall, Netflix’s new parental leave policy represents a significant step forward in the evolving landscape of workplace benefits, highlighting the company’s dedication to supporting its employees and maintaining its competitive edge in the tech industry.",0.0,8a254b08dcd8d491f6110fcc85d9728f2af7ef3db72b8153,"['Expecting parents wondering which company offers the best maternity and paternity leave in the US need look no further. Netflix announced yesterday that it is upping the ante, offering new parents unlimited, fully-paid maternity and paternity leave for the first year after having or adopting a child. The streaming video company based in Los Gatos, Calif., also offers unlimited paid vacation, and it\'s all toward fostering ""a \'freedom and responsibility\' culture that gives our employees context about our business and the freedom to make their own decisions along with the accompanying responsibility,"" writes Tawni Cranz, chief talent officer. The new policy ""deserves high marks for extending leave to fathers,"" reports Fortune, ""as well as understanding that the entire first year after childbirth can be challenging."" It\'s a ""landmark perk,"" reports TechCrunch, noting that Yahoo doubled its maternity and paternity leave in 2013 (to 16 paid weeks for moms and eight paid weeks for dads) to compete with packages offered by Facebook and Google because ""the talent is growing up."" A decade ago big company perks included free lunch and ping pong tables, but now the major moves are about helping employees balance work and home life because ""experience shows people perform better at work when they’re not worrying about home,"" Cranz adds. Of course, employees will have to plan their leave with managers and coworkers in advance to make sure their absence isn\'t disruptive—behaving, you know, like adults. (See who beat Netflix to the punch.)']",1112,"Now, write a one-page summary of all the news.

",multi_news
multi_news,en,,Summary:,532,"  

The Internet Archive has been receiving daily crawl data from Alexa Internet since 1996, which is later added to the Wayback Machine after an embargo period. This data helps preserve the history of the web for future access.  

Separately, the London School of Economics (LSE) is investigating allegations of antisemitism and violence that occurred during a skiing trip to Val d'Isère, France, organized by the students' union. The incident involved a Nazi-themed drinking game called ""Ring of Fire,"" which included playing cards arranged in the shape of a swastika and the phrase ""salute the Führer."" A Jewish student reportedly objected to the game and was later subjected to a violent attack, resulting in a broken nose. The violence, while not serious enough to involve French police, has sparked a strong response from the LSE and its students' union.  

The LSE has stated that it takes antisemitism and racism very seriously and is prepared to take disciplinary action if the allegations are proven true. The university emphasized that students must adhere to clear behavioral standards and that such incidents are unacceptable.  

Jay Stoll, president of the LSE's Jewish Society, condemned the glorification of Nazi ideology and the antisemitic remarks that accompanied the game, calling it a ""spiteful, collective attack on a community."" The Jewish student who was assaulted described the experience as deeply upsetting, noting that the antisemitic comments, rather than the game itself, were the most offensive.  

Alex Peters-Day, general secretary of the students' union, called the incident ""so at odds with everything the LSE and the union stand for."" Brendan Mycock, president of the LSE athletics union, also condemned the actions of a ""small group of individuals,"" emphasizing that the union promotes openness, tolerance, and respect.  

This incident follows similar reports of antisemitic behavior at other universities, such as the recent claims that members of the Oxford University Conservative Association sang an antisemitic song with Nazi references. These events highlight ongoing concerns about antisemitism and the need for continued vigilance in academic institutions.",0.0,a4d1ff0e9c2cee86be614078adfd7d7d99edf5ef30a091de,"['A Nazi drinking game played by students from the London School of Economics sparked a brawl and ended with a broken nose, reports the Guardian. The row occurred during a ski trip taken by 150 members of the school\'s athletic union to Val D\'Isere in France. The confrontation occurred after a Jewish student objected to the drinking game, according to the school\'s Jewish Society. The game involved playing cards arranged on a table in the shape of a swastika. Players were required to ""salute the führer,"" according to the student newspaper. ""Nazi glorification and anti-semitism have no place in our universities,"" said the head of the Jewish Society. A video of the drinking game was briefly posted on Facebook. The school is investigating. ""These are disturbing allegations relating to events which took place on a foreign trip organized by the students\' union,"" said a school statement, which added that officials are ""prepared to take disciplinary action. Students must abide by clear standards of behavior. We do not tolerate anti-semitism or any other form of racism.""']",803,"Now, write a one-page summary of all the news.

",multi_news
multi_news,en,,Summary:,532," 

On Wednesday night, a violent robbery and shooting occurred in southeast Kansas City, involving a couple and their 16-year-old son who were attempting to purchase a car listed on Craigslist. The incident took place at an apartment complex on East 84th Street, where the family met a man who identified himself as ""AJ"" to view a 2007 Hyundai Sonata. After a test drive, the couple and AJ returned to the apartment complex. As they discussed the purchase, AJ excused himself to make a phone call, leaving the family alone. Two men then approached, armed with black handguns, and demanded money. When the father stepped in front of his wife to protect her, the robbers opened fire. The father was shot four times in the chest, stomach, and legs, while his wife suffered a shattered upper-right arm from a bullet. Their son was not injured but was present during the attack. The robbers stole the family’s $3,000 and fled in the Hyundai, which was later found abandoned nearby. 

This incident is believed to be connected to an earlier robbery that occurred earlier the same day. In that case, a man was robbed while meeting someone to sell an Xbox on Craigslist. Both incidents involved three armed suspects and occurred within two miles of each other. Police have identified the suspects as three black men in their late 20s or early 30s, though no further details have been released. Four individuals are currently under investigation, though it is unclear why four were detained instead of three. 

The family was not identified, and the suspects remain at large. Local businesses, including Ferrellgas, have contributed to a reward fund, increasing the total reward to $7,000 for information leading to an arrest. Police are urging the public to exercise caution when meeting strangers for online transactions, advising against going to unknown locations and instead using secure payment methods. 

A bystander, who was not identified, helped the injured couple by applying pressure to their wounds until police arrived. The couple was taken to the hospital, with the father undergoing surgery. The community has expressed concern over the violence and the need for increased safety measures when engaging in online transactions. Authorities continue to investigate both incidents, emphasizing the dangers of meeting strangers for online purchases and the importance of public vigilance.",0.0,1d2336536bfc7b2330bd0415195b17da5eef58e6d2f7107f,"[""A Kansas City couple who went to check out a car they saw on Craigslist were shot and robbed Wednesday night, USA Today reports. They had wanted to purchase the vehicle for their 16-year-old son, who was with them but not injured. Police say the 53-year-old dad and his son had test-driven a 2007 Hyundai Sonata and were discussing payment when the seller said he had to call his wife and momentarily walked away, according to KCTV. That’s when two other men reportedly approached the family and demanded cash, then started shooting. As the dad tried to keep his wife and son out of the barrage of bullets, he was shot four times in the chest, stomach, and legs, while his 55-year-old wife took a bullet to her upper right arm, which was “shattered,” reports the TV station. The men took the wife's purse, which had $3,000 in cash for the car purchase, say police. Authorities believe the incident may be related to an earlier armed robbery that day in which a Kansas City man says he tried to sell his Xbox and gaming accessories to a man who saw his ad on Craigslist, reports the Kansas City Star. As the potential buyer was examining the wares, two other men reportedly arrived sporting a gun; the three men then lifted the Xbox and other items and ran into nearby woods, police say.""]",1819,"Now, write a one-page summary of all the news.

",multi_news
multi_news,en,,Summary:,532,"  

The Senate Commerce Committee has released a report highlighting the alarming extent of data collection and sale by major data brokers, raising serious concerns about consumer privacy and the potential for misuse of personal information. The report, based on a year-long investigation, reveals that nine major data companies—Acxiom, Experian, Epsilon, Reed Elsevier, Equifax, TransUnion, Rapleaf, Spokeo, and Datalogix—collect and sell deeply personal data on millions of consumers. This data includes sensitive information such as medical conditions, financial details, and even behavioral patterns, often sold to third parties without consumer consent.  

The report details how some companies, like Equifax, provide data as specific as a consumer’s recent purchases, medical conditions, and travel habits. This data is then categorized into over 75,000 data points, enabling targeted marketing and other commercial activities. Notably, some data brokers sell lists of rape victims, individuals with HIV/AIDS, and people with dementia, which could expose these vulnerable groups to further harm or exploitation.  

The Senate investigation found that while some companies, like Equifax, were cooperative, others, including Acxiom, Experian, and Epsilon, refused to disclose how they collect or sell data, citing confidentiality clauses. Acxiom, for instance, was found to have sold 400,000 dossiers for a mere $2,500, raising concerns about the ethical and legal implications of such practices. Experian was also implicated in selling personal information, including social security numbers, to an alleged identity theft ring.  

Privacy advocates, such as the World Privacy Forum, have called for stricter government regulations to protect consumers from the misuse of their data. They argue that current laws only protect data used for credit, employment, insurance, or housing, leaving sensitive health and personal information vulnerable. The forum’s executive director, Pam Dixon, emphasized the need for Congress to act to remove “unsafe, unfair, and deplorable” data lists from circulation.  

Despite some data brokers offering opt-out options, many lack clear procedures, and most consumers are unaware they are being tracked. The Senate Committee, led by Chairman John ""Jay"" Rockefeller, has criticized data brokers for resisting oversight and has vowed to continue pushing for transparency. The Federal Trade Commission has also called for greater transparency in data practices.  

The report underscores a growing concern about the lack of consumer protection laws in the rapidly expanding data industry. As data brokers continue to expand their databases, the need for stronger regulations to safeguard individual privacy becomes increasingly urgent. The findings highlight a dark",0.0,a1a8c2073ee3adf93ab2fdfb6c5b9021787e2cf9ff80c7a3,"['Secretive data companies are tracking almost every American\'s every move online—and compiling and selling disturbingly targeted lists based on that spying, a new Senate Commerce Committee report concludes. That includes lists of rape victims, people suffering from ailments including HIV, AIDS, and dementia, and people with substance abuse problems, a privacy group said in a hearing yesterday, as per CNN. Mailing addresses for police officers and domestic violence shelters—the latter of which are usually protected by law—are also for sale, as are lists based on demographics and economics, including ""Ethnic Second-City Strugglers,"" and ""Rural and Barely Making It."" The World Privacy Forum urged Congress to act to ""remove unsafe, unfair, and overall just deplorable lists from circulation."" The Direct Marketing Association released a statement saying that while the lists are occasionally ""used to disparage certain groups,"" they represented a ""tiny minority"" of marketing products. Overall the committee looked at nine companies, some of which refused to explain how they got their data or who they sold it to, Gawker reports. One company admitted it had sold social security numbers and banking information to an alleged identity theft ring.']",1392,"Now, write a one-page summary of all the news.

",multi_news
multi_news,en,,Summary:,532,"  

The news passages provide a harrowing account of the human toll and chaos that accompanied the conflict in Libya during the uprising against Moammar Gaddafi. The conflict, which began as peaceful protests in 2011, escalated into a full-scale war, resulting in widespread violence, displacement, and a significant number of missing persons.  

One of the stories highlights the experience of Faraj, a 25-year-old rebel fighter who disappeared during the battle on the eastern coast in March 2011. He was presumed dead for some time before being found and reunited with his family. His ordeal is emblematic of the many Libyans who were detained and disappeared during the conflict. Rebel leaders estimate that nearly 60,000 people went missing during the six-month-long war. While rebels have freed thousands from Gaddafi’s prisons, including the notorious Abu Salim facility, only about 10,000 prisoners have been accounted for, leaving many families in despair, fearing that thousands may still be held in underground prisons or mass graves.  

Another account details the tragic fate of Muneer Masoud Own, a 33-year-old manual laborer who was detained by pro-Gaddafi forces in early August. Along with his brother and approximately 60 others, he was imprisoned in a warehouse near the 32nd Brigade headquarters. Over the next 18 days, the detainees endured brutal treatment, including beatings, lack of food and water, and deplorable living conditions. On the day they were promised release, guards instead launched a grenade and opened fire, killing dozens and leaving many others dead or injured. Muneer escaped the massacre but lost his brother in the chaos. When rebels later took control of the area, they found the warehouse filled with charred bodies, many unrecognizable, and piles of earth teeming with maggots. The victims’ families remain without closure, as many of the dead may never be identified.  

These stories underscore the immense human suffering and loss of life during the Libyan conflict. The search for missing persons and the quest for justice continue, as families and rebel leaders grapple with the aftermath of a war that has left deep scars on the nation. The events described reflect not only the brutality of the conflict but also the resilience of those who survived and the enduring hope for a better future.",0.0,d59d8c7d8e894fb70f061ed788ab0d0afbb6e7efab3795e7,"['Troops loyal to Moammar Gadhafi massacred some 150 detainees last week, according to volunteers who cleared charred bodies from the warehouse that had apparently served as the detainees’ prison. An escaped prisoner told his story to CNN: He and his brother were handcuffed and blindfolded for no apparent reason while out walking earlier this month. They were thrown into the warehouse with 60 others ages 17 to 70. The number inside quickly reached 175 as loyalists continued to imprison people. The detainees were given no food or water for days, said Muneer Own. Finally, the troops said they would set them free—but instead hurled a grenade at them and opened fire. About 25 people were able to escape, Own said; his brother apparently was not one of them. The mass of bodies was discovered when rebels eventually took over the area. Many remain unidentified, part of a growing number of prisoners whose whereabouts remain unknown, notes the Washington Post. Thousands—some of whom have been jailed for decades—could be in underground prisons or mass graves, rebels fear. Click through for one family’s story.']",1196,"Now, write a one-page summary of all the news.

",multi_news
multi_news,en,,Summary:,532,"  

Recent studies have highlighted the significant health risks associated with yo-yo dieting—repeated cycles of weight loss and gain—particularly for individuals with coronary artery disease (CAD). A large-scale study published in *The New England Journal of Medicine* followed 9,508 men and women with stable CAD over a five-year period, tracking their weight changes and health outcomes. The research found that individuals with the highest weight variability had a significantly increased risk of adverse cardiovascular events. Specifically, they were 78% more likely to develop new-onset diabetes, 117% more likely to experience a heart attack, 136% more likely to have a stroke, and 124% more likely to die compared to those with the lowest weight fluctuations.  

The study, led by Dr. Sripal Bangalore of New York University School of Medicine, emphasized that while weight loss is beneficial for those with CAD, maintaining that weight is crucial. Many individuals struggle to sustain weight loss, often leading to cycles of weight gain and loss, which may exacerbate existing heart conditions. The findings suggest that weight fluctuations can worsen outcomes for people already at high risk due to CAD.  

Coronary artery disease, a leading cause of death in the United States, occurs when plaque builds up in the coronary arteries, narrowing blood flow to the heart. This can lead to chest pain, shortness of breath, and heart attacks. While lifestyle changes such as diet and exercise can help prevent and manage CAD, the study underscores the importance of avoiding weight cycling, especially for those with pre-existing heart conditions.  

Other research has also linked yo-yo dieting to increased mortality from heart disease, with some studies suggesting that weight fluctuations may contribute to metabolic and cardiovascular complications. Although the current study is observational and cannot establish a direct cause-and-effect relationship, the results raise important concerns about the impact of weight cycling on individuals with CAD.  

Dr. Bangalore and his team call for further research to understand the mechanisms behind these associations and to develop strategies that help people maintain a stable, healthy weight. They also note that weight cycling may be influenced by factors such as changes in gut microbiota, suggesting that future studies should explore these potential links.  

In conclusion, the findings highlight the need for greater awareness of the risks associated with yo-yo dieting, particularly for individuals with coronary artery disease. Maintaining a consistent, healthy weight may be a critical factor in reducing the risk of heart attacks, strokes, and other life-threatening complications.",0.0,9836ad80b96e0be4f0ac7d88ccec4f9d884e9db61ab0cd17,"['Losing weight is one thing, keeping it off quite another. And now researchers are finding that among those with coronary heart disease (CHD)—which the Mayo Clinic reports develops from damaged or diseased blood vessels typically caused by blockage and inflammation—yo-yo dieting may dramatically increase the risk of stroke, heart attack, and death. Reporting in the New England Journal of Medicine, researchers say they followed nearly 10,000 men and women with CHD between the ages of 35 and 75 for about five years, monitoring changes in body weight and other health outcomes. The takeaway? ""It\'s important to lose weight, but this data says you have to keep it off,"" lead researcher Dr. Sripal Bangalore at the New York University School of Medicine tells the New York Times. The highest weight fluctuation was on average 8.6 pounds over five years, while the smallest body weight changes averaged closer to two pounds, reports Medical News Today. Those who were already overweight or obese at the beginning of the study and who experienced the highest level of weight fluctuation experienced 124% more deaths, 136% more strokes, and 117% more heart attacks, meaning these CHD patients were more than twice as likely to suffer these negative outcomes in just a few years than people with CHD whose weight only fluctuated two pounds. This doesn\'t pinpoint a cause, as pre-existing heart problems could be the culprit, but researchers hope to study this correlation further. (Yo-yo dieting is bad for women\'s hearts in general.)']",1368,"Now, write a one-page summary of all the news.

",multi_news
multi_news,en,,Summary:,532,"  

A theft of a wedding ring from a deceased woman at Sunset Memorial Gardens & Funeral Home in Odessa, Texas, has sparked a local investigation and public outcry. The incident occurred on April 8th, when an unknown female allegedly stole the ring from the body of Lois Hicks, a 88-year-old woman who had recently passed away. The theft took place at the funeral home located at 6801 East Highway 80.  

According to reports, the suspect, described as a heavy-set white female wearing a brown long sleeve sweater, black sweat pants, and black sandals, fled the scene in a red or maroon 4-door Saturn. The suspect was captured on video, and the family has provided a photo of the suspect’s vehicle to aid in the investigation. The case is currently being treated as a State Jail Felony, and no arrests have been made.  

Vel McKee, daughter of the deceased, described the incident as deeply disturbing. She stated that the thief entered the funeral home during a visitation service and yanked the ring off her mother’s left hand, tearing part of the skin from her finger. The theft occurred just a day after Lois Hicks’ death, and the ring had been placed on her hand as a symbol of her love and devotion to her late husband, Gayle.  

McKee and other family members were present at the funeral home for part of the day before leaving, and they returned later to discover the missing ring. They were relieved to have video footage of the theft, which showed the suspect entering the building and interacting with the casket. The funeral home manager, Bill Vallie, confirmed that the video captured the suspect’s actions and noted that the theft was particularly brazen, as it had never occurred at the funeral home since its operation in 1999.  

The family is considering pressing charges and has urged anyone with information about the suspect or her whereabouts to contact the Odessa Police Department at 335-5784 or Odessa Crime Stoppers at 333-8477. Additionally, the police have provided a contact number for anyone with information about the incident: 432-333-TIPS.  

This incident has raised concerns about the vulnerability of the deceased and the need for increased security measures at funeral homes. The family and the community are hoping for a swift resolution to this disturbing crime.",0.0,775a1ae2423f47d7647839eba2ab883edce0226be80bc3fc,"['A Texas woman was caught on surveillance video stealing a wedding ring off the finger of a dead woman Friday, the Odessa American reports. The body of Lois Hicks, 88, was in an open casket at Odessa\'s Sunset Funeral Home. The woman\'s family had just left the funeral home after a visitation service when a stranger parked outside, came in, and asked to use the restroom. Instead, the funeral home\'s manager says, she walked into the room with Hicks\' coffin, grabbed the ring off her finger, and left. Hicks\' daughter says some of her mother\'s skin was actually torn off during the theft. ""I can\'t believe someone would be that low,"" she says. The surveillance video captured the alleged thief\'s license plate, and the family is pressing charges. The incident is being investigated as a felony, KOSA reports. The suspect is described as a heavy-set white woman who was wearing a brown long-sleeved sweater, black sweat pants, and black sandals at the time; she drove off in a red or maroon four-door Saturn.']",989,"Now, write a one-page summary of all the news.

",multi_news
multi_news,en,,Summary:,532,"  

A three-year-old girl, Finley Puleo Boyle, from Kailua, Hawaii, died after suffering a heart attack during a dental procedure at Island Dentistry for Children on December 3, 2013. The girl lapsed into a coma and passed away on January 3, 2014. According to an autopsy report conducted by Honolulu Chief Medical Examiner Dr. Christopher Happy, the death was classified as an accident, and the sedatives and local anesthesia administered during the procedure were likely the cause.  

Finley, who was in good health with no history of heart problems or allergies, received five drugs, including Demerol, hydroxyzine, chlorohydrate, laughing gas, and lidocaine with epinephrine. The medical examiner noted that she became unresponsive and went into cardiopulmonary arrest immediately after receiving the lidocaine injection. The report also stated that there were no signs of underlying health issues or allergic reactions that could have contributed to her death.  

The dental office, operated by Dr. Lilly Geyer, has since closed. Finley’s parents, Ashley and Evan Boyle, filed a negligence lawsuit against the practice, alleging that the staff failed to properly monitor the child during sedation. The lawsuit claims that the child was not monitored for oxygen levels for 26 minutes and that no CPR was administered until someone had to call for a doctor from another office.  

Dr. Geyer’s attorney, John Nishimoto, has called the allegations ""unproven"" and declined to comment further due to the ongoing legal proceedings. As of December 2013, there were no recorded complaints against Dr. Geyer or her practice with the Hawaii Department of Commerce and Consumer Affairs.  

In January 2014, new state regulations were implemented in Hawaii to tighten oversight of dental sedation practices, following this incident and others. Despite the family’s claims of negligence, no criminal charges have been filed against Dr. Geyer. The case has sparked discussions about the safety protocols and oversight of sedation in pediatric dental procedures.",0.0,06cd46f7837045391d9579b1f09cc12e8cd8e5b14c440512,"['Drugs are likely to blame for the death of Finley Boyle, the 3-year-old Hawaii girl who died a month after going into cardiac arrest during a root canal at a Kailua dentist\'s office on Dec. 3, according to the official autopsy report. The report says the combination of sedatives and anesthesia Finley received during the procedure probably caused her death, the AP reports. The report noted that Finley was healthy, and ruled out any signs of an underlying heart condition or an allergic reaction. The medical examiner\'s office ruled the toddler\'s death an accident, and no charges have been brought against Dr. Lilly Geyer, KHON reports; however, Finley\'s family has filed a lawsuit claiming Finley was not monitored for 26 minutes while she was under sedation. Geyer\'s office has since shut down, but Geyer\'s attorney calls the Boyle family\'s allegations ""unproven."" (Meanwhile, a young mother in Hawaii is in a coma following wisdom teeth surgery.)']",736,"Now, write a one-page summary of all the news.

",multi_news
multi_news,en,,Summary:,532,"  

Ten years after Hurricane Katrina made landfall, meteorologist Robert Ricks, who was the forecast coordinator for the National Weather Service in Slidell, Louisiana, is still remembered for his bold and dire warning issued the day before the storm. On August 27, 2005, Ricks issued an extraordinary bulletin titled ""URGENT... SPECIAL MESSAGE,"" which warned of a powerful hurricane with unprecedented strength. His forecast predicted that most of the area would be uninhabitable for weeks, at least half of well-constructed homes would suffer roof and wall failure, and the vast majority of native trees would be snapped or uprooted. He also warned of water shortages that would lead to incredible human suffering.  

Ricks’ warning, considered one of the most effective and dire weather forecasts ever issued by the National Weather Service, is now displayed in the Smithsonian Museum of American History, alongside a rosary from his grandmother, which he held during the storm. His message was not only a warning but also a call to action, urging people to evacuate and prepare for the worst.  

Ricks later reflected on the moment, saying he would rather be wrong than underprepared. He emphasized that the warning was based on his experience with previous storms like Hurricane Betsy and Hurricane Camille, which had devastated the Lower Ninth Ward of New Orleans. Despite his efforts, the storm caused catastrophic damage, with many residents still displaced and some of his colleagues left without homes.  

Ricks, a lifelong resident of New Orleans, has returned to work alongside co-workers who are still recovering from the disaster. His warning, though terrifying, ultimately saved lives and highlighted the importance of clear, urgent communication during natural disasters. The National Weather Service has since encouraged such bold statements as part of its efforts to improve public response to severe weather events. Ricks’ story serves as a powerful reminder of the critical role meteorologists play in disaster preparedness and the emotional toll of issuing dire warnings that come true.",0.0,18e338848390140808eded1006b81aaa4159051658380680,"['It\'s one of the most famous weather forecasts of the modern era, and it came out exactly 13 years ago to the day. That would be Aug. 28, 2005, one day before Hurricane Katrina devastated New Orleans. National Weather Service meteorologist Robert Ricks issued a forecast so dire that some news agencies thought it was a hoax, writes meteorologist James Spann in a tweet commemorating the Ricks forecast. As it turns out, Ricks was spot on. ""Most of the area will be uninhabitable for weeks…perhaps longer,"" he wrote. ""At least one half of well constructed homes will have roof and wall failure. All gabled roofs will fail…leaving those homes severely damaged or destroyed."" And this: ""Water shortages will make human suffering incredible by modern standards."" (Spann\'s tweet includes the full text.) The forecast has been credited with saving lives, and it is now in the Smithsonian Museum of American History, as noted by Slate on the 10-year anniversary. Ricks told Brian Williams of NBC News on Sept. 15, 2005, that he went through the warning line by line to verify each doomsday-sounding statement before making it public. He ended up removing nothing. ""I would much rather have been wrong in this one,"" he told Williams. ""I would much rather be talking to you and taking the heat and crying wolf. But our local expertise said otherwise. You know, \'Hey, let\'s gear up for the big one, this is going to be the big one.\'"" (Read about what JJ Watt\'s crowdsourced fundraiser accomplished in the wake of Hurricane Harvey.)']",1046,"Now, write a one-page summary of all the news.

",multi_news
multi_news,en,,Summary:,532,"  

This week’s news highlights several key developments across different aspects of social media and digital privacy. First, Twitter has introduced a new feature that allows users to add a location to their tweets. This location data is stored by the platform, and users can choose to turn the location on or off before each tweet. They also have the option to delete their location history, giving them more control over their digital footprint.  

However, the news also brings attention to the darker side of social media, particularly the issue of online harassment and abuse. Following the tragic death of comedian Robin Williams, his daughter, Zelda Williams, became a target of online bullying on Twitter and Instagram. Users sent her messages blaming her for her father’s suicide and shared altered images of him with bruises around his neck. The abuse was so severe that Zelda decided to take a break from social media and called for Twitter to block the accounts responsible. In response, Twitter stated it would review and improve its policies, including expanding protections for users dealing with self-harm and private information, as well as offering better support for families of deceased users.  

Despite these efforts, the incident has sparked broader concerns about the effectiveness of Twitter’s current tools in combating online harassment. Imani Gandy, a reproductive health analyst, shared her own experiences of persistent abuse on the platform, including threats of rape and harassment based on her race, gender, and medical condition. She noted that even after reporting abuse, Twitter often fails to take action, and that attackers frequently create new accounts to continue their harassment.  

Gandy also pointed out that while Twitter has introduced features like the “Report Abuse” button, these tools are insufficient for dealing with persistent abusers. She suggested that Twitter should consider adopting third-party solutions like “Block Together,” a free program that automatically blocks new accounts that engage in harassment.  

Media critic Soraya Chemaly criticized Twitter’s commitment to free expression, arguing that it may be preventing the platform from implementing stronger protections for vulnerable users. She emphasized that the effects of harassment are often felt most by those who need the most protection, and that without meaningful changes, the community’s character will continue to be harmed.  

In conclusion, while Twitter has made some progress in addressing online harassment, the recent events involving Zelda Williams and others highlight the urgent need for more robust policies and tools to protect users from abuse. The balance between free expression and user safety remains a critical challenge for social media platforms.",0.0,fac3398343e3cb6e8f80ca413eb16ade6f02441d3a7e9fdd,"['Twitter has promised to take a look at its policies after some sickening abuse over her father\'s death forced Zelda Williams off the site. After she tweeted a touching tribute to her father, the grieving daughter received messages on Twitter and Instagram blaming her for her father\'s death, as well as images of her father Photoshopped to show bruises around his neck, Forbes reports. ""We will not tolerate abuse of this nature on Twitter,"" a Twitter exec said in a statement. ""We have suspended a number of accounts related to this issue for violating our rules and we are in the process of evaluating how we can further improve our policies to better handle tragic situations like this one."" Twitter says the changes will include ""expanding our policies regarding self-harm and private information, and improving support for family members of deceased users."" An activist who has worked with Facebook to help protect people facing online abuse says the site needs to do more to tackle persistent abusers. ""While I am truly sorry for what the Williams family is experiencing during this time, I am concerned that it takes an event like this to bring heightened attention to a problem that so many face every day,"" she tells the Washington Post. ""As is often the case, it is Williams, the target of abuse, and not her abusers, who\'s left Twitter,"" she adds.']",1200,"Now, write a one-page summary of all the news.

",multi_news
multi_news,en,,Summary:,532," 

In a tragic incident that sparked global outrage, Australian radio hosts Mel Greig and Michael Christian, known for their prank call to a London hospital where the Duchess of Cambridge, Kate Middleton, was receiving treatment, have been deeply affected by the subsequent death of nurse Jacintha Saldanha. The prank call, which was intended as a harmless joke, involved the DJs impersonating Queen Elizabeth II and Prince Charles. The call was taken by Saldanha, a 46-year-old nurse at King Edward VII Hospital, who was later found dead, though the cause of death remains under investigation. 

Both Greig and Christian expressed profound regret and sorrow over the incident, acknowledging the emotional toll it has taken on Saldanha's family. They have since apologized and have been in hiding, undergoing counseling. The incident has led to the cancellation of their show, ""Hot 30,"" and the suspension of all prank calls by their radio station, 2Day FM, which is owned by Southern Cross Austereo. The station's CEO, Rhys Holleran, stated that the call was vetted by lawyers before being aired, but the hospital and media outlets have criticized the station for not contacting the hospital prior to broadcasting the call.

The incident has raised significant concerns about the ethical responsibilities of media outlets and the potential consequences of prank calls. The Australian Communications and Media Authority (ACMA) is considering whether to initiate an inquiry into the matter. The case has also prompted calls for stricter regulations on electronic media, especially regarding the treatment of individuals in vulnerable situations.

Saldanha's family has requested privacy, expressing their deep sorrow over her death. The hospital where she worked has condemned the prank call as ""truly appalling,"" emphasizing the impact it had on the nurses and patients. The British Metropolitan Police have not yet confirmed the cause of death, and a postmortem examination is scheduled. 

The incident has sparked a wide range of reactions, from public outrage to some support for the prank call, highlighting the ethical and emotional complexities of media pranks. The case has also drawn comparisons to past controversies involving media ethics, such as the phone hacking scandal. As the investigation continues, the media and public remain deeply affected by the tragic outcome of what was intended as a lighthearted joke.",0.0,93e8810d0a734c54479486a4b3e62b5037a567e1798bb611,"['Australian DJs Michael Christian and Mel Greig have broken their silence on their royal prank call gone horribly wrong, reports the Guardian, tearfully telling an interviewer that they\'re ""shattered, gutted, heartbroken"" over the death of nurse Jacintha Saldanha. ""No one could\'ve imagined this to happen,"" Christian said. ""Naturally, we\'re shattered. We\'re people, too."" ""There\'s not a minute that goes by that I don\'t think about what (Saldanha\'s) family is going through, and the thought that we may have contributed to it is gut-wrenching,"" says Greig. The DJs meant no harm, adds Christian: ""At every single point it was innocent on our behalf."" Innocent or not, Greig and Christian ""will not return to the airwaves until further notice,"" says parent company Southern Cross Austereo, which has also axed their show, halted all prank calls, and nixed ads amid an internal review, CNN reports. But the station is doubling down on its decision to air the prank, saying that it had tried to contact King Edward VII\'s Hospital no fewer than five times to talk about the recording before airing it. ""It is absolutely true to say that we actually did attempt to contact those people on multiple occasions,"" says Southern Cross\' CEO. It\'s not clear if the hospital responded, notes the AFP, but it has mounted a withering assault against the station in the aftermath of Saldanha\'s death.']",3531,"Now, write a one-page summary of all the news.

",multi_news
multi_news,en,,Summary:,532,"  

Fairfax County police are actively searching for a woman suspected of impersonating a Target employee and stealing over $40,000 worth of iPhones from a store located at 6600 Richmond Highway in Alexandria, Virginia. The incident occurred on March 15, when the suspect, dressed as a Target employee, gained access to the store’s stockroom and stole the iPhones. She then placed the stolen devices in a box and exited the store, getting into a Volvo station wagon, as captured by surveillance footage released by police.  

The suspect demonstrated knowledge of the store’s procedures, employee hours, and the location of the iPhones within the stockroom, indicating she was well-prepared for the theft. Police have released the surveillance footage to aid in identifying the woman and are urging anyone with information to contact Fairfax County police at 703-691-2131.  

Detectives in Virginia have confirmed that the woman is not an actual employee of Target but managed to deceive staff and customers into believing she was. Surveillance cameras captured images of the suspect, which are being used in the ongoing investigation.  

This case highlights the increasing sophistication of retail thefts, where individuals use impersonation and insider knowledge to commit crimes. Authorities are working closely to locate the suspect and recover the stolen property. The incident has also prompted discussions about the need for enhanced security measures in retail environments to prevent similar incidents in the future.",0.0,d80c94e46a531d82db264ffd18fd03828a7069b78b87c00a,"['She wasn\'t a Target employee, but a woman who sure seemed like one allegedly made off with around $40,000 worth of iPhones from a Virginia store. NBC Washington reports Fairfax County cops are looking for the retail impostor, who they say donned attire resembling a worker\'s getup, waltzed into the stockroom of the Alexandria location with a box, and loaded the box with dozens of iPhones before taking off. WTOP reports the woman, whose image was caught on tape, seemed to be familiar with how things worked at the store, including employee hours and where the iPhones were stored. Police say the theft occurred March 15, but posted about it on Facebook Monday with a call to ""help us nab an iPhone thief."" (Target recently had a Boston problem.)']",438,"Now, write a one-page summary of all the news.

",multi_news
multi_news,en,,Summary:,532,"  

The provided news passages cover two distinct topics, each offering a glimpse into different aspects of digital history and a fictional storyline.  

The first passage discusses the long-standing contribution of Alexa Internet to the Internet Archive, a nonprofit organization dedicated to preserving digital content. Since 1996, Alexa has been donating its crawl data to the Internet Archive, which is then stored in the Wayback Machine. This digital archive allows users to access historical versions of websites, providing a valuable resource for researchers, historians, and the general public. The data are added to the Wayback Machine after an embargo period, ensuring that the information is available for future reference while respecting the time-sensitive nature of web content. This initiative highlights the importance of preserving digital history and the role of private companies in supporting public digital archives.  

The second passage presents a fictional storyline from the animated series *South Park*, titled ""Cartoon Wars Part I."" In this episode, the characters Cartman and Kyle become embroiled in a conflict over the popular animated show *Family Guy*. The conflict escalates when the show's creators announce that an episode will feature an image of the prophet Muhammad, prompting the network to consider banning the episode. Cartman, seeing this as an opportunity to eliminate *Family Guy* from television, initiates a nationwide race against Kyle to reach Hollywood first, with the fate of the show hanging in the balance. The episode satirizes the intersection of media, censorship, and cultural sensitivity, reflecting the show's tendency to tackle controversial and socially relevant topics through humor and exaggeration.  

Together, these two passages illustrate the contrast between real-world digital preservation efforts and the fictional narratives that shape popular culture. While the first passage underscores the importance of maintaining a historical record of the internet, the second passage offers a humorous and satirical take on the complexities of media and public discourse. Both serve as reminders of the diverse ways in which information and entertainment are created, shared, and preserved in the digital age.",0.0,0c21154627a66c4d1637d693dd17d1faabac04bc69badcd0,"[""Apparently there are places even South Park fears to tread. After getting a death threat from the jihadist website RevolutionMuslim.com, the show pulled the prophet Mohammed out of this week's episode, bleeping out all mention of his name, putting “censored” banners over parts of the episode and, where necessary, replacing him with Santa Claus in a bear suit, the Huffington Post reports. Here's the deal: last week's episode (which you can see a clip of here) mocked the taboo against showing the prophet Mohammed, having him show up first hidden inside a U-Haul, and then inside a bear costume. This week's episode was to continue that story. It's unclear whether the extra censorship is intended to appease the irony-challenged folks at RevolutionMuslim or mock them. South Park, incidentally, has tackled the issue before, and even depicted Mohammed on screen once with impunity.""]",258,"Now, write a one-page summary of all the news.

",multi_news
multi_news,en,,Summary:,532,"  

North Korea has intensified its military and nuclear activities, drawing significant international attention and concern. According to a South Korean lawmaker briefed by the National Intelligence Service (NIS), North Korea is believed to be moving an intercontinental ballistic missile (ICBM), though details about the timing, direction, and method of transport remain unclear. This comes in the wake of North Korea's sixth nuclear test on Sunday, which seismological data indicated was the most powerful ever conducted by the country. North Korean state media claimed the test involved a hydrogen bomb, which could be mounted on a long-range missile capable of reaching the United States. However, experts note that verifying the successful pairing of a nuclear warhead with an ICBM requires actual testing.  

North Korea has conducted several missile tests this summer, including two long-range ICBMs in July and an intermediate-range missile in August that overflew Japan’s Hokkaido. Intelligence officials suggest that North Korea may test-fire an ICBM toward the North Pacific at a lower angle than previous tests, which were lofted. In response, South Korea's Navy conducted live-fire drills off the east coast of the Korean Peninsula, vowing to ""destroy and bury"" any North Korean provocations at sea.  

Diplomatically, the U.S. and South Korea have expressed strong condemnation of the nuclear test. U.S. Ambassador Nikki Haley called for the strongest possible sanctions against North Korea, stating, ""Enough is enough."" Meanwhile, South Korean President Moon Jae-in and U.S. President Donald Trump agreed to lift restrictions on the payload weight of South Korea's ballistic missiles, though tensions between the two leaders have emerged. Trump criticized South Korea for ""appeasement"" in dealing with North Korea, while Moon advocates for diplomacy. Analysts warn that any rift between the allies could be exploited by North Korea.  

At the same time, South Korea and Japan are set to meet with Russian President Vladimir Putin in Vladivostok for an economic summit. Putin reiterated calls for North Korea to halt nuclear tests, emphasizing the need for dialogue. He criticized sanctions as ineffective, suggesting that North Korea would continue its weapons programs regardless of economic pressure.  

There are also indications that North Korea may test another missile on September 9, the anniversary of its founding, as it has done in the past. Analysts suggest that the timing is strategic, aiming to maximize international attention. As North Korea continues its provocative actions, the international community remains divided on the best course of action, with some advocating for stronger sanctions and others pushing for renewed diplomatic engagement. The situation remains highly volatile, with the potential for further escalation.",0.0,aaedc4c55373ce5ed84ada218f9aac1eadb5256699622f19,"['Following North Korea\'s most powerful weapons test yet on Sunday, a South Korean lawmaker tells CNN his country\'s intelligence service believes the North has an intercontinental ballistic missile (ICBM) on the move. Things get pretty vague beyond that: He didn\'t know the method of transport or when the movement was noticed. But Reuters does pick up some alleged details on those fronts, via an unnamed source quoted by South Korea’s Asia Business Daily. Its source says the ICBM started moving Monday, is only being moved at night, and is headed toward the nation\'s west coast. Reuters notes there\'s some likelihood that another test could come on or around Saturday: Sept. 9 is the country\'s founding day holiday. CNBC notes North Korea conducted a nuke test on Sept. 9, 2016. Two more details that allegedly came from the South\'s National Intelligence Service briefing: word that additional tunnels have been dug out at the North\'s nuclear test site that would facilitate future detonations, and suspicions that the next ICBM test firing might be directed toward the North Pacific but aimed at a lower angle, which would in theory allow it to fly further than previous tests, which had more of an upward trajectory. Meanwhile, the White House tells Reuters it has given ""in-principle approval"" to a request by South Korean President Moon Jae-in to abolish a limit regarding warhead weights, a move that would strengthen the power with which it could attack the North, if necessary. Meanwhile, Vladimir Putin on Tuesday gave his take on the situation: North Korea ""will eat grass but will not give up the (nuclear) program if they don\'t feel safe.""']",1277,"Now, write a one-page summary of all the news.

",multi_news
multi_news,en,,Summary:,532,"  

On December 24, 2017, a tragic deputy-involved shooting occurred in Schertz, Texas, resulting in the deaths of a suspect and a 6-year-old boy, Kameron Prescott. The incident unfolded during a two-hour manhunt for Amanda Lene Jones, a 30-year-old woman with a history of felony arrests, including car theft and drug possession. Deputies were initially called to investigate a stolen vehicle and encountered Jones, who they believed was armed. She fled the scene and was later found in a wooded area, where she was pursued by officers.  

During the pursuit, Jones was found at a mobile home park where Kameron and his family were staying. She forced her way into the home, threatening the family and expressing intent to take their car. Deputies, believing she was armed, confronted her on the porch. Jones allegedly threatened to shoot the officers, and in response, four deputies fired their weapons. A bullet struck the wall of the home, penetrating Kameron’s abdomen and resulting in his death.  

Bexar County Sheriff Javier Salazar described the incident as a ""tragic accident,"" stating that the deputies acted in self-defense, believing they were in immediate danger. A dark object with Jones’ blood was found near her body, and investigators are still searching for a possible weapon. Video footage from a body camera and helicopter surveillance was released, though the exact moment of the shooting was not captured.  

The shooting has deeply affected the community, particularly the school where Kameron was a first-grader. His teacher, Shanda Ince, and counselor, Maria Morales, described him as a kind, energetic, and loving child who brought joy to everyone around him. The school district expressed its condolences and established a memorial fund to support Kameron’s family.  

The four deputies involved—John Aguillon, George Herrera, Jesse Arias, and Johnny Longoria—were placed on administrative leave, and the local district attorney is conducting an investigation. Sheriff Salazar emphasized that the deputies followed protocol, but the incident has raised questions about the use of force and the tragic loss of an innocent life. The community continues to mourn the loss of Kameron, who was remembered as a bright and caring young boy whose life was cut short in a moment of violence.",0.0,b291e27b2c82d5b18bd19a93bfa5571ab5284fc5f3c6d107,"['Sheriff\'s deputies shot and killed a 6-year-old boy Thursday in Texas, WOAI reports. Bexar County Sheriff Javier Salazar says four deputies opened fire on 30-year-old Amanda Jones, a suspected car thief, after they ""cornered"" her outside a mobile home occupied by Kameron Prescott and his family in the town of Schertz. One of the bullets went through the mobile home and hit Kameron in the abdomen. According to CNN, Salazar says deputies performed first aid on the boy, but he was pronounced dead at the hospital. Jones was also killed. ""The deputies are, of course, understandably shaken up,"" Salazar says. He says the shooting is under investigation, but in his opinion the boy\'s death is ""a tragic accident."" Salazar says one deputy is ""adamant"" he saw Jones with a gun and that she threatened to shoot him. He says Jones threatened both police and Kameron\'s family, who didn\'t know her, just before deputies opened fire. But investigators haven\'t been able to locate a gun despite the use of a helicopter and dive team. Salazar says they have found a pipe with Jones\' blood on it near the scene of the shooting. One deputy at the scene was wearing a body camera, but he blocked it with his rifle during the shooting. Meanwhile, Kameron is being remembered by those who knew him. ""Kameron was a ball of energy, happy, smart, and could strike up a conversation with anyone,” school counselor Maria Morales tells KSAT. “He also had a great sense of humor and caring heart.""']",2048,"Now, write a one-page summary of all the news.

",multi_news
multi_news,en,,Summary:,532,"  

A Seminole County mother, Sarah Anne Markham, has been at the center of a controversial case involving her newborn son, Caleb, due to her strict vegan beliefs. The situation began in June when Caleb, who was less than two weeks old, was found to be losing weight and was diagnosed as dehydrated by a pediatrician. The doctor advised Markham to take the baby to the hospital immediately for treatment. However, Markham refused, citing her vegan principles and a belief that the baby should not consume any animal-derived products. Instead, she opted to use a soy-based formula from Whole Foods, believing it to be safe for her newborn.  

When the baby’s condition worsened, and the doctor insisted on hospital care, Markham did not comply. Police were called after the hospital was prepared to treat the child, but Markham did not respond to their attempts to reach her. Officers eventually forced entry into her home and found her uncooperative. She claimed she had sought a second opinion from a ""vegan"" or ""natural"" doctor but could not provide details about the physician. Markham was arrested on charges of child neglect and taken into custody.  

The baby was placed in state custody and later taken to the hospital for treatment. Despite the initial arrest, Markham was later released on bail and has since regained custody of her son. In a recent court hearing, a Seminole County judge ruled in her favor, stating that there was no evidence of abuse or neglect, only a disagreement between a mother and a doctor. The judge granted Markham custody of Caleb with the condition that she provide a nutritionist’s report within 10 days.  

Markham’s attorney, Mark O’Mara, expressed hope that the criminal case against her would be dismissed, as the situation was seen as a conflict of medical opinion rather than a case of child endangerment. Caleb, now weighing 17 pounds, is reportedly thriving on soy-based formula and is doing well under his mother’s care.  

This case has sparked a broader discussion about the intersection of personal beliefs, medical advice, and child welfare, highlighting the challenges faced by parents who choose alternative lifestyles for their children.",0.0,56b04e68a1831f7022c05c0813687ac156f795123ecf1b84,"['A judge in Florida has allowed a vegan mom who defied a doctor\'s orders to regain custody of her infant son, reports WFTV. The strange case began in June when police in Casselberry charged Sarah Markham with neglect and took away 2-week-old Caleb. The charges came after a pediatrician diagnosed Caleb as dehydrated and underweight, and told Markham to take him to the hospital immediately, recounts WKMG. Instead, Markham bought soy formula to supplement her breast milk. When she didn\'t show up at the hospital, police came to her house, and she told them she wanted a second doctor\'s opinion and stressed that she did not want her son getting formula from animal products. Today, a Seminole County judge granted her custody again with the provision that she provide a nutritionist\'s report in 10 days. ""There\'s no case, there\'s no abuse, there\'s no neglect—there\'s simply a doctor who has been challenged by a mother, and he didn\'t like it,"" says Caleb\'s grandfather, Bo Markham. The child has been with his grandparents since he was taken out of his mother\'s care, and now weighs about 17 pounds. ""He\'s still on a soy formula,"" says Bo Markham. The criminal neglect charges are still pending, though Sarah Markham\'s attorney—Mark O\'Mara, who defended George Zimmerman—says he expects they will be dismissed now. (PETA wants an Indiana sheriff to feed an alleged cannibal a vegan diet.)']",1292,"Now, write a one-page summary of all the news.

",multi_news
multi_news,en,,Summary:,532,"  

Britney Spears continues to be a focal point in the entertainment news, with her handlers maintaining strict control over her public appearances and interviews. Her team has instructed radio stations to limit interviews to specific topics—her Las Vegas residency, new single “Work Bitch,” and her upcoming album “Britney Jean”—and to avoid personal or off-topic questions. Despite these guidelines, some interviews have turned into awkward or unproductive exchanges. For example, a Houston radio segment was pulled after it became a one-sided conversation, and Spears’ responses on a phone interview were criticized as detached, with some suggesting her mental health issues were affecting her performance. Additionally, a source claimed Spears is lip-syncing during her Vegas shows, though she has denied this. Visual effects from her “Work Bitch” video also sparked controversy, with before-and-after images suggesting she was digitally slimmed down during filming.  

Meanwhile, Britney’s father, Jamie Spears, continues to serve as her conservator under court order. He has filed a petition requesting increased compensation for his role in managing her affairs. Currently, he earns $16,000 per month, plus $1,200 for office rent. He is asking for an additional $800 per month for rent and an increase to $2,000 for office expenses. Jamie claims his office is used for managing Britney’s business, including negotiations for her Planet Hollywood residency, which will keep her under his control for at least two more years.  

Other celebrity news includes Martha Stewart expressing her dislike for dirty houses and maintaining a regal presence at events, while Beyoncé shared a striking photo of herself and daughter Blue Ivy without showing their faces. Charlie Hunnam, star of *50 Shades of Grey*, has been avoiding public appearances due to backlash over his involvement in the film. Meanwhile, Arnold Schwarzenegger, Sylvester Stallone, and Jim Caviezel were spotted together in New York, and Elvis Duran and Eric Trump are participating in a charity walk to support St. Jude Children’s Research Hospital.  

The Off-Broadway musical *Bayside! The Musical*, a parody of *Saved by the Bell*, has been extended through December 28 due to its popularity. Celebrities such as Rod Stewart, A$AP Rocky, and Jamie Foxx were also seen at various events, highlighting the ongoing activity in the entertainment industry.",0.0,33e27e6e0cb58aa828cba57977ac39767855f3dfe1addfb2,"['Britney Spears\' father, Jamie, has been in charge of her since she was placed under conservatorship in 2008, and he thinks it\'s about time for a raise, Radar reports. ""I continue to perform services to protect and care for Britney’s person and to administer her estate in good faith and in her best interests. I continue to have significant oversight duties relating to her visitation with her children,"" he writes in a new petition to the court. In addition to the $16,000 he gets for those duties per month, he also gets $1,200 for office rent, and he wants that amount bumped to $2,000, plus $7,200 in back pay for the increased rent he\'s paid since last year. Brit is apparently also under strict control when it comes to interviews. She\'s been promoting her upcoming Vegas residency, and her handlers told radio interviewers that during the five-minute interviews, they could only ask about Vegas or Britney\'s new album or single, sources tell the New York Daily News. ""So everyone is clear,"" the stations are being informed, ""no personal questions and no funny business."" But apparently the interviews still aren\'t going well: One was pulled entirely after DJs deemed it ""a one-sided conversation,"" and during another, the hosts needed to ask a distracted Spears one of their questions twice.']",1845,"Now, write a one-page summary of all the news.

",multi_news
multi_news,en,,Summary:,532,"  

Snap Inc. has made a significant shift in its distribution strategy for its popular camera-enabled sunglasses, Spectacles, by making them available for purchase online in the United States. Previously, the glasses were only available through limited-time Snapbot vending machines and a temporary pop-up store in New York City. This change marks a major step in the company’s efforts to expand access to its product and demonstrate its potential for profitability, especially as it prepares for its upcoming initial public offering (IPO).  

Spectacles, which retail for $130, allow users to record circular videos that can be shared directly to their Snapchat accounts. The glasses are available in three color options—teal, coral, and black—and are now being sold exclusively on Spectacles.com. The company has set a purchase limit of six pairs per household and expects shipping to take between two to four weeks. In addition to online sales, Snap will continue to use its vending machine strategy, though the machines will take a short break before resuming their surprise appearances.  

The move to online sales follows a highly anticipated and often frustrating launch in November, during which users had to wait in long lines—sometimes for up to 18 hours—to obtain a pair. Due to high demand, some individuals were able to resell the glasses for up to $5,000. However, with the new online availability, Snap aims to make the product more accessible to a broader audience, particularly those who were unable to reach a Snapbot or the New York pop-up store.  

Despite the popularity of Spectacles, Snap has acknowledged that the product has not yet generated significant revenue. The company expects to face production and operating costs that will exceed revenue in the near future. However, the glasses have been well-received by users, who appreciate the unique circular video format that differentiates Snapchat from its competitors like Instagram.  

Snap’s decision to sell Spectacles online also reflects a broader strategy to encourage more user-generated content on its platform. While the company may not need to profit directly from the hardware, demonstrating the potential for hardware-based revenue could bolster investor confidence ahead of its IPO.  

In addition to the Spectacles launch, Snap has faced financial challenges, including a reported loss of $514.6 million last year. The company is now hoping that the success of Spectacles and other initiatives will help it achieve profitability and support its public offering. As Snap continues to innovate, the question remains: what new products or technologies will the “Camera Company” unveil next?",0.0,1fb2491dae07f8c4874240e388bc27c7061b49911f56ba9a,"[""Snapchat found itself with a marketing sensation on its hands late last year when it began selling funky-looking sunglasses called Spectacles. The trick is they allow users to record quick videos and photos and send them directly to their Snapchat accounts, but the catch was they were available only through vending machines that would turn up in random locales or through a now-shuttered pop-up store in Manhattan, notes New York. Now, however, parent company Snap is selling them online at Spectacles.com for $129. Just how crazy did demand get? CNBC notes that the glasses were selling for up to $5,000 on secondary markets, adding that its own reporters stood in line for 18 hours to get them. (There's a limit of six per household for the new online purchases.) Snap has said the glasses haven't been big money-makers, but TechCrunch thinks the new move is designed to show prospective IPO investors that they could be. The vending machines will go on hiatus for awhile, but they're expected to resurface eventually.""]",1089,"Now, write a one-page summary of all the news.

",multi_news
multi_news,en,,Summary:,532,"  

In 2014, a University at Albany student, Trevor Duffy, died as a result of hazing, which involved being forced to drink a 60-ounce bottle of vodka. Seven men have since been charged in connection with the incident. The men allegedly belonged to a group that claimed to be part of the Zeta Beta Tau (ZBT) Fraternity, but the fraternity has denied any affiliation with the group.  

ZBT, a national fraternity founded in 1898 and with chapters on over 90 campuses across North America, has released a statement denouncing the group and asserting that it was never recognized as an official chapter of the fraternity. The fraternity has retained legal counsel and is planning to sue the individuals for falsely representing themselves as members of ZBT, which the fraternity claims has damaged its reputation.  

The fraternity emphasized that its name, symbols, slogans, and materials are protected by U.S. copyright and trademark law, and that unauthorized use of these materials could result in legal action. The group in question, which claimed to be the Epsilon Gamma chapter of ZBT, is not recognized by the university or the national fraternity.  

One of the accused, Joseph Angilletta, is represented by attorney Paul DerOhannesian, who noted that the fraternity's lawsuit is a novel legal move. DerOhannesian stated that the fraternity appears to be attempting to distance itself from the tragic event.  

This case highlights the legal and reputational risks associated with unauthorized use of a fraternity's name and the potential consequences of hazing incidents, even when the involved parties are not officially affiliated with the organization. The fraternity's legal action underscores the importance of maintaining the integrity of its brand and the serious nature of the allegations surrounding the hazing incident.",0.0,b2c280c5ff87004e00fb7dcdfd0cf4d4d8fc01572fc61a7e,"['The seven men accused of the 2014 hazing of a SUNY Albany student that caused his death are already in trouble with the school and the police. Now they\'ve got a new problem on their hands: a lawsuit set to be filed by the fraternity whose name they apparently appropriated. Zeta Beta Tau\'s national office says the ""rogue"" group of SUNY Albany students charged in the death of 19-year-old Trevor Duffy used the frat\'s name without authorization and isn\'t linked to the actual recognized chapter on campus, NBC News reports. ""Zeta Beta Tau is retaining counsel for the purposes of filing suit against these individuals who falsely represented themselves, deceiving the public and damaging the otherwise exceptional reputation of our Fraternity,"" a fraternity statement reads, per News10. Duffy died after allegedly being made to consume nearly half a gallon of vodka in a case that made headlines; his BAC was seven times the legal limit, notes NBC. The national fraternity says its intellectual property—including its name, the ZBT initials, and other materials—are protected under copyright rules, WRGB reports. That means anyone who falsely claims to be affiliated with the frat is fair game for legal action, a move the attorney for one of the accused says he\'s baffled by. ""It\'s certainly novel, and I\'m not sure why they\'d take that step,"" the lawyer for Joseph Angilletta, one of two men arrested just last week in the case, tells the station. ""Clearly one aspect here is they seem to want to distance themselves from this tragic event."" (Five Baruch College frat members may face up to 20 years behind bars for allegedly taking part in the ""glass ceiling."")']",968,"Now, write a one-page summary of all the news.

",multi_news
multi_news,en,,Summary:,532,"  

Elon Musk, CEO of Tesla, sparked significant controversy and speculation by unexpectedly tweeting on Tuesday that he intended to take the electric vehicle company private, offering shareholders $420 per share. This would value Tesla at over $70 billion before debt, making it the largest buyout in history. The announcement, made without prior regulatory filings, raised questions about its legitimacy and Musk’s motives.  

In response, Tesla’s board of directors issued a brief statement confirming that Musk had initiated discussions with the board about the potential private takeover. The board, consisting of six members, stated that they had met several times over the past week to evaluate the proposal, including how going private could better serve Tesla’s long-term interests and the funding required for such a move. However, two board members—Steve Jurvetson, a venture capitalist, and Musk’s brother Kimbal Musk—did not sign the statement. Jurvetson had previously left Tesla following allegations of sexual harassment.  

The board’s statement left several critical questions unanswered, including whether they were satisfied with Musk’s funding claims and the timing of the announcement. Musk’s tweet preceded Tesla’s recent 10-Q filing with the Securities and Exchange Commission, which did not mention the proposed buyout. This lack of prior disclosure has raised concerns about compliance with regulatory requirements.  

Legal experts have questioned the irregularity of Musk’s public announcement, noting that companies typically file regulatory documents alongside such disclosures. Andrew Calamari, a former SEC official, suggested that Musk’s approach may have been intended to influence stock prices or serve other undisclosed motives.  

Tesla’s stock experienced significant volatility following the announcement. Shares initially surged by about 11% on Tuesday but dropped over 1% on Wednesday after the board’s statement. Despite the fluctuations, Tesla’s stock has risen 21% this year, outperforming major indices like the S&P 500 and Nasdaq.  

Musk argued that being a public company subjects Tesla to “wild swings” in stock price and quarterly earnings pressures, which could distract from long-term goals. He also claimed that Tesla is the most shorted stock in history, with traders betting against its success. However, critics, including financial experts, have raised concerns about the feasibility of the buyout, particularly given Tesla’s current cash-flow-negative status and the difficulty of securing funding for such a massive deal.  

Regulators, including the SEC, have reportedly begun investigating Musk’s claims of secured funding. The structure of the deal remains unclear, with legal scholars noting that if more than 2,000 investors choose to retain their shares, Tesla would still",0.0,6b8491517bafcca99ef3f76092c43d19d5d36405219ef6f4,"['Elon Musk wasn\'t blowing smoke. The BBC reports on a three-sentence statement issued by six of Tesla\'s nine board members saying the board had ""met several times over the last week"" to discuss Musk\'s proposal to take the company private, which he announced via an unexpected tweet Tuesday. The talks ""included discussion as to how being private could better serve Tesla\'s long-term interests"" and the statement ends by saying the board ""is taking the appropriate next steps to evaluate this."" The three board members who did not sign the statement are Musk, brother Kimbal Musk, and a board member who is on leave, reports the Wall Street Journal. At MarketWatch, Steve Goldstein flags some unresolved points: The statement didn\'t elaborate on Musk\'s claim of ""funding secured"" and raised but didn\'t answer a question of timing. ""\'Last week\' predates Tesla\'s filing on Monday of its 10-Q with the Securities and Exchange Commission, which didn\'t mention such discussions. News of a takeover would certainly be considered material,"" he writes. Shares of Tesla are currently down about 1%.']",1589,"Now, write a one-page summary of all the news.

",multi_news
multi_news,en,,Summary:,532,"  

Serena Williams, one of the greatest tennis players of all time, has made a dramatic return to training after a prolonged absence due to injury and illness. The 13-time Grand Slam champion, who had not played since July, posted a photo on Twitter showing herself serving in a hot pink body suit, signaling her return to the court. Williams, who was sidelined by a pulmonary embolism in February, is currently on blood thinners and has avoided long flights. While she is progressing well, her return to competitive play remains uncertain, with her doctors advising her to come back only when she feels fully recovered. She is not expected to return to the WTA Tour anytime soon, though she has not officially withdrawn from the French Open, which begins in late May. Her comeback is likely to be at Wimbledon in late June or the U.S. Open in late August.  

Williams’ absence was partly due to a foot injury sustained in Germany, which required two surgeries and kept her out of action for much of the fall and winter. Her recovery has been complicated by the blood clots, which were discovered after a flight from New York to Los Angeles.  

Meanwhile, world No. 2 Kim Clijsters also faced a setback, suffering a severe ankle injury during a fall at her cousin’s wedding while wearing high heels. She is expected to miss the French Open and will require at least four to six weeks of recovery.  

In other tennis news, Ryan Sweeting, a 23-year-old from Fort Lauderdale, won his first ATP title at the U.S. Clay Court Championship in Houston, defeating top seed Kei Nishikori in a hard-fought match. The victory propelled Sweeting from No. 93 to No. 71 in the rankings.  

The U.S. Fed Cup team will rely on two young talents, 18-year-old Christina McHale and 19-year-old Melanie Oudin, in a crucial world group playoff in Stuttgart, Germany. McHale, who trains at the USTA facility in Boca Raton, is set to replace Bethanie Mattek-Sands, who pulled out due to a hip injury. The German team is not underestimating the young American duo, who are eager to prove themselves on the international stage.  

In a separate development, Alexa Internet has been donating its crawl data to the Internet Archive since 1996. These data are added to the Wayback Machine after an embargo period, preserving a valuable record of the internet’s evolution.",0.0,cad98a082a403a4d23b00bd658ebe9da5d5492c0b7aee6a2,"['Guess who\'s back? Serena Williams. And she made sure her return to the tennis court Tuesday was a stylish one, the Miami Herald notes, tweeting a picture of herself in a hot pink body suit. ""Look who I spotted on the court. Her first day back,"" Williams wrote. She hadn\'t played since July thanks to health problems; click here to catch up on what\'s been going on. Her agent says Williams is ""progressing well"" and has the OK from doctors to do light cardio, but still has not set an exact date for her return to the WTA Tour.']",770,"Now, write a one-page summary of all the news.

",multi_news
multi_news,en,,Summary:,532,"  

The news passages explore the concept of advanced alien civilizations and their potential methods of harnessing energy on a cosmic scale, drawing from both scientific theory and science fiction. The central idea revolves around the Kardashev scale, a framework proposed by Russian astronomer Nikolai Kardashev in 1962, which categorizes civilizations based on their energy consumption. A Type I civilization harnesses all the energy of its planet, a Type II civilization captures all the energy of its star, and a Type III civilization taps into the energy of an entire galaxy.  

Recent research by physicist Dan Hooper, published in a preprint journal, has reinvigorated Kardashev’s model by adding a new, apocalyptic perspective. Hooper argues that as the universe expands due to dark energy, stars will eventually fall beyond the cosmic horizon, making them inaccessible to civilizations. To prevent this, advanced civilizations would need to harvest energy from distant stars before they become unreachable. This would involve capturing stars from other galaxies and bringing them closer, a process that would require immense technological capabilities.  

Hooper suggests that such civilizations might use a ""Dyson sphere"" — a hypothetical structure of millions of satellites orbiting a star to collect its energy — to power their expansion. These structures, first proposed by physicist Freeman Dyson in 1960, could be used not only to harness energy but also to move stars closer to a civilization’s home galaxy. The energy required for such an endeavor would be enormous, and the process would likely produce detectable signatures, such as unusual light patterns or electromagnetic radiation, which could be observed by astronomers.  

The passage also references science fiction, including Olaf Stapledon’s 1937 novel *Star Maker*, which describes alien civilizations using massive energy-trapping structures, and Larry Niven’s *Ringworld*, which features a ring-shaped mega-structure around a star. These fictional concepts have inspired real scientific speculation about the potential existence of advanced alien civilizations.  

While the Kardashev scale and Dyson spheres remain theoretical, the idea that advanced civilizations might be actively harvesting energy from stars and galaxies raises intriguing questions about the future of humanity and the search for extraterrestrial life. Scientists suggest that if such civilizations exist, they may already be manipulating stars in distant galaxies, and their activities could be detectable through unusual light signatures. However, current technology may not yet be advanced enough to identify these signs, leaving the possibility of alien star-harvesting civilizations as a fascinating but unproven hypothesis.  

In addition to the scientific and speculative content, the passage also includes a brief",0.0,0719f54af86b9059cf3c25c1d2a59782de2839ed82814db5,"['Watch out for stars moving across galaxies or losing power—it could be aliens gathering energy before the lights go out. Dan Hooper, an astronomy and astrophysics professor at the University of Chicago, posted a paper in the preprint journal arXiv.org arguing that aliens in far-off galaxies may be sucking energy from stars to offset risks posed by an expanding universe, LiveScience reports. ""The presence of dark energy in our universe is causing space to expand at an accelerating rate,"" writes Hooper. ""As a result, over the next approximately 100 billion years, all stars residing beyond the Local Group [of galaxies including the Milky Way] will fall beyond the cosmic horizon and become not only unobservable, but entirely inaccessible, thus limiting how much energy could one day be extracted from them."" Therefore, he argues, an advanced civilization may use something like ""Dyson spheres""—an imagined solar-powered satellite dating back to 1930s science-fiction, notes LiveScience—to harvest a star\'s energy or use that energy to move it closer to home. Hooper hinges his case on the work of Russian astronomer Nikolai Kardashev, who argued in 1962 that technologically advanced civilizations would expand via three steps: harvesting resources of their planet, then the nearest star, then all stars in the galaxy and nearby galaxies. So how to spot energy-grabbing aliens? Massive stars emanate certain light wavelengths, which will appear in galaxies\' light signatures if stars are drained energy—that is, when humans have powerful enough instruments to detect it.']",1741,"Now, write a one-page summary of all the news.

",multi_news
multi_news,en,,Summary:,532,"  

A 22-year-old Disneyland employee, Christian Barnes, has been arrested for allegedly placing a ""dry ice bomb"" in a trash can at the park, leading to a small explosion that forced the evacuation of the Mickey's Toontown area. The incident occurred on Tuesday evening, and no one was injured, though the blast caused temporary disruption in a section of the park popular with young children. Barnes, who worked as an outdoor vendor, was arrested on suspicion of possession of a destructive device and is being held on $1 million bail. He is cooperating with investigators, according to Anaheim Police Sgt. Bob Dunn.  

Detectives found fragments of a water bottle in the trash can and believe Barnes placed dry ice inside it, causing the explosion. The dry ice was reportedly placed in a plastic bottle, which exploded in the trash can, according to police. The incident is not linked to similar dry-ice explosions in Anaheim in recent months.  

Disneyland spokeswoman Suzi Brown stated that the resort is working closely with authorities and emphasized the seriousness of the situation. The park's Mickey's Toontown area, known for its whimsical, cartoon-like design, was briefly evacuated for two hours.  

Barnes, a Long Beach resident, was identified as an outdoor vending ""cast member"" who sold sodas and water on a mobile cart. Police have not disclosed a motive for the incident, which caused no significant damage.  

The event has sparked concern among visitors, with some expressing surprise at the occurrence of such an incident in a family-friendly environment. The case highlights the importance of safety measures and vigilance in public spaces.  

This incident is part of a broader context of unusual events in the area, though it appears to be an isolated case. Authorities continue to investigate and ensure the safety of park visitors.",0.0,45738a474abdd937b862f7bec332b4c6ebd457223b3c2ed3,"[""Police have arrested one of Disneyland's own employees after yesterday's dry-ice explosion in the Toontown section of the park, reports the Los Angeles Times. Christian Barnes, a 22-year-old vendor who sold soda and water from a cart, is being held on $1 million bond. Police say he filled a bottle with dry ice and dropped it in a trash can. The ensuing blast caused a lot of noise and chaos, but no injuries or serious damage, reports AP. No word on motive, but police don't think it's related to previous dry-ice bombs in the Anaheim area.""]",650,"Now, write a one-page summary of all the news.

",multi_news
multi_news,en,,Summary:,532,"  

Steve Vogelsang, a former Winnipeg broadcast personality and journalism instructor at Red River College, has been charged with two counts of robbery in connection with bank robberies in Medicine Hat, Alberta. The 53-year-old was arrested on October 26 at a hotel in Medicine Hat, just days after the alleged crimes, which occurred on October 19 and 20. According to police, Vogelsang entered a Royal Bank of Canada and a Bank of Montreal without a disguise, handed a note to a teller, and left with an undisclosed amount of cash. No weapons were seen during the incidents, but the police emphasized the threat posed by the note in a sensitive financial setting.  

Vogelsang, who worked as a news director and sports anchor at CKY-TV (now CTV Winnipeg) from the early 1990s to 2002, became a journalism instructor at Red River College in 2002 and resigned in 2011. He and his wife moved to Nelson, B.C., after his resignation, but they separated in 2015, and he returned to Winnipeg. Financial difficulties have plagued Vogelsang, with court documents revealing that he and his ex-wife sold three properties in Nelson at a total loss of $85,000. He also faced mortgage issues on a Winnipeg home, which went into foreclosure in April 2017.  

Vogelsang is also embroiled in legal and personal disputes. In March 2017, a former student he had dated since 2004 obtained a protection order against him after he allegedly continued contacting her despite police requests to stop. Vogelsang denies the allegations, claiming the woman has ""repeatedly misled police"" and ""actively interfered in my life."" He is set to appear in court to contest the charges.  

In addition to the robbery charges, Vogelsang was previously charged with sexual assault in 2016, though the charge was stayed in 2017. He also faces three charges of disobeying a court order, which are expected to be addressed in court next year.  

Despite his professional background as a respected journalist and educator, Vogelsang's recent actions have shocked former students and colleagues. One former student described him as a ""tough, but fair teacher"" who inspired his students with a mix of humor and challenge. The community is now grappling with the unexpected turn in Vogelsang's life, as he faces legal consequences for alleged criminal behavior.  

Vogelsang remains in",0.0,e5a4b2ff98489f486be435f2362f21d5f6b94f4ed1a81add,"['A former well-known Canadian TV sports anchor is in jail after police say he robbed two banks in as many days in the western province of Alberta last week. Police in the small city of Medicine Hat say Steve Vogelsang robbed a Royal Bank of Canada on Thursday, Oct. 19, and then turned around the next day and robbed a Bank of Montreal, CBC reports. He entered both banks without a disguise and after demanding money, left with an undisclosed sum. Police finally arrested Vogelsang at a nearby hotel at around 3am on Saturday. Per CTV Winnipeg News, Vogelsang, 53, was a longtime news director and sports broadcaster at CKY, now CTV Winnipeg. He also taught journalism at Red River College in Winnipeg from 2002 to 2011. Conor Lloyd, a spokesman for the college, says, “I can confirm he is no longer an employee here.” Vogelsang is scheduled to appear in provincial court on Tuesday.']",1543,"Now, write a one-page summary of all the news.

",multi_news
multi_news,en,,Summary:,532,"  

Oakleigh Ryan Nance, a premature infant born weighing just 3 pounds, has faced numerous health challenges since birth. Initially, she was a fighter, overcoming early respiratory issues and thriving in the NICU, where she was affectionately called ""Miss Sassy"" for her spirited nature. However, her health took a turn when she developed a severe urinary tract infection (UTI) that led to a dangerous fever and eventually a diagnosis of stage 3 kidney reflux. This condition, which affects the kidneys' ability to properly drain urine, was compounded by a dangerous, antibiotic-resistant strain of *Pseudomonas* bacteria.  

Following the infection, Oakleigh was hospitalized for further testing, which also revealed heart issues, including a moderate atrial septal defect (ASD) and pulmonary stenosis. These findings have raised concerns about the potential long-term effects of the infection and kidney condition. Oakleigh is scheduled for surgery to correct the kidney reflux, which involves removing a portion of the kidney and ureters to prevent future infections. The procedure is expected to last about 4.5 hours.  

After the surgery, she will meet with a cardiologist to assess her heart condition further. Despite the challenges, Oakleigh's family remains hopeful and grateful for the support they have received. They emphasize the importance of faith in helping them navigate this difficult time.  

In addition to her kidney issues, Oakleigh recently contracted a ""super strain"" of *E. coli*, which has raised further concerns. The infection, which is resistant to many antibiotics due to her prior exposure to multiple antibiotic treatments, has put her life in serious danger. Doctors are working to treat the infection while preparing for her upcoming kidney surgery.  

The family is also seeking financial support through a GoFundMe campaign to cover the costs of her medical care. Oakleigh's story highlights the challenges faced by children with complex medical conditions and the importance of community support in such cases. Her journey continues to be one of resilience, with her family and medical team working together to ensure her survival and long-term health.",0.0,3df8184414fb6c8fd721cbc56a5772b93fbf43a6f99f585d,"['An Oklahoma girl diagnosed with ""super"" E. coli is facing a life-or-death battle—and worse, she\'s only 11 months old. ""With this strain of E. coli, it can get in her brain, it can get in her spinal cord, basically cause her to go into cardiac arrest,"" her grandfather, Chris Curtis, tells KFOR. ""And we heard that it was a very, very scary situation."" Her family says it\'s not clear how Oakleigh Nance got the infection, which appears resistant to antibiotics, but the CDC is investigating. It all started when Oakleigh was born premature at only 3 pounds and ""started off on 4 liters of oxygen,"" according to a GoFundMe page to help pay her medical bills. ""In the NICU, they used to call her Miss Sassy because of her ability to express her displeasure with her circumstances,"" the page says. Then she went home and was fine for months until a 104-degree temperature and severe urinary tract infection sent her back to the hospital. Since then, she\'s been diagnosed with moderate ASD and pulmonary stenosis of the heart, stage 3 kidney reflux, and ""a dangerous, antibiotic resistant strain of Pseudomonas,"" says the GoFundMe page. Now doctors are planning a 4 1/2-hour procedure on her kidney, which is functioning at 22%, to possibly prevent other infections. ""I know that God is in control of all else, and when I think about what’s going on in her life, I think about my faith in God,"" says Curtis. ""That’s what sustains me and gets me through it."" (Read about a brain-eating bacteria that has returned to Louisiana.)']",1463,"Now, write a one-page summary of all the news.

",multi_news
multi_news,en,,Summary:,532,"  

On Tuesday night, a 41-year-old man named James Dirk Crudup was apprehended after climbing over the White House fence. The incident was captured live on CNN's ""John King USA"" program, which was being broadcast from the North Lawn of the White House. Secret Service officers, who were on duty, tackled Crudup immediately upon his entry onto the White House grounds. The man was unarmed, according to authorities, and was taken into custody by two uniformed officers who approached him with guns drawn.  

Crudup was ordered to lie down and was subsequently handcuffed before being escorted away. A backpack that was found near the fence was examined by security personnel, and the area was locked down as a precaution. The Secret Service confirmed that Crudup had previously been ordered to stay away from the White House due to past incidents, and he was charged with unlawful entry and contempt of court.  

The incident occurred shortly after 9 p.m. ET, and authorities issued an all-clear directive shortly thereafter. There was no immediate indication that Crudup posed a security threat.  

This event is not uncommon, as the Secret Service has previously dealt with similar incidents. For example, on Sunday night, a 6-year-old girl slipped through the fence and was escorted out by Secret Service officers. These incidents highlight the ongoing efforts of security personnel to maintain the safety and integrity of the White House grounds.  

While the exact reason for Crudup's actions remains unclear, the situation underscores the heightened security measures in place around the White House and the consequences of violating these protocols. The case is expected to proceed through the legal system, with Crudup facing charges related to his unauthorized entry and prior court orders.",0.0,01932b64e57168c97287e2ac84b4097f0f56099a0c67abb2,"[""A homeless man was arrested after hopping the White House fence Tuesday night in an incident captured by CNN's John King USA program, which was filming from the North Lawn. The man was quickly taken into custody by Secret Service agents who approached him with guns drawn. Security officers locked the area down after finding a backpack that had been thrown over the fence nearby. The 41-year-old intruder was charged with unlawful entry and contempt of court for breaking a judicial order requiring him to stay away from the White House. It's not uncommon for the White House fence to be breached, notes the Washington Post: A 6-year-old girl made it onto the White House lawn over the weekend by slipping through the fence instead of going over it. Secret Service agents returned her to her parents.""]",536,"Now, write a one-page summary of all the news.

",multi_news
multi_news,en,,Summary:,532," 

On January 14, 2017, a 29-year-old woman in Johnston County, North Carolina, was locked in the trunk of a moving car by her jealous boyfriend, Nicholas Mattevi. The incident occurred around 4 a.m. when the woman called 911, reporting that she had been forced into the trunk of a car traveling on Interstate 40. The call was initially difficult to understand due to the woman's distress and was eventually disconnected. 

Tim Medlin, a 911 supervisor at the Johnston County Emergency Communications Center, attempted to call the woman back but was unsuccessful. Undeterred, Medlin used an old flip phone available in the dispatch center to text the woman. She responded, confirming that she was in a red Mustang heading toward Fayetteville. Using the information provided, Medlin coordinated with the Cumberland County Sheriff’s Office and Verizon Wireless to locate the vehicle. 

Fayetteville police were dispatched and successfully located the car, rescuing the woman and arresting Mattevi for false imprisonment. The woman was found unharmed, and Mattevi was released on a $10,000 bond. 

The incident highlighted the importance of technology in emergency response. While 911 centers can receive text messages, they cannot initiate them, a limitation that Medlin’s quick thinking helped overcome. Jason Barbour, the director of the Johnston County 911 Communications Center, praised Medlin’s actions and called for updated technology that would allow 911 centers to initiate text messages. 

Medlin’s use of the flip phone was critical in the rescue, and his supervisor has since decided to purchase a smartphone for the team to better handle such situations in the future. The case serves as a reminder of the vital role that dispatchers play in emergency situations and the potential impact of technological advancements in public safety.",0.0,86cc5c31dee93bddcae9bda95f926d8266b6663aafdd82cb,"['A North Carolina woman allegedly locked in the trunk of a moving car by her boyfriend was saved by a quick-thinking 911 dispatcher and a lowly flip phone, ABC News reports. The 29-year-old woman called 911 around 4am Jan. 14. The woman had gotten in a fight with her boyfriend, who was ""jealous,"" according to WRAL. Before dispatcher Tim Medlin could get much information from the woman, the call was dropped. He was unable to get her to answer when he called back. Then Medlin remembered a flip phone the 911 communications center keeps around in case the phone lines go down, WTVD reports. He says texting was the only way he could think to contact her without getting ""her in trouble."" The woman texted Medlin back, letting the dispatcher know she was in a red Mustang headed toward Fayetteville. Verizon provided the location of the woman\'s phone, and police stopped her and her boyfriend, Nicholas Mattevi, in Fayetteville. Mattevi, 32, was arrested and charged with false imprisonment. ""I can go to bed,"" Medlin recalls feeling upon hearing of the arrest. ""We\'ve done our job."" He says he\'s planning to buy a smartphone for the office to replace the old flip phone and make it easier to text if there\'s a next time. Medlin\'s boss tells ABC the dispatcher ""really stood by our motto: Failure is not an option."" (This 911 dispatcher was accused of hanging up on callers.)']",1325,"Now, write a one-page summary of all the news.

",multi_news
multi_news,en,,Summary:,532,"  

The Internet Archive has launched a new initiative to address the issue of broken links on the web by archiving pages as they are created and preserving the versions of pages that are referenced. This effort aims to ensure that even if a webpage is later modified or removed, users can still access the original content through the Internet Archive. The project, known as ""No More 404,"" involves crawling supported websites to create a comprehensive archive of web content. The goal is to replace broken links with links to the archived versions, allowing users to see what was originally intended by the page's authors. This initiative is part of a broader effort to preserve the history of the internet and maintain the integrity of online information.

Separately, a tragic incident occurred in Modoc County, California, on October 19, when Sheriff's Deputy Jack Hopkins was fatally shot while responding to a disturbance call. According to authorities, Deputy Hopkins was killed instantly when he was confronted and shot by Jack Lee Breiner, a 47-year-old man. Breiner, who was also involved in a gunfight with another deputy during his escape, was wounded in the process. He has since been charged with murder and other related crimes in connection with the deputy's death. The incident has raised concerns about public safety and the risks faced by law enforcement officers in the line of duty.",0.0,bd055a3f0452f7edde9adca712d720fc631bd09ebc59f476,"['Police in Stanislaus County, Calif., say a 20-year veteran of the force was ""executed"" early Sunday after investigating a stolen van and a suspicious person outside Modesto. Sheriff\'s Deputy Dennis Wallace was shot twice in the head. Police say a suspect was arrested more than 150 miles away later in the day after allegedly carrying out a carjacking, an armed robbery at a convenience store, and an attempted purse-snatching, the Los Angeles Times reports. David Machado, a 37-year-old described by police as a ""known criminal,"" was connected to the Wallace killing after police in Tulane County recognized his tattoos. Wallace, who was married with children, ""was executed,"" Sheriff Adam Christianson told reporters. ""We believe that Dep. Wallace was killed outside of the car and we know for a fact that the gun used in this crime was in direct contact with his head when the trigger was pulled twice."" He said Wallace, 53, had been involved in programs including youth soccer and early intervention, NBC News reports. ""We need to keep the Wallace family in our thoughts and prayers. We need to keep law enforcement in our thoughts and prayers,"" he said. The Bradenton Herald reports after a knee injury in 2007, Wallace was off for two years without pay and fought a long legal battle to get his job back.']",420,"Now, write a one-page summary of all the news.

",multi_news
multi_news,en,,Summary:,532,"  

In recent news, several key political figures have been in the spotlight, with discussions centered around presidential candidates, policy positions, and internal party dynamics.  

Rick Santorum, a Republican presidential candidate, expressed disappointment with his performance in the CPAC straw poll, where Mitt Romney secured 38% of the vote compared to Santorum's 31%. Santorum criticized the poll's outcome, suggesting that Romney's success might be due to the latter's alleged use of paid attendance to boost turnout, a tactic he claimed his campaign did not employ. Santorum emphasized that his supporters were not incentivized to attend CPAC events, and he rejected the idea of ""rigging"" straw polls. However, Romney's campaign dismissed Santorum's comments as untrue, asserting that Romney had won both the CPAC straw poll and a separate nationwide conservative survey, as well as the Maine caucuses. The Romney campaign also framed Romney as a strong conservative figure capable of changing Washington.  

Ron Paul, another Republican contender, was skeptical of Romney's self-description as a ""severe conservative."" Paul expressed confusion over the term, suggesting that Romney needed to clarify its meaning. Paul's comments reflect ongoing debates within the Republican Party about the definition and application of conservatism, particularly in the context of presidential candidates' positions.  

On the Democratic side, newly appointed White House Chief of Staff Jack Lew addressed President Obama's stance on birth control and Catholic institutions. Lew stated that Obama's position on the issue has been ""consistent"" and that the administration's recent ""accommodation"" was the extent of their efforts to satisfy the Catholic bishops. When questioned about whether insurance companies would cover birth control costs for church-run institutions, Lew responded that insurers would pay less for plans that include birth control, as such plans could reduce pregnancies. This response highlights the complex interplay between religious institutions, healthcare policy, and the administration's efforts to balance competing interests.  

Overall, these news items reflect the ongoing political discourse within both major parties, with debates over campaign strategies, ideological definitions, and policy positions shaping the national conversation.",0.0,cd5fba73cf0b38e75ea2e39da56340e1dfa26ae1f746b866,"['Fresh off his loss to Mitt Romney at CPAC, Rick Santorum hit the talk shows this morning, and he\'s downplaying the victory, reports Politico: ""You have to talk to the Romney campaign and how many tickets they bought—we\'ve heard all sorts of things,"" Santorum told CNN. ""Ron Paul has won those (straw polls) because he trucks in a lot of people, pays for their ticket, and they come in and vote. I don\'t try to rig straw polls."" Elsewhere on the Sunday dial, as per Politico: Santorum on his chances: ""I think we can do well (in Michigan). I think we can do reasonably well in Arizona, and really make this a two-person race."" Sarah Palin on Romney: He\'s ""a great candidate,"" but ""his idea of conservatism is evolving, and I base this on a pretty moderate past that he has had, even in some cases a liberal past. Now that’s a problem. He’s still in the 30 percentile mark ... because we are not convinced."" Obama chief of staff Jack Lew on the birth control ruckus: The Friday ""accommodation"" is as far as the White House will go. ""There are others who don\'t have the same objective, they will have to speak for themselves, (but) this is our plan."" Ron Paul on \'severe conservative\' Romney: ""That was the first time I’ve heard that definition, so I guess Mitt will have to tell us exactly what it means. Obviously, he means he’s a serious conservative, and he was trying to defend himself, or portray himself as such, but I don’t know exactly what he was meaning by that.""']",788,"Now, write a one-page summary of all the news.

",multi_news
multi_news,en,,Summary:,532,"  

Recent discoveries in Kenya’s Olorgesailie Basin, reported in three new studies published in *Science*, have significantly reshaped our understanding of early human evolution and technological development. These findings suggest that dramatic climate changes in East Africa around 320,000 years ago may have driven significant behavioral and technological advancements among *Homo sapiens* and their close relatives. The research highlights a transition from the Early Stone Age to the Middle Stone Age, marked by the emergence of smaller, more specialized stone tools, the use of obsidian from distant sources, and the earliest known evidence of pigment use.  

The Olorgesailie Basin, which contains sediment layers dating back 1.2 million years, has yielded some of the oldest known Middle Stone Age tools. These tools, including small, sharp blades and points, indicate a shift toward more sophisticated technology, possibly linked to increased mobility and social interaction. The presence of obsidian, sourced from up to 55 miles away, suggests the development of long-distance trade networks among hominin groups. Additionally, the discovery of red ochre pigment with grinding marks points to the use of color for symbolic or social purposes, further indicating complex cognitive abilities.  

Researchers, including Rick Potts of the Smithsonian Institution and Alison Brooks of George Washington University, argue that these technological and cultural changes were likely responses to environmental instability, such as frequent shifts between drought and heavy rainfall. These conditions may have forced early humans to expand their foraging ranges, develop new tools, and form social networks to share resources and knowledge. The findings challenge the earlier ""human revolution"" theory, which posited that modern behaviors like art, symbolism, and complex language emerged only around 40,000–50,000 years ago. Instead, the evidence suggests that such behaviors began much earlier, possibly as early as 300,000 years ago, and may have been present in hominin species other than *Homo sapiens*.  

The studies also emphasize the complexity of the African archaeological record, showing that technological innovation and cultural practices were not exclusive to *Homo sapiens* but may have been shared among various hominin species. The transition from the Early to the Middle Stone Age in Africa is now seen as a gradual process, driven by environmental pressures and social adaptation, rather than a sudden ""revolution."" These findings underscore the importance of long-term environmental change in shaping human evolution and highlight the sophisticated cognitive and social abilities of early hominins.",0.0,9f364b72d418b0b3e9c6dbb3de18ea7b07c749b2882f9033,"['For decades, the human story was one told through signs of modernity—art, tools, burials—found only after Homo sapiens left Africa. Recent discoveries pushing back the date of departure are helping to change that narrative, as are three new studies in Science. Together, they describe the earliest stone tools of their kind in East Africa as well as the earliest evidence for long-distance transport of raw materials in the region, per Science News. Researchers previously believed the Early Stone Age marked by large, primitive tools (hand axes and cleavers) made way for the Middle Stone Age and its smaller tools (spearpoints and blades) around 280,000 years ago. But stone tools found in Kenya\'s Olorgesailie Basin show hominin groups—it\'s not clear which species is responsible—had developed these more advanced tools approximately 320,000 years ago. ""We see a smaller technology, a more diverse series of stone tools … designed for specific purposes,"" researcher Rick Potts tells NPR. An expert not involved in the study says the tools are so ""prepared and retouched"" they suggest the Middle Stone Age likely started even earlier. What drove it? Microscopic and chemical analyses of the region\'s soil show the landscape was rapidly shifting between wet and dry conditions, meaning hominins might have been forced to adapt. But as the technology also coincides with the emergence of Homo sapiens in Africa, it\'s possible that the human mind deserves credit. The tools themselves suggest the development of trading networks, too. Some were made of rocks carried from 55 miles away, says Potts. Others were made of obsidian from as far as 30 miles away, per the Conversation. (These stone tools are also making waves.)']",3668,"Now, write a one-page summary of all the news.

",multi_news
multi_news,en,,Summary:,532," 

Malaysia Airlines Flight 370, which disappeared on March 8, 2014, with 239 people on board, remains one of the most mysterious aviation disasters in history. Despite extensive search efforts, the plane's wreckage and black box recorders have not been found. Recent developments in the search have brought new hope, but also caution, as authorities continue to investigate potential leads.

A Chinese ship, the Haixun 01, reported detecting a signal on Saturday with a frequency of 37.5 kHz, the same as the black box pingers used on aircraft. This signal was picked up again on Friday, but it was not recorded due to its abrupt termination. The signal was detected at coordinates 25 degrees south latitude and 101 degrees east longitude, approximately 1,640 kilometers west-northwest of Perth, Australia. While the signal is consistent with the black box pingers, there is no confirmation that it is linked to Flight 370. The Chinese ship used a handheld hydrophone, which is less advanced than the U.S. Navy's towed pinger locator, which is currently being used by the Australian naval vessel Ocean Shield.

Australian authorities, led by Angus Houston, the head of the Joint Agency Coordination Centre, have confirmed the signal as a ""fleeting acoustic event"" and emphasized the need for caution. They have deployed up to 10 military planes, two civil aircraft, and 13 ships to search three separate areas in the southern Indian Ocean, covering approximately 216,000 square kilometers. The search area is based on satellite data analysis and is considered a high probability zone for the plane's location.

In addition to the signal, white objects were sighted near the search area, raising hopes that they might be related to the missing plane. However, previous sightings of debris have not been confirmed as coming from Flight 370. The search teams are racing against time, as the batteries on the black box pingers are expected to die within the next few days, after a guaranteed 30-day operation.

Malaysia has set up three ministerial committees and a new investigation team involving Australia, China, the U.S., the UK, and France to coordinate the search. Experts remain cautious, noting that while the signal is promising, it could be a false lead. The search continues with the hope that this new information will bring the missing plane closer to discovery.",0.0,b4edb673ab78ecd823ee1354849fa4d58d9d3366d7e54561,"['Could it be? A Chinese ship searching for Flight 370 has picked up a ping in the southern Indian Ocean, reports CNN and the BBC. Both cite a report in China\'s Xinhua news agency. The pulse is 37.5 kHz, the frequency for the Malaysian plane\'s black-box data recorders, says the president of the beacon\'s manufacturer. All the reports caution that it could turn out to be yet another false hope, however. ""This could be a variety of things,"" says one oceanographer, noting that the frequency is used by lots of instruments. For the record, the Chinese ship detected the signal at 25 degrees south latitude and 101 degrees east longitude, says the state-run Xinhua. ""It is yet to be established whether it is related to the missing jet,"" the report says. The development comes as dozens of ships and planes intensify their sweeps in the search zone, given the finite battery life of the data recorders.']",3925,"Now, write a one-page summary of all the news.

",multi_news
multi_news,en,,Summary:,532,"  

The news passages highlight a range of recent developments involving President Donald Trump, focusing on his use of social media, particularly Twitter, and the controversies that have arisen from his communication style.  

In one passage, a personal anecdote is shared about a woman who insisted on joining the speaker at Mar-a-Lago around New Year's Eve, despite the speaker's refusal due to her severe facial injury from a recent cosmetic procedure. While this passage appears to be a personal story, it is not directly related to the political content of the other passages.  

The second passage discusses President Trump's controversial tweet, which featured a GIF of him body-slamming and punching WWE Chairman Vince McMahon, with the CNN logo superimposed on McMahon’s head. Homeland Security Adviser Tom Bossert defended the tweet, stating that no one would perceive it as a threat and that Trump has the right to respond to unfair coverage on cable news. However, this defense drew criticism from CNN contributor Ana Navarro, who called the tweet an incitement to violence and expressed disappointment in Bossert for not standing up for principles.  

The third passage outlines the broader context of Trump's social media use, emphasizing that his incendiary tweets have sparked ongoing controversy since he took office. Trump has repeatedly defended his use of Twitter, calling it ""modern day presidential"" and asserting that it is essential for countering what he calls ""fake and fraudulent news media."" His tweets have drawn criticism from some Republicans, including Nebraska Senator Ben Sasse, who called the behavior ""beneath the dignity"" of the presidential office, and Alaska Senator Lisa Murkowski, who questioned whether Trump should be remembered for his tweets or his accomplishments.  

The final passage is a brief note about the ability to add location information to tweets, which appears to be a technical feature of the Twitter platform and is not directly related to the other news content.  

Overall, the news passages collectively underscore the polarizing nature of Trump's communication style, particularly his use of social media, and the ongoing debate over the appropriate tone and content of presidential messaging in the digital age.",0.0,4fa82967bc98a888bd0399cb741555758892ec4316d2bdf1,"['President Trump escalated his Twitter war with CNN on Sunday, and in the process sparked more concern that he is advocating the use of violence against members of the media, the Hill reports. The president tweeted a modified video of a 2007 WWE wrestling match he took part in, obscuring his opponent\'s head with the CNN logo, which he proceeds to beat with his fists. Trump tweeted the video with the hashtags ""#FraudNewsCNN"" and ""#FNN."" A CNN spokesman called it ""a sad day when the president of the United States encourages violence against reporters."" But on ABC News, Homeland Security adviser Tom Bossert suggested CNN and other critics were overreacting. ""No one would perceive that as a threat,"" he said, adding that Trump is ""beaten up in a way on cable platforms that he has a right to respond to."" The new video comes just a few days after Trump posted two tweets in which he talked about MSNBC\'s Morning Joe co-host Mika Brzezinski ""bleeding badly from a face-lift."" Those tweets sparked condemnation from all over the political spectrum, with even Trump\'s fellow Republicans calling them unpresidential. On Saturday, however, Trump took to Twitter once again to address the backlash, writing, ""My use of social media is not Presidential – it\'s MODERN DAY presidential,"" Politico reports. At a press conference Thursday, Deputy White House Press Secretary Sarah Huckabee Sanders said Trump ""no way, form or fashion has ever promoted or encouraged violence,"" the Washington Post reports. ""In fact quite the contrary.""']",1036,"Now, write a one-page summary of all the news.

",multi_news
multi_news,en,,Summary:,532,"  

Hurricane Irene, a Category 3 storm with winds up to 115 mph, is moving north along the East Coast, threatening the U.S. from North Carolina to New England. The storm, which passed over the Bahamas on Thursday, is expected to make landfall on the Outer Banks of North Carolina on Saturday, bringing heavy rain, strong winds, and a significant storm surge. The National Hurricane Center has issued hurricane warnings for the entire North Carolina coast to the Virginia border, and tropical storm warnings for areas from South Carolina to Surf City, North Carolina.  

Governors in North Carolina, Virginia, Maryland, New Jersey, New York, Delaware, and Connecticut have declared states of emergency, and thousands of residents have been ordered to evacuate. In New York City, Mayor Michael Bloomberg warned that mass transit may be shut down as early as Saturday, and residents in low-lying areas were urged to leave before the storm arrives. Hospitals and nursing homes in coastal areas were also ordered to evacuate.  

The storm’s path has prompted widespread preparations, including the cancellation of events and the rescheduling of the Martin Luther King Jr. Memorial dedication, which was postponed indefinitely due to safety concerns. In Washington, D.C., officials have taken steps to protect infrastructure, including placing sandbags at Metro stations and preparing for power outages.  

Evacuation efforts have been underway for days, with traffic on Route 168 in North Carolina becoming gridlocked as thousands of residents and tourists fled the Outer Banks. Some, like Melissa Wallace and Melissa Cook, expressed concern over the disruption to personal plans, including a planned wedding and a vacation. Others, like George from Cateret County, chose to stay and prepare for the storm.  

The storm is expected to bring up to 15 inches of rain in some areas, with wind gusts of up to 100 mph. Forecasters warn of widespread flooding, power outages, and potential for significant damage, with estimates of insured losses reaching $13.9 billion and overall economic losses potentially exceeding $20 billion.  

Emergency supplies have been stockpiled at key locations, and federal agencies, including FEMA, are preparing for the storm’s impact. The U.S. Navy has also moved ships away from Norfolk, Virginia, to avoid damage.  

As Hurricane Irene continues its slow movement, officials and residents are bracing for a potentially historic storm that could be remembered as one of the most damaging to the East Coast in recent years.",0.0,7226efab4c9cafdc60df3b0caf454eca376069edec7aa82c,"['Frightened North Carolinians fleeing Irene are jamming highways as the East Coast steels for what could be the biggest hurricane in decades. At least seven states have now declared a state of emergency, and hundreds of flights are being canceled. Gas stations are running out of fuel and ATMs have been emptied of cash as Americans hit the road for a bumper-to-bumper trip out of Irene\'s angry path. The Category 3 storm is expected to hit the Southeast sometime tomorrow, and hundreds of thousands of residents have been ordered out of their homes in three North Carolina counties. Norfolk, Va., is also ordering residents to evacuate, and Washington, DC, has been forced to postpone Sunday\'s planned MLK Memorial dedication. ""This is a very, very serious situation,"" a spokeswoman for Dare County told ABC News. ""We have not seen anything like this in the lifetimes of most our residents. Once the storm hits, it will be very difficult to respond to distress calls."" Irene is some 700 miles wide now and moving at a slow 12mph, which means it can wreak extensive damage in a region over a long period of time; it could cause up to $13.9 billion in damage on the East Coast. The storm is expected to barrel into New York City on Sunday, packing winds of up to 90mph. New Jersey communities are already being evacuated, and hundreds of street fairs have been canceled and elder care facilities and hospitals in low-lying area will be evacuated in New York today. NYC Mayor Michael Bloomberg says residents in low-lying parts of the city should get out today as the transit system is planned to be shut down tomorrow.']",4070,"Now, write a one-page summary of all the news.

",multi_news
multi_news,en,,Summary:,532,"  

Miami Gardens Police Chief Stephen Johnson was arrested on February 27, 2015, for soliciting a prostitute during an undercover sting operation conducted by the Broward Sheriff’s Office. The arrest occurred at a Dania Beach hotel, where Johnson met with two detectives posing as prostitutes after responding to an escort ad on Backpage.com. He agreed to pay $100 for a “two-girl special” and was arrested upon arrival at the hotel, where he was found with two condoms in his pocket. Johnson was released on $300 bond and immediately fired from his position as police chief by City Manager Cameron Benson.  

Johnson, 53, had been appointed Miami Gardens Police Chief in May 2014, following a long career with the North Miami Police Department and a stint as city manager. His appointment was intended to improve the department’s reputation, which had been damaged by previous controversies, including allegations of racial profiling and harassment at a local convenience store. Johnson had also faced criticism during his tenure in North Miami for late police reports and grammatical errors in correspondence.  

The arrest came amid ongoing scrutiny of the Miami Gardens Police Department, which had recently been embroiled in controversy over the fatal shooting of 25-year-old Lavall Hall by an officer. Hall’s family had criticized the department, holding vigils and protests demanding more transparency. Johnson had supported his officers, stating they “did the best they could” in the incident.  

Following his arrest, Assistant Chief Antonio Brooklen was named interim police chief. City officials emphasized their commitment to maintaining the integrity of the department and moving forward despite the scandal. Johnson apologized to the community and his elected officials, citing job-related stress as a factor in his poor judgment.  

The incident has further tarnished the department’s image, adding to a series of challenges that have tested its reputation. Despite the setback, city leaders expressed confidence in the department’s ability to recover and continue serving the community.",0.0,37c63596ba279ad8d0b73451686e7d31f90d690c08f998ac,"['A Florida police chief got arrested Friday for allegedly soliciting a prostitute and was promptly fired just 10 months into his tenure, NBC Miami reports. According to an arrest report, Miami Gardens Police Chief Stephen Johnson called a number in a ""two-girl special"" prostitution ad and negotiated a $100 deal for two women for 30 minutes. Only problem: The woman he allegedly paid at a motel was really a sheriff\'s detective. ""The stress overwhelmed me, and I made a very bad decision,"" Johnson tells the Miami Herald in his apology. He was hired last May to repair community relations after former top cop Matthew Boyd resigned amid allegations of harassment and illegal tactics. ""It was one of the most painful things I\'ve ever heard as a manager,"" says the city manager who fired Stephens, the Sun-Sentinel reports. ""It\'s like a punch in the stomach.""']",2365,"Now, write a one-page summary of all the news.

",multi_news
multi_news,en,,Summary:,532,"  

In 2014, Sundar Pichai, the CEO of Alphabet Inc. (formerly Google), received a significant equity award valued at $199 million, making him one of the highest-paid executives in the United States. The award consisted of 273,328 Class C Google stock units, which were granted on February 3, 2014. At the time of the grant, the value of the award was $199 million, though it has since declined to approximately $182 million due to fluctuations in Alphabet’s stock price. The shares will vest in quarterly increments over the next four years, provided Pichai remains employed by Alphabet.  

This award increased Pichai’s total equity stake in Alphabet to over $650 million. While this is a substantial sum, it still falls far short of the net worth of Google’s co-founders, Larry Page and Sergey Brin, who are estimated to be worth $34.6 billion and $33.9 billion respectively, according to Forbes. It is also significantly less than the $3 billion in shares held by former CEO Eric Schmidt.  

Pichai’s award was one of the largest in U.S. corporate history, surpassing the $376 million equity grant given to Apple CEO Tim Cook in 2011. However, it was still less than the £130 million ($187 million) that Google agreed to pay the UK government in back taxes since 2005. Critics have pointed out that Google generated over £24 billion in sales in the UK during that period, with profit margins between 25% and 30%, resulting in an estimated profit of £7.2 billion. This has led to an effective tax rate of between 2% and 3%, compared to the UK’s 20% corporate tax rate.  

Pichai celebrated the award by watching the Super Bowl and meeting NFL legend Ronnie Lott. He was not the only high-profile executive to receive a significant payout. Ruth Porat, Alphabet’s Chief Financial Officer, was awarded shares worth $38 million, on top of a $30 million signing bonus. Diane Greene, head of Google’s cloud computing business, received shares valued at $42.8 million, adding to the $148 million she was granted in 2013 following Google’s acquisition of Bebop Technologies, the company she founded.  

Overall, the news highlights the significant financial rewards for top executives at Alphabet, while also drawing attention to",0.0,aedb655320f6a23ffbcaeb9f4c504674e467e678e30bb8e7,"[""Google's parent company appears to be satisfied with how Sundar Pichai has performed during his four months as Google CEO, judging by the gargantuan $199 million equity award revealed in a securities filing. Alphabet stated that Pichai was awarded 273,328 Class C Google stock units on Feb. 3, bringing his holdings to around $650 million, reports the Wall Street Journal. The award makes Pichai the highest-paid CEO in America, according to the Guardian, which notes that Pichai's fortune is dwarfed by those of Google founders Larry Page and Sergey Brin, who are worth around $34 billion each, and by that of previous CEO Eric Schmidt, who's sitting on around $3 billion. (A former Google employee was awarded exactly $6,006.13.)""]",773,"Now, write a one-page summary of all the news.

",multi_news
multi_news,en,,Summary:,532,"  

Josh Hardy, a 7-year-old boy from Fredericksburg, Texas, is set to receive a potentially life-saving drug, brincidofovir, after a long and emotional battle with a rare and severe adenovirus infection. The drug, developed by pharmaceutical company Chimerix, was initially denied to Josh by the company, which argued that providing it to him would delay its approval process and market availability. However, after intense public pressure from Josh’s family, supporters, and media coverage, Chimerix agreed to allow Josh to participate in a new clinical trial, making him the first patient in the study.  

Josh’s journey began when he was diagnosed with a rare form of kidney cancer at 9 months old. Despite multiple cancer diagnoses and treatments, he survived each time. However, a bone marrow transplant left him with a severely weakened immune system, and in February, he developed a life-threatening adenovirus infection. Now in critical condition at St. Jude Children’s Research Hospital in Memphis, Josh is experiencing heart and kidney failure, vomiting blood, and is in an intensive care unit.  

The family’s desperate pleas for help, amplified by social media campaigns and media coverage, led to a breakthrough. Chimerix, under pressure, worked with the FDA to expedite a compassionate use program and initiate a clinical trial. The FDA approved the trial, and the drug is expected to be administered to Josh on Wednesday. The company also agreed to provide the drug to 20 other patients in an open-label study.  

Chimerix President Kenneth Moch expressed hope that the trial would benefit not only Josh but also other patients in need. He acknowledged the public’s support and the role of social media in raising awareness, though he also noted the challenges, including death threats to company employees.  

Josh’s story has sparked a national conversation about the ethics of pharmaceutical companies, compassionate use policies, and the balance between drug development and patient access. His family, along with supporters, has received widespread support from local organizations, charities, and the public. A Facebook page dedicated to the campaign, “Save Josh,” attracted over 15,000 followers, and thousands of people participated in online petitions and social media campaigns.  

While the drug is not yet approved for use in children, the hospital and the family remain hopeful that this trial could offer Josh a chance to survive. The case highlights the complex interplay between corporate responsibility, regulatory processes, and public advocacy in the fight for life-saving treatments.",0.0,f5cb169ccbed4f8d2dd290c668baa88540aa0d870e377a5d,"['After a social media campaign—and an avalanche of bad publicity—a drug company has done a U-turn and agreed to give a dying 7-year-old boy an experimental drug that could save his life. The FDA allows ""compassionate use""of unapproved drugs in such cases, but the Chimerix pharmaceutical company had insisted that giving the drug to Josh Hardy, who developed a bone marrow disorder after cancer treatment, would delay efforts to get it to market, CNN reports. Chimerix president Kenneth Moch says Josh will be the first patient in a pilot trial for the drug. ""Being unable to fulfill requests for compassionate use is excruciating, and not a decision any one of us ever wants to have to make,"" says Moch, who tells the Fredericksburg Lance-Star that he and his employees have received death threats amid a flood of pleas to help the Virginia boy. Josh is expected to receive the drug within 48 hours, though his mother fears he is running out of time. ""Even though he is frail, he has a very strong will about him,"" she tells Fox News. ""But things just keep stacking against him, and we just want to do everything we can to give him the opportunity to make a full recovery.""']",1614,"Now, write a one-page summary of all the news.

",multi_news
multi_news,en,,Summary:,532," 

Actor Tom Sizemore, known for his roles in films such as *Saving Private Ryan* and *Black Hawk Down*, is facing a new allegation of sexual misconduct from 2003. According to a report by *The Hollywood Reporter*, Sizemore was accused of touching the genitals of an 11-year-old girl during a photo shoot on the set of the crime thriller *Born Killers* (also known as *Piggy Banks*). The incident reportedly occurred in Utah during a second-unit still portrait session, where the young actress was seated on Sizemore’s lap for a holiday tableau. The alleged act, which the girl described as either rubbing or inserting a finger into her vagina, reportedly caused her distress and led to her informing her mother. 

The girl’s parents initially declined to press charges, and Sizemore was later allowed to return for reshoots in Malibu. The incident, which had previously gone unreported, is now coming to light in the wake of the Harvey Weinstein scandal, which has prompted greater openness about sexual misconduct in Hollywood. 

Multiple cast and crew members, including production manager Cassidy Lunnen and actress Robyn Adamson, confirmed the incident and described Sizemore as a known “sleazebag” with a history of inappropriate behavior. The film’s producers, including Michael Manshel, removed Sizemore from the set immediately after being informed of the allegations, though they did not pursue legal action. Sizemore reportedly denied the claim and was subsequently dropped by his management firm and talent agency. 

Sizemore, who has a long history of legal troubles, including convictions for drug use and battery against women, has never been accused of molestation before. His agent, Stephen Rice, has stated that the firm’s position is “no comment.” The young actress, now 26, has hired a lawyer to explore legal action against Sizemore and her parents. 

The incident highlights ongoing concerns about the treatment of minors in the film industry and the reluctance of some families to pursue legal action, possibly due to fears of damaging the child’s career. Sizemore, now 55, continues to work in both film and television, including roles in *Shooter* and *Twin Peaks*, and is currently involved in numerous film projects. His past behavior, including a 2003 conviction for abusing his ex-girlfriend Heidi Fleiss, has drawn criticism from industry insiders, who describe him as “the most abhorrent person” they have ever encountered. 

This new allegation adds to",0.0,ff3706cd43d8912cb61743c359e10bcec4a3e62b6436aeb7,"['The latest disturbing Hollywood sexual misconduct allegation involves Tom Sizemore, an actor who has already faced drug and domestic violence charges. Multiple cast and crew members tell the Hollywood Reporter that Sizemore, best known for roles in war films including Black Hawk Down, was kicked off a Utah movie set in 2003 for allegedly touching an 11-year-old girl\'s genitals. They say the day after a Born Killers scene in which the girl sat on Sizemore\'s lap, she told her parents that he had touched her inappropriately, possibly putting his finger inside her. ""At one point her eyes got just huge, like she could\'ve vomited. I was watching her,"" co-star Robyn Adamson says. ""Later, when I was told about what happened, I knew exactly what it was."" ""There was never any doubt. He was this guy who was already known for making inappropriate comments, being drunk, being high,"" says production assistant Roi Maufas. ""Then this happens. Guys reached for hammers,"" he says. Producers say Sizemore, who was ordered to leave the set, denied the allegations. Crew members say the girl\'s parents spoke to police, but ended up not pressing charges, possibly out of fear of ruining her film career. She is now 26 and says she is considering legal action against both Sizemore and her parents. Sizemore, 55, was dropped by his management firm soon after the incident. Former manager Charles Lago tells USA Today that he is ""not surprised"" by the allegations. ""He\'s the most abhorrent person I\'ve ever met in my life,"" Lago says.']",2624,"Now, write a one-page summary of all the news.

",multi_news
multi_news,en,,Summary:,532,"  

A nine-year-old boy named Kieran Sorkin, born with a rare condition called bilateral microtia, has undergone a groundbreaking reconstructive surgery at Great Ormond Street Hospital in London. Kieran was born without fully formed ears, only having small earlobes, and also suffered from hearing loss. However, thanks to previous surgeries and the use of a hearing aid, he has been able to hear, though he remains about 90% deaf. The recent surgery, which took six hours, involved harvesting cartilage from Kieran’s ribs and shaping it into new ears, which were then grafted onto his head. The procedure was primarily cosmetic, aimed at improving Kieran’s appearance and boosting his self-esteem.  

Kieran, from Hertfordshire, had long expressed a desire for ears like his peers, and the surgery was his decision after he saw a TV program about the procedure at age six. His parents, David and Louise Sorkin, were thrilled with the outcome, noting that the new ears closely resembled his mother’s, using her as a “family template.” The surgery not only improved Kieran’s appearance but also had significant psychological benefits, helping him feel more confident and accepted. He had previously struggled in school due to his appearance, but he has now moved to a school with a deafness unit in every year group, where he feels more supported.  

The operation was performed by consultant plastic surgeon Neil Bulstrode, who emphasized the importance of creating balanced ears to ensure the best possible result. Kieran will require a follow-up surgery in six months to further refine the shape of his ears, but the current result has already brought him immense joy. He described his reaction as a “wow” and expressed happiness with his new appearance, though he is still recovering from the surgery, which has left him in some pain.  

Looking to the future, researchers at the University College London Institute for Child Health are exploring new methods of ear reconstruction using stem cells. This approach, which involves growing ears from a child’s own fat tissue, could potentially be less invasive than the current method of using rib cartilage. While such technology is still in its early stages, it offers hope for more advanced and less painful treatments for children with microtia.  

Kieran’s case highlights the transformative impact of reconstructive surgery on a child’s quality of life, not only in terms of appearance but also in terms of confidence, social integration, and long-term well-being. His story also underscores the ongoing advancements in medical science, which continue to improve outcomes for children with congenital conditions.",0.0,44aa93b71b0589215f0d2f14d34c7827db5533d0755e898e,"['An operation in London has given 9-year-old Kieran Sorkin a pair of ears—made from his ribs, no less. Born deaf with no ears, Kieran was able to hear because of an implanted hearing aid, but he still wanted ears. ""I want people to stop asking me questions,"" he told the BBC. ""I\'d like just to look like my friends. I\'d also like to be able to wear sunglasses and earphones."" So surgeons traced an outline of Kieran\'s mom\'s ears, removed cartilage from the boy\'s ribs, and sliced, contoured, and sewed the cartilage. Then they put it in two skin pockets and vacuumed them into the shape of ears. They don\'t perform any function, but Kieran\'s plastic surgeon says they can deliver a huge confidence boost: ""If you can change the confidence of a patient at this young age, you can change their whole trajectory in life,"" he said. The ears should last, too, because they\'re made of cartilage rather than prosthetics, the Guardian reports. Every year about 100 British newborns lack one or both ears (it\'s called microtia), and the hospital Kieran went to performs the operation about 40 times a year. Scientists hope to one day make ears from the fat tissue of patients, instead of ribs. Kieran might have liked that, since he got so excited on seeing his new ears that he cried ""Wow!"" and giggled—which made his ribs hurt from the operation. (Click to read about a man who needed surgery to remove a tooth growing in his nose.)']",1651,"Now, write a one-page summary of all the news.

",multi_news
multi_news,en,,Summary:,532,"  

In late December 2016, as President-elect Donald Trump prepared to take office, tensions emerged between him and outgoing President Barack Obama, marking a shift from the initial cordiality following the election. Trump, who had previously praised Obama’s efforts to ensure a smooth transition, began publicly criticizing the Obama administration, accusing it of placing “roadblocks” in his path. This change in tone was evident in a series of tweets where Trump claimed that the transition was not going as smoothly as expected, despite his earlier optimism.  

Trump expressed frustration over Obama’s policies, particularly those related to Israel and the Middle East. He criticized the Obama administration for what he described as a lack of support for Israel, especially in light of the Iran nuclear deal and the U.S. refusal to veto a United Nations Security Council resolution condemning Israeli settlements. Trump also implied that Obama’s administration had been disrespectful toward Israel, a key ally.  

Obama, in turn, had made remarks that Trump interpreted as personal attacks. During an interview, Obama suggested that he could have won the 2016 election if he had run against Trump, a claim that Trump dismissed, stating, “Nobody’s ever going to know because we’re never going to be going against each other in that way.” This exchange intensified the public tension between the two leaders.  

Despite the verbal sparring, Trump later claimed to have had a “very nice conversation” with Obama, stating that they had discussed a range of topics. However, he did not provide specific details about their conversation. Transition team spokesperson Sean Spicer initially avoided elaborating on Trump’s criticisms, stating that the tweets “speak for themselves.”  

Meanwhile, Secretary of State John Kerry, who was preparing to leave office, faced a mixed legacy. While he was credited with negotiating the historic Iran nuclear deal and the Paris climate agreement, his tenure was marked by setbacks, including failures to address the Syrian conflict, Russian influence, and the Israeli-Palestinian conflict.  

As the transition period progressed, the White House maintained its commitment to a peaceful transfer of power, with Obama pledging to attend Trump’s inauguration on January 20, 2017. However, the public exchanges between the two leaders highlighted the challenges of navigating a transition between political adversaries.  

Trump also announced plans to hold a press conference in early January, signaling his intent to reengage with the media and the public as he prepared to assume the presidency. The transition, while officially described as smooth, was marked by a series of public disagreements and political posturing, reflecting the deepening divide between the outgoing and incoming administrations.",0.0,71466da28c57d2a01ee3a47f2905b6ac5d0d62a713e2454f,"['It looks like the honeymoon is over between Trump and Obama. ""Doing my best to disregard the many inflammatory President O statements and roadblocks. Thought it was going to be a smooth transition—NOT!"" Trump tweeted Wednesday. The Los Angeles Times notes Trump\'s use of ""1990s-style sarcasm."" Trump had previously commended Obama on his commitment to a smooth transition of power, but a number of things have changed since then, the Washington Post reports. Many saw comments made by Obama during Tuesday\'s Pearl Harbor anniversary as directed at Trump. The president urged the US not to ""turn inward"" and to ""resist the urge to demonize those who are different."" Trump is also upset with the Obama administration for allowing the UN to pass a resolution condemning Israeli settlements, as well as with Obama personally for saying in an interview he could have beaten Trump and won a third term. In addition, the White House is defending the Department of Energy for not complying with a request from Trump\'s transition team for the names of employees involved in climate policy, ABC News reports. Transition team spokesperson Sean Spicer at first said Trump\'s tweets ""speak for themselves, very clearly,"" but later complimented members of the Obama administration for being ""helpful and generous with their time.""']",1615,"Now, write a one-page summary of all the news.

",multi_news
multi_news,en,,Summary:,532,"  

A Chinese villager, Guan Quanzhi, has received compensation of 520,000 yuan ($83,000) after being attacked by a wild panda in Gansu province. The incident occurred on March 1, 2014, when the panda, which had been chased by local villagers, ran onto Guan’s farmland. The animal bit him on the leg, causing severe injuries that required eight surgeries. Guan’s son filed a lawsuit against local forestry officials and the Baishuijiang National Nature Reserve, which is home to over 100 wild pandas. After negotiations, the officials agreed to the compensation, which Guan described as satisfactory, as it covers his medical expenses and potential future surgeries.  

Despite their cute and gentle appearance, giant pandas are members of the bear family and are known for their strong bite and ability to defend themselves. The incident highlights the risks associated with human-panda encounters, even though such attacks are rare. Pandas are a significant draw for tourism in China, and their conservation has seen progress, with the wild panda population increasing by nearly 17% over the past decade to reach 1,864 in 2013. However, they still face threats such as habitat loss and low reproductive rates.  

The World Wildlife Fund (WWF) warns that while pandas are often seen as harmless, their powerful jaws and large teeth can cause serious harm. This case underscores the need for continued efforts in both wildlife conservation and human safety measures in areas where pandas and people coexist.",0.0,7bf0be1466a51afab44b9e12dcfa4a1694b6804309e6eb87,"['Pandas may prefer their meals in the form of bamboo, but that doesn\'t mean their bite is toothless. A man in China recently received a harsh reminder of that after a wild panda bit his leg after authorities pursued the critter onto his lawn, reports AFP via Yahoo. The creature had made its way into a northwestern village, which is near a sanctuary that\'s home to about 100 wild pandas. ""I saw a panda jump out in front of me, its body completely covered in mud,"" the man told local news. A struggle ensued, in which the bear wouldn\'t release the man\'s leg until a rescuer wrapped a coat around the animal\'s head. Finally, it fled—but not before causing injuries which, China Daily reports, led to eight surgeries over the past year and may lead to amputation. The man sued three government departments and won an $83,000 payout that will cover his medical costs, his lawyer says. (China Daily has a pretty gruesome photo of the injury.) ""As cuddly as they may look, a panda can protect itself as well as most other bears,"" the World Wildlife Fund notes, per AFP. Indeed, panda attacks have led to some nasty consequences in the past.']",794,"Now, write a one-page summary of all the news.

",multi_news
multi_news,en,,Summary:,532," 

A 9-year-old girl, Carlie Trent, was abducted by her uncle by marriage, Gary Simpson, on May 4, 2016, from her elementary school in Rogersville, Tennessee. Simpson, 57, allegedly told school staff that Carlie’s father had been in a car accident, which he later admitted was a lie. The Tennessee Bureau of Investigation (TBI) has issued an Amber Alert, stating that Carlie is in imminent danger and urging the public to assist in locating her and Simpson.

Simpson was last seen driving a white 2002 Dodge conversion van with Tennessee license plate 173GPS. He was seen purchasing items such as girls’ underwear, a bikini, clothing, lipstick, nail polish, a child’s camping chair, and a plush blanket at a local Walmart and Save-A-Lot grocery store. These purchases have led authorities to believe Simpson may have taken Carlie to a remote area or campground. 

The TBI has offered a $10,000 reward for information leading to Carlie’s safe return, with additional rewards offered by the U.S. Marshals Service and Carlie’s pediatrician. Two Knoxville banking executives, Matt Daniels and Tim Williams, have also offered a $10,000 reward, expressing their personal connection to the case and their concern for Carlie’s safety. 

Despite the ongoing search, no credible sightings of Carlie or Simpson have been reported. A Missouri Amber Alert was issued after a possible sighting in Otterville, but it was later canceled. The TBI has reached out to state park officials and private campgrounds in several states, urging property owners to be vigilant. 

Carlie’s mother, Shannon Trent, expressed deep concern and regret, stating she had always had a bad feeling about Simpson. She believes the kidnapping was premeditated and that Simpson may have a hidden lair or shelter. She has vowed to continue searching for her daughter and urges Simpson to return Carlie safely. 

Authorities have emphasized the seriousness of the situation, noting that this is one of the most critical cases they have encountered. They have received over 1,200 tips but have not yet found any credible leads. The public is urged to report any sightings of the van or the suspects to the TBI or local police. 

Carlie is described as 4 feet 8 inches tall, weighing 75 pounds, with blonde hair and blue eyes. Simpson is described as balding, about 5 feet 10 inches tall, and weighing 157 pounds. The case continues",0.0,9bf2345cf303a45d45bc2e3692f6277785f850e0be2e1ecd,"['Authorities are combing through more than 1,200 leads in a desperate search for a 9-year-old girl they say was abducted by her uncle May 4, WATE reports. According to the Knoxville News Sentinel, 57-year-old Gary Simpson picked Carlie Trent up from her Tennessee school, telling staff her father had been in an accident. Shortly before, he purchased a child\'s nightgown, bikini, girls\' underwear, lipstick, and nail polish at an area Walmart. The Tennessee Bureau of Investigation has pictures of those items. Carlie\'s mother Shannon Trent tells People she felt ""sick to my stomach"" when she heard about those purchases. ""I don\'t know what he\'s done to her,"" she says. ""I don\'t think he would hurt her, but if he\'s capable of kidnapping a child he\'s capable of anything."" Authorities believe Carlie is in ""imminent danger."" Simpson also purchased camping supplies and nonperishable groceries, and authorities think he may be hiding with Carlie in an isolated area. The TBI says there have been rumors online that Simpson is trying to protect Carlie, but it says that couldn\'t be further from the truth. ""This was not an innocent camping trip, this was a crime,"" a spokesperson tells WATE. Simpson, Carlie\'s uncle by marriage, and his wife once had custody of Carlie, but her father James Trent had custody at the time of her abduction. Shannon Trent, who hasn\'t had custody of Carlie in two years, says she ""always had a bad feeling"" about Simpson. ""I should have stuck with my gut,"" she tells People. (This boy\'s summer with his dad turned into his kidnapping.)']",2314,"Now, write a one-page summary of all the news.

",multi_news
multi_news,en,,Summary:,532,"  

CBS News has undergone a significant overhaul of its morning news program, ""The Early Show,"" by replacing its long-standing co-hosts and weather forecaster with a new team. The changes, effective January 3, include the departure of Maggie Rodriguez, Harry Smith, and Dave Price, who have been key figures in the show for years. Rodriguez, who previously served as a co-host, will be replaced by Chris Wragge and Erica Hill, the Saturday edition's co-anchors since 2008. Wragge, who previously worked in sports and local news, and Hill, who joined CBS from CNN, will now take over the weekday show.  

In addition to the co-anchors, the show will also welcome Jeff Glor, who currently anchors CBS's Saturday newscast, and Marysol Castro, a former weather anchor at ABC's ""Good Morning America,"" as the new weather forecaster. This shift aims to revitalize the show, which has consistently ranked behind NBC's ""Today"" and ABC's ""Good Morning America"" in ratings.  

Harry Smith, who had the longest tenure on the show, will remain with CBS as a news reporter and primary substitute for Katie Couric's evening newscast, ""Face the Nation,"" and ""Sunday Morning."" Smith expressed gratitude for his time on the show but acknowledged the need for change to improve ratings.  

The network's executive producer, David Friedman, emphasized that the new team was chosen for its energy and chemistry, believing it could help the show compete more effectively. CBS News President Sean McManus noted that while immediate ratings improvements may not be expected, he is optimistic about the new team's potential.  

The changes were somewhat abrupt, with little prior indication, and some critics, like television analyst David Bianculli, suggested the move may have been driven by a sense of desperation. However, CBS remains hopeful that the new team will help ""The Early Show"" break out of third place in the morning news ratings.  

Rodriguez and Price, who are leaving the show, are currently in discussions about their future roles within the network. Price, in a recent challenge, was sent to Alaska with only $50 and a phone to earn his way back to New York, a move that has drawn attention and media coverage.  

Overall, the restructuring of ""The Early Show"" reflects CBS's ongoing efforts to modernize and improve its morning news lineup in a competitive landscape dominated by ""Today"" and ""Good Morning America."" The success of the new team will be closely watched as the network seeks to regain its footing in the morning news market",0.0,8f512ff62ab4a69b196b31f8fe334c4a31765f3ac13c5841,"[""CBS is scrapping its Early Show team, replacing co-hosts Harry Smith and Maggie Rodriguez with the anchors of the show's Saturday edition, Chris Wragge and Erica Hill. Other more minor players also are leaving in the switch, which takes place early next year, the LA Times reports. The show has been consistently stuck in third place, well behind Today and Good Morning America. Smith, who survived the last major overhaul of the show in 2002, will stick with the network as Katie Couric's main backup on the CBS Evening News, notes AP. Click here for more.""]",1319,"Now, write a one-page summary of all the news.

",multi_news
multi_news,en,,Summary:,532,"  

George H.W. Bush, the 41st President of the United States, passed away at the age of 94, marking the end of a life dedicated to public service. He was the last U.S. president to serve in World War II, an experience that profoundly shaped his early life and career. After serving in the Navy as a pilot during the war, he married Barbara Pierce, and together they built a life of public service.  

Bush's political career began in the 1960s, and he rose through the ranks of the Republican Party, eventually becoming Vice President under President Ronald Reagan in 1981. He was elected president in 1988, promising a “kinder and gentler nation.” His presidency was marked by significant international achievements, including leading the U.S. to a swift victory in the Persian Gulf War in 1991 and playing a key role in the peaceful dissolution of the Soviet Union and the unification of Germany.  

However, his presidency faced challenges, particularly due to a recession and economic downturn, which led to his defeat in the 1992 election by Bill Clinton. His campaign was further complicated by a tax increase that violated his “Read my lips: No new taxes” pledge, leading to a primary challenge from conservative Pat Buchanan. Despite this, Bush maintained a strong relationship with Clinton, and his legacy was later vindicated when his son, George W. Bush, became president in 2000, making him the only U.S. president to be both a president and the father of a president.  

After leaving office, Bush remained active in public life, engaging in diplomatic missions and maintaining friendships with former political rivals. He was known for his dedication to family, particularly his wife Barbara, who died at 92 in 2018. Bush was also remembered for his personal quirks, such as his dislike of broccoli and his humorous remarks on public issues.  

Throughout his life, Bush was a steadfast advocate for American values, emphasizing freedom, free markets, and international cooperation. His legacy is one of service, resilience, and a deep commitment to the United States and its people.",0.0,34a7c94a11115d983402087b3ac74dbd269616cfa1e193e3,"['With George HW Bush dead at 94, coverage of the life of the 41st president is plentiful. Here are some early highlights: The broad strokes: For a thorough obituary and assessment, start with the Washington Post. Its story notes that while Bush served just one term as president, it was a consequential one. ""The Berlin Wall fell; the Soviet Union ceased to exist; the communist bloc in Eastern Europe broke up; the Cold War ended."" And Bush\'s ""firm, restrained diplomatic sense helped assure the harmony and peace with which these world-shaking events played out, one after the other."" Great detail: In its obituary, the Wall Street Journal notes that Bush flew 58 missions in the Pacific as a Navy pilot in WWII, all with the name of his girlfriend—Barbara—on the side of the plane. He once got shot down, with this video capturing the rescue. Bush is also the only American besides John Adams to be both president and the father of a president. Read his lips: The Guardian recounts some of his Bush\'s famous quotes, including his ""read my lips"" pledge to not raise taxes. He also dissed broccoli.']",2660,"Now, write a one-page summary of all the news.

",multi_news
multi_news,en,,Summary:,532,"  

O.J. Simpson, the former NFL star and actor, is set to face a parole hearing in Nevada on Thursday, which could lead to his release from prison as early as October 1. Simpson, now 70, has been incarcerated since December 2008 for a 2007 armed robbery and kidnapping conviction involving the theft of sports memorabilia from Las Vegas hotel room occupants. He was sentenced to nine to 33 years in prison, but the Nevada Parole Board is expected to rule on his case the same day as the hearing, a departure from the usual process.  

Simpson was acquitted of murder charges in the 1994 slayings of his ex-wife, Nicole Brown Simpson, and her friend Ronald Goldman, in what became known as ""the trial of the century."" However, he was later found liable in a civil trial and ordered to pay $33.5 million to the families of the victims. Despite this, he has not been able to access the funds, as they are legally protected.  

Simpson’s net worth has significantly declined since his divorce in 1992, when he was estimated to have had a net worth of $10.8 million. His current estimated net worth is around $250,000, largely due to the financial burden of the civil judgment and the loss of income from his career.  

During his 2013 parole hearing, Simpson expressed remorse for the 2007 robbery and claimed he had been a model prisoner, emphasizing his good behavior and willingness to make amends. He has been granted parole on some of his charges in the past, and the board is now considering his release on the remaining convictions.  

The parole hearing has drawn significant media attention, with over 30 media organizations expected to cover the event. The outcome of the hearing will determine whether Simpson, who has become a cultural icon and a subject of public fascination, will be released from prison. If granted parole, he will be able to live on his NFL pension, estimated at $25,000 per month, though the families of the victims may still pursue legal action against him.  

Simpson’s release has sparked debate about his personal growth and whether he has changed since his incarceration. Many believe that his public persona and past controversies could lead to renewed scrutiny, and there are concerns that his return to the spotlight could lead to further legal or social issues. Despite this, his legal team argues that he deserves parole, citing his good behavior and willingness to take responsibility for his actions.",0.0,e9aca7cfa87e9c3e7c0631b6af034d1a1dd0a297983b070e,"['OJ Simpson\'s parole hearing in Nevada will be broadcast live at 1pm EDT Thursday and there\'s a strong chance that his path to freedom will be clear by the end of the afternoon. Nobody has registered to testify against the 70-year-old Simpson, who has been in prison for nine years on 12 convictions related to a Las Vegas robbery and will appear before the Nevada Parole Board via videolink, NPR reports. Thursday\'s hearing will cover four concurrent sentences for use of a deadly weapon and two consecutive sentences for assault with a deadly weapon, the Las Vegas Review-Journal reports. Four board members will vote after the hearing and Simpson could be free by Oct. 1 if they are all in favor of parole. If Simpson is indeed released this fall—which appears almost certainly to be the decision—it will ""renew the rabid curiosity"" in the case and ""produce a spectacle unlike anything we’ve seen since he went behind bars,"" Nancy Armour at USA Today predicts. There has even been talk that Simpson might end up with a reality TV show, but Armour wants Simpson to avoid the spotlight unless he wants to return to the ""toxic mentality that landed him in prison in the first place."" If the former NFL star does end up with a TV show, the money is likely to go to the families of murder victims Nicole Brown Simpson and Ronald Goldman, CBS News reports. He will still receive an NFL pension estimated at $25,000 per month.']",3982,"Now, write a one-page summary of all the news.

",multi_news
multi_news,en,,Summary:,532,"  

On December 28, 2014, AirAsia Flight QZ8501, an Airbus A320 carrying 162 passengers and crew, crashed into the Java Sea shortly after departing from Surabaya, Indonesia, during a flight to Singapore. The crash, which occurred amid intense tropical thunderstorms during the monsoon season, resulted in no survivors. Search and rescue teams, including a multinational task force, have been working tirelessly to locate the wreckage and recover the victims.  

Authorities confirmed that the plane had violated its operating license by flying on a Sunday, a day not permitted for the Surabaya to Singapore route. As a result, Indonesia’s transport ministry suspended all AirAsia flights on that route and initiated a full review of the airline’s schedules. The airline, which is 49% owned by Malaysia-based AirAsia, has pledged to cooperate with the investigation.  

Search teams have identified four large parts of the plane on the sea bed, including a section measuring 18 meters long, believed to be part of the fuselage. However, poor underwater visibility and strong currents have hindered efforts to visually inspect the wreckage. Divers, including Russian specialists, are expected to investigate the site if weather conditions improve.  

The cause of the crash remains under investigation, with weather conditions being a leading suspect. A 14-page meteorological report from Indonesia’s Meteorology, Climatology, and Geophysics Agency suggested that the plane may have encountered severe weather, potentially leading to engine icing. The plane was flying at 32,000 feet and had requested to climb to 38,000 feet before losing contact. Radar data indicated an ""unbelievably"" steep climb, possibly beyond the aircraft’s operational limits.  

Despite the discovery of wreckage, the plane’s black boxes—flight data and cockpit voice recorders—have not yet been located, which are crucial for determining the exact sequence of events. As of the seventh day of the search, only 30 bodies have been recovered, with officials noting that the chances of finding more floating bodies are low.  

The crash has had a profound impact on the families of the victims, including a 15-year-old girl who lost her entire family. Rescue efforts have included the recovery of bodies, which are being transported to Surabaya for identification and burial.  

International support has been critical to the search, with vessels from Singapore, Russia, Malaysia, and the U.S. participating in the operation. The hope is that the wreckage remains largely intact, which would aid in the investigation and provide closure",0.0,60e83cb150d2208659417f01bbf493c5035d314d87cf398c,"['Search teams in Indonesia may have found the main fuselage of the AirAsia plane where most of the remaining victims and the plane\'s black boxes are expected to be. Authorities found ""four big parts of the plane we\'re looking for,"" says the official in charge of the search in the Java Sea, reports Reuters. The biggest of the pieces is about 59 feet long and 18 feet wide, reports AP. The pieces have only been detected, not recovered, and divers hope conditions will permit them to reach the objects tomorrow. So far, only 30 of 162 bodies have been recovered, and most of the victims are believed to be still strapped in their seats. Authorities also said today that AirAsia was in violation of its license by flying to Singapore on a Sunday, the day of the crash, reports the Telegraph. As a result, the airline might have its license revoked in Indonesia. There\'s still no conclusions yet in what caused the crash, but theories continue to center on stormy conditions. ""Flight 8501 appears to have been trapped in bad weather that would have been difficult to avoid,"" says a report by Indonesia\'s Meteorology, Climatology and Geophysics Agency.']",2887,"Now, write a one-page summary of all the news.

",multi_news
multi_news,en,,Summary:,532,"  

The Internet Archive has launched a new initiative to address the issue of broken links on the web by systematically archiving web pages as they are created. This effort aims to preserve the content of web pages even if they are later modified or removed, ensuring that users can still access the original version of a page when it was first published. The project, referred to as ""No More 404,"" involves regular crawls of supported websites to capture and store their content.  

The primary objective of this initiative is to maintain the integrity of online information by providing a reliable archive of web pages. When a page is updated or deleted, the Internet Archive intends to replace broken links with links to the archived version of the page. This not only helps preserve the historical context of web content but also enhances the user experience by ensuring that links remain functional over time.  

In addition to fixing broken links, the project also seeks to provide users with a way to view the original content that a page's authors intended to share. This is particularly valuable for researchers, historians, and anyone interested in the evolution of online information. By maintaining a comprehensive archive, the Internet Archive is playing a crucial role in safeguarding the digital record of the internet.  

The initiative represents a significant step forward in the effort to make the web more durable and accessible. As more websites participate in the ""No More 404"" program, the Internet Archive hopes to create a more resilient and reliable web environment where information is not lost to the ever-changing nature of the internet.",0.0,c2d65128a71757d11ddd48b466d7056e772b736e27e30a74,"['The Telegraph reported yesterday on a crazy court case in the UK: After a pregnant Italian woman, in town for business, had a panic attack, social service workers in Essex got a court order allowing the woman to be forcibly sedated and undergo a C-section so they could take her baby. Fifteen months later, the little girl is still with social service workers, who won\'t return her to her mother. The case is now ""an international legal row,"" the Telegraph says, and the anonymous woman\'s lawyers call it ""unprecedented."" The woman was in Britain in July 2012 for an airline training course, and called police when she suffered the panic attack. They arrived while she was on the phone with her mother, who told police the woman suffered from bipolar disorder and was off her medication, according to a Telegraph columnist. Police took her to a psychiatric facility, and restrained her under the Mental Health Act when she said she wanted to go back to her hotel. She underwent the C-section after having been there five weeks. The case is ongoing; the mother says she has made a full recovery, but a judge nonetheless ruled that her daughter should be put up for adoption. More on the case here and here.']",325,"Now, write a one-page summary of all the news.

",multi_news
multi_news,en,,Summary:,532,"  

Habeas corpus, often referred to as the ""Great Writ,"" is a legal principle that prevents the government from detaining individuals indefinitely without just cause. It allows detainees to challenge their imprisonment before a neutral judge, ensuring that the executive branch cannot hold people without legal justification. This principle has been a cornerstone of Western law since the Magna Carta in 1215 and was enshrined in the U.S. Constitution to protect liberty, justice, and democracy.  

However, the legal right to habeas corpus has been significantly weakened by the Military Commissions Act (MCA) of 2006. This law revoked the right to habeas corpus for individuals detained at Guantánamo Bay and for any foreigner labeled an ""enemy combatant,"" including legal residents of the U.S. This provision allows the executive branch to detain individuals without legal recourse, raising serious concerns about due process and the rule of law.  

Guantánamo Bay has become a symbol of this erosion of habeas corpus. Most detainees have little or no evidence against them, and many were captured through bounty systems rather than battlefield encounters. Only a small number have been charged with any crime. Despite numerous legal challenges, the Bush administration has obstructed fair hearings for detainees, leading to indefinite detention, sham trials, and severe psychological conditions. The Supreme Court has repeatedly been called upon to address these issues, with hopes that it will uphold the constitutional right to habeas corpus.  

The MCA's expansion of executive power beyond Guantánamo has raised broader concerns about the erosion of constitutional protections. By allowing the government to detain non-citizens as ""unlawful enemy combatants"" without judicial review, the MCA undermines the foundational legal framework of the United States. Defending habeas corpus is seen as essential to preserving the rule of law and preventing the abuse of executive authority.  

In a separate but related development, a New York court has granted a writ of habeas corpus to two research chimpanzees, Hercules and Leo, at Stony Brook University. This marks the first time in U.S. history that an animal has been granted the right to challenge its detention under the writ. The ruling, while not a final decision on legal personhood, represents a significant step in the ongoing legal battle for animal rights. The Nonhuman Rights Project (NhRP) argues that this decision could pave the way for similar cases involving other animals, such as elephants and whales.  

While some legal experts caution against overinterpreting the ruling, the decision highlights a growing movement to recognize the legal rights of nonhuman animals. The",0.0,87539dc9e35cf94ea5f148dc8b4bed8111d6df1edfb2c283,"['The writ of habeas corpus lets prisoners appear in court to make their captors justify why they\'re being held. Until now in the US, those who\'ve used this legal tactic have been human. But a New York judge yesterday ruled that the writ may be used by two lab chimpanzees at Stony Brook University, Science magazine reports. NY Supreme Court Justice Barbara Jaffe ordered a university rep to address a suit filed by the Nonhuman Rights Project by appearing in court May 6 to argue why the college is holding Hercules and Leo. The group, which says the animals are being detained for biomedical experiments, says its ultimate goal is to have the animals released to the Save the Chimps sanctuary in Fort Pierce, Fla., per the NhRP\'s website. ""This is a big step forward to getting what we are ultimately seeking: the right to bodily liberty for chimpanzees and other cognitively complex animals,"" Natalie Prosin, the project\'s executive director, tells Science. The case kicked off in December 2013 with lawsuits that also included two chimps held on private property; each case was struck down, sending the NhRP down the appeals path. Not everyone\'s convinced the upcoming hearing will mean liberation for the chimps. A Pepperdine University law professor tells Science that the judge likely just wants to hear both sides of the story: ""It would be quite surprising if the judge intended to make a momentous substantive finding that chimpanzees are legal persons"" without doing so, he notes. Prosin, meanwhile, says her group isn\'t stopping with the chimps and will also target the release of other animals. (Click to read about what chimps talk to each other about.)']",1721,"Now, write a one-page summary of all the news.

",multi_news
multi_news,en,,Summary:,532," 

On February 21, 2013, a violent incident occurred on the Las Vegas Strip, resulting in three deaths and at least six injuries. The attack began with a dispute at a hotel on the Strip, which escalated into a car-to-car shooting. A black Range Rover, described as having tinted windows, custom black rims, and paper dealer plates, opened fire on a silver-gray Maserati. The Maserati, driven by Kenneth Wayne Cherry Jr., 27, crashed into a taxi, which then burst into flames. The taxi driver, Michael Boldon, and his passenger were killed, while Cherry and his passenger were also injured. The Range Rover fled the scene, prompting a manhunt that involved authorities in three neighboring states.

Witnesses reported that the altercation began in the valet area of the Aria resort and spilled onto Las Vegas Boulevard. The shooting occurred near the intersection of Las Vegas Boulevard and Flamingo Road, a location known for major hotels such as Bellagio, Caesars Palace, and Bally’s. Police confirmed that the Range Rover was the only vehicle firing shots, and the Maserati driver lost control after being shot, leading to the fatal crash. The taxi, which was affiliated with Desert Cab, exploded due to the impact, and the incident caused significant traffic disruption and closures in the area.

Authorities, including Las Vegas Police Sgt. John Sheahan and Metro Police Sgt. John Sheahan, emphasized that the attack was not a rolling gun battle but rather a targeted shooting at a stoplight. Video footage from traffic cameras and hotel surveillance was being reviewed, though it would not be released publicly. The investigation is ongoing, with no clear motive or suspects identified yet. The incident has raised concerns about safety on the Strip, which has seen other violent events in recent months, including a parking garage shooting and a stabbing in an elevator.

Tourists and locals expressed shock and concern over the violence, with some comparing the event to a movie scene. The Las Vegas Convention and Visitors Authority reassured the public that the city remains a safe destination, while police acknowledged the unusual nature of the incident. The Professional Drivers Association pledged to support the families of the victims, and the incident has sparked discussions about the need for continued vigilance and security measures in the area.",0.0,f5f3a7e4beff536299a26f339ef6838c1abe5cabc5b67680,"['Police in three states are still hunting for a Range Rover whose occupants opened fire on another car on the Vegas Strip this morning and set off a deadly chain reaction. Cops don\'t know most of the details, but they say it started with a dispute of some kind in one of the nearby hotels, then spilled into the street, reports the Las Vegas Sun. When the Range Rover caught up to a Maserati at a stop light, shots were fired from the SUV that sent the Maserati crashing into a taxi, which exploded upon impact. Three people—the Maserati driver, the taxi driver, and a taxi passenger—were killed, and three others were injured, reports the LA Times. Police are hoping to piece together more details by interviewing a passenger in the Maserati, who was injured in the melee. Earlier reports that gunfire came from both vehicles as part of a moving shootout were incorrect. The AP collects this quote from a tourist visiting from Manchester, England: ""This doesn\'t happen where we come from, not on this scale. We get stabbings, and gang violence, but this is like something out of a movie. Like Die Hard or something.""']",3450,"Now, write a one-page summary of all the news.

",multi_news
multi_news,en,,Summary:,532," 

In September 2011, the U.S. Justice Department raided the Gibson Guitar Corporation, marking the second such raid since 2009. The government is investigating Gibson for allegedly trafficking in illegally obtained wood, particularly from Madagascar, under the Lacey Act—a law that prohibits the trade of illegally sourced plants and animals. The raids, which involved federal marshals, led to the shutdown of Gibson’s Nashville and Memphis facilities and the confiscation of wood. Gibson’s CEO, Henry Juszkiewicz, expressed frustration over the lack of transparency from the government, stating that the company has not been charged with any wrongdoing despite being implicated in the investigation.

The Lacey Act, amended in 2008, requires end users of endangered wood to certify the legality of their supply chain. Andrea Johnson of the Environmental Investigation Agency (EIA) claims that Gibson knowingly imported wood linked to illegal timber harvesting in Madagascar, despite a ban on ebony and rosewood exports from the country. Gibson, however, denies these allegations, asserting that all its purchases from Madagascar have complied with U.S. and Malagasy law and that it stopped importing wood from the country in 2009. The company claims the recently seized wood was legally obtained from India.

The controversy has sparked debate within the guitar industry. Chris Martin of C.F. Martin Guitar Co. supports the Lacey Act, calling it a necessary measure to combat illegal logging, while others, like attorney Ronald Bienstock, express concerns over the law’s retroactive application, which could require guitar makers to prove the legality of wood used in instruments decades ago. Vintage guitar dealers, such as George Gruhn, face challenges due to the law’s broad scope, which includes the trade of antique instruments. Gruhn has nearly eliminated a portion of his business due to the legal uncertainties.

Andrea Johnson of the EIA defends the Lacey Act, emphasizing its intent to reduce illegal logging and promote responsible sourcing. She acknowledges the law’s unintended consequences but believes it is essential for protecting forests. The case against Gibson remains ongoing, with the government preparing charges, and the company seeking clarity and a court hearing to defend its position. The situation highlights the growing intersection of environmental regulation and the music industry, as well as the challenges of enforcing international laws on a global scale.",0.0,7c4df519e75e117bb448122ca241a3375f4cdf97025e22fc,"['Allegations of illegal wood imports prompted the Justice Department to raid Gibson Guitar facilities in Tennessee last week. NPR aired the complicated story involving the 100-year old Lacey Act, which prohibits imports of endangered species, including plants, into the US. No formal charges have been pressed, but it appears the issue lies with Gibson possibly importing banned Madagascar ebony. Gibson insists the wood confiscated by marshals was legally acquired rosewood from India. Adding some gusto to the story, right-leaning sites assert that Gibson rival CF Martin uses the same wood in some of its guitars, but the company was never investigated. The Landmark Report thinks that\'s fishy, given that Martin\'s CEO is a Democratic donor and Gibson\'s CEO is a GOP backer. Raising the octave even higher, it is possible Michelle Obama ran afoul of the Lacey Act when she presented France\'s Carla Bruni with a Gibson guitar that may have contained banned wood. However the story plays out, many are frustrated with the retroactive aspect of the law. ""It\'s a nightmare,"" says a dealer. ""I can\'t help it if they used Brazilian rosewood on almost every guitar made prior to 1970.""']",1352,"Now, write a one-page summary of all the news.

",multi_news
multi_news,en,,Summary:,532,"  

On June 3, 2017, Rachel Borch, a 21-year-old woman from Hope, Maine, was jogging on a familiar wooded trail near her home when she encountered a rabid raccoon. The animal, which was acting aggressively and unusually, charged at her with its teeth bared. Borch, who had been warned by her brother about the raccoon’s presence, initially tried to avoid it but was soon cornered. The raccoon latched onto her thumb, biting down and refusing to let go.  

In a moment of desperation, Borch used the muddy water on the ground to submerge the raccoon, holding it underwater until it stopped struggling. She then ran home, bleeding and in shock, and called for help. Her father retrieved the raccoon, which was later confirmed by the Maine Center for Disease Control to be rabid.  

Borch received a series of rabies vaccinations, immunoglobulin, and tetanus shots, with her final shot scheduled for the weekend. She emphasized that the encounter was a result of self-defense and noted that she had never killed an animal with her bare hands.  

This incident is not isolated. Earlier in June 2017, a man in Wiscasset was bitten by a rabid fox, and as of June 7, 20 animals, including raccoons, red foxes, and skunks, had tested positive for rabies in Maine that year. In 2016, 64 animals tested positive.  

Hope Animal Control Officer Heidi Blood warned that the presence of one rabid animal often indicates others in the area, as rabies can spread quickly among wildlife. She emphasized the importance of avoiding contact with any suspicious animals, even dead ones, as the virus can remain active for up to 24 hours.  

Blood also noted that rabies is almost always fatal if left untreated, and that Maine law requires all cats and dogs, even those that stay indoors, to be vaccinated against the disease.  

Borch’s experience has left her with a new perspective on wildlife, particularly raccoons, which she once viewed as harmless. She described the encounter as surreal, akin to a scene from a Stephen King novel, and expressed that she will never look at raccoons the same way again.  

This incident serves as a stark reminder of the dangers posed by rabies and the importance of vigilance, especially in areas where wildlife is prevalent.",0.0,f43f9ce2fa78f95ac1828a5344740662285ef3db08df7ba1,"['Rachel Borch was out for a jog in the woods near her home in Hope, Maine, when a ""ferocious-looking"" attacker with beady eyes and tiny teeth made a beeline for her, reports the Camden Herald. Borch, 21, knew immediately that something was wrong with the raccoon that was charging toward her. ""Imagine the Tasmanian devil,"" she tells the Bangor Daily News of the ""terrifying"" June 3 incident. Yanking out her headphones, she began ""dancing"" around the animal on the narrow path, but she tells the Herald she knew that, one way or another, the animal was going to bite her. She figured her hands would be the best spot, so she offered them up. The raccoon chomped down on her thumb and stayed there, scratching at her legs and arms as she screamed. Now on her knees, she spotted her phone lying submerged in a mud puddle, and had an idea: drown it. ""With my thumb in its mouth, I just pushed its head down into the muck,"" she tells the News. When the raccoon finally stopped moving, she yanked out her finger and raced the three-quarters of a mile home. Two days later, the state confirmed the animal was infected with rabies. Borch got rabies shots, and an animal control officer adds an unpleasant footnote: The infected raccoon may not be alone. ""Not to scare people,"" Heidi Blood tells the News, but ""when there’s one, there’s typically another."" (Normally nocturnal like raccoons, a crazed beaver attacked a woman paddle-boarder.)']",1996,"Now, write a one-page summary of all the news.

",multi_news
multi_news,en,,Summary:,532,"  

Recent scientific studies have significantly advanced our understanding of Mars' ancient climate and its potential to support life. Researchers have discovered that Mars was once a much wetter and warmer planet, with evidence suggesting the presence of a vast ocean covering nearly half of its northern hemisphere. This ancient ocean, which could have been as deep as a mile in some areas, held an estimated 20 million cubic kilometers of water—more than the Arctic Ocean on Earth. This finding challenges previous assumptions that Mars had only sporadic water activity and instead supports the idea of a long-standing, stable water system that existed for millions of years.  

The evidence for this ancient ocean comes from detailed analysis of the Martian atmosphere, particularly the isotopic composition of water molecules. Mars' water contains a higher proportion of deuterium (a heavier isotope of hydrogen) compared to Earth, which scientists attribute to the gradual loss of ordinary hydrogen into space over time. This process, known as isotopic fractionation, allows researchers to estimate how much water Mars once had. The high deuterium levels suggest that Mars lost a vast amount of water, equivalent to more than six times the current volume locked in its polar ice caps.  

Studies using powerful infrared telescopes, including the Keck II telescope, NASA’s Infrared Telescope Facility, and the European Southern Observatory’s Very Large Telescope, have mapped the distribution of water vapor across Mars. These maps reveal that water near the polar ice caps is highly enriched in deuterium, indicating that the water in these regions is a remnant of the planet's ancient water reservoirs. The data also show that the water in certain basins and low-lying areas was even more enriched, while high-altitude regions had lower deuterium levels.  

Scientists estimate that the total volume of water that once existed on Mars could have formed a global ocean covering the entire planet to a depth of about 137 meters. However, the water likely pooled in the low-lying northern plains, forming a large, deep ocean that covered nearly a fifth of the planet’s surface. This ocean would have provided a potentially habitable environment for life, as it would have sustained lakes, rivers, and deltas for extended periods.  

The findings also suggest that Mars was warm enough to maintain liquid water for a significant portion of its history, which is crucial for the development of life. While the presence of water and a potentially habitable environment does not confirm that life existed on Mars, it strengthens the case for the planet's past habitability. The search for life on Mars is expected to intensify with upcoming missions, such as the European Space Agency’s Ex",0.0,f525eb46942a990f7fc284f7ed92f0b3330cbf0b7e92821e,"['Imagine all the water in the Arctic Ocean. Now, imagine all that and more on Mars. If you visited the Red Planet roughly 4.3 billion years ago, that\'s what you likely would have found, say NASA scientists. Their new study arrived at that ""solid estimate ... by determining how much water was lost to space,"" says lead author Geronimo Villanueva. The Guardian reports the scientists used three powerful infrared telescopes to analyze two forms of water in Mars\' atmosphere: H2O and HDO, in which deuterium (aka ""heavy"" hydrogen) has taken the place of one hydrogen atom. As National Geographic explains, Mars\' gravity is weaker than our own; that allowed hydrogen to escape from the atmosphere and into space over time, boosting the amount of deuterium in its water. Scientists compared the ratio of HDO to H2O in Martian water today with that in water from a 4.5 billion-year-old Mars meteorite to arrive at their conclusions, a press release states. They ultimately calculated that Mars was once home to 20 million cubic kilometers of ocean. It could have covered every inch of the planet in water 450 feet deep, but the scientists think a different scenario is more likely: that the ocean covered roughly a fifth of the planet, was located in the northern hemisphere, and was as much as a mile deep. While National Geographic observes the findings back up ""reams of earlier evidence that water once existed on the surface"" of Mars, another study author points out the assessment of the degree of water lost indicates something new. ""The planet was very likely wet for a longer period of time than was previously thought, suggesting it might have been habitable for longer,"" a scientist says. (Mysterious plumes on Mars are stumping scientists.)']",1999,"Now, write a one-page summary of all the news.

",multi_news
multi_news,en,,Summary:,532," 

In 2014, Swedish chemistry professor Charlotta Turner found herself in an extraordinary situation when her doctoral student, Firas Jumaah, sent her a text message from Iraq. Jumaah, a member of the Yazidi ethno-religious group targeted by ISIS, had returned to his native country to protect his wife and two children, who had been living there for a family wedding. As ISIS launched a brutal offensive in northern Iraq, including the massacre and enslavement of thousands of Yazidis, Jumaah’s family was in grave danger. 

Fearing for their lives, Jumaah informed Turner that he would not return to Sweden within a week and requested that she remove him from the doctoral program. He explained that his family was hiding in a disused bleach factory, with the sounds of ISIS gunfire echoing around them. Turner, deeply disturbed by the situation, refused to let her student face such peril alone. 

Determined to act, Turner reached out to the university’s security chief, Per Gustafson, who had a global transport and security agreement. Within days, a rescue operation was organized. A team of armed mercenaries arrived in the area, and Jumaah, along with his wife and two children, was safely evacuated to Erbil Airport. The family was eventually able to return to Sweden, where Jumaah completed his PhD and now works for a pharmaceutical company in Malmö. 

The university covered the costs of the rescue, and the family has nearly repaid the expenses. Gustafson noted that this was a unique event, as no other university had been involved in such a rescue mission. Turner described the experience as both a privilege and a moral obligation, emphasizing the importance of standing up against the violence and oppression inflicted by ISIS. 

This incident highlights the personal and professional commitment of individuals like Turner, who went beyond academic responsibilities to save a student’s life in the face of global conflict. It also underscores the broader humanitarian crisis faced by the Yazidi community and the role of international institutions in responding to such emergencies.",0.0,4d3783115f3756945540fe966195e80fcaa62aa7c3e58b4a,"['Four years ago, a chemistry professor got a text from her grad student: If I\'m not back in a week, cut me from the doctoral program. Charlotta Turner called him right away: ""He was very sad and crying,” the 48-year-old prof at Lund University in Sweden tells NBC News. ""I could hear that the situation was hopeless and they had to flee."" The student, Firas Jumaah, was visiting his native Iraq to help family members during a brutal 2014 ISIS attack targeting Yazidis—a religious minority that includes his family. The terror group had just enslaved and massacred Yazidis by the thousand in nearby Sinjar. Now Jumaah and family were planning to flee to the mountains. ""I had no hope at all,"" says Jumaah, per the Local. ""I was desperate."" But Turner took action. She spoke to Lund University\'s then-security chief, who contacted a company that sent mercenaries into northern Iraq. Only days later, four armed mercs on two Landcruisers blazed into the place where Jumaah was hiding, and rushed him to Erbil Airport with his wife and two young kids. ""I have never felt so privileged, so VIP,"" he says. ""But at the same time I felt like a coward as I left my mother and sisters behind me."" Seeing his colleagues back in Sweden, he was speechless: ""I just cried,"" he says. Yet Jumaah finished his PhD and found work at a Malmo pharmaceuticals company, and his family survived. The bill: roughly 60,000 kroner ($6,613), which his family has nearly finished paying. “If they told me to pay 200,000 kronor, I would,” says Jumaah. (The UN is finding fresh ISIS horrors.)']",1173,"Now, write a one-page summary of all the news.

",multi_news
multi_news,en,,Summary:,532,"  

Pippa Middleton, the sister-in-law of England’s future king, found herself at the center of a media storm after a controversial incident in Paris. The event occurred when she was photographed laughing as a male companion in her car pointed a gun at a paparazzi photographer. The incident took place during a weekend trip to Paris, where Pippa attended a lavish 18th-century-themed party hosted by her close friend, the French aristocrat and fashion designer Vicomte Arthur de Soultrait.  

The gun in question was later confirmed to be a fake, with a spokesperson for de Soultrait’s company stating it was a “stupid joke.” Despite this, the incident sparked public outrage, especially in the wake of recent high-profile shootings in France. French authorities are investigating the matter, and all four individuals in the car—Pippa, de Soultrait, and two other men—could face legal consequences. If the gun was real, the offenders could be jailed for up to seven years; if it was fake, the sentence could be up to two years.  

Pippa, known as “Her Royal Hotness,” has long been a target of paparazzi due to her high-profile status and her role as the sister of the Duchess of Cambridge. She has previously taken legal action against media outlets that distributed her photographs. The incident has raised questions about her level of involvement and whether she found the situation amusing.  

The event has the potential to overshadow the Queen’s Diamond Jubilee celebrations, and there is concern that the Royal Family may face embarrassment due to Pippa’s association with the incident. While Buckingham Palace has not commented, some media outlets suggest that the royal family may be considering bringing Pippa into their fold for greater protection and support.  

The party itself was described as decadent and extravagant, featuring period costumes, a stripper emerging from a cake, and a range of eccentric guests. Pippa was a guest of honor and was surrounded by a group of admirers throughout the event. The incident has highlighted the challenges Pippa faces as a public figure who is not officially part of the royal family but is closely associated with it.  

Overall, the incident has drawn significant media attention and public scrutiny, raising questions about the boundaries of celebrity behavior, the role of the media, and the responsibilities of the royal family in protecting its extended members.",0.0,f29dd7b68a1d950a581a11a274ae8966472c4f273a1ee60c,"['A ""gun joke"" involving palace sis-in-law Pippa Middleton is causing a royal stir. The driver of a car that Pippa, 28, was riding in smilingly pointed what looked like a gun at pestering paparazzi in Paris over the weekend. Now he says he was just goofing around, and the gun wasn\'t real. ""It was not a real gun. It was just a stupid joke,"" said a representative. The French aren\'t laughing, though, especially in the wake of the shocking shootings in Toulouse last month. Paris authorities warned that everyone in the car (including grinning Pippa) could face arrest and even two years in prison. ""Anybody involved in the illegal use of a handgun in public is liable to arrest and interrogation,"" a source told the Sun. But so far, no one has filed a complaint, and the ""targeted"" photographer didn\'t feel threatened, reports ABC. The driver hasn\'t yet been identified. Her Royal Hotness was in the front passenger\'s seat, and sitting in the back were two men, including aristocrat fashion designer Viscount Arthur de Soultrait, whose wild birthday party Pippa attended (for photos, check here). Buckingham Palace reps are keeping mum, saying Pippa is a ""private individual"" and not their concern.']",3726,"Now, write a one-page summary of all the news.

",multi_news
multi_news,en,,Summary:,532,"  

A series of jewelry store robberies across the southeastern United States has led to the identification of a suspected female suspect, believed to be working with an accomplice. The suspect, described as a brunette in her 20s or 30s, approximately 5 feet 8 inches tall and weighing around 130 pounds, has been linked to six separate robberies in Florida, Georgia, South Carolina, Tennessee, and North Carolina since April.  

The most recent robbery occurred on Monday at a Jared Vault in Mebane, North Carolina, where the suspect forced two employees into a back room at gunpoint, tied them with zip-ties, and stole an undisclosed amount of jewelry. No one was injured in this incident.  

The FBI and local law enforcement have released surveillance images of the suspect, who is considered armed and dangerous. The suspect is believed to be working with a male accomplice, described as black, in his 30s or 40s, 6 feet tall, and weighing 250 pounds. The man was captured on camera during three of the robberies, including those in Panama City Beach, Florida, and Dawsonville, Georgia.  

The suspect has been linked to multiple high-value thefts, with total estimated losses exceeding $450,000. The first known robbery occurred at a Jared store in Woodstock, Georgia, followed by a Zales in Dawsonville, Georgia, where $13,000 in jewelry was stolen. In October, the suspect robbed a Reeds Jewelers in Panama City Beach, Florida, stealing over $400,000 in goods.  

In each of the robberies, the suspect has used similar tactics: entering the store, displaying a gun, forcing employees into a back room, tying them up with zip-ties, and then stealing jewelry. The suspect has been seen wearing a blue or purple striped skirt and a lavender and black brimmed hat during one of the incidents in South Carolina.  

Authorities are investigating similar incidents in Florida, South Carolina, and Georgia, and are urging anyone with information about the suspects to come forward. The FBI has provided a contact number for tips, and local police in Mebane and Alamance County have also issued their own contact details for assistance.  

The ongoing investigation highlights the coordinated nature of the crimes and the potential danger posed by both suspects. Law enforcement is working to identify and apprehend the individuals involved in these robberies.",0.0,9a80a9ec70584025030b77bd8d6e353068e24603ace24e3d,"['A woman believed to be in her 20s or 30s held employees of a Jared Vault jewelry store in Mebane, NC, at gunpoint on Monday before making off with jewelry piled into a shopping bag. But this wasn\'t her first rodeo: The FBI says the same brunette has robbed five other jewelry stores across the South since April, including in Florida, Georgia, South Carolina, and Tennessee, netting more than $450,000 worth of bling, per WNCN. A black man in his 30s or 40s, weighing about 250 pounds, was spotted by cameras during three of the robberies, reports NBC News. The FBI says both suspects ""are considered armed and dangerous.""']",786,"Now, write a one-page summary of all the news.

",multi_news
multi_news,en,,Summary:,532,"  

Ariel Winter, the 19-year-old star of *Modern Family*, has been in the news for her bold and unapologetic approach to self-expression, both on and off the screen. Known for her confident presence on social media, Winter has become a fan favorite for her fearless attitude, particularly in how she handles criticism and maintains her personal style.  

Recently, Winter faced backlash for her choice of attire at a *Modern Family* event. She wore a gilded, embellished minidress with a high neckline, deep plunging cutout, and mesh panels that revealed her cleavage and thighs. The dress was paired with gold stilettos, a natural glowy makeup look, and long, flowing hair. While her co-stars opted for more casual or subdued outfits, Winter’s choice drew some negative comments, with some critics calling her outfit “too much” or even suggesting she was “trying too hard to look slutty.”  

In response, Winter took to Instagram to defend her fashion choices. She expressed frustration with the judgment she received, stating, “Why TF does anyone care that I didn’t dress casual like everyone else for the panel?” She emphasized the importance of self-expression and individuality, saying, “WEAR WHATEVER YOU WANT PEOPLE! As long as you feel good about yourself that’s what matters.” Her message resonated with many, as it highlighted the importance of personal freedom and not letting others dictate how one should present themselves.  

In addition to her fashion choices, Winter has also drawn attention for her baby voice, which she showcased during an appearance on *The Conan O’Brien Show*. The voice, which she described as something that “creeps out” her boyfriend and friends, was met with mixed reactions. While some found it amusing, others found it unsettling, with one commenter comparing it to the sound of a dying cat. Despite the controversy, Winter’s unapologetic attitude and confidence have continued to earn her support from fans and critics alike.  

Winter has also been vocal about her stance on social media, particularly regarding online harassment. In an interview with *Elite Daily*, she spoke about her approach to dealing with trolls and haters, stating that she no longer lets their opinions affect her. She emphasized the importance of self-love and self-acceptance, saying, “If I can’t win, I’m going to work on a relationship with myself, which I also think is the most important thing we can teach young women and men today.”  

Overall, Ariel Winter continues to be a powerful voice in pop culture, using her platform to advocate for self-expression,",0.0,32350309f0cb915ff04aed26ed124c6533fe32573b42dd4b,"['Modern Family star Ariel Winter has words for those who criticized the gold minidress she wore to an event for the show Wednesday night, People reports. Photos from the screening of the season eight finale showed that Winter\'s outfit stood out among the clothes worn by the other cast members who attended (Julie Bowen, for example, wore black slacks with a simple top, while Ty Burrell showed up in jeans). USA Today describes Winter\'s outfit like so: ""Mesh panels showed off her cleavage as well as the tops of her thighs."" But some of the commentary on Winter\'s outfit went beyond simply calling the teen overdressed, with some going so far as to say she looked ""slutty."" On Thursday night, Winter responded on Instagram. ""Why TF does anyone care that I didn\'t dress casual like everyone else for the panel? Why do I have to be like everyone else? Why can’t people just let other people feel good about themselves and do what they want?"" the 19-year-old wrote. ""WEAR WHATEVER YOU WANT PEOPLE! As long as you feel good about yourself that’s what matters. I know I did. Don’t ever let anyone stifle who you are and how you express yourself. Rant over."" (Winter says her ""baby voice"" makes her boyfriend uncomfortable.)']",1415,"Now, write a one-page summary of all the news.

",multi_news
multi_news,en,,Summary:,532,"  

A record-breaking $636 million Mega Millions jackpot was won by at least two individuals in the United States, marking one of the largest lottery prizes in the country's history. The winning numbers were 8, 20, 14, 17, and 39, with a Megaball of 7. The jackpot, which had grown to $586 million just a day earlier, was expected to rise further if no one claimed it, potentially reaching $950 million for the next drawing.  

Winners have a limited time—up to 180 days—to claim their prize. Experts advise winners to take immediate steps to protect their winnings, including signing the ticket, securing it in a safe place, and consulting with experienced legal and financial professionals. Winners are also encouraged to consider whether to take the lump-sum cash option or the annuity payment plan, which provides annual payments over 30 years.  

Maintaining anonymity is another key consideration, as only a few states allow lottery winners to remain private. Winners may need to hire public relations experts or bodyguards to protect their privacy and safety. Some winners choose to take a temporary trip to avoid media attention and public scrutiny.  

The jackpot was fueled by a surge in ticket sales, with a last-minute buying frenzy just before the December 17 drawing. Sales reached a fever pitch over the weekend, with 20% more tickets sold than expected. The prize was on track to surpass the previous U.S. record of $656 million, set in March 2012.  

Despite the excitement surrounding the jackpot, some lottery winners have failed to claim their prizes, with over $800 million in unclaimed prizes reported in the previous year. This highlights the importance of checking tickets carefully, even for those who only play when the jackpot is large.  

Overall, the Mega Millions jackpot has once again captured the public's imagination, offering a glimpse into the dreams and realities of sudden wealth. While the allure of winning the lottery is strong, the advice for winners remains clear: act quickly, stay safe, and seek expert guidance to manage the newfound fortune responsibly.",0.0,e614f7f571505896fb9a084fbb7fe96b749f84279cc1d950,"['Tonight\'s Mega Millions prize could end up being the biggest US jackpot ever. It\'s already hit $636 million; by tonight, it could rise past the $656 million record, Reuters notes. Let\'s say, for the sake of argument, that you win it (you won\'t). When you can breathe again, you\'ll want to take quick action to ensure that you deal with your newfound millions safely and effectively. At CNN, Steve Almasy offers a checklist: First, sign the ticket. You don\'t want to risk losing it, or having a ""friend"" claim it. While you\'re at it, you might want to take a selfie with the ticket, then drop it in a safe deposit box. Then, seek out financial experts, but not too many—you want to keep the news quiet as long as possible. ""Start with one experienced attorney and look for a seasoned certified financial planner,"" Almasy writes. Big question: Is there any way you can legally remain anonymous? If you live in South Carolina or a handful of other states, the answer is yes, but generally you\'ll have a tough time hiding. You might want to hire a PR person. In fact, you might want to slip out of the country until the hubbub over the prize has died down. Didn\'t win? Don\'t forget to check if you\'ve qualified for runner-up cash. Last year saw $800 million in unclaimed lottery winnings. Click for Almasy\'s full piece.']",1747,"Now, write a one-page summary of all the news.

",multi_news
multi_news,en,,Summary:,532," 

The news passages provided cover a range of topics, including the long-standing contribution of Alexa Internet to the Internet Archive and a tragic double murder in Fort Worth, Texas. Below is a concise one-page summary of all the news:

---

**Summary of News Passages**

**1. Contribution of Alexa Internet to the Internet Archive**  
Since 1996, Alexa Internet has been donating its crawl data to the Internet Archive. This data is continuously added to the Wayback Machine after an embargo period, allowing for the preservation of web content over time. This initiative supports digital archiving and historical research by maintaining a record of the internet's evolution.

**2. Tragic Double Murder in Fort Worth, Texas**  
On October 22, 2016, two neighbors were found fatally shot in their driveway in South Fort Worth. The incident occurred early Sunday morning when police were initially called to the scene due to a reported robbery. Upon arrival, they discovered two bodies outside the home. The victims, who were longtime residents, have not been identified, and the motive for the shooting remains unknown.

**3. Arrest of Cary Joseph Heath in Connection with the Murders**  
Cary Joseph Heath, a 35-year-old middle school teacher at Permenter Middle School in Cedar Hill, was arrested on capital murder charges the following day. Heath, who lives in the 900 block of Buffalo Springs Drive, was booked on a $1 million bond. He was placed on administrative leave by the Cedar Hill Independent School District. A witness, Jordan Milner, reported that Heath used an assault rifle to kill the two victims, firing multiple rounds from the scene. 

**4. Community Reaction and Concerns**  
The arrest of a teacher suspected of committing a violent crime has raised concerns among parents and community members. Many were unaware of the incident and expressed fear for the safety of children in the school. Parents emphasized the need for greater transparency and safety measures, as Heath had been in close proximity to students daily.

**5. Ongoing Investigation**  
Police continue to investigate the case, with no further details on the victims or the exact circumstances of the shooting. The school district has taken steps to inform parents, though some have not received the information. The case highlights the intersection of personal tragedy, community safety, and the responsibilities of educators.

---

In summary, the news covers both a technological contribution to digital preservation and a tragic event that sparked community concern and ongoing legal investigation. The two stories, though unrelated, reflect the diverse range of issues that can impact society.",0.0,00b5ebc7a259107bbfa5817da07bde0fa0ec3fad53ef8d30,"['Cary Heath was arrested Monday at the Texas middle school where he teaches eighth-grade science a day after police say he murdered two of his neighbors, NBC DFW reports. According to the Fort Worth Star-Telegram, shots were fired shortly before 4am Sunday at a home down the street from where Heath lives. Police arrived to find two men dead in the home\'s driveway. ""From my understanding, the guy had an assault rife,"" a neighbor who woke up to gunshots tells NBC. ""From the looks of it, due to the shell casings, he unloaded the whole clip."" Police aren\'t discussing a motive for the killings, though the first 911 call from the scene was regarding a robbery. The 35-year-old Heath is being held on $1 million bond and has been placed on administrative leave. The school notified parents of the situation via automated phone messages, WFAA reports. One mother says ""it\'s very scary"" that someone suspected of murder was teaching children. ""They should be safe over there to get their education and come home,"" she says. Heath served in the Air Force for 13 years before recently becoming a teacher.']",875,"Now, write a one-page summary of all the news.

",multi_news
multi_news,en,,Summary:,532," 

In a heartwarming and unexpected act of kindness, a Florida police officer went above and beyond her duty to help an elderly woman who had lost a cherished engagement ring. The incident occurred at Westside Regional Medical Center in Plantation, Florida, where Betty Wagner, an 89-year-old woman suffering from Alzheimer's, had her engagement ring stolen from her finger. The ring, which had been on her finger for 67 years, was purchased by her husband, Arthur Wagner, in 1946 for $400. The theft left Betty emotionally distressed, as the ring was not only a symbol of their enduring love but also a part of her identity.

Arthur Wagner reported the theft to Plantation Police, and Officer Laurie Graber was sent to investigate. Moved by the couple's story, Graber decided to take action. She purchased a replacement ring from J.C. Penney and delivered it to Betty, along with a heartfelt note expressing the significance of the 67-year-old promise. The new ring, though not the same as the original, brought comfort to Betty and her husband, who had been deeply affected by the loss.

The theft left the couple feeling helpless, especially given Betty's vulnerability due to her Alzheimer's. Officer Graber emphasized the emotional impact of the crime, stating that it was difficult to imagine taking something from someone so vulnerable. Despite the emotional toll, Graber acted out of a sense of duty and compassion, not for recognition.

Police are still investigating the theft, reviewing surveillance footage from the hospital in hopes of identifying the thief. The original ring, now valued at around $4,500, remains missing. Authorities have urged anyone with information to come forward, offering a reward for assistance. 

This incident highlights the power of kindness and the impact of small, thoughtful gestures in times of hardship. Officer Graber's actions not only restored a piece of Betty's life but also reminded everyone of the importance of love, commitment, and compassion in the face of adversity.",0.0,e67008dd5afa06246bb5871bc99578da12bec422c6f04932,"['A classy move by a Florida cop is making headlines: Laurie Graber, an officer in Plantation, got the call for a particularly low-level crime—someone had ripped the engagement ring off the finger of an 87-year-old woman bedridden with Alzheimer\'s in a hospital, reports Fox News. By the bruises on Betty Wagner\'s finger, it wasn\'t an easy job, and no wonder—the ring had been there for 67 years. ""I just couldn\'t imagine what kind of depravity you would have to have to take something off of someone so vulnerable,"" Graber tells WSVN. Upon leaving the hospital, Graber went to JCPenney and shelled out for a replacement ring with her own money. She brought it back to the nurses\' station with a note, reports AOL.com: ""It\'s not much, it\'s not the same. But 67 years of a promise kept should be recognized."" Husband Arthur, who placed the original on his soon-to-be wife\'s hand in 1946, says the gesture has helped him deal with the theft. (Another Florida officer bought groceries for a mom caught shoplifting.)']",1212,"Now, write a one-page summary of all the news.

",multi_news
multi_news,en,,Summary:,532,"  

Dzhokhar Tsarnaev, the Boston Marathon bomber, is facing a legal battle over his conviction and death sentence. His defense team, led by attorney Judy Clarke, has argued that the trial should have been held outside Boston due to the intense public outrage surrounding the 2013 bombings, which killed three people and injured over 260. They claim that jurors could not have avoided media coverage, including social media posts from friends and family, and that the trial environment was prejudicial. The defense also cited a recent Supreme Court ruling that cast doubt on the definition of a ""crime of violence,"" which was used to justify Tsarnaev’s death sentence.  

Tsarnaev was sentenced to death in June 2015 for his role in the bombings, which were carried out by him and his older brother. His legal team has appealed both the conviction and the death penalty, arguing that the publicity surrounding the case made a fair trial impossible. They also claim that the death penalty is unconstitutional, citing a dissent by Justice Stephen Breyer, who suggested that the death penalty may now be considered ""cruel and unusual punishment."" However, the majority opinion in the same case upheld the constitutionality of capital punishment.  

Despite the conviction, Tsarnaev’s fate is not immediately clear. He has become the youngest person on federal death row, joining a small group of 62 inmates. However, the U.S. federal death penalty is rarely used, with only three executions carried out in the past 50 years. Legal experts estimate that it could take at least 10 years before Tsarnaev’s case reaches the execution phase, as the appeals process is lengthy and complex.  

The defense has outlined two main arguments for appeal: the trial should not have taken place in Boston due to prejudicial publicity, and the defense was not given sufficient time to present mitigation arguments. The case also highlights the broader issue of federal involvement in capital punishment, which is less common than in individual states, particularly in the South. Most federal death row inmates were sentenced for crimes involving federal jurisdiction, such as crimes on federal land or cross-state offenses, rather than acts of public violence like the Boston Marathon bombings.  

Overall, Tsarnaev’s case represents a high-profile legal and moral debate over the death penalty, the impact of media on jury impartiality, and the broader use of capital punishment in the United States.",0.0,d30be80c0ac46bf18e40be8f115604ca446a1e7680d6ddef,"['Not a huge surprise: Lawyers for Boston marathon bomber Dzhokhar Tsarnaev today appealed his death-penalty conviction, arguing that ""continuous and unrelenting publicity"" biased jurors and made a fair trial in Boston impossible, NBC News reports. ""Put simply, prejudicial media coverage, events, and environment saturated greater Boston, including the social networks of actual trial jurors, and made it an improper venue for the trial of this case,"" say the papers. The lawyers want another trial at a new location, the AP reports. Earlier this year, the Guardian reminded us that Tsarnaev\'s appeals will likely delay his punishment for ""at least a decade."" The April 15, 2013, bomb strike in Boston left three dead and more than 200 maimed or injured.']",1067,"Now, write a one-page summary of all the news.

",multi_news
multi_news,en,,Summary:,532,"  

The New York Stock Exchange (NYSE), a cornerstone of American capitalism for over 220 years, is set to be acquired in an $8.2 billion merger with IntercontinentalExchange (ICE), a leading commodities and derivatives trading platform. This deal marks a significant shift in the financial industry, highlighting the growing dominance of derivatives trading over traditional stock trading.  

According to reports, ICE is expected to offer approximately $33 per share, with two-thirds of the value in stock, representing a 37% premium over NYSE Euronext’s recent stock price. The merger could be announced as early as Thursday, though there are still uncertainties. If finalized, the combined entity would control 14 stock and futures exchanges and five clearing operations, making it the largest and most geographically diverse exchange operator globally.  

The NYSE, known for its iconic opening bell and floor trading, has seen a decline in its relevance as the market has shifted toward electronic trading. NYSE Euronext, the parent company of the NYSE, now focuses more on derivatives and over-the-counter trading, including its Liffe market in London. In contrast, ICE specializes in commodities like oil, natural gas, and cotton, and has experienced strong growth in recent years.  

This merger is seen as a strategic move for ICE, which is one of the fastest-growing exchanges in the industry, to expand its footprint and gain access to NYSE Euronext’s robust derivatives business. The deal would also allow ICE to benefit from economies of scale, cost savings, and increased market share.  

The potential merger has drawn attention from regulatory bodies and competitors. While the Justice Department previously blocked a similar bid involving NYSE Euronext and Nasdaq OMX Group due to antitrust concerns, this deal may face fewer regulatory hurdles because both companies are based in the United States. The CME Group, a major competitor in derivatives trading, could also oppose the merger, but it has shown little interest in bidding for NYSE Euronext in the past.  

The NYSE’s decline in stock trading volume has been a key factor in the merger. NYSE Euronext now accounts for only about 11% of all U.S. stock trading, with its electronic Arca platform contributing an additional 12%. Meanwhile, derivatives trading, where ICE has a strong presence, has seen a slower decline.  

The merger also reflects a broader trend of consolidation in the financial industry, as exchanges seek to expand their operations and reduce costs. The deal could lead to further industry changes, as other exchanges may attempt to challenge or block the transaction.  

Shares of",0.0,8fcab0ef4e02147eb2cb3ac99b3023dfe9db11b3f3fe68d1,"[""InterContinentalExchange Inc. has agreed to buy NYSE Euronext, the company that owns the New York Stock Exchange, for $8.2 billion, the two companies announced this morning. ICE, an Atlanta-based commodity exchange, says it intends to leave the NYSE's branding alone, and would explore an IPO for Euronext, spinning it off into a continental European entity, the Wall Street Journal reports. It will pay $33.12 a share for the elder exchange, or about a 37% premium on yesterday's close. You might remember ICE from its last attempt to buy the NYSE, which failed thanks to antitrust concerns from regulators. While the 12-year-old company may lack the name recognition of the iconic NYSE, it's much larger in terms of market capitalization, at $9.3 billion to NYSE Euronext's $5.8 billion—a sign, the New York Times observes, of how completely commodity trading has outpaced stock trading in relevance.""]",1042,"Now, write a one-page summary of all the news.

",multi_news
multi_news,en,,Summary:,532,"  

In response to growing criticism over its lack of diversity, the Academy of Motion Pictures Arts and Science, the organization behind the Oscars, has taken significant steps to expand its membership. The Academy, long criticized for its predominantly older, male, and white membership, has launched a major overhaul aimed at increasing representation across gender and ethnicity. As part of this initiative, the Academy has sent out an unprecedented 683 membership invitations, with nearly half of the invitees being women and 41% being people of color.  

The list of invitees includes a wide range of influential figures in the film industry, from established directors such as Catherine Breillat, Park Chan-wook, and Lucrecia Martel, to up-and-coming talent like Ryan Coogler and Patty Jenkins. The invitation list also features a diverse array of actors, including Luis Guzmán, Idris Elba, Tessa Thompson, and Michael B. Jordan, among others. The inclusion of international filmmakers and actors highlights the Academy’s effort to broaden its global reach and representation.  

This move comes in the wake of the #OscarsSoWhite movement, which gained momentum after the 2015 and 2016 Oscar nominations, which featured all-white acting categories. The hashtag, popularized by April Reign, sparked widespread discussion about the lack of diversity in Hollywood and put pressure on the Academy to take action. In response, the Academy pledged to double the number of women and people of color in its membership by 2020. The recent invitation list marks the first major step toward fulfilling that commitment, signaling a shift toward greater inclusivity in the film industry.  

While the Academy’s efforts are seen as a positive step, the long-term impact of these changes will depend on how effectively the organization can maintain and expand this diversity in the years to come. The move reflects a broader cultural shift in Hollywood, where diversity and representation have become central to both public discourse and industry practices.",0.0,604c0b723e4c77d2814cae6b70f452e09711db9412c90869,"['Apparently still smarting from some of Chris Rock\'s Oscars barbs, the Academy of Motion Picture Arts and Sciences invited 683 people—many of them women and minorities—to join in an unprecedented move Wednesday, Reuters reports. The voting group behind the Oscars is largely old, white, and male and was lambasted this year with the hashtag #OscarsSoWhite after two years in a row of all-white acting nominees. In response, the academy is attempting to—as the AV Club puts it—"" add seemingly goddamn everyone it had, for one reason or another, forgotten to invite into its membership.” The actors, directors, and others invited Wednesday include Idris Elba, Eva Mendes, Oscar Isaac, John Boyega, Ice Cube, Greta Gerqig, Michael B. Jordan, Vivica A. Fox, the Wachowskis, James Wan, Luis Guzmán, Kate Beckinsale, Park Chan-wook, James Hong, Michelle Rodriguez, and not one, not two, but three Wayans brothers. Of the new invitees, 46% are women and 41% are people of color. If all 683 accept their invite, women would account for 27% of the more than 7,000 academy members (up from 25%) and minorities would total 11% (up from 8%). “I\'m especially happy to be part of such a diverse group. I actually want to hang out and watch movies with most of the people on this list,"" Arab-German director Lexi Alexander tells the Los Angeles Times. “To be honest, I cried a few tears when I started to get congratulation tweets in Arabic.” Other invitees took to Twitter to share similar sentiments. “Excited to use my vote to nominate talent that reflects the real world we live in—DIVERSITY,"" tweets Brie Larson, who won best actress at this year\'s Oscars.']",682,"Now, write a one-page summary of all the news.

",multi_news
multi_news,en,,Summary:,532,"  

In May 2010, Iranian authorities delayed the trial of three American hikers—Shane Bauer, Josh Fattal, and Sarah Shourd—who had been arrested near the border of Iraq and Iran in July 2009. The delay was attributed to the absence of Sarah Shourd, who had been released on bail in September 2009 and returned to the United States. Iranian judiciary spokesman Qolamhossein Mohseni-Ejei stated that the trial could not proceed without her presence, though the hikers’ lawyer, Masoud Shafiee, expressed confusion over the delay, claiming he had not been informed.  

Shourd, who had been released by Iranian authorities as a humanitarian gesture due to health concerns, denied the spying charges against her and the other two. The case has become a focal point in the broader U.S.-Iran tensions, particularly as both nations seek to resolve their disputes over Iran’s nuclear program. The U.S. has been urging Iran to return to stalled nuclear talks, while Iran has suggested that the talks should not focus on the nuclear issue.  

President Mahmoud Ahmadinejad had previously hinted at a possible prisoner swap, citing the case of an Iranian woman jailed in the U.S. for trafficking defense hardware. This woman, Shahrazad Mir Gholikhan, claimed she had been tortured in U.S. custody. The Iranian Foreign Ministry expressed hope that public attention to the case would lead to the release of Iranian prisoners in the U.S.  

The U.S. military report, citing an anonymous official, suggested that the hikers’ lack of coordination indicated an intent to agitate and create publicity about Iran. However, Shourd and her companions denied these claims, stating they were simply hiking in the Kurdish mountains without knowledge of the border. They described their trip as a relaxed camping adventure, unaware of the political implications.  

Shourd recounted that they had no idea they were near the border and had encountered friendly Kurdish soldiers who did not raise any alarm. The group was eventually captured by Iranian border guards and detained in Evin Prison, where Bauer and Fattal remain. Shourd concluded that their mistake was hiking too far, and they had not anticipated the level of security along the border.  

The case has drawn international attention, highlighting the complex relationship between the U.S. and Iran, as well as the potential for diplomatic resolution through prisoner exchanges. The delayed trial and ongoing legal proceedings underscore the broader geopolitical tensions between the two nations.",0.0,32ad84c5a1c78671e7a47697f0efb8dbb89950488e273e13,"['The three American hikers detained by Iran weren’t captured in Iraq, says Sarah Shourd: They were beckoned over the border by an armed soldier, she tells the New York Times in an effort to set the WikiLeaks version of the story straight. “We did not actually enter Iran until he gestured to us. We were confused and worried and wanted to go back."" In Shourd\'s fullest account of her ordeal to date, she goes into detail about their fateful overnight camping trip, describing ""scores of campfires"" near the waterfall they were hiking to—which abutted Iran. “I think we were extremely unlucky,” says Shourd. “I guess I never believed there would be so many hundreds of people close to a border.” Her interview with the Times comes ahead of a court date for her fellow hikers, which was set for Saturday but has been delayed by Iran until Shourd “can return to Iran or,” if she refuses, her case can “be dealt with differently,” said an Iranian official. But her lawyer says the trial should go forward; neither he nor Shourd, he tells Reuters, were notified of the change.']",1346,"Now, write a one-page summary of all the news.

",multi_news
multi_news,en,,Summary:,532,"  

In March 2012, a military coup took place in Mali, one of the few established democracies in West Africa. The mutiny, which began on March 21, led to the ousting of President Amadou Toumani Toure, who was set to step down after two five-year terms. The soldiers, led by Captain Amadou Sanogo, seized control of the presidential palace in Bamako and announced the formation of the National Committee for the Reestablishment of Democracy and the Restoration of the State (CNRDR). They suspended the constitution and dissolved government institutions, claiming the civilian administration had failed to address the ongoing Tuareg rebellion in the north.  

The Tuareg separatists, an ethnic group from the northern desert regions, had launched a rebellion in mid-January, fueled by the return of Tuareg fighters from Libya, where they had fought under the late leader Moammar Gadhafi. The conflict led to significant displacement, with tens of thousands fleeing to neighboring countries. The Malian government was criticized for its inadequate response, including insufficient military support and supplies for troops.  

The coup was met with condemnation from the West African regional bloc, ECOWAS, which called the actions ""reprehensible"" and ""misguided,"" especially given the ongoing efforts to resolve the Tuareg conflict peacefully. The mutineers imposed a nationwide curfew and took control of state media, cutting off television and radio signals. The whereabouts of President Toure were unknown, though some sources suggested he was safe.  

The coup marked a major setback for Mali's democratic institutions, which had been in place for over two decades. The military's involvement in politics raised concerns about the stability of the country. While the mutineers claimed they intended to restore democracy, the situation remained uncertain, with some military units, such as the elite Red Berets, reportedly still loyal to the ousted president.  

International reactions were mixed, with the U.S. and France urging peaceful resolution. Meanwhile, the Tuareg rebels continued to push for greater autonomy, forcing the army out of several northern towns. A presidential election was scheduled for April, and the government had refused to postpone it despite the unrest. The coup underscored the fragility of Mali's democracy and the deepening challenges posed by internal conflict and political instability.",0.0,b098061a149726a9be0bb34d5f72548ba9df5aab9608c344,"[""A military coup is under way in Mali, as renegade soldiers stormed the presidential palace in the capital of Bamako today, and soon afterward appeared on state TV to announce that they had booted the president and taken over the country, the BBC reports. The soldiers said they were suspending the constitution, dissolving its institutions and instituting a nationwide curfew. They said they were taking power because of President Amadou Toumani Toure's failure to defeat a rebellion by the Taureg tribes in the north, the AP reports. The military “has decided to assume its responsibilities and end the incompetent and disavowed regime of Amadou Toumani Toure,” the troops said, adding that it “does not in any way aim to confiscate power, and we solemnly swear to return power to a democratically elected president as soon as national unity and territorial integrity are established.” The mutiny comes just a month before Toure was set to leave office legally.""]",2184,"Now, write a one-page summary of all the news.

",multi_news
multi_news,en,,Summary:,532,"  

The provided news passages cover a range of topics, from internet data preservation to a notable revelation about an actor's role in *Game of Thrones*.  

Starting with the first passage, it highlights the long-standing collaboration between Alexa Internet and the Internet Archive. Since 1996, Alexa has been donating its web crawl data to the Internet Archive, which is then stored in the Wayback Machine after a period of embargo. This initiative ensures that a vast amount of web history is preserved for future access and research.  

The second and third passages focus on a surprising detail about actor Dean-Charles Chapman, who is best known for his role as King Tommen Baratheon in *Game of Thrones*. Chapman played Tommen from 2014 onwards, following the recasting of the character from Callum Wharry. However, the passage reveals that Chapman had previously appeared in the series in a different role: Martyn Lannister, a minor character in Season 3. Martyn was a Lannister squire who was captured by Robb Stark’s forces and later murdered by Rickard Karstark as revenge for the death of his son.  

This revelation has sparked discussions among fans, particularly regarding the Lannister family’s complex lineage and the possibility that characters like Tommen and Martyn are related. The passage also touches on the ""Tommen is a faceless man"" theory, which suggests that Tommen may be a clone or a reincarnation of Martyn, a theory that, while speculative, has gained traction among fans.  

The news also notes that the similarity in appearance between Tommen and Martyn is not coincidental, given the Lannister family’s history of inbreeding and the frequent portrayal of family members with similar features. The fact that this connection was overlooked by many viewers highlights the intricate and sometimes confusing nature of the *Game of Thrones* storyline.  

In conclusion, the news passages provide a mix of technical information about web archiving and a fascinating behind-the-scenes look at the casting and character development in *Game of Thrones*, emphasizing the depth and complexity of the show’s narrative and its actors' contributions.",0.0,16a2f856042ce42ee1ecefe6b73868e858ef0f93c7164a93,"['The internet loves obsessing over Game of Thrones, so Hello Giggles wants to know why more people aren\'t talking about the fact that ""Tommen is also his own cousin."" Dean-Charles Chapman currently plays King Tommen Baratheon on the show, a role he took over from a younger actor in 2014. But he also played Tommen\'s cousin, Martyn Lannister, in a few episodes of the show back in the third season, Mashable explains. Hello Giggles thinks the recasting makes complete sense. “Given the Lannister family’s penchant for incest, having several people in that lineage look the same (like exactly the same) would not be a surprise.” Poor Martyn was killed off after being taken hostage by Robb Stark, and Bustle thinks Chapman better hope for a third role as Tommen is ""probably doomed just like his look-alike cousin.""']",827,"Now, write a one-page summary of all the news.

",multi_news
multi_news,en,,Summary:,532,"  

The news highlights ongoing political tensions and partisan disputes surrounding the House Intelligence Committee's decision to release a classified memo alleging misconduct by senior FBI officials during the investigation into Russian election interference and its ties to the Trump campaign. The memo, written by Republicans, claims that the FBI improperly used government surveillance under the Foreign Intelligence Surveillance Act (FISA) to target a Trump campaign foreign policy adviser, citing evidence from a dossier compiled by former British spy Christopher Steele. The dossier, which detailed alleged illicit connections between Trump and Russia, was reportedly used by the FBI in its surveillance applications.  

Republicans, led by Committee Chairman Devin Nunes, pushed for the memo's release, arguing it exposes FBI overreach and undermines the integrity of the investigation. Democrats, including Ranking Member Adam Schiff, opposed the release, calling the memo a partisan attempt to distract from Special Counsel Robert Mueller's probe into Russian interference in the 2016 election. The memo was shared with FBI Director Christopher Wray and Deputy Attorney General Rod Rosenstein, but both expressed concerns about its contents, with Wray stating that the review did not alleviate the FBI's worries.  

The House Intelligence Committee voted along party lines to release the memo, despite objections from the Justice Department, which warned that premature disclosure could compromise national security. The White House has not yet decided whether to authorize the release, though President Trump has expressed support for transparency. The memo also reveals that Rosenstein approved an extension of surveillance on former Trump campaign aide Carter Page in early 2017.  

Conservative senators, including Lindsey Graham and Susan Collins, have urged Trump to remain silent on the ongoing investigation, citing the political risks of any public confrontation with Special Counsel Mueller. Graham, who co-sponsored legislation to protect Mueller from being fired, emphasized the importance of maintaining the integrity of the probe.  

The situation has intensified partisan divisions, with Republicans accusing Democrats of obstructing the investigation and Democrats accusing Republicans of politicizing the intelligence process. The release of the memo has raised concerns about the potential impact on national security and the credibility of the FBI and DOJ. As the White House and the Justice Department continue to review the memo, the controversy underscores the deepening political rifts over the Russia probe and the role of intelligence agencies in U.S. politics.",0.0,896ac529049c799018f04d0e8498d7a88ffb6d5ebfe334b9,"[""It's all up to President Trump now. The House Intelligence Committee voted along party lines Monday to release a controversial memo that alleges wrongdoing on the part of the Justice Department and the FBI in regard to the Russia investigation, reports Politico. Democrats are fuming over the decision. Trump now has five days to decide whether to allow the memo to be released; his approval is necessary because it's a classified document. The memo alleges that the FBI and the Justice Department improperly used government surveillance during the investigation into Russian election interference and contacts with Trump's campaign, per the AP. The vote to release the memo comes after committee Republicans, led by chairman Rep. Devin Nunes, pushed for its disclosure. The memo addresses a dossier of allegations against Trump compiled by a former British spy, and questions over whether it was improperly used to obtain surveillance warrants. The panel's ranking Democrat, Rep. Adam Schiff, announced the vote results Monday while criticizing the Republicans' decision. Democrats generally say the memo cherry-picks facts and presents a distorted view of things.""]",1655,"Now, write a one-page summary of all the news.

",multi_news
multi_news,en,,Summary:,532,"  

The U.S. and China are locked in an ongoing trade war, with both nations imposing tariffs on each other’s goods and threatening further escalation. The Trump administration has announced plans to increase tariffs on an additional $200 billion in Chinese imports from 10% to 25%, according to reports from Bloomberg and CNN. This move would follow the existing 25% tariffs on $34 billion in Chinese goods, which were imposed in response to allegations that China steals or pressures American companies for technology. China has already retaliated with similar tariffs on $34 billion in U.S. imports, and it has vowed to respond with the same level of tariffs on U.S. goods if the U.S. escalates its measures.  

Despite the rising tensions, there are indications that both sides are attempting to restart trade negotiations. U.S. Treasury Secretary Steven Mnuchin and Chinese Vice Premier Liu He are reportedly engaging in private discussions to reengage in talks. However, the negotiations remain stalled, with both sides refusing to compromise. The U.S. is seeking certain concessions from China, and if China agrees, the U.S. may reconsider additional tariffs. However, U.S. Trade Representative Robert Lighthizer, who oversees the 301 investigation that led to the tariffs, has taken a hard line, arguing that the tariffs are necessary to counter China’s alleged technology theft.  

The potential imposition of new tariffs is set to take effect as soon as Wednesday, with the administration still working out the details of which products will be targeted. The Chinese government has warned that it will retaliate if the U.S. takes further measures, emphasizing that any dialogue must be based on mutual respect and equality. A Chinese foreign ministry spokesman, Geng Shuang, stated that China is ready for “dialogue and consultation” but warned against unilateral pressure.  

Meanwhile, the trade dispute is affecting global markets, with U.S. stocks rising as investors hope for a resolution. The situation has also raised concerns about the potential for a global trade war, with the International Monetary Fund warning that such a scenario could undermine the strongest economic expansion in years.  

Internally, the trade dispute is also influencing Chinese politics, with the Politburo signaling a shift toward supporting economic growth amid risks from the debt reduction campaign and the trade conflict. The U.S. and China have held three rounds of formal talks, but progress has been limited, with the Trump administration’s approach to reducing the trade deficit through tariffs creating friction with both China and U.S. allies.  

The ZTE deal, which allowed the Chinese telecom company to resume operations after being black",0.0,517d590c630dd425aca22990641cd6d3a0633596e7eb9b8e,"['The US in early July hit $34 billion of Chinese goods with an extra 25% tariff; China responded in kind. CNN reports round two could see the US slap tariffs on another $16 billion in goods as soon as this week, but it\'s a much bigger figure that\'s attracting attention Wednesday. Bloomberg cites sources who say the White House is thinking about upping the ante and imposing not an additional 10% tariff on $200 billion worth of Chinese goods but an additional 25%. CNN echoes that news via its source. Bloomberg frames the move, which would be revealed in the next couple of weeks, as intended to ""force officials back to the negotiating table through threats of even higher tariffs""; the last high-level negotiations took place nearly two months ago. A Chinese foreign ministry rep responded to the news thusly, per the AP: ""If the United States takes further measures that escalate the situation, China will definitely fight back. We are determined to safeguard our legitimate and lawful rights and interests.""']",1393,"Now, write a one-page summary of all the news.

",multi_news
multi_news,en,,Summary:,532,"  
Sony has officially launched the PlayStation 4 (PS4), marking the next generation of its gaming platform. The PS4 is designed to shift the focus from the living room to the gamer, offering greater flexibility and accessibility. It is built on an x86 architecture, making it easier for developers to create games, and features an 8-core CPU/GPU and 8 GB of GDDR5 memory, significantly more powerful than the PS3’s 512 MB of memory. The console also includes a local HDD for storage, though details on solid-state options remain unclear.

The PS4 is not a radical departure from the PS3 but rather an evolution, offering improved graphics, performance, and features. Demos showcased impressive visuals, including realistic lighting, facial details, and expansive environments, though they did not represent a revolutionary leap in technology. The console also supports backward compatibility through PlayStation Cloud, allowing users to stream old titles without physical discs.

The DualShock 4 controller introduces new features such as a touchpad, a share button, a headphone jack, and a light bar for motion tracking, eliminating the need for a separate PlayStation Move controller. The console also includes background downloading, allowing users to play games while they download, and instant boot-up from sleep mode.

Social features are a major focus of the PS4, with functions like live gameplay streaming, spectator mode, and integration with Facebook. The console also supports remote play, enabling users to continue gaming on their Vita handheld device, though it will require a wired connection.

Despite its improvements, the PS4 is seen as an enhanced version of the PS3, with many of its features and design philosophies echoing those of Apple’s approach to user experience. While the console promises a more powerful and accessible platform for gamers, its exact design, pricing, and release date remain undisclosed. Overall, the PS4 aims to provide a more seamless, social, and versatile gaming experience, catering to both casual and hardcore gamers.",0.0,67411d502fad1746554e177dac9bda7b3fbbf22ee9040ac4,"['Sony today unveiled its next-generation gaming system, PlayStation 4, saying the console will be part of a new ecosystem focused on hardware, software, and ""the fastest, most powerful gaming network."" The new console is the Japanese electronics giant\'s first major game machine since the PlayStation 3 went on sale in 2006. Today\'s unveiling is Sony\'s attempt to steal the spotlight, at least until Microsoft unveils its next Xbox in June at the E3 video game expo in Los Angeles. Among the PS4\'s revisions is an updated controller that adds a touchpad, motion control, and a ""share"" button. The controller also features a light bar, which means a new PlayStation camera can more easily track the device. Sony has struggled lately to keep up with Microsoft and other rivals such as Apple and Samsung. The company is promising nifty mobile devices, sophisticated digital cameras, and other gadgetry as part of its comeback effort. More details at Gizmodo and TechCrunch.']",1594,"Now, write a one-page summary of all the news.

",multi_news
multi_news,en,,Summary:,532,"  

Recent advancements in neuroscience and computer science have brought us closer to understanding and even reconstructing the visual experiences that occur in the human mind. Researchers from the University of California, Berkeley, have developed a groundbreaking technique that uses brain imaging data to reconstruct videos based on the neural activity of subjects who watched YouTube clips. This technology, which involves analyzing blood flow patterns in the visual cortex using functional MRI (fMRI), has enabled scientists to create a ""movie reconstruction algorithm"" that translates brain activity into visual representations.  

In the experiment, participants watched a series of YouTube videos while inside an MRI machine. The researchers then used the recorded brain activity to build a model that could predict and reconstruct the videos based on the neural patterns. The resulting videos, while blurry and abstract, resemble a surreal, dream-like interpretation of the original content. This achievement marks a significant step forward from previous efforts that focused on reconstructing static images, as it now captures dynamic visual experiences in real time.  

The implications of this research extend beyond mere curiosity. Scientists believe this technology could one day be used to decode internal imagery, such as dreams, memories, and even fantasies. However, the current system is limited to reconstructing visual experiences that are based on external stimuli, and it does not yet capture the complexity of internal thoughts or abstract mental processes.  

The study, led by neuroscientist Shinji Nishimoto and professor Jack Gallant, highlights the brain's ability to process and interpret visual information through a network of specialized modules. While the current models are still rudimentary, the researchers aim to expand their work by developing more detailed models of the visual system, which could lead to higher-resolution reconstructions and a deeper understanding of how the brain processes visual experiences.  

Beyond its potential applications in neuroscience, this technology could also have practical uses, such as helping individuals with paralysis control their environment through imagined movements. However, the ethical and legal implications of using such technology to access personal memories or thoughts remain a topic of debate. While the idea of ""mind-reading"" may seem like science fiction, the rapid pace of technological advancement suggests that the line between imagination and reality is becoming increasingly blurred.  

As the field continues to evolve, researchers emphasize the need for further study and ethical considerations to ensure that these innovations are used responsibly. The ability to decode the brain's visual experiences opens up exciting possibilities for both scientific discovery and real-world applications, but it also raises important questions about privacy, consent, and the boundaries of human cognition.",0.0,cde1b291ab8ec7aea147dfb03144af2cf42f0febadd89ea7,"['Scientists at UC Berkeley have made a major advancement in the field of mind reading, reconstructing YouTube videos based on brain scans from people who’d seen them. Researchers would put subjects into an MRI machine and track their brain activity as they viewed videos. Once they’d build a model of how a subject’s mind processed the video, “we could read brain activity for that subject and run it backward … to try to uncover what the viewer saw,” one study coauthor tells ABC News. Using the scans they were then able to reproduce the videos—though they’re blurry. “This is a major leap,” the co-author says. He thinks the technique could eventually be used to reconstruct dreams or memories, if it turns out the brain processes those things similarly to how it processes movies. “It’s our next line of research.” (More details on how the experiment worked, along with a video, at PC Magazine.)']",1188,"Now, write a one-page summary of all the news.

",multi_news
multi_news,en,,Summary:,532,"  

In early 2013, the U.S. House of Representatives engaged in a series of seemingly trivial legislative actions while grappling with the looming threat of sequestration—automatic, across-the-board federal spending cuts set to take effect. One such action was the passage of H.R. 667, a bill to rename the Dryden Flight Research Center in California after Neil A. Armstrong, the first man to walk on the moon. The bill, sponsored by House Majority Whip Kevin McCarthy (R-Calif.), was seen by some as a symbolic gesture to honor Armstrong, while others viewed it as a distraction from the more pressing issue of budget negotiations. The renaming was passed with a voice vote, but the process was marked by procedural delays and ceremonial speeches, reflecting the House’s overall strategy of inaction and minimal legislative output.  

The House, under Republican leadership, had adopted a strategy of deliberate idleness, with lawmakers spending much of their time on pro forma sessions and symbolic votes. This approach was partly a response to the sequester, which Republicans had come to accept rather than seek alternatives. President Barack Obama had been advocating for a mix of tax increases and spending cuts to replace the sequester, but House Speaker John Boehner (R-Ohio) and other Republicans resisted, preferring the sequester over another deal that would include tax hikes. Boehner even urged Obama to negotiate with Senate Democrats, while House Republicans planned to remain inactive for much of the session.  

The sequester, which was designed to force Congress into compromise, was expected to cut billions from various federal programs, including defense, education, and public health. However, it did not affect the salaries of members of Congress or their staff, which raised questions about the fairness and effectiveness of the cuts. Critics argued that the sequester was a blunt instrument that would harm programs essential to the public while leaving lawmakers’ incomes untouched.  

Meanwhile, some political commentators expressed skepticism about the panic surrounding the sequester, noting that Congress had survived past crises and that the current situation, while serious, was not as dire as it was portrayed. The political climate was marked by a lack of substantive debate and a focus on procedural maneuvering, with lawmakers seemingly more interested in maintaining their own power and influence than in addressing the nation’s fiscal challenges.  

Overall, the news highlighted a period of legislative stagnation, symbolic gestures, and a growing divide between the political rhetoric surrounding the sequester and the reality of its impact on public programs and services.",0.0,4a14994bceab965b7070de143a561309499b57c1a1fcd1ab,"['We shouldn\'t be too worried about the sequester—after all, Congress doesn\'t exactly seem to be recoiling at the thought. And Roger Simon has a theory on why: Lawmakers\' own salaries aren\'t getting cut, he explains at Politico. Sure, their staffers are facing furloughs that amount to a 20% pay decrease, but members of Congress will keep collecting six-figure salaries. Of course our lawmakers ""might have to figure out how to put those plastic coffee pods in the machines themselves, but these people are not fools,"" he writes. ""They will order out. If they can figure out how to work the telephones."" In fact, House Republicans are positively excited about the sequester, writes Dana Milbank in the Washington Post, noting their agenda yesterday consisted only of renaming a California NASA research center. They\'re ""pursuing a considered strategy of deliberate idleness,"" after finally realizing that doing nothing means they get ""a 2.5% cut in all federal spending without coughing up a single dollar in tax increases. They have learned to stop worrying and love the sequester."" Click for Milbank\'s full piece; Simon\'s humorous take is here.']",1365,"Now, write a one-page summary of all the news.

",multi_news
multi_news,en,,Summary:,532,"  

In recent news, Senator Elizabeth Warren of Massachusetts has taken a strong stance against Wells Fargo CEO John Stumpf during a congressional hearing, accusing him of unethical and fraudulent practices. Warren criticized Stumpf for his role in a cross-selling scandal that led to the creation of millions of fake accounts, which resulted in significant financial harm to customers. She called for Stumpf to resign, return the profits he gained from the scandal, and face criminal investigations by both the Department of Justice and the Securities and Exchange Commission. Warren emphasized that the bank’s actions were not just unethical but criminal, comparing the behavior of senior executives to that of a teller who might steal from a cash drawer.  

Wells Fargo has already paid $185 million in penalties for the misconduct, which dates back to at least 2011. The bank also fired over 5,300 employees involved in the fraudulent activities. Stumpf, however, defended the bank’s practices, claiming that cross-selling was about deepening customer relationships rather than fraud. He also avoided taking responsibility, stating that he lacked the expertise to comment on legal or compensation matters.  

Warren’s remarks were met with mixed reactions. While her colleagues questioned Stumpf about the bank’s accountability and the compensation of former executives, Stumpf’s testimony was marked by his visible injury, which he attributed to playing with his grandchildren. Additionally, Senator Patrick Toomey raised concerns about the possibility of an organized scheme, suggesting that the widespread fraudulent activity could not have occurred independently.  

Meanwhile, the U.S. administration is expected to announce that President Donald Trump will recognize Jerusalem as Israel’s capital, a move that has drawn international criticism. While this decision is framed as a compromise, it is seen as a significant shift in U.S. foreign policy and could complicate ongoing peace negotiations between Israelis and Palestinians. The move has been criticized by religious and political leaders, including Pope Francis, who called for maintaining the status quo in Jerusalem.  

The decision also comes amid broader geopolitical shifts, including a reported Saudi peace plan that favors Israeli interests, raising concerns about the U.S. role as a mediator in the Israeli-Palestinian conflict. With growing alignment between the U.S. and Israel, there is increasing doubt that Trump will continue to act as a fair broker in peace talks.  

Overall, the news highlights ongoing tensions in both the financial sector and international relations, with calls for accountability and reform in the wake of corporate misconduct and shifting diplomatic strategies.",0.0,7d455b3437ab0d3ca49a258878db1a3bbba5d7788a9f496b,"['Sen. Elizabeth Warren went after Wells Fargo CEO John Stumpf during a Senate hearing Tuesday with the kind of heat she usually reserves for Donald Trump tweetstorms. ""You should resign ... and you should be criminally investigated,"" NPR quotes Warren as saying. Stumpf was in front of the Senate banking committee after Wells Fargo employees created millions of fake accounts for customers without their permission in order to charge them extra fees. Stumpf said he was ""deeply sorry"" for what happened, New Republic reports. But—according to CNBC—he maintained it wasn\'t a ""scam""—Warren\'s word—but a ""way of deepening relationships"" with customers. Warren accused Stumpf of ""gutless leadership"" for passing responsibility for what happened away from himself and other senior executives while blaming ""thousands of $12-an-hour employees who were just trying to meet cross-sell quotas that made you rich."" The employees\' cross-selling scheme was at least partially responsible for Wells Fargo stock going up, making Stumpf\'s shares alone gain $200 million in value. While more than 5,000 Wells Fargo employees were fired, none of the senior executives are losing their jobs. Warren said the only way Wall Street will be reformed is if CEOs like Stumpf start seeing jail time. She\'s one of only a few members of the Senate banking committee that hasn\'t gotten money from Wells Fargo\'s PAC.']",1931,"Now, write a one-page summary of all the news.

",multi_news
multi_news,en,,Summary:,532,"  

A major cybersecurity incident has unfolded involving the popular Netflix series *Orange Is the New Black* (OITNB), as a hacker group known as ""The Dark Overlord"" has allegedly leaked the upcoming season five episodes online. The hacker, who previously threatened to release the content unless a ransom was paid, claimed that Netflix failed to respond to their demands, prompting the leak. The first 10 episodes of season five were reportedly uploaded to the Pirate Bay on Saturday, with the total file size reaching 11.46 gigabytes. The leak occurred just days before the official release date of June 9, raising concerns that Netflix may be forced to move up the premiere to mitigate the impact of the leak.

The hacker, who has previously claimed to have stolen content from other networks including ABC, Fox, National Geographic, and IFC, stated that the breach originated from an attack on Larson Studios in late 2016. According to piracy news site TorrentFreak, the stolen content was obtained during this cyberattack. The Dark Overlord also threatened to release other stolen material unless the studios paid ransoms, expressing frustration with Netflix's lack of cooperation.

Netflix has acknowledged the breach, stating that a production vendor used by multiple studios was compromised and that law enforcement authorities are involved. The company has not yet commented on the specific details of the incident or the potential impact on its business. However, the leak could affect Netflix's subscriber growth, as the show is one of its most-watched original series and a key driver of its expansion strategy. The company is targeting 3.2 million new subscribers for the April-June period, a significant increase from its average of 1.8 million subscribers in the same timeframe over the past five years.

The Dark Overlord's ransom note was both arrogant and threatening, suggesting that Netflix would suffer greater financial losses than the ransom demanded. The hacker also warned other networks that they still had time to pay the ransom and avoid further leaks. While the authenticity of the leaked episodes has not been independently verified, the potential for widespread piracy and the damage to Netflix's brand and financial performance remains a serious concern. The incident highlights the growing threat of cybercrime in the entertainment industry and the vulnerabilities of even major streaming platforms.",0.0,1a3aae0f474e588f3121889de2dd78aee5aa2291944d2a7e,"['A hacker going by The Dark Overlord claims to have stolen and released 10 episodes of the new season of Orange Is the New Black more than a month before its official release on Netflix. Variety reports the hacker was demanding an unspecified ransom from Netflix, uploading the first episode of the upcoming fifth season to a file-sharing site Friday as proof. The next nine episodes were uploaded early Saturday morning after The Dark Overlord claims Netflix refused to pay them. The hacker says they\'re ""quite ashamed to breathe the same air"" as Netflix, as they were being entirely ""reasonable and merciful"" with their ransom offer. Neither Variety nor the AP have been able to—legally—confirm the authenticity of the episodes uploaded by The Dark Overlord. The new Orange Is the New Black episodes were apparently stolen months ago. Netflix says a production vendor ""had its security compromised""; Variety identifies that vendor as Larson Studios, a post-production facility. The Dark Overlord says they weren\'t able to steal the final three episodes of the season because they weren\'t finished yet. The Dark Overlord told the AP in February they wouldn\'t release any of the stolen episodes; it\'s unclear why that changed. The hacker also claims to have stolen TV series from ABC, National Geographic, Fox, and IFC via the hack at Larson Studios. They\'re reportedly seeking a ""modest"" ransom for those as well. The leak of new Orange is the New Black episodes could hurt Neflix\'s subscriber numbers and stock price. The FBI is investigating.']",1236,"Now, write a one-page summary of all the news.

",multi_news
multi_news,en,,Summary:,532,"  

On September 25, 2012, twin bombings targeting Syria's army command headquarters in Damascus caused widespread chaos and destruction. The explosions, which included a car bomb and an explosive device, occurred near Omayyad Square and were heard miles away, shattering windows in nearby buildings. The attack led to hours of sporadic gunfire and a raging fire at the heavily guarded compound. While Syrian authorities claimed no military commanders or personnel were injured, Iranian Press TV reported that its correspondent, Maya Nasser, was killed in the crossfire, and its Damascus Bureau Chief, Hosein Mortada, was injured.  

The blasts were part of a broader pattern of rebel attacks on government security sites, aimed at weakening President Bashar Assad's regime. The attacks intensified as the civil war, which began in March 2011, escalated into a brutal conflict with over 30,000 reported deaths. Earlier that year, rebels had already struck high-profile targets, including a bombing that killed three top regime officials during a crisis meeting in Damascus.  

The violence in Damascus drew international attention, particularly as world leaders gathered at the U.N. General Assembly. U.N. Secretary-General Ban Ki-moon called for urgent international action to address the crisis, but progress was hindered by Russia and China's vetoes of Western-backed resolutions. Meanwhile, U.S. President Barack Obama condemned Assad as a dictator responsible for the violence.  

The attack also sparked outrage among media outlets, with Press TV blaming Turkey, Saudi Arabia, and Qatar for providing weapons to militants and calling for accountability for Nasser's killing. The incident highlighted the growing risks faced by journalists and civilians in the conflict zone, as well as the deepening international divide over Syria's future.  

As the conflict continued, the attacks underscored the rebels' determination to challenge the Assad regime and the increasing humanitarian toll of the war. The situation remains volatile, with no clear path to resolution in sight.",0.0,29e70d6cc78b4178681b654108953ce8ea90ff6f069d160f,"['Damascus has been rocked by bombings for the past two days, with at least two large blasts hitting Syria\'s military headquarters there this morning. The Free Syrian Army claimed responsibility for the attack, said to be the largest since July explosions killed President Bashar al-Assad\'s brother-in-law and other key aides; the BBC reports that Assad would have been able to hear today\'s explosions from his palace. Gunfire broke out afterward, and Maya Nasser, a TV correspondent for the Iranian Press TV, was shot dead by sniper fire during a live broadcast, report the New York Times and Press TV. Other government facilities were hit by bombs yesterday, proving the opposition can still get past government security, but the regime is downplaying the scope of the attacks while the opposition says many of Assad\'s forces have been killed. In other news from Syria: UN Secretary-General Ban Ki-moon called for international action at the General Assembly yesterday, calling the conflict ""a regional calamity with global ramifications,"" the AP reports. Click for more from the General Assembly on Syria. Clashes have also been reported near Syria\'s border with Israel, leading the Israel Defense Forces to issue a statement declaring that ""fire from Syria leaking into Israel will not be accepted.""']",1465,"Now, write a one-page summary of all the news.

",multi_news
multi_news,en,,Summary:,532," 

On August 11, 2018, a decomposing body was discovered inside a brick column at a WinCo Foods supermarket in Lancaster, California. The body was found at approximately 2:40 p.m. by store employees who had reported a strong, foul odor emanating from the column. Initially, the store manager believed the smell was due to a possible sewer leak and called a plumber and handyman to investigate. During their inspection, they discovered a leg and a shoe inside the column, leading to the discovery of the body.

The Los Angeles County Sheriff’s Department, specifically the Homicide Bureau, was involved in the investigation. Authorities believe the body may belong to a suspect who had fled from law enforcement during a traffic stop on Monday. The suspect, identified as Raymundo Rivera, 35, had been involved in a high-speed chase that ended in a crash. After escaping the vehicle, he ran into the WinCo store, climbed onto the roof, and disappeared from view. Detectives were unable to locate him and assumed he had hidden inside the store’s structure.

The body was found in a state of decomposition, with the victim standing on both feet but one arm trapped behind his head. The coroner’s office was involved in determining the cause of death, which remains under investigation. It is unclear whether the man died from suffocation, exposure, or other causes, though the extreme heat in the area (over 100 degrees) was noted as a contributing factor.

The store was temporarily closed for the investigation, and authorities urged anyone with information to contact the LASD Homicide Bureau or Crime Stoppers. The case has been described as unusual and shocking, with seasoned investigators expressing disbelief at the circumstances of the discovery. The body was eventually identified as Raymundo Rivera, and the case remains under active investigation.",0.0,183d3bfe46647cd7ab69bd3de79e9e6edee9e4f5fbbb565d,"['A strong smell outside a California supermarket turned out to be someone who had decomposed in one of the store\'s entrance columns, ABC 7 reports. Police were called Saturday to the WinCo Foods in Lancaster after a plumber, told it was likely a septic problem, helped knock brick from the column and saw a shoe and a leg inside. ""It\'s been over 100 degrees up here every day,"" says LA County Sheriff\'s Lt. John Corina. ""I can\'t imagine being inside that column and just baking. It\'s a strange development, and if he died that way, it\'s a horrible way to die."" Police say the victim may be a man who was stopped for a fake license plate Monday night, NBC Los Angeles reports. He crashed the vehicle, ran away from deputies, and got into the supermarket. The man ""ran up the steps where the managers [are],"" an eyewitness tells CBS Los Angeles. ""And somehow he got on the roof. Last I heard, he got away."" From up there, he could have reached the store fascia and descended into the column. Whether he died from the fall or baked inside is unclear; he was found on his feet with an arm stuck behind his head. ""I saw some gooey liquid and it smelled really foul ... it was oozing out of the pillar onto the pavement,"" says a witness. ""It smelled like death.""']",1484,"Now, write a one-page summary of all the news.

",multi_news
multi_news,en,,Summary:,532,"  

Robert Durst, a wealthy New York real estate heir and long-time suspect in multiple murders, was sentenced to seven years in federal prison on a gun charge in New Orleans on April 27, 2016. The sentence, which includes 85 months in prison followed by three years of supervised release, was part of a plea agreement that also resolved pending charges in New York, Texas, and Louisiana. Durst, 73, pleaded guilty in February to being a felon in possession of a firearm after a search of his hotel room in New Orleans uncovered a loaded revolver, marijuana, and other items.  

Durst, who has been held in Louisiana since his 2015 arrest, has been seeking to transfer to California to face a murder charge in the 2000 death of his friend Susan Berman. He has consistently denied killing Berman, claiming he is innocent and that he does not know who committed the crime. His attorneys have requested that he be housed at a low-security federal prison in California, near Los Angeles, to prepare for his upcoming trial on the murder charge. The judge has agreed to recommend this transfer, and Durst is expected to move to California within weeks.  

The case has been closely followed due to the HBO documentary *The Jinx*, which chronicled Durst’s criminal history and his alleged involvement in the 2003 dismemberment murder of neighbor Morris Black, for which he was acquitted, and the 1982 disappearance of his wife, Kathleen. In the final episode of the documentary, Durst was recorded muttering, “I killed them all,” which has fueled speculation about his guilt.  

Durst has a history of legal troubles, including previous convictions for jumping bail and carrying a weapon across state lines in 2004. He served three years in prison for those charges. Prosecutors allege that Durst killed Berman to prevent her from talking to authorities about the disappearance of his wife. However, Durst’s attorney, Dick DeGuerin, has maintained that his client is innocent and that the case will be won in court.  

Durst’s transfer to California is expected to occur by mid-August, with an arraignment on the murder charge set for August 18. His attorneys have emphasized that the plea deal with federal prosecutors was necessary to focus on the California murder trial, which they believe will exonerate Durst. Despite his age and health issues, Durst remains a central figure in a complex web of criminal allegations that have captivated the public and law enforcement for years.",0.0,8d81e972c4b7b8b46086d8e4b71001781506aeb0578c8e68,"['A New Orleans judge officially approved Robert Durst\'s February plea deal on a gun charge and sentenced him to seven years in prison on Wednesday, Reuters reports. For more than a year, the real estate heir has languished in a New Orleans prison after being nabbed with a handgun in his hotel room. He was busted for that felony just one day before the series finale of HBO\'s The Jinx, in which he famously appeared to confess to three murders by saying, ""What the hell did I do? Killed them all, of course."" US District Judge Kurt Engelhardt also agreed that Durst can be transferred to a low-security prison with medical facilities in San Pedro, Calif., where the 73-year-old\'s attorneys say his ""advanced age and poor health"" can be better addressed, per the Advocate. In California, Durst will face a murder charge in the 2000 death of friend Susan Berman, the AP reports. (A Texas judge believes Durst once dumped a cat\'s head on her doorstep.)']",2091,"Now, write a one-page summary of all the news.

",multi_news
multi_news,en,,Summary:,532,"  

In Charlottesville, Virginia, a pretrial hearing for Jesse Matthew Jr., who is charged with the 2014 capital murder of University of Virginia student Hannah Graham, is ongoing. The case has seen new developments as the defense challenges the validity of search warrants obtained for Matthew’s car and apartment. The defense argues that the search warrants should not have been granted, citing inconsistencies between the findings of a police bloodhound and other evidence.  

Detective Buck Garner, a former Louisa County Sheriff’s Office detective, testified that a bloodhound named Shaker detected Hannah Graham’s scent at multiple locations, including an industrial site near downtown Charlottesville, the passenger side door of Matthew’s car, and the entrance to his apartment. The dog’s findings were used to support the search warrants, which were later challenged in court.  

Garner described how the bloodhound traced Graham’s scent from the Downtown Mall to an industrial area, where the dog indicated the presence of fear or adrenaline, suggesting a possible attack. Surveillance footage showed Graham walking alongside Matthew, and her remains were later found on an abandoned property about 12 miles from campus.  

Despite the defense’s arguments that the search dog’s findings were inconsistent with other evidence, Judge Cheryl Higgins ruled that the search warrants were justified. She noted that witness statements and other evidence, such as Matthew’s debit card purchases, supported probable cause. The defense had claimed that detectives may have misled the magistrate, but the judge found no deliberate misstatements or reckless disregard for the truth.  

Matthew is also charged with first-degree murder in the 2009 death of Virginia Tech student Morgan Harrington and is currently serving a life prison term for a 2005 attempted murder and sexual assault. Prosecutors are seeking the death penalty for the Hannah Graham case.  

The case continues to unfold in court, with ongoing hearings and further testimony expected as the trial approaches. Updates on the case will be closely followed by the public and media.",0.0,87bddfc509607ad666d144d18ab35ae277eac05a10771fc9,"['A former police bloodhound handler told a court on Monday that during the search for UVa student Hannah Graham, the animal detected her scent outside the car and apartment of suspect Jesse Matthew—and the scent of ""fear and adrenaline"" where she was allegedly attacked. The handler was testifying during a pretrial hearing where lawyers for Matthew, who is already serving three life terms in prison for a 2005 sexual assault, unsuccessfully challenged the search warrants police obtained for Matthew\'s home and vehicle, the AP reports. He said the 7-year-old dog, Shaker, traced Graham\'s scent from downtown Charlottesville to a mulch pile at an industrial site, where the smell of fear was strongest. Matthew, 33, faces a capital murder charge in the 2014 death of Graham, whose body was found on an abandoned property around six weeks after she disappeared. He has also been charged with the 2009 murder of a Virginia Tech student. At Monday\'s hearing, another police witness testified that, contrary to what the defense claimed, the scent trail was consistent with surveillance videos that showed Graham wandering around, reports WSET. The officer shared text message records indicating that she was lost the night she disappeared.The Washington Post notes that Matthew is seen walking alongside Graham in some of the surveillance videos.']",1203,"Now, write a one-page summary of all the news.

",multi_news
multi_news,en,,Summary:,532,"  

Shannon Egeland, a convicted white-collar criminal, was sentenced on Wednesday to an additional three years and 10 months in prison for orchestrating a staged insurance scam that involved his teenage son. The sentence was added to his existing 10-year federal prison term for mortgage fraud. The scam was part of a plan to delay his prison sentence and fraudulently claim disability insurance benefits.  

Egeland, 43, directed his 17-year-old son, Rylan, to shoot him in the leg with a shotgun on July 31, 2014, in Caldwell, Idaho, just a day before he was set to begin serving his prison sentence. The incident was staged to appear as a random attack, with Egeland claiming he had been assaulted while helping a pregnant motorist. He later called 911 and reported the incident, but the truth was quickly uncovered. As a result of the shooting, Egeland lost his left leg and required a prosthetic limb.  

The insurance fraud scheme was part of a broader mortgage fraud case involving Egeland’s role in the Desert Sun housing scandal in Central Oregon in 2009. He was a co-owner of the company, which defrauded local banks by using false business plans and falsified loan applications. Egeland had previously pleaded guilty to fraud charges related to this case.  

In addition to the mortgage fraud, Egeland was also convicted of perjury and drug-related offenses, though some convictions were later overturned on appeal. He had also pleaded guilty to theft for shoplifting.  

During the sentencing hearing, prosecutors described Egeland as a ""menace to society"" and a ""self-absorbed, opportunistic narcissist"" who recklessly manipulated his son for personal gain. They emphasized the psychological and emotional harm caused to the teenager, noting that if Egeland had died in the stunt, the child would have been left to deal with the consequences.  

Egeland’s defense attorney argued that the defendant already faced a lengthy prison sentence and that his actions were influenced by a ""perfect storm"" of mental health issues, financial difficulties, and the anxiety of facing federal incarceration. Egeland admitted to needing mental health counseling and treatment, and he is currently taking three mental health-related medications.  

The judge ordered Egeland to pay $90,011 in unpaid child support and urged him to seek mental health treatment while in prison and upon his release. The case highlights the severe consequences of white-collar crime and the personal and legal ramifications of manipulating family members for financial gain.",0.0,cb7da78da0b824d72fa0aad8d6d586da50252635c871518f,"['A white-collar crook is facing extra prison time for having his son shoot him in the legs with a 20-gauge shotgun, the BBC reports. Shannon Egeland, 43, was already facing 10 years for taking part in a vast mortgage-fraud scheme when he had his 17-year-old son shoot him by a road in Caldwell, Idaho, in an attempt to avoid prison. ""The psychological and emotional destruction defendant caused this minor child is unimaginable,"" US attorney Scott Bradford wrote in a sentencing memo. Back in 2009, Egeland was co-owner of an Oregon development company that defrauded banks out of $20 million in loans that he and a partner used to fund a lavish lifestyle. Facing prison, Egeland took out disability insurance and had his son aim for his legs. Egeland told police he\'d been attacked after stopping to assist a pregnant driver, but investigators got suspicious when his pricey BMW, his wallet, and his cellphone weren\'t taken, the Idaho Statesman reports. Then they learned about his recent insurance, and the whole thing unravelled. Now Egeland is facing an extra 3 years and 10 months for his roadside scheme and had his leg amputated from the shotgun blast. Bradford called him a ""self-absorbed, opportunistic narcissist,"" the Oregonian reports, but Egeland—who is now on three medications for mental health—has cast his own judgment. ""What bothers me the most is my son—the pain is on him,\'\' he says. ""If I could take it all back, I would, but I can\'t. That will haunt me the rest of my life.\'\'']",1541,"Now, write a one-page summary of all the news.

",multi_news
multi_news,en,,Summary:,532,"  

A fatal crash involving a Tesla Model X occurred on March 23, 2018, on the 101 Highway near Mountain View, California. The 38-year-old driver, Walter Huang, an Apple engineer, died when his vehicle collided with a damaged crash attenuator, a highway safety barrier designed to reduce the impact of a collision. The incident took place while the vehicle's Autopilot system was engaged, according to Tesla.  

Tesla stated that the driver had received several visual and one audible hands-on warning before the collision, and his hands were not detected on the wheel for six seconds prior to the crash. The crash was particularly severe because the crash attenuator had been crushed in a prior accident and was not replaced, leading to catastrophic damage to the vehicle. This level of damage to a Model X had never been seen before.  

Walter Huang’s family revealed that he had previously complained to a dealership about the vehicle’s Autopilot system veering toward the same barrier multiple times, up to seven to 10 times. Despite these complaints, the issue could not be duplicated at the dealership. The family provided an invoice to investigators, highlighting the importance of this information in the ongoing investigation.  

The National Transportation Safety Board (NTSB) and California Highway Patrol (CHP) are investigating the crash. They have recovered data modules from the vehicle, which will be analyzed to determine what occurred during the accident. Tesla emphasized that Autopilot is designed to improve safety, reducing crash rates by up to 40% in its early iterations and improving system reliability with recent updates.  

Tesla also highlighted that vehicles equipped with Autopilot are 3.7 times less likely to be involved in a fatal accident compared to vehicles without the system. The company stressed that while Autopilot does not prevent all accidents, it significantly reduces the likelihood of them occurring and makes the world safer for all road users.  

The California Department of Transportation (CalTrans) stated that replacement work for damaged barriers is typically scheduled within seven days, though weather conditions can delay repairs. In this case, the barrier had been damaged in an accident 11 days prior to the fatal crash.  

The incident has drawn increased scrutiny for autonomous vehicles, following a similar fatal crash involving an Uber autonomous vehicle in Tempe, Arizona. Arizona’s governor recently suspended Uber’s license to test autonomous vehicles on public roads.  

Tesla reiterated its commitment to safety and transparency, expressing deep sorrow for the loss of Walter Huang and his family. The company emphasized its responsibility to ensure the safety of all road users, both now and in the future.",0.0,a888a9938ab8858b8f2c1c1c46da57a1bb2932d4bb2cd9b3,"['The Tesla Model X that slammed into a highway barrier in California last week and killed the 38-year-old Apple engineer at the wheel had been on autopilot at the time of the crash, Tesla confirms in a blog post. But the company says driver Walter Huang ""received several visual and one audible hands-on warning earlier in the drive,"" adding that ""the driver’s hands were not detected on the wheel for six seconds prior to the collision."" Tesla also laid some blame on state highway officials, asserting that ""the reason this crash was so severe is because the crash attenuator, a highway safety barrier which is designed to reduce the impact into a concrete lane divider, had been crushed in a prior accident without being replaced."" The fact that the vehicle was on autopilot is likely to be controversial because, as ABC News notes, driver Huang had reportedly been concerned about it. His brother told KGO that Huang had brought his Model X back to the dealership complaining that when he used the feature, the car kept swerving toward the very same barrier that it eventually struck in the fatal collision. The NTSB is investigating the crash, including the fire that broke out after the collision. The accident follows another in Arizona in which a self-driving Uber struck and killed a pedestrian.']",2070,"Now, write a one-page summary of all the news.

",multi_news
multi_news,en,,Summary:,532,"  

Robin Williams, the iconic comedian and actor, passed away at the age of 63, reportedly by suicide, leaving behind a legacy that touched millions. Known for his rapid-fire stand-up performances and versatile acting, Williams was a fixture in Hollywood for decades, earning critical acclaim and four Academy Award nominations, including a win for his role in *Good Will Hunting*.  

Williams began his career as a stand-up comedian, gaining fame with his role in the TV show *Mork & Mindy*. His early performances, such as at the Comedy Store in 1978, showcased his unique ability to blend humor with deep emotional resonance, leaving a lasting impression on those who witnessed his talent. His comedic genius was matched by his willingness to take on challenging roles, both comedic and dramatic, often pushing the boundaries of his craft.  

Beyond his stand-up roots, Williams became a beloved figure in children's entertainment. He voiced the Genie in *Aladdin* and played the titular role in *Mrs. Doubtfire*, among other family-friendly films. His performances in these movies resonated deeply with a generation of young viewers, who saw in him a kind of innocence and unselfishness that made him feel like a friend. His ability to connect with children through humor and heart made him a cultural icon for many.  

Despite his success, Williams struggled with personal demons, and his death marked the tragic end of a life filled with brilliance and complexity. His legacy is not only defined by his comedic and dramatic achievements but also by the joy he brought to audiences of all ages. From his early days as a stand-up comedian to his later roles in serious films, Williams remained a unique and influential figure in entertainment. His work continues to inspire, and his impact on popular culture remains profound.",0.0,062c9939593b01ca67c73f59d496ee3a329a32ad6788b96f,"['After Robin Williams\' sudden death, the tributes are rolling in, with many recalling a comic genius grappling with private challenges. A sampling: When it comes to comedy, ""there wasn\'t a faster brain on the planet,"" writes Tony Hicks in the Contra Costa Times. We\'ll be hearing ""a litany of tributes about one of the great comedians who ever lived. Much of it will be some of the same adjectives used when any great performer dies—especially before their time. But in Williams\' case, most of it will be true."" Early in his career, ""it was clear that Mr. Williams was one of the most explosively, exhaustingly, prodigiously verbal comedians who ever lived,"" AO Scott writes in the New York Times. And beyond that, ""his essential persona as an entertainer combined neediness and generosity, intelligence and kindness, in ways that were charming and often unexpectedly moving."" Williams may have gotten his start long before Aladdin, but he gave a ""generous and humble"" gift to the millennial generation, writes Daniel D\'Addario at Salon. ""Williams will be remembered for his edgy comedy and for dramatic turns, but for people my age, Williams was our childhood,"" from Mrs. Doubtfire to Jumanji to Flubber. In the Los Angeles Times, Kenneth Turan recalls a moment when, facing an onslaught of photographers, Williams asked him—in the voice of a fly from a 1950s sci-fi flick—to ""help me, Ken. Help me."" The experience stuck with him and seems particularly resonant today, he writes.']",1921,"Now, write a one-page summary of all the news.

",multi_news
multi_news,en,,Summary:,532," 

A murder suspect, Jayveon Caballero, 29, remains at large following a fatal shooting in Montpelier, Vermont, on Sunday morning. The incident marks the first murder in the nation's smallest capital city in nearly a century. Caballero is charged with second-degree murder in the death of Markus Austin, 33, a former Vermont Frost Heaves basketball player. Austin was found dead in the parking lot of an apartment complex in Montpelier.

According to police, the shooting occurred after a night out at Gusto's bar in Barre, where Caballero and Austin were friends. An altercation broke out outside the bar, during which Austin allegedly assaulted Caballero's girlfriend, Desiree Cary, 22. Caballero confronted Austin outside his apartment and shot him. Witnesses reported that Caballero appeared to show sympathy after the shooting before driving away.

Caballero was wanted for the murder, and police have issued an arrest warrant. He is believed to have boarded a Greyhound bus in White River Junction, heading south toward New York City. Authorities are uncertain whether he got off at an intermediate stop and are seeking assistance from other states to locate him. 

Cary, who was the subject of an ongoing drug investigation, was arrested on unrelated charges on Sunday evening. She was taken into custody following a traffic stop and is facing drug distribution charges. She was released on $10,000 bail and is scheduled for arraignment. 

Vermont State Police raided Caballero's apartment in Barre early Monday but found him missing. Neighbors reported ongoing issues with the property, including drag racing and frequent vehicle traffic. 

The shooting has sparked concern in Montpelier, a city with a population of about 7,500. Police Chief Anthony Facos noted that the incident is the first murder in the city since the 1920s. The case continues to be under investigation, with authorities urging anyone with information about Caballero's whereabouts to come forward.",0.0,bad1e3a60dbc532a3c829bc6d719d48e7746e0096f668c38,"[""Police in the country's smallest state capital are investigating something that hasn't happened there in living memory: a murder. Police in Vermont say they have issued an arrest warrant for 29-year-old Jayveon Caballero, who is accused of fatally shooting Markus Austin in Montpelier early Sunday after an altercation, the Times Argus reports. Witnesses told investigators that Austin, 33, assaulted Caballero’s girlfriend, Desiree Cary, during the altercation outside a bar in the nearby city of Barre early Sunday. Police say Caballero later confronted Austin outside his apartment and shot him dead. The body was found in the parking lot of Austin's apartment complex. A Vermont State Police spokesman says Caballero, who knew Austin before the shooting, fled the town and probably the state after the shooting, WCAX reports. The police spokesman says Caballero is believed to have boarded a Greyhound bus bound for New York City on Sunday morning, which made numerous stops in other states along the way. Later Sunday, Cary, 22, was arrested on apparently unrelated charges of selling heroin and crack cocaine. With around 7,500 residents, Montpelier has the smallest population of any state capital, the AP notes. Police Chief Anthony Facos says this is the city's first murder since a woman shot her husband in the 1920s.""]",1264,"Now, write a one-page summary of all the news.

",multi_news
multi_news,en,,Summary:,532,"  

The U.S. ambassador to Syria, Robert Ford, visited the city of Hama on Thursday as part of an effort to show U.S. support for Syrians advocating for democratic change. The visit, which included meetings with local residents and a visit to a hospital treating victims of security force crackdowns, was described by the State Department as a clear demonstration of U.S. solidarity with the people of Hama. Ford’s visit, however, drew criticism from the Syrian government, which accused the U.S. of interfering in Syria’s internal affairs and attempting to destabilize the country. The Syrian Foreign Ministry claimed Ford entered Hama without prior permission, calling it ""clear evidence of U.S. involvement in the ongoing events in Syria.""

Hama has been a focal point of unrest, with recent protests and a violent crackdown by security forces resulting in numerous arrests and deaths. Activists reported that over 500,000 people participated in a massive protest in Hama on Friday, marking the largest demonstration yet in the country. Despite the scale of the protest, the Syrian government blamed ""armed gangs"" for the deaths of 13 protesters, including five in Hama, two in Damascus, and six in Dumair. The city has a long history of resistance, particularly due to the brutal 1982 military crackdown by Hafez al-Assad’s regime, which killed thousands of Sunni Muslims.

The U.S. State Department defended Ford’s visit, emphasizing that the ambassador had informed Syrian authorities of his plans and was allowed to proceed without official handlers. Ford left Hama on Friday to avoid becoming a distraction during the protests. In addition to Ford, French ambassador Eric Chevallier also visited Hama to show support for the protesters. The U.S. also summoned the Syrian ambassador to Washington for talks after reports that Syrian embassy staff had filmed U.S. protests against the Syrian government’s actions.

Meanwhile, reports indicated that approximately 1,000 Syrians had fled Hama due to fears of another military crackdown. The Syrian Observatory for Human Rights reported that security forces had killed at least 23 civilians and conducted mass arrests in the city. Despite these tensions, state-run media claimed that the situation in Hama had calmed, with barricades removed and authorities urging demonstrators to avoid confrontation. The city remains a symbol of opposition to the Assad regime, with its history of resistance dating back to the 1982 crackdown. Violence also erupted in nearby Hasrata, where security forces killed three and injured nine people, and fired at worshippers leaving a mosque after prayers.",0.0,650718d3c4e464de14b8558a130b934583bfd70b6df88a1f,"['America\'s ambassador to Syria visited one of the cities worst-hit by the crackdown against anti-government protesters yesterday, reports CNN. Robert Ford went to the city of Hama ""to make absolutely clear with his physical presence that we stand with those Syrians who are expressing their right to speak for change,"" an embassy spokeswoman says. An estimated 500,000 people joined an anti-government rally in the city last Friday. The Syrian government accused Ford of going to the city without authorization, saying the visit is ""clear evidence of the US involvement in the ongoing events in Syria and its bids to aggravate the situations which destabilize Syria.\'\' An embassy spokeswoman says the Syrian government was told a delegation would be visiting Hama, although no Syrian ""handlers"" were taken and officials weren\'t informed about the ambassador\'s presence. The city has been a symbol of opposition since 1982, when a crackdown ordered by the present Syrian leader\'s father killed around 20,000 people, al-Jazeera notes.']",1397,"Now, write a one-page summary of all the news.

",multi_news
multi_news,en,,Summary:,532,"  

Recent news reports highlight a series of cybersecurity threats targeting political entities and election infrastructure in the United States, particularly as the country prepares for midterm elections. The Federal Bureau of Investigation (FBI) is investigating an incident involving the Democratic National Committee (DNC), which initially feared a sophisticated cyberattack on its voter database. However, the DNC later clarified that the incident was an unauthorized ""simulated phishing test,"" which was thwarted by the party and its security partners.  

According to a Democratic source, the DNC was alerted by a cloud service provider and a security research firm on Tuesday morning about a fake login page designed to mimic the access page for Votebuilder, a service used to manage the party’s voter database. The page was intended to trick users into providing their login credentials. The DNC and its partners believe they successfully prevented the attack.  

The incident has raised concerns about the vulnerability of election systems and the increasing use of cyber tactics by foreign and domestic actors. Bob Lord, the chief security officer for the DNC, emphasized that the attack is part of a broader pattern of threats, including continued influence operations by Russia and other entities using social media, as well as attempts to breach think tanks. He noted that the cyber age has fundamentally changed the nature of elections, with many systems—ranging from voter registration databases to party operations—now at risk of manipulation.  

Rob Joyce, the former White House cybersecurity coordinator, has also commented on the evolving nature of cyber threats, stating that the focus has shifted from stealing secrets to using cyber capabilities to exert national influence. This sentiment is echoed by Microsoft, which recently reported that hackers linked to Russian intelligence had targeted the U.S. Senate and conservative think tanks, using fake websites to carry out their operations.  

Facebook has also been involved in uncovering disinformation campaigns aimed at disrupting the midterms, with the company identifying additional efforts targeting people globally. These developments underscore the heightened vigilance required by political groups and government organizations as they prepare for the upcoming elections.  

Overall, the news underscores the growing threat of cyberattacks and disinformation in the political landscape, with implications for the integrity of democratic processes. As the midterms approach, the focus remains on strengthening cybersecurity measures and countering foreign interference to ensure the security of election systems and public trust.",0.0,85fb841bcfd0896e05d89ff445cc59c694832e8c3b06b60e,"['The FBI is reportedly investigating a sophisticated—but unsuccessful—attempt to hack into the Democratic National Committee\'s voter database. The DNC learned of the attempt on Tuesday, CNN reports. The attack, which was detected by a cloud service provider and a security research company, involved a fake login page intended to gather usernames and passwords for a service called Votebuilder, which hosts the DNC\'s voter database. It\'s a method called ""spearphishing,"" according to the New York Times. ""It was very convincing,"" Mike Murray of the cybersecurity firm Lookout tells CNN, adding that it would be tough to tell the real page from the fake one, even if they were side-by-side. The fake login page was ultimately removed by the cloud hosting company DigitalOcean. The company\'s chief security officer says the threat was identified before the attack was launched. ""We see no evidence that any sensitive data was stolen,"" he says. A DNC official tells the Times that it is not clear who the hackers were in this case. But, the paper recalls, a 2016 hack of the DNC was ultimately traced to Russia. This latest attempt, DNC Chief Security Officer Bob Lord tells the Times, ""is further proof that there are constant threats as we head into midterm elections and we must remain vigilant in order to prevent future attacks."" Earlier this week, Microsoft reported that it had uncovered new Russian hacking attempts targeting conservative organizations in the US.']",716,"Now, write a one-page summary of all the news.

",multi_news
multi_news,en,,Summary:,532,"  

On April 15, 2013, two bombs exploded near the finish line of the Boston Marathon, resulting in tragic casualties and widespread shock across the city. Among the victims was 8-year-old Martin Richard from Dorchester, who was killed in the attack. His mother, Denise, and his 7-year-old sister were seriously injured and hospitalized. Martin was at the race to watch his father, a community leader, run. A vigil was held in his honor at Garvey Park, where neighbors and strangers came to pay their respects. His father, Bill Richard, expressed gratitude for the support received and requested privacy as the family grieves.  

Another victim was Krystle Campbell, a 29-year-old restaurant manager from Medford. Her family was initially misled by hospital staff, who told them she had survived, only to later discover that she had died. The family was devastated, struggling to come to terms with the loss. Campbell had been at the finish line to cheer on a friend.  

The third identified victim was a Chinese graduate student from Boston University, who was watching the race with two friends. The student's name was withheld pending family approval, and the Chinese Consulate confirmed the death. One of the student’s friends was injured but in stable condition.  

In response to the attacks, FBI officials stated there were no known additional threats and vowed to find those responsible. Mayor Thomas Menino emphasized Boston’s resilience, stating the city would ""pull together"" and overcome the tragedy. Enhanced security measures were implemented at transportation hubs, and the city began the process of recovery.  

The community showed solidarity, with the Salvation Army providing food and support, and runners and residents coming together to cope with the loss. The tragedy also drew national and international attention, with President Obama and Pope Francis offering words of comfort and solidarity.  

The bombings left a deep impact on the city, with many still grappling with the emotional aftermath. Despite the pain, Boston demonstrated strength, compassion, and a determination to heal and move forward.",0.0,2a72476f253ea0db253c6e12af5714c984b0ab77547be2e9,"['Another fatality in the Boston bombings has been identified: The family of 29-year-old Krystle Campbell says she was killed as she and a friend were cheering on another friend who was racing, reports WCVB. ""This is just a waste,"" says her mother. “Everyone that knew her loved her. She was always smiling. You couldn’t ask for a better daughter. She was the best.” Campbell was a restaurant manager, reports the Boston Herald, which notes an especially wrenching detail: Her father was initially told she was alive, but when he got to the ICU, he realized it was his daughter\'s friend who had survived. Campbell is the second of the three people killed to be identified. The first was 8-year-old Martin Richard, and his father, Bill, released a statement today thanking supporters and asking for privacy, reports WBZ. ""My dear son Martin has died from injuries sustained in the attack on Boston. My wife and daughter are both recovering from serious injuries. We thank our family and friends, those we know and those we have never met, for their thoughts and prayers. I ask that you continue to pray for my family as we remember Martin. We also ask for your patience and for privacy as we work to simultaneously grieve and recover. Thank you."" The third victim was a grad student at Boston University, but the person\'s identity is being withheld until the family says it\'s OK to release, reports USA Today.']",2030,"Now, write a one-page summary of all the news.

",multi_news
multi_news,en,,Summary:,532," 

A recent comprehensive study published in the *Lancet* reveals that obesity is a global health crisis, affecting nearly 30% of the world's population—approximately 2.1 billion people—as of 2013. The study, which analyzed data from 188 countries between 1980 and 2013, highlights that the United States leads the world in the number of obese individuals, with 87 million people, despite representing only 5% of the global population. However, the U.S. is not the only country facing this issue, as obesity rates are rising in both developed and developing nations.

The report indicates that obesity is no longer confined to wealthy countries. In some regions, such as the Middle East and North Africa, Central America, and the Pacific and Caribbean islands, obesity rates have reached alarming levels. For example, over 50% of men in Tonga and women in Kuwait, Kiribati, Micronesia, Libya, Qatar, Samoa, and Tonga are classified as obese. In developed countries, about 22% of girls and 24% of boys are overweight or obese, while in developing countries, the rates are 13% for both genders.

The study also notes that obesity rates have increased significantly over the past three decades, with the number of overweight or obese individuals rising from 857 million in 1980 to 2.1 billion in 2013. This surge is attributed to various factors, including the availability of cheap, high-calorie ""junk food,"" sedentary lifestyles, and changes in dietary habits. The report emphasizes that obesity is a major risk factor for chronic diseases such as heart disease, stroke, diabetes, arthritis, and certain cancers, contributing to the deaths of about 3.4 million adults annually.

Notably, the study found that no country has successfully reduced its obesity rates over the past 30 years, underscoring the global challenge of this issue. While obesity rates have slowed in some developed countries, they are accelerating in developing nations. The World Health Organization has launched a commission to address rising childhood obesity and propose solutions, with a report expected in early 2015.

In summary, the global obesity epidemic is a complex and widespread issue that affects people of all ages, incomes, and regions. It is a growing public health concern that requires urgent and coordinated efforts to address its root causes and mitigate its health and economic impacts.",0.0,df0b3cb31b4c78e6a101a0f3931023704055282bffb56c91,"['There are more obese or overweight people in the world today than there were people of any weight in 1935, the most comprehensive look at worldwide obesity in decades warns. The 188-country study found that there are 2.1 billion overweight or obese people in the world, making up around 30% of the world\'s population, up from 20% in 1980, USA Today reports. Not a single country has recorded a decline in obesity over the last 30 years. ""We hoped there would be some examples of success that you could latch onto,"" a study co-author says. ""But there\'s a complete lack of success stories in bringing down obesity."" The study published in British medical journal the Lancet found that the Middle East and north Africa had seen the biggest weight gains, though the US still has the largest number of obese people, with 87 million of the world\'s 671 million obese people, reports Reuters. Other countries, however, have even higher obesity rates, including Tonga, where more than 50% of all adults are obese. ""Two-thirds of the obese population actually resides in developing countries,"" says one of the researchers; they warn that obesity rates are rising among rich and poor countries, men and women, and adults and children alike.']",1409,"Now, write a one-page summary of all the news.

",multi_news
multi_news,en,,Summary:,532,"  

This week’s edition of LOOK magazine features a variety of celebrity news, fashion trends, and lifestyle tips. One of the most notable stories is about Tom Cruise and Katie Holmes. Cruise has reportedly written an emotional letter to his ex-wife, expressing his feelings and attempting to rekindle their friendship. The couple divorced in July 2023 after 12 years of marriage, and while they had a brief truce in March, they have not spoken much since. Friends say Cruise wrote the letter as he knew Holmes would not be receptive over the phone, and the letter has reportedly touched her. While Holmes may have been moved by the gesture, it is unclear if she would consider reuniting with Cruise.  

Other highlights from the magazine include a warning from a royal bodyguard about the potential dangers to Kate Middleton’s baby, as well as fashion trends for the new season. The magazine also features an interview with Kristen Wiig, who has apologized for her past behavior, and a discussion on cyber espionage, or “Ratters,” who may be monitoring users through their computers. Additionally, the world’s top makeup artist shares secrets from A-list celebrities.  

LOOK magazine is available in print and digital formats, with the digital edition available on iTunes. The magazine emphasizes its high street fashion finds and encourages readers to purchase the latest issue. The tone of the magazine is upbeat and engaging, with a focus on celebrity news, lifestyle tips, and current trends.  

Overall, the magazine offers a mix of entertainment, fashion, and lifestyle content, keeping readers informed and entertained with the latest celebrity updates and practical advice.",0.0,fcf426010aa777afc5b37ea3c7ae03b2499938e4f1355f3b,"['It\'s been a year since Katie Holmes filed for divorce from Tom Cruise, and apparently Cruise is feeling sentimental. A source tells UK magazine Look the actor sent Holmes an ""emotional letter"" looking to, at the very least, be friends again, Australia\'s News Network reports. ""It\'s like he\'s finally recognized that Katie will always be the love of his life,"" the source says. Even so, ""It won\'t have been an over the top letter—it has been a year and I\'m sure Tom will have been aware that Katie wouldn\'t be interested in running straight back into his arms."" Sources close to Holmes say she was ""touched"" by the letter, which doesn\'t sound promising for Cruise. ""Tom would no doubt take her back in a second, but I don\'t think that\'s what Katie wants,"" says one. (Just to keep things in perspective, we\'ll point out that Look is the sort of magazine that also runs headlines like, ""Royal Bodyguard Warns: \'Kate Middleton\'s Baby Is In Danger!\'"") In other news, Huffington Post notes that it\'s Cruise\'s 51st birthday.']",790,"Now, write a one-page summary of all the news.

",multi_news
multi_news,en,,Summary:,532,"  

Barry Sherman, a Canadian billionaire and founder of the pharmaceutical company Apotex, and his wife, Honey Sherman, were found dead in their Toronto mansion on December 28, 2023. The couple, both in their 70s, were discovered hanging from a railing surrounding their basement lap pool by a real estate agent who was helping sell their home, which was listed for $6.9 million. The police have classified the deaths as ""suspicious"" and have handed the investigation over to the homicide squad, though they have not officially confirmed it as a homicide.  

The cause of death was determined to be ""ligature neck compression,"" indicating strangulation. There were no signs of forced entry into the home, and no note was left behind. While some media outlets and police sources initially suggested the possibility of a murder-suicide, the couple’s family and friends have strongly dismissed this theory. In a statement, the Shermans’ children described the couple as deeply committed to life and their community, and they criticized the media for spreading unverified rumors.  

Barry Sherman, estimated to be worth $4.77 billion, was a renowned workaholic who founded Apotex in 1974. He was known for his dedication to his business and his contributions to Toronto’s economy, creating hundreds of jobs. Honey Sherman, a prominent philanthropist, was actively involved in various charitable causes, including education, healthcare, and the Jewish community. She served on the boards of several organizations, including York University, the Baycrest Foundation, and the Holocaust Education Centre.  

The couple had four children and had recently welcomed a new grandchild. They were planning a winter trip to Florida and had even sent out informal invitations for a dinner party in Palm Beach. Friends and colleagues described them as kind, generous, and deeply connected to their community.  

As the investigation continues, tributes have poured in from across Canada, including from Prime Minister Justin Trudeau and Toronto Mayor John Tory. A makeshift memorial has been set up outside their home, with neighbors, employees, and well-wishers leaving flowers in honor of the couple. The community is still grappling with the sudden and tragic loss of two influential figures who were known for their generosity and contributions to society.",0.0,1c30a0d93cd2b0aa5c6b8de620a54202192352c44ff775ce,"['The investigation into the mysterious deaths of a billionaire and his wife is now being led by homicide detectives, police say—suggesting the deaths of Barry and Honey Sherman were either murder-suicide or a double murder. Police, who have described the deaths as ""suspicious,"" revealed Sunday that the cause of death for both Shermans was ""ligature neck compression,"" a form of strangulation, the CBC reports. Sources have told the media that the couple were found hanging near an indoor pool in the basement of their Toronto mansion. Police say they haven\'t found any sign of forced entry, or a note that could explain what happened to 75-year-old pharmaceutical tycoon Barry Sherman and his 70-year-old wife, both renowned philanthropists. The couple\'s four children have rejected what they say are ""rumors"" that the deaths are being investigated as a murder-suicide, and many of the influential couple\'s friends agree. ""There is absolutely zero debate in my mind, this was a double homicide,"" says Canadian Sen. Linda Frum, a longtime friend of the couple, per the New York Times. The Globe and Mail reports that just days before the bodies were found, Honey Sherman was enthusiastically making plans for their annual trip to Florida, emailing friends that she would be traveling to the state on Dec. 18 and Barry Sherman would join her a week later. The couple also sent out invitations last week to a dinner party at their winter home in Palm Beach.']",2360,"Now, write a one-page summary of all the news.

",multi_news
multi_news,en,,Summary:,532," 

In early 2012, Egypt held the final round of parliamentary elections, marking the first since the ousting of former President Hosni Mubarak in February 2011. The third and final phase of voting covered nine provinces, including North and South Sinai, and was expected to consolidate gains by Islamist groups, particularly the Muslim Brotherhood’s Freedom and Justice Party, which had already taken the lead in earlier rounds. Analysts anticipated that the new parliament would be dominated by Islamists, though the exact distribution of seats remained uncertain due to unclear allocation formulas. The Muslim Brotherhood, while seeking a majority, expressed a desire to form a coalition government to avoid an Islamist takeover and to manage the country’s political and economic challenges. Meanwhile, the ultraconservative Salafis, represented by the Nour Party, emerged as a significant force, challenging the Brotherhood’s dominance.

The elections coincided with the resumption of Mubarak’s trial, which had been delayed for two months. Prosecutors accused Mubarak of being a “tyrant” responsible for violence and oppression during the 18-day uprising that led to his downfall. The prosecution argued that Mubarak had orchestrated the succession of his son, Gamal, and that his regime was marked by corruption and abuse of power. The trial, which included Mubarak and his two sons, as well as former Interior Minister Habib el-Adli and his aides, was expected to last several days. Mubarak, who had been in poor health, was transported to court on a gurney, while his sons were held in a cage. The prosecution sought the harshest penalty for Mubarak, including the death penalty, for his alleged role in the deaths of over 800 protesters.

The political landscape in Egypt was tense, with growing opposition to the ruling military council, which had not yet ceded power to a civilian government. The military, led by Field Marshal Mohamed Hussein Tantawi, had scheduled the first session of the new parliament for January 23, just days before the anniversary of the revolution. Meanwhile, protests continued, with demonstrators planning to gather on January 25 to commemorate the start of the uprising that ousted Mubarak. The military’s reluctance to relinquish power and the uncertainty surrounding the new parliament’s authority created a climate of political instability.

Economically, Egypt faced significant challenges, with growth slowing due to the unrest, which had deterred tourists and investors. Foreign currency reserves had dropped by 44% to $20.2 billion, and the EGX 30 stock",0.0,1f080355f909b1c7ef74d2cffc643736903edcab65b66505,"['The final round of voting began in Egypt today, and it looks like the Muslim Brotherhood could walk off with a controlling majority of seats in Parliament\'s lower house. The Muslim Brotherhood\'s Freedom and Justice Party, the country\'s mainstream Islamist party, had already won a high percentage of the seats awarded in the first and second rounds of voting. Two of the nine provinces voting today are Brotherhood strongholds, where some of the party\'s most well-known candidates are running, the New York Times reports. A plurality, not a majority, was originally predicted for the Freedom and Justice Party. A majority would allow the party to govern alone, but the Brotherhood has repeatedly said it plans to form a coalition government, and has aligned itself with more liberal parties rather than the ultraconservative Salafis, who are in second place with up to 25% of the seats so far. Also today, prosecutors began presenting their case against former Egyptian President Hosni Mubarak, Bloomberg notes. His trial resumed last week after a two-month break; state TV today showed Mubarak being carried to and from the courtroom on a gurney. ""He deserves an end of humiliation and indignity,"" said the chief prosecutor, according to the AP.']",2661,"Now, write a one-page summary of all the news.

",multi_news
multi_news,en,,Summary:,532,"  

On Wednesday evening in Mendon, a car was involved in an unusual incident after a driver reacted too quickly to GPS navigation instructions. The event occurred around 8 p.m. near the Sugar & Spice Restaurant, on Route 4. Nabila Altahan, the driver of a Toyota Corolla, was following directions from her GPS device, which suddenly instructed her to turn around after the car had passed its intended destination. In response, Altahan quickly maneuvered the vehicle, causing it to leave the traffic lane and swing up onto a guy wire supporting a telephone pole.  

According to State Police, neither Altahan nor her passenger was injured in the incident. Witnesses reported that the car became suspended from the wire, and a bystander at a nearby miniature golf course saw the driver exit the vehicle while it was hanging from the pole. The scene was attended by both State Police and the Rutland City Fire Department. Ray Ault, a photographer who was driving by at the time, provided details about the event.  

The incident highlights the potential risks of relying on GPS navigation systems, particularly when drivers react hastily to sudden changes in directions. While the situation was unusual and somewhat alarming, no injuries were reported, and the car was eventually recovered. Authorities have not issued any further statements on the matter, but the event has sparked discussions about the importance of careful navigation and driver awareness when using GPS technology.",0.0,6dd06d4eee78cfbf3ce2fe6413c681ad6937079daf8a7169,"['Police in Vermont say a car ended up almost vertical when the driver swerved quickly in response to her GPS ordering her to ""turn around."" The car was suspended almost vertically on guide wires attached to a utility pole (see a photo here) in Mendon on Wednesday night, reports the AP. Police say 30-year-old Nabila Altahan of Dorchester, Mass., was headed west on US Route 4 when she passed her intended destination and reacted quickly to the instructions, leaving the road at a significant enough speed to propel the vehicle up the wires. She wasn\'t injured. (This driver followed her GPS into a lake.)']",310,"Now, write a one-page summary of all the news.

",multi_news
