question,answers,language,_id,answer_prefix,predicted_answer,all_classes,max_new_tokens,dataset,length,task,compression_ratio
"Query: Summarize their discussion on the decision of not accrediting the University of South Wales with the ability to deliver teacher training.
","['Kirsty Williams firstly made it clear that it would not be appropriate to comment this since this process was independent of Government. Hefin David then proposed the impact on students and staff. Kirsty Williams thought there would be a responsibility upon the University of South Wales to ensure that those students already in the system were able to complete their studies with the appropriate level of support and tuition to enable them to achieve their career aspirations and graduate from that program. The same was true for staff. Kirsty Williams thought that would be a matter for the institution. After this, they had some discussions on the geographic spread of provision.']",en,c94b97c772d9dcbb690f444b5ded279f02fc875f28f3daff,Answer:," The discussion centered on the decision not to accredit the University of South Wales (USW) for teacher training, with the Cabinet Secretary for Education, Kirsty Williams, stating that the process is independent of the government and that she cannot comment further. She emphasized the government's commitment to high standards in teacher training and expressed confidence in the Education Workforce Council's (EWC) process. Concerns were raised about the potential impact on students and staff, and the government acknowledged the need to ensure that USW students can complete their courses with appropriate support. The appeal process was ongoing, and the government was monitoring the situation to ensure continued access to teacher training places.",,532,qmsum,13883,qmsum,0.5
"Query: What did the professor think about echoes and reverberation?
",['The professor thought it was possible to reduce the effects of reverberation by removing the low-energy segments. He thought a VAD-like approach would work. This would make it so that the model was more likely to keep an echo than throw out speech.'],en,811b75e9dfe2f5e9a4aee66d32892fd0faf154d4e4445646,Answer:," The professor thought that echoes and reverberation could be problematic in audio processing, suggesting that they might be contributing to issues in speech recognition. He proposed that these echoes could be addressed by using a VAD (Voice Activity Detection)-like approach to remove low-energy sections or by applying high-pass filtering to reduce reverberation effects. He also mentioned that reverberation can be artificially introduced during re-synthesis and that it might be beneficial to consider alternative processing methods to make the audio ""nicer.""",,532,qmsum,11887,qmsum,0.5
"Query: What were the main discussion points of the meeting?
","['The group discussed topics including a potential collaboration with another ICSI member regarding the analysis of inference structures, efforts by speaker mn005 to detect speaker overlap, the current status of recordings and transcriptions, and future efforts to collect meeting data. In addition to weekly meetings by the BMR group, efforts are in progress to record meetings by other ICSI research groups, as well as routine discussions by non-ICSI members.']",en,cbbd3e6a889f75b2b93a57e125690b10a6ca00e754965b27,Answer:," The main discussion points of the meeting included: 1) Addressing technical issues with the recording setup, such as microphone crashes and data collection challenges. 2) Discussing the transcription of meeting data, including the use of close- and far-field microphones, and the challenges of manual transcription. 3) Exploring research topics such as speaker overlap, acoustic events, and the use of data for speech recognition and analysis. 4) Planning future data collection efforts, including potential collaborations with radio shows and other meetings. 5) Considering ethical and practical aspects of data collection, such as anonymization and consent forms. 6) Proposing methods for improving data processing, such as using energy detection and echo cancellation techniques.",,532,qmsum,19656,qmsum,0.5
"Query: What did the team discuss during the product evaluation?
","['The team agreed that only the scroll button and the LCD were new items for a remote control. The color of the device was doubted but Marketing argued that since the product aimed at the young market, the case looked good in pure yellow. Besides, the rubber material felt soft, making the device look and feel nice. However, the team thought that there were too many buttons, which did not align with the original idea.']",en,d1ba9e91e59ac664388aab0d53dd443acfc8edb13f523dd4,Answer:," During the product evaluation, the team discussed the prototype's design, functionality, and market appeal. They evaluated aspects such as technological innovation, target audience, aesthetics, and cost-effectiveness. They also considered changes to reduce costs, like replacing the joystick with buttons and simplifying the color scheme. Additionally, they reflected on the project process, teamwork, and the effectiveness of their tools and methods.",,532,qmsum,4807,qmsum,0.5
"Query: What did User Interface say about the interface concept design?
","['User Interface introduced to use the power button to switch the television on and off. The mute button to switch the volume on and off. The channels buttons, one to nine, or zero to nine. The volume and channel quadrants, from left to right, and up and down arrows, to control the volume and channel. And last, the menu button to manipulate the LCD display. User Interface also suggested that power buttons are usually at the top left or right and the team should decide to choose the right icons, or letters on the buttons.']",en,4d091ad0d5b74a257368a09ef6eef821ea8cfd0bfa58eb99,Answer:," The User Interface discussed the interface concept design, mentioning the buttons chosen, such as the power button, mute button, and channel buttons, as well as the use of colors and design elements. They also expressed concerns about the clarity of certain icons and suggested that the menu button should be clearly identifiable. Additionally, they recommended using big and recognizable buttons for better usability.",,532,qmsum,6032,qmsum,0.5
"Query: What were the problems encountered with SmartKom system?
","['The translation of SmartKom to english is in its final stages. The synthesis module will be the last one to do, after the english syntax trees are completed. The system is still buggy and unstable, but it will soon be ready for a demonstration.']",en,3557f2e7ac4e81949735d91a8dee454b98f97def5c16d078,Answer:," The SmartKom system faced several issues, including unstable performance, requiring numerous manual adjustments to function properly, and difficulties in generating natural-sounding speech. Additionally, the system's synthesis module had trouble with certain linguistic elements, such as the pronoun ""I,"" and required a complex setup involving XML and LISP-like structures for proper operation.",,532,qmsum,12646,qmsum,0.5
"Query: How did Kirsty Williams respond to university mergers?
","['Kirsty Williams said he was in favor of a healthy, strong and sustainable HE sector. If individual institutions wish to collaborate, that was a matter for themselves. They did not pursue or urge a policy of mergers, but if individual institutions felt that was of benefit to them and their students, they would have an interest in that and make sure that they were robust plans.']",en,563ce48625a707202a34068e87ea4cea511b23c80962756a,Answer:," Kirsty Williams responded to university mergers by stating that she is in favor of a healthy, strong, and sustainable higher education sector, and that individual institutions should decide whether to collaborate or merge. She emphasized that there is no formal policy for mergers and that any decisions should be made by the institutions themselves, with the student's interests being the primary concern. She also mentioned that while she does not have a burning desire for mergers, she is open to them if they benefit students and institutions.",,532,qmsum,13870,qmsum,0.5
"Query: What did the group think of the wood case when discussing the key remote control concepts?
","['User Interface thought it would be hard to keep the remote control small with a wood case. Industrial Designer thought the thin wood remote would be easy to break. Project Manager thought given that they were looking at more spongy material preferences, rubber or plastic would be more practical. Also, the group thought that wood was not cleanable, so they decided not to use a wood case for the remote control.']",en,9a93e7ab3a55fbec9e77e1d132f83ac514291c381360a9c8,Answer:," The group thought the wood case was not a good idea because it would make the remote control too bulky, not very practical, and not suitable for the small, sleek design they were aiming for. They also mentioned that wood is not cleanable and could lead to splinters, making it unsuitable for a remote control.",,532,qmsum,8986,qmsum,0.5
"Query: What did the group think of battery design when discussing the functional design of the remote control?
","[""They felt that the battery design should be long-lived, original, and conventional to ensure the battery's innovation, versatility, and durability. It should also not be far from the usual performance, or it may cause problems for new users.""]",en,caab9dadbf5f025e1a6b63ccda2809c85999e3edd0f0cc47,Answer:," The group considered battery life as a factor in the functional design of the remote control, noting that while it's important, it's not a major issue since batteries are typically replaced periodically. They acknowledged that the remote control should be original but should not stray too far from conventional designs to avoid confusing new users.",,532,qmsum,3980,qmsum,0.5
"Query: How did Eluned Morgan respond to whether wishing to see people have greater pay equality between schoolteachers and FE when discussing the pay dispute situation?
","['Eluned Morgan said that they would wish to see pay equality in relation to teaching. As for whether all staff should get the increase or only teaching staff but not non-teaching staff, Eluned Morgan thought this should be up to ColegauCymru to negotiate and to discuss, and they should wait for their outcomes.']",en,585f667a0717f95cc0c7398ab295818570d6c307c7ed1ade,Answer:," Eluned Morgan responded that she would wish to see pay equality in relation to teaching, but emphasized that it is up to ColegauCymru to negotiate and discuss the outcomes, including considerations for both teaching and non-teaching staff.",,532,qmsum,13887,qmsum,0.5
"Query: What did the user interface designer recommend to do when discussing technical function design?
","['The user interface designer recommended to have a screen with a backlight which could change colours and to put all the options into this screen so that few buttons were needed and users would find it easy to use. As for the material, titanium was preferred because it was unbreakable and baby-proof. The user interface designer also suggested making the power and volume control fully automatic.']",en,a81acf4510dd3154c2f73c46b86b077b281307fcabe0a4bd,Answer:," The user interface designer recommended keeping the design simple, focusing on essential functions like power, volume, and channel control, and incorporating a screen with a backlight that can change colors. They also suggested using a few buttons and integrating speech recognition as an optional feature.",,532,qmsum,7344,qmsum,0.5
"Query: How would the mental spaces operate?
","['Mental spaces can be tackled with mechanisms that can also deal with context issues (time, space etc.): creating a base space and rules of interaction with other interconnected spaces. However, the complexity of these mechanisms has to be bound as well: it is necessary to define the range of constructions to be studied. ']",en,679e4e9f3c4e9bf95578ed0a431156a6203ebfa122ce7894,Answer:," The mental spaces operate by allowing the speaker to reference and manipulate different contexts or scenarios within a discourse. They are used to create and maintain a mental model of the situation, which can be modified or extended as needed. These mental spaces are connected through various constructions and can be accessed or referenced to provide context for understanding and interpreting utterances. The operations of mental spaces are closely tied to the semantic and syntactic structures of the language, enabling the speaker to navigate and interact with different levels of meaning and context.",,532,qmsum,24580,qmsum,0.5
"Query: What did the team discuss about the product cost?
","['In terms of the material used on the device, the team decided to use only one material, either rubber or plastic instead of both or titanium. Moreover, the team agreed to discard the joystick but keep the LCD and advance chips,to make it still favored by the young market. Lastly, a normal color would be incorporated instead of a special color to decrease the cost by at least half Euro.']",en,38a35e48b9691446552ad525856b71612bef0c93da7bdfc9,Answer:," The team discussed the product's cost, considering options to reduce expenses by simplifying the design, such as removing the joystick and using push-buttons instead, and adjusting the color scheme. They evaluated the impact of these changes on the overall cost, aiming to bring the price down to around twelve and a half Euros.",,532,qmsum,4807,qmsum,0.5
"Query: What did Julie Morgan elaborate on their work with the foster organizations when talking about the adequate social support for those children who were in foster?
","[""According to Julie Morgan, the group had been in close cooperation with the fostering organizations in Welsh to guarantee the children in need. To people's relief, the fostering organizations were running well with enough staff and equipment during the pandemic so that the children could enjoy good care there. What's more, the fostering organizations prolonged their helpline time in case some emergencies would happen. Other support measures, say, the fund for the foster carers, would be followed up.""]",en,fded50244f8bd8009b811afa71bb452bde5d0aa794066bfd,Answer:," Julie Morgan elaborated that the Welsh Government has worked closely with foster organizations, supporting the Association of Fostering and Adoption Cymru to develop guidance for foster carers, which has been well-received across the sector. They also mentioned that the Fostering Network has extended its helpline hours and that Voices from Care Cymru has developed specific support for care leavers, ensuring that foster carers and children receive necessary assistance during the pandemic.",,532,qmsum,10512,qmsum,0.5
"Query: What is the description of the domains in the mental spaces?
","['Given the domains currently used (tourist, child language learning), some features, like speaker attitude, are not of equal importance at this stage. On the other hand, it was decided for the inheritance between constructions to be left out for now, as the notation can be rendered more elegant later on.']",en,0c2e058a3750f5b88206f02bf9aecd28451121027cbbb03d,Answer:," The domains in the mental spaces discussed in the meeting include the tourist domain and the child language learning domain. These domains are used to explore how mental spaces and constructions interact, focusing on how context, discourse, and semantic structures influence meaning and interpretation. The discussion also touches on the need to handle complex phenomena like focus, topic, and speaker attitude within these domains.",,532,qmsum,24585,qmsum,0.5
"Query: How did Marketing design the product evaluation?
","['Marketing wrote down a few evaluation criteria, based on previous marketing strategy, on the latest trends, and on user preferences. There was a seven-point scale rating for each criterion. The team would give comments to each feature listed and agree on the final rating.']",en,afdce0dffab8af2a881a638a168da0c636087169e9f900f4,Answer:," Marketing designed the product evaluation by creating a seven-point scale to rate the product based on criteria such as technological innovation, target market appeal, and design. They aimed to gather opinions from all team members, including the project manager, industrial designer, and user interface specialist, and calculated an average rating from their evaluations.",,532,qmsum,4805,qmsum,0.5
"Query: Summarize the discussion about the design of remote control for children.
","['The group thought remote controls should keep children safe while using them. At the same time, the remote control should be brightly coloured. Even if it is not colourful, it should also choose a monochrome colour that children like to attract them.']",en,876ed3e1d5021071ec791827d68bcfe5c2e4a7c4605eaffd,Answer:," The discussion about the design of a remote control for children focused on making it robust, childproof, and durable. The team emphasized the need for a waterproof and unbreakable design to withstand children's play. They also considered the size, suggesting it should be small enough to fit in a hand but not too small. Additionally, the remote control should be colorful and easy to use, with a focus on intuitive button placement to prevent accidental activation of the wrong functions.",,532,qmsum,3236,qmsum,0.5
"Query: What are the target price, target cost and target profit of remote control when discussing the design of the remote control?
",['Project Manager wanted to make a profit of 50 million euros for a cost of 12.50 euros for 25 euros worldwide.'],en,1cda1c86401954c75f52c80d4b5f069ff3c9a003f0ba20a1,Answer:," The target price for the remote control is 25 Euros, the target cost is 12.5 Euros, and the target profit is 50 million Euros.",,532,qmsum,3984,qmsum,0.5
"Query: What did Albert Heaney think of the coronavirus Act when discussing the evaluations on the legitimacy of the children's rights, protection and demands?
","[""When it comes to the evaluations on the legitimacy of the children's rights, protection and demands, Nicola Edwards mentioned that they had been working on the coronavirus Act to see if they could ease some of the statutory requirements, further helping the childcare and education affairs in the future. Then Albert Heaney went on to elaborate that it was because that they were not meant to include any easements in children's social services at first, however, it was obvious at present that at least for those carers, they had to break the law of social distance to keep looking after the children in need. Therefore, they were calling for the possibility of losing the law for those who did have something to do with childcare and education.""]",en,29041bda02a95bd53805363c72505c873f34db1c93d32881,Answer:," Albert Heaney stated that no easements were introduced in relation to children's services legislation, emphasizing that the standards in place for children's rights, protection, and demands remain unchanged, and therefore, there was no necessity for a children's rights impact assessment in relation to the primary legislation.",,532,qmsum,10509,qmsum,0.5
"Query: What's the conclusion of the discussion about intuitive when presenting on evaluation criteria?
","['The group agreed that the remote had a high score in terms of locatability, so they first thought it was also intuitive. Then, Industrial Designer mentioned that it might be a little more difficult for people to get used to in the beginning because the scroll was a new technology. Marketing thought it was obvious how to use it. Therefore, groupmates agreed to give an average score of five.']",en,30da039b34de89757a048d6ada97c24def61dc30a7706b77,Answer:," The conclusion of the discussion about intuitiveness was that the design is somewhat intuitive, but not immediately familiar, so they decided to rate it a five out of seven.",,532,qmsum,9375,qmsum,0.5
"Query: What did the professor think about improving the back recognizer for the Aurora task?
","['The Professor thought that the experiments were pretty simple, so computational power was not really a problem. He also thought that it would be okay to increase the states from six to nine.']",en,6ef9b5b50b66b2670abbb3753bfe1a4ebe0d40aacb54f281,Answer:," The professor thought that improving the back-end recognizer for the Aurora task could be beneficial, and he encouraged experimenting with changes such as adjusting the number of states in the models to better match the word lengths, which might lead to improved performance.",,532,qmsum,8194,qmsum,0.5
"Query: What did the group talk about the appearance of the television remote?
","['In terms of putting fashion into the electronics, this is both their slogan and their design target. Apart from the company colour of black and red, the Project Manager came up with the idea of providing skins for the users. But the members were not in favour of this idea for that the work would be huge, at the same time, they were inspired to add the logo on the boot-up screen and introduce a dormant mode because most people do not want the remote to be flashing when the TV is on.']",en,3cf831ee97fdc099975661a966f34810d7cf1874ca6b3639,Answer:," The group discussed the appearance of the television remote, focusing on using plastic instead of metal for the design to avoid interference and potential safety issues. They also considered incorporating company colors (red and black) and the slogan ""we put fashion in electronics."" Additionally, they explored the possibility of a sleek, modern look with a touch screen interface and discussed the aesthetic value of the remote, aiming to balance functionality with an appealing design.",,532,qmsum,5336,qmsum,0.5
"Query: What did Grad E contribute to the discussion on storage disks?
",['Grad E volunteered his 18 Gigabyte drive to the group. The drive had 12 gigabytes of memory and he was not using it for anything.'],en,fff100fc003a59ba70830ef925a879463d106038d9309087,Answer:," Grad E contributed by offering to use an 18 gigabyte drive on their computer (named Samosa) for storage purposes, and they mentioned having about twelve gigabytes of free space. They also discussed the potential of using their drive for storing data related to the meetings, although they noted they couldn't do much until new transcriptions arrived.",,532,qmsum,12805,qmsum,0.5
"Query: Summarize the whole meeting.
","['The meeting was about caring Welsh children during the outbreak of COVID-19. Due to the coronavirus, the state was locked down and a strict social distance was required, and then most schools in Welsh were shut down. The group was concerned whether the existing support was enough to ensure their children get through such a period healthily, in terms of both mentally and physically. They listed several possible solutions, including having the vaccination on the susceptible group, offering psychological support for the children as well as the pregnant women, and raising a contingency fund. Through their asking and answering with the ministers, the group finally agreed on a bright blueprint for the education and economic recovery in Welsh.']",en,5770240f11b9eae7d4a9a8a8de1e70bd557229796d9324f0,Answer:," The meeting transcript details a virtual session of the Children, Young People and Education Committee in Wales, focusing on the impact of the coronavirus pandemic on children and young people. Key topics included the transmission of the virus among children, mental health concerns, access to healthcare services, and the challenges faced by childcare and education sectors. The Welsh Government provided updates on their response strategies, including monitoring the situation, ensuring access to essential services, and planning for recovery. The discussion also covered the importance of safeguarding children, the role of third-sector organizations, and the need for continued support for vulnerable children and families. The meeting concluded with a transition to private session, marking the last formal business of the National Assembly for Wales before it becomes the Senedd.",,532,qmsum,10490,qmsum,0.5
"Query: What did the Project Manager think of the profit when discussing the financial issue and why?
","['According to the Project Manager, the finance department proposed to price the product at 25 euros and make a profit of fifty million euros in total. However, the cost might be at only twelve fifty, meaning that the profit would be at one hundred percent.']",en,815f4222b3b738706aa5fad352b72ccc47e9454fcb391b09,Answer:," The Project Manager thought the profit of selling the remote control for twenty-five Euros was high, aiming for a fifty million Euro profit internationally. However, he was skeptical about the price being too expensive, suggesting it would need to perform exceptionally well to justify the cost.",,532,qmsum,5989,qmsum,0.5
"Query: What was the final decision of the discussion about automatic power control?
",['The industrial designer thought the automatic power control would be a bit problematic because there were different criteria for different people. Then the marketing proposed that they should design a personalized product so that the users could have their own settings. The proposal was accepted by the industrial designer but later the idea of automatic power control was still abandoned because of price issues.'],en,deb8cf5944a71dbddc14260aa6e64e66f6110f5b27d13847,Answer:," The final decision was that automatic power control is not possible with the current price constraints, but it can be considered for future steps if feasible.",,532,qmsum,7342,qmsum,0.5
"Query: What did Vaughan Gething elaborate on the crisis care when talking about the evaluations on the increasing suicide crimes during the COVID-19 and the long-term special carefor the pregnant women?
","['When talking about the evaluations on the increasing suicide crimes during the COVID-19, Vaughan Gething said that in order to prevent more tragedies, they had been offering mental health care for the people. Even if most public service had to be shut down during the outbreak, the staff at the crisis help continued to be available. In addition, they had a seven-day-a-week crisis care, which they hoped that could also be a long-term service to help people in need even after this particular period.']",en,8476fcbe8bf6f7ea7092d0bae410ca82db60f2baf733adb7,Answer:," Vaughan Gething elaborated that crisis care services for children and young people remain available and are essential, operating seven days a week. He mentioned that the Welsh Government is assessing the potential increase in suicide rates among children and young people during the pandemic and is conducting a review to understand the impact of restrictions on mental health and well-being. Additionally, he highlighted the continued provision of perinatal mental health services, emphasizing the importance of maintaining these services despite the challenges posed by the pandemic.",,532,qmsum,10516,qmsum,0.5
"Query: Summarize the whole meeting.
","['The meeting was about a preliminary idea of new remote control, covering the price, the functions, the appearance and the name. After a brief self-introduction, Project Manager assigned the task. One of the most important issues of the meeting was about the price. Project Manager supposed the product should be sold at 25 euros with a one hundred percent profit. As it would be a multifunctional remote control, the members were confident that it would stand alone. Moving on to the issue of the appearance, the group analyzed the problems of the existing remotes and briefly talked about the user interface as well as came up with a name of the product.']",en,e3a49dfe9f6e41eadacfe0240ea115164a42c9e8de3ef126,Answer:," The meeting involved a team discussing the design and marketing of a universal remote control. They outlined the project's goals, including making the remote stylish, functional, and affordable. The team brainstormed ideas such as a touch-screen design, multifunctionality, and unique features like a locator device. They also discussed the target market, pricing strategy, and the importance of material quality. The meeting concluded with plans to continue refining ideas and preparing for future discussions.",,532,qmsum,5977,qmsum,0.5
"Query: Summarize the discussion about setting up the recording equipment
","['One of the graduate students is working on building the PDA of the future. The idea is to be able to record meetings for personal use and then query them for pertinent information. The data collection will be anonymized to a large extent, but not so much that the meeting does not represent a real scenario. This meeting will be one of the recorded meetings.']",en,57d72ebce7c5bbd100c5a666dcd7500997be8169e632f0db,Answer:," The discussion about setting up the recording equipment included checking that wireless microphones were on, ensuring proper placement of microphones two thumb widths away from the mouth, and confirming that participants would read digit strings and fill out forms. The team also discussed anonymizing the transcripts but not the audio, and the importance of minimizing breath sounds to improve audio quality. Additionally, they mentioned the use of both close-talking and far-field microphones to capture high-quality audio for different research purposes.",,532,qmsum,15408,qmsum,0.5
"Query: What did the Project Manager elaborate on the members when discussing the materials of the television remote?
","['The group talked about the material and they found it would be hard to balance the budget and the quality. In order to save the cost and ensure satisfying user experience, the Project Manager decided to choose high-quality recycled plastic as the material. But in terms of the battery, he would pay a lot to equip the remote with a cutting-edge lithium battery.']",en,c9ca0b248e72caee3e1d6e28747a81fab00b968618ba3d28,Answer:," The Project Manager elaborated on the materials of the television remote by emphasizing the need for plastic construction due to potential interference issues with metal, suggesting the use of high-quality recycled plastic for both functionality and aesthetics, and discussing the possibility of incorporating a touch screen interface.",,532,qmsum,5341,qmsum,0.5
"Query: What did the professor think about clustering?
","['The professor was not too excited about clustering. He thought that the team could identify the bands that were the most promising and weigh them more highly in the model. As it stood, the model was using all bands with equal strength.']",en,a1a2237c1562561d950bc8e245f0a9612fbb452532c318a1,Answer:," The professor thought that clustering could be a viable approach, as he acknowledged that it ""guess you could"" and suggested binning up continuous variables into different categories. He viewed it as a potential method to explore in the context of feature analysis and data processing.",,532,qmsum,8187,qmsum,0.5
"Query: What did the group discuss about the trend of teacher recruiting and the reasons for it, and steps they had taken?
","['Although there were no exact figures,they had seen over recent years that they were only recruiting to about 65 percent of targets. It was partially due to the financial incentives, but that was not all of the problems. Because this issue was not only in Wales, but a common issue in all over the world. For example, in England, despite higher financial incentives to join ITE courses, people still were not getting onto those courses. To solve this problem, they had taken several steps including making sure their ITE provision was world class, embarking on the first national ITE recruitment marketing exercise, etc. In this process, Llyr Gruffydd had a doubt that the level of ambition did not reflect the level of action that was needed actually. Kirsty Williams responded that different statistics told different stories. They obviously understood there were many steps they had to take, but they were trying instead of just sitting back and waiting.']",en,3814c81130c13d1df955f1c6e235e30559ced35bda5f139e,Answer:," The group discussed the trend of difficulty in recruiting teachers, particularly in Welsh-medium education, noting that only 65% of priority places were filled. They identified that this issue is not unique to Wales but a global challenge, with teacher shortages in countries like the USA, Australia, and Finland. Steps taken include increasing financial incentives for teacher training, launching a national recruitment marketing campaign, and introducing part-time PGCE routes to accommodate working professionals and those with caring responsibilities. Additionally, they mentioned the establishment of an advisory board to address recruitment and retention issues.",,532,qmsum,13883,qmsum,0.5
"Query: Summarize the ways of continuing mental health service during the lockdown.
","['Vaughan Gething pointed out that due to the school lockdown, children as well as their parents would face difficulties at home learning and social-contacting. In case they would suffer from potential mental health problems, the government have to carry out a mental health recovery plan. Sian Gwenllian then mentioned that the CAMHS, as well as all the schools, should follow up the mental states of children and offer telephone and online support.']",en,64b7fea1da7e7545784befc76fae5be9970ede51f6866170,Answer:," During the lockdown, mental health services in Wales continued through various means such as maintaining seven-day-a-week crisis care, expanding online and telephone support services, and ensuring that children and young people could access these services remotely. Additionally, efforts were made to keep in touch with vulnerable children through technology and to provide support for families, including through the use of virtual consultations and maintaining essential in-person services where necessary.",,532,qmsum,10497,qmsum,0.5
"Query: What did Industrial Designer say about the customers' taste?
","['Industrial Designer said that the younger people fancied soft materials and primary colors. For example, total yellow or totally red could be visible. The shapes could be curved and round,which would be easier to use. It would be better to use the basic battery so everybody could get it at the supermarket, or to use a kinetic battery after shaking it a few times, it could be loaded. Industrial Designer suggested hard plastic material and rubber since the younger people liked that. The survey also discovered that the young favored a scroll push like the mouse to use for channels and volume.']",en,991da5da949c52e8ee10d884e5816ef058c4a5acca503efe,Answer:," The Industrial Designer mentioned that younger people prefer soft materials, primary colors, and curved, round shapes for the remote control, and that they want a design that is different from traditional flat and long remotes. They also suggested that the remote should be shaped like a hand for easier use.",,532,qmsum,6031,qmsum,0.5
"Query: Summarize the discussion about product evaluation.
","['The marketing thought they needed to evaluate whether it made sense to do the project and whether the product could fulfil their requirement. So the group started to judge the design on a scale of one to seven, one being true and seven being false. The criteria were fanciness, technology, robustness, usefulness, size and weight, colour and shape, and adaptiveness. The product got an average score of two point one seven, which implied it was good.']",en,51129feaa0df6ad32bf998c49a77bcc98b5ea4353ff823a1,Answer:," The discussion about product evaluation involved assessing the prototype's features, such as its fancy design, technology, robustness, and adaptability. The team used a scale from 1 to 7 to rate the prototype against various criteria, including fanciness, technology, and usefulness. They aimed to determine if the product met their goals and was feasible to produce. The evaluation concluded with an average score of 2.17 out of 7, indicating the product was considered somewhat fancy but had room for improvement in other areas. The team also discussed cost considerations and potential adjustments to stay within budget.",,532,qmsum,8556,qmsum,0.5
"Query: Why did User Interface think they should use more buttons than the current one when discussing the technical function design?
","['Compared with the current manufacturer design, User Interface mentioned that they should reduce the option to control the DVD. And according to the new requirements, they need to control the maximum number of buttons within ten.']",en,0f9368e96dde1615381dc1be9aa0f8252cbbe613d80d90d1,Answer:," User Interface thought they should use more buttons than the current one because they believed the current remote was engineering-centered and had the most functions, and they wanted to incorporate more features to meet the needs of the target audience, even though they later agreed to reduce the number of buttons based on design and usability considerations.",,532,qmsum,11315,qmsum,0.5
"Query: What did Morneau say about the debt?
","['Morneau explained that the government was committed to supporting Canadians. It came into the pandemic with a strong fiscal position, and while the pandemic will bring challenges, it will face those challenges while supporting small businesses and Canadians.']",en,01da31922224bf9588d8462904e10ec51ac016f0ae9e8b3a,Answer:," Morneau stated that the government's approach is to continue making investments on behalf of Canadians, supported by their strong fiscal position, and that they will focus on supporting Canadians through the crisis. He avoided providing specific figures or confirming whether the national debt would reach $1 trillion, instead emphasizing the importance of supporting Canadians and maintaining a strong economy.",,532,qmsum,23784,qmsum,0.5
"Query: What did the Project Manager think about their presentation contents when reflecting on their meetings and project progress?
","['The Project Manager planned to include their project process in the presentation. In addition, he thought it would be an interesting experiment to carry out an open mic presentation in which the team members could get out of the roles and share their satisfaction of the room and their creativity freely.']",en,4ab48bae28dde01e9ecca702579f3b13c01dbfb974255154,Answer:," The Project Manager reflected that their presentation contents were somewhat underwhelming and felt like they were just copying and pasting information, which didn't fully engage them. They also noted that the process was a bit repetitive and that they felt under-stimulated, as the team had already established the direction of the project.",,532,qmsum,9196,qmsum,0.5
"Query: Summarize the whole meeting.
","[""The main points of the discussion are the design goal and price of a new television remote control project. The group first put forward the design goal of remote control. Then they got used to the whiteboard and wrote down everyone's favourite animal and their characteristics. Project manager and Marketing wanted to sell this remote control for twenty five Euro and expected profit will be around two million Euro. Then, the group thought about colour and function features of the new remote controls. In addition, they also believed that the remote control should be safe enough for children to use, and the appearance should be acceptable to them.""]",en,cab36b6595dd8d35dcdc7ce577079595de37784c10292561,Answer:," The meeting was a kick-off session for designing a new remote control. The team discussed key requirements such as functionality, user-friendliness, and robustness, with a focus on making it child-proof, colorful, and small. They also considered the idea of a universal remote control and debated features like button placement, screen integration, and adaptability for left- and right-handed users. The team planned to meet again in thirty minutes to further develop ideas and finalize the project plan.",,532,qmsum,3229,qmsum,0.5
"Query: Why did the Marketing think they should have LCD when presenting the market trends?
","[""When Industrial Designer mentioned that LCD was basically feedback from television and questioned the necessity of LCD, Marketing suggested that they could integrate with the television then it could come up with new information about what was on, and users could just see that on the remote rather than TV itself so that users won't get interrupted by viewing pleasure. Also, Marketing thought the group could have a minimalist remote control so that users could flip it open if they wanted to mess about it.""]",en,73807dde6c08ff12d79bd63ce33110082d3126651007be60,Answer:," The Marketing Expert thought they should have an LCD because it aligns with current market trends towards technologically innovative and visually appealing products, and it can enhance user experience by providing feedback and integrating with the television.",,532,qmsum,8984,qmsum,0.5
"Query: What did D think about the experimental setup of the computer navigation system?
",['D wanted to know if the videos for the navigation system would be recorded from a first person perspective. D was also trying to understand how ambitious the system was. D learned that the goal was to understand how people reacted and talked in such a scenario. D provided some information about potential candidates for the human operator and wizard roles as well.'],en,e78c1d22676e96bd0120c447a29d170e08ae2be5a5132ca4,Answer:, D thought the experimental setup of the computer navigation system was interesting and noted that it would be useful to have more detailed information about the context in which the data was collected. He also expressed curiosity about how the system would handle different scenarios and the potential for improving navigation by considering factors like the user's intention and the specific task they were trying to accomplish.,,532,qmsum,15412,qmsum,0.5
"Query: Summarize the whole meeting.
","['The meeting was mainly about the exchange of the preliminary ideas about a new TV remote control project. They first got used to the writeboard and drew some animals with it.Project manager wanted to sell this remote control for twenty five Euro and expected profit will be around fifty million Euro. Afterwards the team raised different opinions about features of the new remote controls and related questions about market potential. Among all the features, having a good look and size were unanimously considered to be the most essential.']",en,a565ae2ca48e83f04c79559ae288968745b95d4bc7a6516a,Answer:," The meeting was a kick-off session for a project to design a new television remote control. The team discussed project goals, including making the remote original, trendy, and user-friendly for young people. They outlined the project phases, shared ideas for the remote's design and functionality, and explored materials and features like button placement, size, and color. They also touched on compatibility with devices like DVD players and the use of technology such as infrared. The team agreed to continue discussing ideas in future meetings and planned to finalize designs and materials.",,532,qmsum,6381,qmsum,0.5
"Query: What did the user interface designer propose in the discussion about industrial components?
","['Although the industrial designer regarded LCD as costly, the user interface designer proposed adding an LCD as a kind of output that only displayed some information or menu and was not touch sensitive, which might reduce the cost.']",en,6099595c582213359f4e7074624c740d1e79642bb85ffb92,Answer:," The user interface designer proposed a simple remote control with few buttons and a focus on speech recognition technology to reduce costs. They also suggested a design that incorporates a display for information, but acknowledged the challenges of including a touch-sensitive screen due to cost and complexity.",,532,qmsum,6961,qmsum,0.5
"Query: Why did Project Manager agree with Marketing when assessing the criteria of matching the operating behaviour of the user?
","[""Industrial Designer mentioned that they were considering that the remote was more for right-handed people than for left-handed people. Project Manager said that there didn't always have all left-handers or all right-handers in a family. Marketing mentioned that users could use their finger to scroll rather than their thumb and this would negate the whole RSI issue. Project Manager agreed on it and the group would need an investigation.""]",en,b8c1aabbc14e5638795bf99a0d587884cfaf9d87b524a793,Answer:," The Project Manager agreed with Marketing because they both acknowledged that the remote control is more suited for right-handed users, and while it may not be perfect, it is functional for the majority of users, which is considered acceptable given the design constraints and target audience.",,532,qmsum,9381,qmsum,0.5
"Query: What did the meeting discuss about universities that had secured funding for investing in their estates?
","['Bethan Owen took Cardiff University as an example and he believed that in the short term, the reserves of Cardiff would appear as though they have significant cash balances. However, the investing was much restricted and it could not be a long-term solution towards the serious financial stress. To help with this process as well as monitoring the regulated approaches, the government received forecasts, around five-year forecasts which indicated that, for 2018-19, there would be a sector that was roughly in a break-even position, since the income was not increasing, which was the biggest problem. But luckily, they were not likely to lose any of the universities.']",en,88babc359d55338b31d093edae580f039947186e387b0f35,Answer:," The meeting discussed that universities in Wales have secured funding for investing in their estates, with some, like Cardiff University, using bonds rather than traditional borrowing. This means that while their reserves may appear substantial, much of the funding is tied up in estate investments and will be utilized over the next few years. The discussion also highlighted the importance of monitoring universities' financial health, including their ability to meet loan covenants and manage cash flow, especially given the financial challenges they face.",,532,qmsum,10208,qmsum,0.5
"Query: Summarize the discussion about how to select channels.
","[""The marketing thought it not easy to keep pressing 'next' to get to the channel people wanted. Then the user interface designer offered a solution that users could set up the channels that they often watched as one, two, and three so that they would never have to go through dozens of channels. However, in the Marketing's previous presentation, some people did love zapping, so the user interface designer suggested carrying out some research to find out how many people really needed to skip from one channel to another.""]",en,712f5d33fc0ce12997abb5f5465a62659d8783be2dd7191f,Answer:," The discussion about selecting channels focused on improving the user experience by making it easier to navigate through a large number of channels. Marketing suggested that users often only use a few channels and proposed features like direct channel selection, voice commands, or a simplified interface to access frequently used channels. The team also considered the possibility of using a display to input channel numbers and discussed the feasibility of integrating speech recognition for channel selection, especially targeting younger users who might find it more intuitive.",,532,qmsum,7338,qmsum,0.5
"Query: Summarize the discussion about technical function design.
","[""The user interface designer stressed that they should design nothing but a remote control because their principle was to make users' simple desires into simple actions. Therefore, the proposed concept for the design included just a few buttons, a screen with a back light which can change colours and titanium, which was accepted by the group.""]",en,3ea9e37eb926855d2b4d18a264f1ff2e13c99be8c3bb35db,Answer:," The discussion about technical function design focused on creating a simple, user-friendly remote control. The team emphasized the importance of a minimalistic design with essential functions like power, volume, and channel control. They considered incorporating speech recognition and gesture control as optional features, though these were deemed potentially expensive. The team also discussed the use of infrared technology for communication and the need for a universal design that could be adapted for various devices. Additionally, they explored the idea of automatic on/off functionality and user personalization, though these features were noted as challenging to implement within the budget constraints.",,532,qmsum,7337,qmsum,0.5
"Query: What was said on speech overlap?
","['Efforts by speaker mn005 are in progress to detect overlapping speech. For a single transcribed meeting, speaker mn005 reported approximately 300 cases of overlap. Future work will involve manually deriving time marks from sections of overlapping speech for the same meeting, and then experimenting with different measures, e.g. energy increase, to determine a set of acoustically salient features for identifying speaker overlap. ']",en,cb5b1672ca426597251b6def8cbab8ec5249c9662a0c9888,Answer:," The meeting discussed the issue of speech overlap, where multiple people speak simultaneously. PhD D mentioned finding 300 instances of overlapping speech in a 45-minute session, and they debated how to define and mark these overlaps. They considered whether to count each speaker's contribution or treat the entire overlapping period as a single event. The group also discussed the challenges of automatically detecting overlaps using audio signals and the potential benefits of manual marking for research purposes.",,532,qmsum,19653,qmsum,0.5
"Query: Summarize the meeting
","['The meeting began with a discussion on the TORRENT project completion being pushed for two years. Grad F then introduced intermediate categorization, which was his topic for his qualification exams. The team then discussed mean subtraction from SRI. Using it had led to an improvement in Meeting Recorder digits though near mic performance worsened. The professor points to pre-echoes as the culprit. The team continued to study differences between SRI and Aurora. The team thought it would be interesting to do the Aurora tests with the SRI system instead of the HTK. The team was also exploring the Wiener filter and VTS. The professor did not seem too excited about the VTS.']",en,90f41f128c1a72bf88a72dfa04a77b726d6993f4379ec4df,Answer:," The meeting involved discussions on various research projects and challenges, including the TORRENT chip, progress on Aurora and SRI systems, and issues with signal processing and noise reduction. Participants shared updates on their work, such as Grad F's proposal for a classification system, Grad E's experiments with mean subtraction and VAD (Voice Activity Detection), and PhD C's exploration of different acoustic models and normalization techniques. The group also discussed potential improvements and future directions for their research, including testing on different datasets and exploring new methods for handling noise and reverberation.",,532,qmsum,11881,qmsum,0.5
"Query: What was the finding of the market?
","['Marketing did a usability lab-test with a hundred people and found that users disliked the ugly look of current remote controls and the market segmentation includes different attitudes towards new functions. Users felt it hard to learn new functions and they zapped a lot. The channel switch was the most popular function while the power, volume and channel selections buttons were very relevant. The market was to be segmented to different groups and most users were between thirty-six and forty-five years old and young users had different tastes about the LCD compared to the old. The speech recognition features were welcomed by the second largest group, the young but which group they should targeted remained to be discussed. Marketing concluded that less important functions should be discarded and the device should be user friendly.']",en,63f4307f60a34be95eae22709e5ab91989eb78c4ad10531b,Answer:," The market findings indicated that users disliked the look and feel of current remote controls, finding them very ugly and hard to learn. They also emphasized the importance of easy zapping, with fifty percent of users only using ten percent of the buttons. Younger users were more interested in new features like an LCD screen or speech recognition, while older users were less interested but more willing to spend money. The design of the remote control was highlighted as important, with users expressing a preference for something that looks good and is easy to use.",,532,qmsum,4754,qmsum,0.5
"Query: Summarize the whole meeting.
","['The meeting was mainly about conceptual design. In the beginning, the group focused on industrial components: energy, material and interface. The industrial designer preferred traditional batteries, titanium and simple push buttons so that they would have enough money for speech recognition. After that, the group talked about LCD display and locating methods. The second topic was user interface concept, which was basically a good-looking design with few buttons. The group decided to change the colour of the assembly at an extra charge to meet special needs. To make a smart controller, they mentioned speech recognition and user identification. When it came to trend watching, the marketing put forward three noteworthy aspects - being fancy, technologically innovative and useful. The group agreed to follow the trend but the specific design was not decided.']",en,9a8063232ff3eaa5b36ef3cba810f8bdcb99f8b23620cd9c,Answer:," The meeting focused on discussing the conceptual design of a new remote control. Key topics included choosing between battery or solar power, material options like titanium or rubber, and the interface design, such as using push buttons or an LCD display. The team also considered trends in design, favoring a ""fancy"" look with elements like spongy textures or fruit-like shapes. They decided to explore both titanium and spongy designs, and to create a prototype using modeling clay. The meeting concluded with assigning individual tasks for further development.",,532,qmsum,6952,qmsum,0.5
"Query: Summarize the discussion on improving the back recognizer for the Aurora task
",['PhD B was conducting an experiment to improve the backend performance of the Aurora recognizer. The goal was recognizing the HTK system by challenging the canonical paradigm.'],en,4412a0516765800018512529526321ca4a924fada9e4a139,Answer:," The discussion focused on improving the back-end recognizer for the Aurora task by experimenting with different model configurations. PhD B presented an experiment where they adjusted the number of states in Hidden Markov Models (HMMs) to better match the length of words, aiming to improve recognition performance. They found that longer words performed better due to more training data, and plans were made to create more word-specific models. Additionally, they discussed the use of expected durations of HMMs and the potential benefits of simpler models with fewer Gaussians.",,532,qmsum,8192,qmsum,0.5
"Query: How did User Interface introduce the prototype of the remote control?
","['The color of the prototype was yellow and the material was half rubber and half plastic with a company logo. Moreover, it could be curved inside to cover the buttons which were big and blue except the power button. Besides, both the button and joystick could switch the device off and the joystick was especially designed to control the channel and volume to make the device more fashionable. The team agreed that it was overall a good design.']",en,e0d4f5b971b7fafacd2c38ac34ac2eb514b590f6e89dbfe9,Answer:," The User Interface introduced the prototype of the remote control by describing its features, stating that it is yellow with rubber sides, and mentioning that the rest is hard plastic. They also explained that the joystick allows for volume and channel control, and that the buttons are large and mostly blue, except for the power and mute buttons.",,532,qmsum,4809,qmsum,0.5
"Query: What did Project Manager question about the Industrial Designer's presentation?
","['Project Manager questioned the reason why not to use two batteries and Industrial Designer argued that two batteries would enlarge the size and thus, make the cost rise. Project Manager also questioned the button design.After discussion, they agreed that the menu button will only work on the newer televisions.']",en,26341aee783d9a99e9ded367172975abf2f39d62d8fbf62e,Answer:," The Project Manager questioned the Industrial Designer about the location and name of the presentation file, as well as the design and functionality of the remote control, including the number of buttons, battery usage, and the inclusion of a menu button.",,532,qmsum,4757,qmsum,0.5
"Query: What did Industrial Designer think of the scroll wheel when presenting the user interface?
","['When User Interface mentioned about the new developments they would include, Industrial Designer asked about what a spinning wheel with the LCD display was. User Interface explained that it was a wheel but not separate buttons. Marketing supplemented that it was a fast wheel to control over. Industrial Designer agreed on LCD with spinning and would include it into the design.']",en,3c20063825daaab20d854f6316d64b98e5c8a99bfebc5374,Answer:," The Industrial Designer thought the scroll wheel was a good idea and mentioned that it is similar to the iPod's wheel, but noted that it might be a bit confusing at first and that users might have less control over it compared to other methods.",,532,qmsum,8984,qmsum,0.5
"Query: What did Vaughan Gething think of the perinatal mental health service when discussing the long-term special care for the pregnant women?
","['Besides the crisis care, Vaughan Gething also claimed that they did not stop the perinatal mental health service either. However, there were still some problems. For example, because of the shut down of many public services, there might be not enough inpatient care for the pregnant, and less women were willing to resort to such service during the outbreak. Therefore, apart from providing enough inpatient care like the hospital beds, they would also pay attention to how to encourage the mothers to enjoy their service.']",en,6e0eaedbec902c0ef5fcb6f6c8408969a7d353db9d9c2ce3,Answer:," Vaughan Gething stated that the perinatal mental health service continues to be provided and has not been stopped, emphasizing the importance of maintaining these services even during the pandemic. He mentioned that the service is adapting to provide support through phone and online means where possible, ensuring that it remains accessible and effective for pregnant women and new mothers.",,532,qmsum,10507,qmsum,0.5
"Query: Summarize the meeting
","['The participants went over the results of the most recent experiments, discussing future directions to take. Adding in more languages was still decreasing model performance. The best network consisted of the TIMIT and noise. The team thought that they should try to reduce their dependence on noise in the data. The Professor outlined how they could continue their experimentation.']",en,c51d91b59219381d853e798c0af85cf38754d61186e33b2e,Answer:," The meeting discussed ongoing experiments with neural networks and feature processing in speech recognition. Key points included the use of PLP and delta features, the impact of training data on performance, and challenges with feature combination. The group also discussed potential improvements, such as using multi-language training data and exploring different network configurations. They concluded that while some approaches showed promise, further research and testing were needed to address issues like language and noise dependencies.",,532,qmsum,14011,qmsum,0.5
"Query: What did the group talk about the evaluations on the increasing suicide crimes during the COVID-19 and the long-term special care for the pregnant women?
","['Lynne Neagle pointed out that due to the outbreak of the pandemic, more people reported depression and committed suicide. To deal with the harsh problem, they might have to carry out a review over the accidental mortality through the period. At the same time, Vaughan Gething suggested that even if most public services were shut down, the mental care, especially the perinatal mental health service, could not be stopped, just in order to support the vulnerable people.']",en,5951181e325d441c3dcd613014af0005a6c50daabfc58002,Answer:," The group discussed the Welsh Government's assessment of an increase in suicide among children and young people during the pandemic, noting that they are reviewing unexpected deaths to understand the potential effects of lockdowns on mental health. They also addressed the provision of crisis care, confirming that these services remain available, and discussed the impact of the pandemic on perinatal mental health, emphasizing the continued provision of perinatal mental health services and efforts to support new mothers and their families.",,532,qmsum,10511,qmsum,0.5
"Query: What did the opposition party and the Prime Minister commented about companies laying off workers in the midst of pandemic?
","[""The Prime Minister explained that the government recognized that several organizations and companies were facing difficulties because of COVID-19 and they were supporting people all over the country through that program. Although the opposition party was getting rigorous about the intensity of the question, the Prime Minister kept emphasizing that the government's priority had always been workers in difficulty so that they do not lose their jobs. This applied to all organizations and companies in the country to the extent possible.""]",en,a0d685f51d4520fac9c8c7139e76c889302e3f6f98cb8d81,Answer:," The opposition party, led by the Conservative Party, criticized the government for not addressing the issues faced by companies that have laid off workers during the pandemic, particularly highlighting the need for changes to programs like the Canada Emergency Business Account to support small businesses. The Prime Minister, Justin Trudeau, acknowledged the challenges and stated that the government is working with businesses through regional development agencies to provide the necessary support.",,532,qmsum,20282,qmsum,0.5
"Query: Summarize the whole meeting.
","['Firstly, User Interface suggested trendy and one-color cases, good icons on the big buttons since they would be recognizable and excite the young people. Secondly, Industrial Designer introduced that young people favored soft materials and primary colors, but trendy design on the button and the use of LCD display would increase cost since the budget had always been a big problem. Moreover, the team would aim at the younger market based on the decision of the former meeting and agreed that to make the device more profitable they should sell the product for longer than one year. The team also discussed the button function of the remote control but they had not come to an agreement. Lastly, Project Manager decided on a normal battery and no kinetic to control the budget.']",en,fb9ca77d269a3d56b656f5a9a3c497c6374b61fd92066df3,Answer:," The meeting involved a team discussing the design and features of a new remote control. The User Interface presented the interface concept, including button functions and design choices. The Industrial Designer discussed the physical design, suggesting a hand-shaped remote with soft materials and a scroll wheel. The Marketing team focused on trends and target demographics, emphasizing the need for a unique and appealing design. The team also debated the inclusion of an LCD screen, the use of different button types, and the overall cost implications. They concluded by agreeing to finalize the design concepts and prepare for a detailed design meeting.",,532,qmsum,6026,qmsum,0.5
"Query: What does the group discuss on the problem of dust in the control?
","[""Marketing thinks that if they don't have a bit of titanium between the two fronts, users may get problems with the LCD screen, like some dust in it — because people have always all kinds of filth between the mobile, when people exchange all the fronts, the control is open. And the group decides to have a bit of titanium in between, and with the curved edge.""]",en,2089ef31097ecaa4f1bda64e55713637ac9132447c529382,Answer:," The group discusses the problem of dust in the control by considering the design of the remote, specifically the exchangeable front and the potential issues with dust entering the device when the front is removed. They agree that having a titanium lower part can help prevent dust from entering the L_C_D_ screen and other internal components.",,532,qmsum,11178,qmsum,0.5
"Query: What did Grad F think about intermediate categories?
","['Grad F informed the team that he was building a system that classified intermediate categories with multi-band techniques. Then, to reduce error for phoneme recognition, the intermediate categories could be added to improve performance. The method could be replicated for large vocabulary tasks like switchboard.']",en,c89e36776d5ceeb609d0033cb4d2fb227500190a519e297b,Answer:," Grad F believed that intermediate categories could help in classifying features more effectively. He mentioned that he initially thought of creating a complete set of intermediate features but later decided to start with a reasonable set, such as regular phonetic features, to build a system for phoneme recognition. He planned to use these intermediate categories to reduce errors in phoneme recognition by iteratively refining them based on the results.",,532,qmsum,11886,qmsum,0.5
"Query: Summarize the discussion about hourly rates of the service.
","['In this part, the meeting talked about the affordability of £4.50 amount (the universal amount) and add-ups for some cases. The group separately discussed the situation of families of different incomes levels and different areas.']",en,5190386bb6fc900f09a0d14bcd2400d1f556e932722cb09b,Answer:," The discussion centered around the £4.50 hourly rate for the childcare service, with concerns raised about its adequacy in higher-cost areas like Cardiff and Newport. The Minister emphasized that the rate has been welcomed as it simplifies the process compared to England's variable rates, and that adjustments may be made based on pilot results. There was also a focus on ensuring the rate remains affordable and that it supports both working parents and the broader childcare sector, with plans to review the rate as the scheme expands.",,532,qmsum,12329,qmsum,0.5
"Query: What were the two lessons that can be learned from early implementer areas?
",['Huw Irranca-Davies mentioned two things that their teams learned from early implementer areas. The first one was how to deal with bureaucracy and the second was about communication with both parents and pilot authorities.'],en,10c03d597a3478f601be3286b2671d5f1c27f944488b74be,Answer:," The two lessons learned from the early implementer areas were the significant administrative burden on local authorities due to the complex eligibility process and the challenges of communication with parents, as some were outside the pilot areas and others within them had misunderstandings about the scheme.",,532,qmsum,12333,qmsum,0.5
"Query: What did the User Interface think about their previous suggestions when discussing the user interface?
","['The User Interface affirmed their previous efforts at first, but he thought that was not enough, so he went on to propose that they might consider buying another face plate and include a touch screen. In terms of the buttons on the screen, the User Interface found the existing problem that some of the buttons would be stuck in the screen and not so easy to be found and touched, so he suggested making those essential buttons in conspicuous colours like red.']",en,d0e735b5709aecfc3b98bc0e4bf071d35096c7f39c0dcce0,Answer:," The User Interface thought their previous suggestions were good ideas and felt they were on the right track, expressing agreement with the concepts and ideas presented during the discussion.",,532,qmsum,7881,qmsum,0.5
"Query: What did the Prime Minister say about students?
","['The Prime Minister clarified that while young people are in need of funds, especially due to loss of income over the summer, they are also in need of work experience. The government would start providing the Canada emergency student benefit which will assist in this by making both jobs and money available.']",en,8b1565c7ab08cc53f1efa1e359953a8df2f700b2797b7cfd,Answer:," The Prime Minister mentioned that students need money and work experience, and that the government is setting up programs like the Canada Summer Jobs and another program with 76,000 new jobs for young people in important sectors to help students gain work experience while also earning money.",,532,qmsum,23785,qmsum,0.5
"Query: What's the decision of remote feature design?
","['Project Manager believed that it could not be heavy. Industrial Designer indicated that fewer and bigger buttons are better and should be bust-free, for instance, rubber could be used on it. Industrial Designer also suggested that when users push a button, they could hear some sort of bleep. User Interface suggested a LED on the corner and not too expensive material like plastic could be used. Marketing added that it should look nice for better sales and should work with as many as possible of existing products listed on their website. Industrial Designer also concluded that it should be battery-saving.']",en,1bcc88ac7d093359f8141e3c134965acf095f900f09113e3,Answer:," The decision for the remote feature design includes creating a user-friendly, original, and trendy remote control with big buttons for easier use, a built-in LED indicator to show functionality, and a durable design that prevents it from breaking when dropped. The remote should also be lightweight, have a minimal number of buttons, and be compatible with various devices. Additionally, it should consume less battery power to reduce the frequency of battery changes.",,532,qmsum,1789,qmsum,0.5
"Query: What policy the government was going to roll out to ease the deficit?
","['The minister argued that it was very important to be transparent with our investments and the government would look at the investments and the figures every day and be transparent about it. The minister promised that Canada would have a good economy in the future, and the government would not raise taxes after the crisis to tackle the deficit. Hence, the opposition party demanded a regular economy update.']",en,29bd27b3dc5f36b5e0d9af37ebe5ac75819d7507ab9d13f9,Answer:," The government was not explicitly outlining a specific policy to ease the deficit in the meeting transcript. However, the Prime Minister mentioned that the government is focused on supporting workers and businesses through various programs and that they are working to ensure economic stability and recovery. The Minister of Finance emphasized the importance of transparency and mentioned that the government is making investments to ensure a resilient economy in the future. There was no clear announcement of a specific deficit-reduction policy during the discussion.",,532,qmsum,20275,qmsum,0.5
"Query: Summarize the problem of the priority for the vulnerable children and adequate social support for those who were in foster.
","['The group mentioned that the vulnerable children and adequate social support should be carried out through the outbreak of the pandemic to protect them from infection or other mental and physical problems. The situation seemed awkward. However, fortunately, the group found that there were still enough staff available to offer mental support to those children. In terms of the children in foster, they thought the key problem at present was to ensure their living environment in the foster homes.']",en,2e714029680f4f3e0e47e17fecc1114de8bd4fe86681f2c4,Answer:," The priority for vulnerable children is ensuring they receive adequate social support, including access to technology for communication with social workers and maintaining contact with families. The Welsh Government is working to expand digital access and has implemented measures to support foster care, including guidance for foster carers and financial assistance where needed. However, challenges remain, such as ensuring all vulnerable children are reached and supported, especially those falling between the cracks of existing support systems.",,532,qmsum,10506,qmsum,0.5
"Query: Summarize their discussions on pay dispute situations.
","[""Dawn Bowden proposed the topic of pay dispute and asked what could be done as a Government to try to get parties back round the table and solve this dispute. Eluned Morgan thought this was about ColegauCymru's negotiation, and they were keeping a close eye on this situation. Eluned Morgan thought it would be fair to wait until they get further along down the line. Then Eluned Morgan had a detailed explanation about what they had done, including listening and speaking to ColegauCymru, and they were aware of what the unions were saying as well. Furthermore, Eluned Morgan said they would wish to see pay equality in relation to teaching, but details in relation to this should be waited until the outcome of the negotiations of ColegauCymru. They were aware of all those situations and they knew they were going to have to deal with it in the future.""]",en,2cd681b2816d7918b9233e089eac9cd6dd977df9789ba125,Answer:," The committee discussed the ongoing pay dispute in further education (FE) colleges, with concerns raised about the stalemate and the potential impact on staff recruitment and retention. The Welsh Government acknowledged the situation, emphasizing that it is a matter for FE colleges to negotiate, but they are keeping a close eye on developments. There were calls for the government to take a more proactive role in resolving the dispute and ensuring fair pay for all staff, including non-teaching staff who are often the lowest paid. The discussion also touched on the broader issue of pay equality between schoolteachers and FE staff, with a recognition that any resolution must consider the financial constraints and funding issues faced by colleges.",,532,qmsum,13869,qmsum,0.5
"Query: What did Julie Morgan elaborate on the online survey when talking about the evaluations on the legitimacy of the children's rights, protection and demands?
","[""When discussing the evaluations on the legitimacy of the children's rights, protection and demands, Julie Morgan mentioned that they had carried out an online survey to look into the children's thoughts and demands over the pandemic.The survey involved what did the children do through the lockdown, what they thought about the measures that Welsh government and their schools had taken, and whether they were looking for the reschooling. With those questions, the group was meant to have a more overall idea of the children's rights and demands in order to care for them better during this period.""]",en,8d457d23bd54c7a04f340ddd350bbbf47bdfc265b643f1bd,Answer:," Julie Morgan elaborated that an online survey is being launched to gather children's views on the impact of the coronavirus situation, including their experiences with school closures and the measures taken during the pandemic. This survey is intended to collect feedback on important issues affecting them, such as their feelings about the situation, the way schools have been managed, and their overall experiences during the period of lockdown. The survey is being conducted in collaboration with the children's commissioner, Young Wales, and the Youth Parliament.",,532,qmsum,10510,qmsum,0.5
"Query: What did PhD A think about the results?
","['PhD A thought that most of the nets are not that good, except for the multi English. MSG was not bringing as much information as he thought it would. He explained that even when the features were not normalized, the neural network would perform at 90%, as it would with normalization.']",en,78f6c42056bd08025eeed815449c24526a051751d7c415fd,Answer:," PhD A thought that the results showed that using PLP with delta features was effective, and that adding MSG did not significantly improve performance. He also noted that the neural network helped improve accuracy, especially when combined with on-line normalization, and that there were still some issues to be resolved, such as the performance discrepancy when the network was trained on different tasks.",,532,qmsum,14016,qmsum,0.5
"Query: Summarize the discussion about appearance design.
","[""To follow the trend of fruit and vegetable, there were two options: something in titanium and smelling like fruit, or something spongy and fruity-like. The industrial designer would explore these two choices and he also suggested having two different assemblies, but the project manager said they couldn't have both. The project manager also mentioned another solution - painting the controller to pretend that it was titanium. The group didn't make a final decision.""]",en,4e1937467ae3cb3406cbd0cc8ed25b5ce4e83dab44febccd,Answer:," The discussion about appearance design focused on making the remote control ""fancy"" and visually appealing, with a preference for a ""fruit and vegetable"" look and feel, including spongy textures and natural shapes. The team considered using materials like rubber for its sponginess and discussed the possibility of incorporating colors and shapes inspired by fruits and vegetables. They also debated between titanium and rubber for the design, ultimately leaning towards a more natural, spongy appearance while acknowledging the need for functionality and cost-effectiveness.",,532,qmsum,6954,qmsum,0.5
"Query: How would the allocation contribute to educational research?
","['To start with, Bethan Owen first pointed out that figures showed that the percentage of income that had come from research in Wales was smaller than that in England, so the Welsh universities were receiving less of the money that was available, which was a factor that resulted from having less QR as a percentage. To tackle this issue, the government had provided funding in 2017-18 and 2018-19 to WISERD Education, which was a research collaboration between a number of the Welsh universities, specifically looking at educational issues. However, it was still early to see how allocation for 2019-20 would work.']",en,8684df04bd344a18f0767a3276fb4d0848b31db0ee52316b,Answer:," The allocation for 2019-20 contributes to educational research by providing funding to WISERD Education, a research collaboration between Welsh universities focused on educational issues. This funding supports initiatives like the evaluation of the progress of pioneer schools in developing the three-to-15 curriculum in Wales, thereby enhancing educational research and policy development.",,532,qmsum,10200,qmsum,0.5
"Query: What would happen after the demo?
","['After the demo, the focus of research can switch towards purely scientific goals, including issues on ontology, deep semantic constructions, execution engines etc. Moreover, a new system will be designed for the project and at least some parts of it should be built.']",en,a9db92bf70da64873396c0a61a99a736ae4f2191a1c368df,Answer:," After the demo, the group would shift focus to scientific research, specifically working on formalizing the belief-net and exploring linguistic and spatial reference frameworks. They would also begin building their own system, with Johno leading the parser development, and plan to collaborate with new members and external institutions.",,532,qmsum,12644,qmsum,0.5
"Query: Summarize the whole meeting.
","['This meeting was about the functional design of the remote control. Firstly, the Project Manager mentioned new requirements including one recognizable button in the middle, the handy design, rubber materials and they would not use teletext. Next, Marketing presented on functional requirements including a fancy look, ease of use, and the LCD as well as speech recognition. Then, Industrial Designer introduced technical design and working design on remote interfaces. Lastly, User Interface presented on component design and the group decided to adopt a user-centered approach to reduce the main buttons and put a big circle in the middle with the power button, channel, and volume buttons.']",en,5255f8fb6009436b504bff67efebd701422e33fa2d604676,Answer:," The meeting focused on designing a new remote control, with discussions on user preferences, functionality, and design elements. Marketing highlighted user dissatisfaction with current controls and emphasized the need for a user-friendly, visually appealing remote. The Project Manager outlined new project requirements, including the exclusion of teletext and the need to target a younger audience. The Industrial Designer presented a basic remote design, while the User Interface Designer suggested incorporating features like an LCD screen and a more intuitive layout. The team debated the placement of buttons, the inclusion of features like voice recognition, and the importance of a recognizable company design. Ultimately, they agreed on key functions and design elements, with plans to finalize decisions and move forward with development.",,532,qmsum,11299,qmsum,0.5
"Query: What did Marketing talk about market trend findings?
","['There were two groups, the young and trendy, and the old and rich. For the first group, they would like fruit and vegetables as a theme for clothes, shoes, and also products. And for the material, a spongy feeling one would be better. But the old and rich would like dark colors, simple, and recognizable shapes as well as familiar material, wood especially.']",en,c0397164ffe22014a21e40af053ca9703cdc78677d20472d,Answer:," Marketing discussed findings from market trend research, highlighting two main groups: young and trendy individuals who prefer fruit and vegetable-themed products with spongy materials, and older, wealthier individuals who favor dark colors and simple, recognizable shapes, especially with wood as a preferred material.",,532,qmsum,6030,qmsum,0.5
"Query: What did the group talk about as their reflection on the meetings and their progress?
","['The User Interface first pointed out that they did not use the whiteboard at all, neither did they use the pen as well. However, according to Marketing, it was quite understandable that due to the room constraints, such devices were not used. But the worse problem was that they did not receive as many notes as they wanted, the Marketing even received no reply after he wrote his coach.']",en,2788a5aed47e75ec6c72b3023be8031f6cd35efec976db4f,Answer:," The group reflected on their meetings and progress by discussing the project's design and development, the challenges they faced, the compromises made, and the overall team dynamics. They evaluated the prototype, discussed the budget constraints, and considered the effectiveness of their collaboration and creativity throughout the project.",,532,qmsum,9193,qmsum,0.5
"Query: Summarize the discussion about industrial components.
","['The industrial designer provided several options respectively for energy, material and interface. Among these options, the industrial designer preferred traditional battery, titanium and simple push buttons so that they would have enough money for speech recognition. After that, the user interface designer proposed an LCD display only for output, which might be taken into account. The group also talked about how to enable the users to find their controllers.']",en,fa8c057c5f731a94c02ccb7858ad9d93b508df9b6f3b7f4d,Answer:," The discussion about industrial components focused on selecting materials and energy sources for the remote control. The team decided to use batteries instead of solar cells due to reliability and cost concerns. They also opted for titanium over rubber for the design, as it offered a better look and was more feasible for manufacturing, despite the challenge of creating double-curved shapes. The team also considered using push buttons instead of an LCD display to keep costs down and simplify the technology.",,532,qmsum,6954,qmsum,0.5
"Query: Summarize the whole meeting.
","[""This meeting was about the detailed design. Firstly, User Interface presented on the prototype, including the shape, the size of the remote and the user interface including the buttons and the scrolling wheel. Next, the group had an evaluation criterion on the prototype. They scored an overall six point five average on the prototype and thought they had done well on it. Then, the group had a discussion about project finance. The group decided not to have a sample sensor and the locator because they had a production cost of 12.5 Euros. Lastly, the group had a discussion about the project process, including the use of a pen, the whiteboard and the PowerPoint. Also, the group was satisfied with Project Manager's leadership and Project Manager also mentioned that their costs were within the budget as well as some admin work.""]",en,a604016698c42f5694326bbba28d66f628f218a5cf6f7d89,Answer:," The meeting was a final design review for a new remote control shaped like a banana. The team presented their prototype, discussed design features, and evaluated the product against specific criteria. They addressed budget constraints by removing some features like the locator and a sample speaker. The team concluded that the design was mostly within budget and met most evaluation criteria, with some minor adjustments. They also reflected on the design process, noting the benefits of regular meetings and collaborative brainstorming, and expressed satisfaction with the outcome.",,532,qmsum,9366,qmsum,0.5
"Query: What was the general discussion?
","['The group discussed recognition results generated for 20 minutes of close-talking microphone data. Recognition performance was very good, indicating promising results for forced alignment procedures and the ability to analyze other important signal information, e.g. prosody and overlapping speech. It was decided that close-talking data should be downsampled and fed to the SRI recognizer to compare recognition performance, and that data from the far-field microphones should be tested on the recognizer as soon as possible. The group also discussed recording setup and equipment issues. ']",en,fb7891826fb3f47e3750d45365e8c0c97e23613752335cc0,Answer:," The general discussion in the meeting covered topics such as microphone setup and usage, issues with the speech recognition system, the process of transcribing meetings, and the challenges of handling overlapping speech. There was also a discussion about the technical aspects of audio processing, including downsampling, filtering, and the use of different microphone types. Additionally, the group discussed plans for future meetings, the need for a transcription system, and the potential for improving the recognition system through further data collection and adaptation.",,532,qmsum,12783,qmsum,0.5
"Query: What was the future of data collection?
",['The group aims to collect over 100 hours of Meeting Recorder data in total. Speaker consent forms are being revised. It was suggested that subjects should sign a new consent form after 10 recording sessions.'],en,2cc7738467d6098ff04980af3f7cd9ef3610f97d63a8c211,Answer:," The future of data collection involves continuing to record meetings, aiming to collect significantly more than a hundred hours of audio data. They plan to record more meetings, including those with political discussions or debates, and explore collaborations with local broadcast media to obtain additional data with multi-channel recordings. They also intend to maintain the current setup and possibly expand to other sources like radio shows, ensuring a diverse and rich dataset for research.",,532,qmsum,19654,qmsum,0.5
"Query: Summarize the review of some problems from the past meetings.
","['The group briefly talked about their agreements of the past meetings. They were all concerned with the interchangeable user interfaces and they agreed to make it more natural-looking and multi-faces. The Industrial Design then mentioned the issue of the material. They decided to use a rubber coat in case the remote control would be damaged when being dropped occasionally. After most details were checked, the Project Manager turned to the budget problem. It is quite essential for them to be both environmentally friendly and economic.']",en,30051e7f58ab4869cb0d06c302b96d628ef87eec2d64fa4a,Answer:," The review of past meetings highlighted issues such as unclear roles and responsibilities, lack of consistent information sharing, and the challenge of maintaining focus during discussions. There was also mention of the difficulty in adapting to the project's evolving needs and the impact of limited resources, such as the lack of a whiteboard and the reliance on digital tools. Additionally, there were concerns about the project's budget and the need for compromises to stay within financial limits.",,532,qmsum,9188,qmsum,0.5
"Query: Summarize the whole meeting.
","[""Firstly, User Interface introduced the prototype of remote control based on the previous discussion of its function. The prototype was half rubber and half plastic with a yellow case. Secondly, Marketing designed an evaluation test under the guidance of the market trend as well as the customers' taste and the team gave one to seven points to each feature of the product.Thirdly, the team found that the current product exceeded the budget, so the team decided to discard joystick and use only one material with the normal color but the team agreed to keep the LCD as well as the advanced chips. Lastly, the team gave positive feedback on the project and the process.""]",en,c0534dea030f2e295fce90c3249f37a019aa216a8716a032,Answer:," The meeting involved a team discussing a prototype remote control. They evaluated its design, functionality, and cost. The team considered changes to reduce costs, such as removing the joystick and using standard buttons. They also discussed the product's aesthetics and market appeal, particularly for a younger audience. The evaluation process included rating the product on various criteria, and they concluded with plans to adjust the design for better affordability and usability. The meeting ended with a decision to proceed with modifications and a positive outlook on the project.",,532,qmsum,4802,qmsum,0.5
"Query: Summarize the group's plan of their marketing strategy.
","['They want to keep the cost under 12.50 euros by controlling the materials, and they want to sell them internationally for 25 euros, with a target of 50 million euros worldwide. So they wanted the remote to be compatible with most TVS in the world, or at least all the TVS they make.']",en,4cef52b157fa90da2563ef28624ba261f062834c9504b8d2,Answer:," The group's marketing strategy involves creating a universal remote control that is original, trendy, and user-friendly. They aim to design a remote that is compatible with various devices like DVD players and televisions, with a focus on international usability and cultural acceptance. The remote should have a modern design, intuitive button placement, and be customizable with different colors and front covers. They also plan to conduct market research and consider materials and functionalities to ensure the product meets both aesthetic and practical needs.",,532,qmsum,6385,qmsum,0.5
"Query: Summarize the discussion about user interface concept.
","['The user interface designer presented a good-looking design with few buttons. As for the colour, the user interface designer suggested making a backlight of the LCD screen with different colours, but this was denied due to the high cost. Then the industrial designer recommended changing the colour of the assembly at an extra charge to meet special needs. Light and infrared were also taken into consideration to make the controller glow in the dark. In order to make a smart controller, the group mentioned speech recognition and user identification.']",en,5dbc2db3da6a9bdb08c6a8e2cbe75a5e5eea7df3c933c0f0,Answer:," The discussion about the user interface concept focused on deciding between push buttons and an LCD display. The team ultimately decided to use push buttons due to cost and simplicity considerations, while also incorporating speech recognition technology. They also considered the possibility of including an LCD display for information output but opted against it due to higher costs and complexity. The interface was designed to be user-friendly, with a focus on simplicity and ease of use.",,532,qmsum,6955,qmsum,0.5
"Query: What did the group conclude on LCD screens and the speech recognition suggested by Marketing?
",['Marketing mentioned that the research found it would be costly for the speech design and suggested considering LCD screens. Industrial Design suggested that they would consider both and see what they could find. The group all agreed on it.pressing the button.'],en,cee51c4c954baf996a9ed3267be5110df2d8f0cf5ff018f4,Answer:," The group concluded that they should consider including an LCD screen in the remote control design, as it was seen as important for the target audience. However, they also acknowledged that speech recognition was a more costly and complex feature, and they decided to focus on the LCD screen for now while keeping speech recognition as a potential future consideration.",,532,qmsum,11310,qmsum,0.5
"Query: Why did the group think of the locator when presenting the functional requirements?
","['When Marketing mentioned about the long battery life, the group came up with the locator that the remote could beep when users clapped. Also, this function should be designed to not beep every five minutes so that users would not like the remote. The group mates agreed on it and thought it was an interesting and excellent idea.']",en,274323138561357bf8a1fbd2e63863add766d5587fbe69dc,Answer:," The group thought of the locator to help users find the remote control easily, as it was mentioned as a feature that could be useful, similar to a mobile phone's locator, to prevent losing the remote and to ensure it can be located quickly.",,532,qmsum,8489,qmsum,0.5
"Query: Summarize the decision of the discussion about function design.
","['The point of this discussion is that the group should optimize buttons and switch designs, adjust the number and size of buttons and their functions, filter out unnecessary functions, reduce the number of buttons and replace them with screens to enhance the applicability of remote controls, just like mobile phones.']",en,b1ec1680b7b16c8dd4518e141d376a45572111aa1fbe1436,Answer:," The group decided that the remote control should be original, trendy, and user-friendly, with a focus on functionality. They emphasized the need for a robust, child-proof design, a small and manageable size, and a simple interface. The remote control should also be colorful and adaptable, with features like a customizable layout and possibly a universal function to control multiple devices. They agreed to further discuss and refine these ideas in the next meeting.",,532,qmsum,3234,qmsum,0.5
"Query: Summarize the group discussion about general requirements.
","['The group had a discussion about the target age group and they agreed to look at 15 to 35 year olds. Also, they decided to make it look simple, but still have those key buttons so it would be easy to use. Lastly, the group agreed to include one sort of menu button and voice recognition as an option.']",en,cce23622045135fe365469483bad6bbe18af6cea038052db,Answer:," The group discussed general requirements for the remote control, focusing on simplicity, functionality, and target audience. They agreed to target a younger demographic (15-35 years old) who value style and may be interested in features like voice recognition. The remote should be easy to use, have essential functions like channel control and volume, and maintain a sleek, modern design. They also considered the feasibility of incorporating voice recognition as an optional feature while keeping the physical remote with basic buttons for usability. The group emphasized the need for a balance between functionality and aesthetics, and they planned to refine these ideas further in future meetings.",,532,qmsum,8483,qmsum,0.5
"Query: Summarize the discussion about project finance.
","['The production cost was 12.5 Euros. So, the group decided to have one simple battery, no kinetic energy, no solar, one advanced chip on print, one sample speaker, one single-curved surface which can be folded, push-buttons, the scroll wheel, the LCD display. And they decided to give up the sample sensor as well as the locator.']",en,6a093742535636fe9687002f2db47be1d5af18de447655fe,Answer:," The discussion about project finance focused on ensuring the design met financial criteria. The team evaluated the prototype against budget constraints and decided to remove non-essential features like the locator and sample sensor to stay within the twelve-point-five budget. They also considered simplifying the design by replacing the scroll wheel with buttons, which helped reduce costs. Ultimately, they confirmed that the project was well within budget, with some leftover funds for unexpected expenses.",,532,qmsum,9368,qmsum,0.5
"Query: What were the three main causes for the financial challenges facing the universities?
","['Dr David Blaney introduced that the first was the impact of the demographic dip of 18-year-olds and as a result there was an increased pension cost generally. Second, current uncertainty also came as a result of the political environment like the Augar review in England and Brexit. This might deepen the funding gap. Third, due to the political decision to invest in students, universities were faced with challenges of providing more services under limited funding.']",en,56aa2c5a89761478c2169cfc6050acf5d84842c294d3b9fb,Answer:," The three main causes for the financial challenges facing the universities were: 1) the impact of the demographic dip of 18-year-olds, which is deeper and longer in Wales than in other parts of the UK; 2) increased pension costs and general costs; and 3) current uncertainty due to the Augar review in England and Brexit.",,532,qmsum,10205,qmsum,0.5
"Query: What did the Industrial Designer recommend to do when discussing the naming of remote control and why?
","['After coming up with the idea of multi plates, the Industrial Designer asked to give the remote control a name and patent it. Within a brief discussion, they named it as Leopard Print out of the hope that it would also be helpful in cold winter days.']",en,44c1e3d51ee56bb2e0496c09966a0d75766e517d44b59672,Answer:," The Industrial Designer recommended coming up with a fuzzy and cool name for the remote control, suggesting something like ""leopard print"" to make it stand out and be appealing, especially for cold winter days. This recommendation was made to enhance the product's aesthetic and marketability.",,532,qmsum,5990,qmsum,0.5
"Query: What did Vaughan Gething think of the mental health recovery plan when talking about the ways of continuing mental health service during the lockdown?
","['When it comes to continuing mental health service during the lockdown, Vaughan Gething insisted that it was of great necessity to carry out a mental health recovery plan that with such a system, government can ensure the children could enjoy a healthy mental state during the school lockdown. However, at present they had not yet finished a detailed research in this job for that they were still under the cooperation with health boards to get a whole perspective of the situation.']",en,7fb01a4aefc5e0620242bb052bbbb3b3a044e2a51de76db5,Answer:," Vaughan Gething emphasized that the mental health recovery plan is of great importance, stating that it will be a key focus for him as the Health Minister. He acknowledged the challenges of understanding the full impact of the pandemic on children's mental health and highlighted the need for ongoing support and early intervention through online and telephone services. He also expressed concern about the potential long-term effects on children's mental well-being and stressed the importance of developing a comprehensive recovery plan informed by continued engagement with families.",,532,qmsum,10510,qmsum,0.5
"Query: What did the group discuss about speech recognition?
","[""Since the marketing and the user interface designer mentioned speech recognition in their previous presentations, the industrial designer suggested putting a simple speech recogniser on the digital signal processing chip and training the speech recogniser for particular users. However, the user interface designer concerned that it would be too complex. Then the industrial designer argued that even some simple mobile devices could have these voice dialers so it wouldn't be so sophisticated, and the marketing also said the product would be good to sell with the speech recogniser.""]",en,ade5c4dcd4a442994f97e0ec271c936e2e00bc66516daeb3,Answer:," The group discussed the potential inclusion of speech recognition in the remote control, considering it as a feature that could appeal to younger users. They explored the idea of integrating a simple speech recognizer into the device, allowing users to control functions like volume and channel selection through voice commands. However, they also acknowledged the challenges and costs associated with implementing this feature.",,532,qmsum,7338,qmsum,0.5
"Query: What was Bethan Owen's comment towards the high-risk category?
","['Bethan Owen suggested that maintaining the attractiveness of Welsh universities to students would be a key driven for solving the financial stress. Also, the research portfolio should be heavily invested in, which would also bring economic benefits.']",en,bc161633b40e517e2753f2f8e64afaf951851f316df3824c,Answer:," Bethan Owen mentioned that there is an increased risk profile in the sector in Wales, with one university identified as high risk, five as medium, and two as low in the short to medium term. She noted that the direction of travel indicates a growing risk, and while it is possible that more universities could be placed in the high-risk category, the focus remains on maintaining the attractiveness of Welsh universities to students and preserving research capacity.",,532,qmsum,10201,qmsum,0.5
"Query: What did the team say about the new product requirements?
","['Project Manager decided that the remote control should only be used on television and targeted at the biggest size of group. Corporate colour and slogan must be used on the cover. They agreed that a power button, channel switches from zero to nine, volume control, mute should be contained and a small-size menu included.']",en,320cc6e71b63b99f2b92a2fb92b6e37cda38ca16ef4a3c97,Answer:," The team discussed several new product requirements, including the elimination of teletext due to the availability of the internet, focusing only on television functions, targeting the younger age group, and incorporating the corporate color and slogan into the design. They also considered adding features like an LCD screen and a menu button, while keeping the remote control simple and user-friendly.",,532,qmsum,4757,qmsum,0.5
"Query: What did C think about setting up the recording equipment?
","['C began by asking some questions about the recording procedure and wanted to know what excising utterances from the transcript would look like. C asked several questions to that end but clarified that the source of inquiry was curiosity and nothing more. Additionally, C wanted A to explain to the meeting participants what the experiment was for.']",en,975d4e997974135de214468ed968e79573563f68e352716a,Answer:," Professor C thought that setting up the recording equipment was important for the project, as it would allow for the collection of data that could be used for research on understanding intentions in meetings. He also mentioned that the equipment would be used to record subjects in the near future, and that the data collected would be valuable for developing a belief-net to differentiate between various intentions like viewing, entering, or approaching an object.",,532,qmsum,15409,qmsum,0.5
"Query: What was concluded on semantic specification?
","['The revised semantic specification and construction formalism are more stable than the previous versions. In the latter, we find both construction types and meaning types along with formal considerations like verb subcategorization, or the ones a ""directed motion"" construction would dictate.']",en,4629a555e4748fcf19fce224d09b3c75040d4c1fa89c0bfb,Answer:," The meeting concluded that the semantic specification involves a revised semantic specification and a revised construction formalism. The semantic specification includes semantic constraints, semantic bindings, and the use of semantic types. The group discussed the importance of distinguishing between semantic and formal types, and they acknowledged the need for further refinement and discussion on topics like focus, topic, and mental spaces. They also agreed to focus on specific constructions and to consider the implications of these specifications for parsing and interpretation.",,532,qmsum,24580,qmsum,0.5
"Query: Summarize the discussion about interface concept design.
","['The team believed that there were always large and many buttons on the standard remote control. To design its unique device, they decided on a pure color one with arrows to eliminate the number of buttons used. They also planned to incorporate the company logo. Moreover, User Interface suggested a set of buttons with its own color to make it recognizable. But this idea was turned down by Project Manager.']",en,321708580db1f71d9f8fff12c1ae35b349d0160a0c2fb289,Answer:," The discussion about the interface concept design focused on the layout and functionality of the remote control buttons, including the use of a scroll wheel for navigation, the placement of buttons such as power, mute, and channel controls, and the consideration of user-friendly design elements like color, shape, and material. The team also debated the inclusion of a menu button and an LCD screen, weighing the benefits against increased costs. They concluded that a scroll wheel and a soft, hand-shaped design were preferable for younger users, while keeping costs manageable by using a standard battery and a regular chip.",,532,qmsum,6029,qmsum,0.5
