answer_prefix,_id,predicted_answer,compression_ratio,language,dataset,all_classes,task,question,answers,length,max_new_tokens
Answer:,fdd371de2668a6f1e7914fe9a67aef33927ecc392fdc2606," The discussion about the working design of the remote control focused on creating a simple, user-friendly device with essential functions like power, volume, and channel control. The team emphasized a minimalist approach, incorporating a screen with a backlight for better visibility and a titanium design for durability and style. They also considered features like automatic on/off based on user presence, speech recognition, and gesture control, though these were deemed optional or expensive. The design aimed to be universal, adaptable for various devices, and targeted primarily at younger users who value modern and intuitive technology.",1.0,en,qmsum,,qmsum,"Query: Summarize the discussion about the working design of the remote control.
","['The industrial designer described the product as a portable device with some energy source, an interface which included some pressing buttons and keys, a processor, some infrared source which could send the information to the main device, and different encryption codes for different TVs. Since the Marketing and the user interface designer mentioned speech recognition, the industrial designer also took that into account. All these components would cost 5 Euros or even less than that. As for gesture recognition and automatic power control, the group gave them up due to price issues. At the end of the meeting, the group also talked about how to enable the users to find the controller.']",7341,532
Answer:,23625b932c93b52caf7504ee1a134d53a4096dc59744d759," The system would be involved in demos related to the SmartKom project, which includes a German speech recognition and synthesis system. The group discussed the current state of the system, its synthesis module, and plans to create an internal demo to showcase its capabilities. They also mentioned the possibility of setting up an institute-wide demonstration to explain the project to others.",1.0,en,qmsum,,qmsum,"Query: What demos would the system be involved in?
",['The final english SmartKom demo will be presented to the whole institute once the system is de-bugged and stabilised.'],12646,532
Answer:,a1a2237c1562561d950bc8e245f0a9612fbb452532c318a1," The professor thought that clustering could be a viable approach, as he acknowledged that it is possible to cluster data and bin them into different categories. He suggested that this method could be useful for analyzing the data and potentially improving the system's performance.",1.0,en,qmsum,,qmsum,"Query: What did the professor think about clustering?
","['The professor was not too excited about clustering. He thought that the team could identify the bands that were the most promising and weigh them more highly in the model. As it stood, the model was using all bands with equal strength.']",8187,532
Answer:,ade5c4dcd4a442994f97e0ec271c936e2e00bc66516daeb3," The group discussed the potential inclusion of speech recognition in the remote control, noting that it could be a useful feature, especially for younger users. They considered the feasibility of integrating a simple speech recognition system into the device, which could be trained for specific users and used to control functions like volume and channel selection. However, they also acknowledged the complexity and cost of implementing such a feature, and decided it could be explored further in future steps.",1.0,en,qmsum,,qmsum,"Query: What did the group discuss about speech recognition?
","[""Since the marketing and the user interface designer mentioned speech recognition in their previous presentations, the industrial designer suggested putting a simple speech recogniser on the digital signal processing chip and training the speech recogniser for particular users. However, the user interface designer concerned that it would be too complex. Then the industrial designer argued that even some simple mobile devices could have these voice dialers so it wouldn't be so sophisticated, and the marketing also said the product would be good to sell with the speech recogniser.""]",7338,532
Answer:,10c03d597a3478f601be3286b2671d5f1c27f944488b74be," The two lessons learned from the early implementer areas were the administrative burden of managing the scheme and the challenges related to communication. The administrative burden involved the complexity of handling eligibility documentation and managing the scheme across different pilot areas, while communication challenges included issues with parents outside the pilot areas not understanding the scheme and confusion among those within the pilot areas about their eligibility.",1.0,en,qmsum,,qmsum,"Query: What were the two lessons that can be learned from early implementer areas?
",['Huw Irranca-Davies mentioned two things that their teams learned from early implementer areas. The first one was how to deal with bureaucracy and the second was about communication with both parents and pilot authorities.'],12333,532
Answer:,f0060bb96ccf80067f76b7a0f0012a19316d9ef9c381d9c1," The User Interface thought that using titanium was not practical due to costs and suggested replacing it with titanium-colored plastic to make the product cheaper, while still maintaining a similar appearance.",1.0,en,qmsum,,qmsum,"Query: What did the User Interface think of using titanium when discussing product cost and quotation?
","['The User Interface thought it was reasonable to replace the titanium with titanium-coloured plastic. When discussing how to reduce the cost of the product, the user interface designer insisted that if they could only choose to save the titanium exterior or the LCD screen, it would be a better choice to save the LCD screen and dump the titanium cover but replacing it with hard plastics. The result was the major of the group including Marketing agreeed the suggestion.']",10674,532
Answer:,f79e91639e07c344b121d73d4bb84afc8ed22412aa24f9c1," The discussion about trend watching and appearance design emphasized the importance of making the remote control ""fancy"" and visually appealing, with a focus on trends like spongy materials and fruit/vegetable-inspired shapes. The team considered using rubber for its spongy feel and discussed incorporating natural colors and rounded shapes to align with current design trends. They also explored the idea of making the remote control smell like fruit, though this was seen as a creative but unconventional approach. The overall goal was to create a product that is stylish, distinctive, and appealing to consumers, even if it means prioritizing aesthetics over traditional functionality.",1.0,en,qmsum,,qmsum,"Query: Summarize the discussion about trend watching and appearance design.
","['The marketing put forward three noteworthy aspects in trends. First and foremost, people loved fancy things that they could be identified with. The second point was that as a remote control it had to be technologically innovative. Thirdly, being easy to use was also necessary. From a broader perspective, fruit and vegetables were in fashion this year and being spongy was also popular. Thus, contrary to the industrial designer, the marketing thought rubber was more feasible in terms of sponginess. The group agreed that the product should resemble fruit and vegetable in shape and colour but the specific design was not decided.']",6957,532
Answer:,811b75e9dfe2f5e9a4aee66d32892fd0faf154d4e4445646," The professor thought that echoes and reverberation could be problematic in audio processing, and he suggested that they could be addressed by either removing them or adjusting the processing to account for their effects. He mentioned that reverberation can be reduced through techniques like high-pass filtering and that echoes might be part of the issue causing difficulties in speech recognition. He also proposed that simple methods, such as setting low-energy sections to zero or using a VAD (Voice Activity Detection) approach, could help mitigate these issues.",1.0,en,qmsum,,qmsum,"Query: What did the professor think about echoes and reverberation?
",['The professor thought it was possible to reduce the effects of reverberation by removing the low-energy segments. He thought a VAD-like approach would work. This would make it so that the model was more likely to keep an echo than throw out speech.'],11887,532
Answer:,3cf831ee97fdc099975661a966f34810d7cf1874ca6b3639," The group discussed the appearance of the television remote, focusing on using plastic construction to avoid metal-related issues and incorporating company colors (red and black) and the slogan ""we put fashion in electronics."" They also considered aesthetic improvements, such as using high-quality recycled plastic and exploring touch screen designs with a sleek look, while balancing functionality and cost.",1.0,en,qmsum,,qmsum,"Query: What did the group talk about the appearance of the television remote?
","['In terms of putting fashion into the electronics, this is both their slogan and their design target. Apart from the company colour of black and red, the Project Manager came up with the idea of providing skins for the users. But the members were not in favour of this idea for that the work would be huge, at the same time, they were inspired to add the logo on the boot-up screen and introduce a dormant mode because most people do not want the remote to be flashing when the TV is on.']",5336,532
Answer:,f28e420cf7496c7ee50b6ea61704bba189f95823fafc87eb," The group thought Dave's departure was a significant issue, as he was leaving for ten days and would be unavailable to help with tasks like setting up new machines and managing disk space. They expressed concern about the lack of immediate support and suggested that direct communication with Dave was necessary to address the challenges he would leave behind.",1.0,en,qmsum,,qmsum,"Query: What did the group think about Dave leaving?
","['The group needed Dave Johnson to install the some one hundred SUN - Blades that had arrived and would help with storage. But Dave Johnson, the professor informed them, was leaving for ten days. The Professor informed the group that Dave was always busy and the group realized that there was no dedicated person who could help them.']",12802,532
Answer:,cb5b1672ca426597251b6def8cbab8ec5249c9662a0c9888," The discussion on speech overlap focused on identifying and analyzing instances where multiple speakers talked simultaneously. PhD D mentioned finding 300 overlapping speech events in a 45-minute session, and they discussed the challenges of accurately detecting and marking these overlaps. They considered the time and effort required for manual marking and explored the possibility of using automated methods, such as energy detection and machine learning, to improve the process. The group also debated the importance of distinguishing between overlapping speech and other acoustic events, like background noise or silence.",1.0,en,qmsum,,qmsum,"Query: What was said on speech overlap?
","['Efforts by speaker mn005 are in progress to detect overlapping speech. For a single transcribed meeting, speaker mn005 reported approximately 300 cases of overlap. Future work will involve manually deriving time marks from sections of overlapping speech for the same meeting, and then experimenting with different measures, e.g. energy increase, to determine a set of acoustically salient features for identifying speaker overlap. ']",19653,532
Answer:,20306b2da31b6657b21ec6ea54742ac7e414bbe24c0aff96," The group decided to use wireless microphones, with one additional wireless microphone ordered, and to try different headsets if needed. They also discussed the possibility of using a hand-held microphone that could be passed around for people who need to speak when not wearing the wireless mikes. The team also considered the comfort and effectiveness of the current microphones and planned to test new ones.",1.0,en,qmsum,,qmsum,"Query: What was decided on the microphone procedures?
","['Following close-talking microphone recognition procedures, it was decided that data from the far-field microphones (or PZMs) should be tested on the recognizer as soon as possible. Speaker mn017 will compare close-talking microphone recognition results with those obtained for downsampled data. The SRI recognizer will be set up at ICSI to enable researchers to run their own variants.']",12785,532
Answer:,4d38c64db46619d4bb446c466b7d13adc863334384f8c3a4," The industrial designer recommended using titanium as the main material for the product, suggesting it as the most modern and practical choice. They also mentioned the idea of using fruit-themed designs, like strawberries, for aesthetic appeal and suggested that the product could have different colors and shapes to make it more attractive and customizable.",1.0,en,qmsum,,qmsum,"Query: What did the industrial designer recommend to do when discussing the product appearance?
","['The industrial designer recommended to design several simple and perfect shapes so that users could choose the design they like. Also, they should make the colour of the LCD screen changeable to enable users to choose colours for each day depending on their mood.']",8563,532
Answer:,6a093742535636fe9687002f2db47be1d5af18de447655fe," The discussion about project finance focused on ensuring the design and production costs remained within the budget. The team evaluated the prototype against financial criteria and identified that some features, such as the sample sensor and scroll wheel, were too expensive. To stay within the budget of twelve point five, they decided to remove these features and simplify the design. They also considered alternatives like using a basic beeping speaker instead of a sample speaker and reducing the number of pushbuttons. Ultimately, the team concluded that the project was well within budget, with some leftover funds for unexpected expenses.",1.0,en,qmsum,,qmsum,"Query: Summarize the discussion about project finance.
","['The production cost was 12.5 Euros. So, the group decided to have one simple battery, no kinetic energy, no solar, one advanced chip on print, one sample speaker, one single-curved surface which can be folded, push-buttons, the scroll wheel, the LCD display. And they decided to give up the sample sensor as well as the locator.']",9368,532
Answer:,d8c2e34eb8a8ae389bff0935de57bfd74dace1082c7c2cfe," Industrial Design agreed with Marketing when discussing their presentations on the appearance design because they both recognized the importance of innovative and user-friendly design elements, such as the use of natural colors, organic shapes, and a non-traditional remote control design that aligns with current market trends and consumer preferences.",1.0,en,qmsum,,qmsum,"Query: Why did Industrial Design agree with the Marketing when discussing their presentations on the appearance design?
","['While discussing their presentations on the appearance design, both the Industrial Design and the Marketing put forward to use rubber as the material rather than other things like wood. The Industrial Design agreed to choose rubber because it can stand beat, drop and extrusion.']",7882,532
Answer:,b8c1aabbc14e5638795bf99a0d587884cfaf9d87b524a793," Project Manager agreed with Marketing when assessing the criteria of matching the operating behaviour of the user because they both acknowledged that the remote control is primarily designed for right-handed users, and while it may not be perfect, it is functional for the majority of users, with the suggestion to consider a left-handed version in the future.",1.0,en,qmsum,,qmsum,"Query: Why did Project Manager agree with Marketing when assessing the criteria of matching the operating behaviour of the user?
","[""Industrial Designer mentioned that they were considering that the remote was more for right-handed people than for left-handed people. Project Manager said that there didn't always have all left-handers or all right-handers in a family. Marketing mentioned that users could use their finger to scroll rather than their thumb and this would negate the whole RSI issue. Project Manager agreed on it and the group would need an investigation.""]",9381,532
Answer:,c0397164ffe22014a21e40af053ca9703cdc78677d20472d," Marketing discussed market trend findings, highlighting that there are two main groups: young and trendy people who prefer products with a fruity and vegetable theme, spongy materials, and vibrant colors, and the old and rich who favor dark colors and simple, recognizable shapes, especially using wood as a material.",1.0,en,qmsum,,qmsum,"Query: What did Marketing talk about market trend findings?
","['There were two groups, the young and trendy, and the old and rich. For the first group, they would like fruit and vegetables as a theme for clothes, shoes, and also products. And for the material, a spongy feeling one would be better. But the old and rich would like dark colors, simple, and recognizable shapes as well as familiar material, wood especially.']",6030,532
Answer:,4629a555e4748fcf19fce224d09b3c75040d4c1fa89c0bfb," The meeting concluded that semantic specification involves using a formalism that allows for the representation of both form and meaning, with a focus on constructions that have semantic constraints and bindings. The group discussed the importance of distinguishing between semantic and formal aspects, and they agreed on the need for a flexible system that can handle various types of constructions, including those related to discourse, mental spaces, and information structure. They also decided to focus on developing a set of constructions for specific domains, such as the tourist domain and child language learning, while deferring more complex issues like inheritance and multiple inheritance for later.",1.0,en,qmsum,,qmsum,"Query: What was concluded on semantic specification?
","['The revised semantic specification and construction formalism are more stable than the previous versions. In the latter, we find both construction types and meaning types along with formal considerations like verb subcategorization, or the ones a ""directed motion"" construction would dictate.']",24580,532
Answer:,3ea9e37eb926855d2b4d18a264f1ff2e13c99be8c3bb35db," The discussion about technical function design focused on creating a simple, user-friendly remote control with essential functions like power, volume, and channel selection. The team considered incorporating speech recognition and gesture control as optional features, aiming for a universal remote that could work with various devices. They also discussed the use of infrared technology, battery power, and the possibility of automatic on/off functionality. The design emphasized simplicity, affordability, and the inclusion of a backlit screen for better usability. The team acknowledged the need for further research on specific features like channel navigation and speech recognition, while keeping the target audience as young users who are more likely to adopt new technology.",1.0,en,qmsum,,qmsum,"Query: Summarize the discussion about technical function design.
","[""The user interface designer stressed that they should design nothing but a remote control because their principle was to make users' simple desires into simple actions. Therefore, the proposed concept for the design included just a few buttons, a screen with a back light which can change colours and titanium, which was accepted by the group.""]",7337,532
Answer:,cbbd3e6a889f75b2b93a57e125690b10a6ca00e754965b27," The main discussion points of the meeting included: addressing technical issues with the recording setup and preventing crashes, discussing the mapping of location without requiring names, exploring the use of transcripts for research, analyzing overlapping speech and acoustic events, considering the use of close- and far-field microphones for data collection, discussing the transcription process and its challenges, exploring methods for detecting speech overlaps and acoustic events, and planning for future data collection, including potential collaborations with radio shows and other meetings.",1.0,en,qmsum,,qmsum,"Query: What were the main discussion points of the meeting?
","['The group discussed topics including a potential collaboration with another ICSI member regarding the analysis of inference structures, efforts by speaker mn005 to detect speaker overlap, the current status of recordings and transcriptions, and future efforts to collect meeting data. In addition to weekly meetings by the BMR group, efforts are in progress to record meetings by other ICSI research groups, as well as routine discussions by non-ICSI members.']",19656,532
Answer:,5190386bb6fc900f09a0d14bcd2400d1f556e932722cb09b," The discussion about the hourly rates of the childcare service centered on the £4.50 per hour rate, which was introduced as a universal rate to simplify the scheme and avoid administrative complexity. The Minister acknowledged concerns about its adequacy in high-cost areas like Cardiff and Newport, noting that adjustments might be necessary as the scheme expands. The rate was welcomed for its simplicity and affordability, though there were concerns about potential disparities for lower-income families due to additional charges for services like transport and food. The Minister emphasized that the rate was based on affordability and feedback from pilots, with plans to review and adjust it as needed during the rollout.",1.0,en,qmsum,,qmsum,"Query: Summarize the discussion about hourly rates of the service.
","['In this part, the meeting talked about the affordability of £4.50 amount (the universal amount) and add-ups for some cases. The group separately discussed the situation of families of different incomes levels and different areas.']",12329,532
Answer:,7fb01a4aefc5e0620242bb052bbbb3b3a044e2a51de76db5," Vaughan Gething emphasized that the mental health recovery plan is of ""very real importance"" to him, stating that it is crucial to understand the impact of the pandemic on children and young people's mental health and well-being. He assured the committee that mental health and well-being would remain a priority, and that efforts would continue to support children and young people through online and telephone services, ensuring they receive the necessary care and intervention.",1.0,en,qmsum,,qmsum,"Query: What did Vaughan Gething think of the mental health recovery plan when talking about the ways of continuing mental health service during the lockdown?
","['When it comes to continuing mental health service during the lockdown, Vaughan Gething insisted that it was of great necessity to carry out a mental health recovery plan that with such a system, government can ensure the children could enjoy a healthy mental state during the school lockdown. However, at present they had not yet finished a detailed research in this job for that they were still under the cooperation with health boards to get a whole perspective of the situation.']",10510,532
Answer:,e4ff47865e384089993a13d9758a3bf0ba2a6eca511207ef," The meeting discussed the use of wireless microphones and the challenges with their placement and performance. It was noted that microphones should be positioned close to the mouth, ideally at a thumb to thumb and a half distance away, and that the wireless mikes had issues with signal quality and synchronization. The group also discussed the importance of proper microphone setup for better audio quality and the need to address issues like acoustic glitches and synchronization problems. Additionally, there were considerations about using different microphones, such as the PZM (pressure zone microphone), and the potential benefits of using them for better speech recognition performance.",1.0,en,qmsum,,qmsum,"Query: Summarize what was said about the microphone data
","['The group discussed recognition results generated for 20 minutes of close-talking microphone data. Recognition performance was very good, indicating promising results for forced alignment procedures and the ability to analyze other important signal information, e.g. prosody and overlapping speech. It was decided that close-talking data should be downsampled and fed to the SRI recognizer to compare recognition performance, and that data from the far-field microphones should be tested on the recognizer as soon as possible.']",12786,532
Answer:,6099595c582213359f4e7074624c740d1e79642bb85ffb92," The user interface designer proposed a simple remote control with few buttons and speech recognition technology, emphasizing a minimalist design that is easy to use and focuses on functionality rather than complex features. They also suggested incorporating a backlight with different colors for the LCD screen and discussed the possibility of making the remote control feel spongy or shaped like fruit to align with current design trends.",1.0,en,qmsum,,qmsum,"Query: What did the user interface designer propose in the discussion about industrial components?
","['Although the industrial designer regarded LCD as costly, the user interface designer proposed adding an LCD as a kind of output that only displayed some information or menu and was not touch sensitive, which might reduce the cost.']",6961,532
Answer:,0ed01f1232b214fae64b5b538e791e6dc02b3b7c7f9fe598," The group discussed that the remote control should be original, trendy, and user-friendly, with an intuitive design that people can easily use. They aimed to create something that stands out from existing remote controls by incorporating unique features while ensuring functionality and ease of use.",1.0,en,qmsum,,qmsum,"Query: What did the group discuss about the design goal of the remote control?
","['They wanted it to be original, trendy, user-friendly, durable, creative and characteristic, so it can be very intuitive that people could use the product. In addition, the price, cost and expected profit of the remote control were also determined. In the part of creativity, they pointed out that creativity should have its own characteristics and ensure its fashion without affecting its functionality, so as to truly ""introduce fashion into electronics"". In terms of function, it is necessary to simplify the switch and guarantee function.']",3976,532
Answer:,8684df04bd344a18f0767a3276fb4d0848b31db0ee52316b," The allocation for 2019-20 contributes to educational research by providing funding to initiatives like WISERD Education, a collaborative research project between Welsh universities focused on educational issues. This funding supports the Welsh Government's evaluation of the three-to-15 curriculum and aims to enhance educational research and policy development in Wales.",1.0,en,qmsum,,qmsum,"Query: How would the allocation contribute to educational research?
","['To start with, Bethan Owen first pointed out that figures showed that the percentage of income that had come from research in Wales was smaller than that in England, so the Welsh universities were receiving less of the money that was available, which was a factor that resulted from having less QR as a percentage. To tackle this issue, the government had provided funding in 2017-18 and 2018-19 to WISERD Education, which was a research collaboration between a number of the Welsh universities, specifically looking at educational issues. However, it was still early to see how allocation for 2019-20 would work.']",10200,532
Answer:,1bcc88ac7d093359f8141e3c134965acf095f900f09113e3," The decision for the remote feature design includes making it user-friendly with big buttons, a LED indicator to show functionality, compatibility with various devices, and a durable, lightweight material. The remote should also have a feature that provides a bleep sound when a button is pressed, and it should not require frequent battery changes.",1.0,en,qmsum,,qmsum,"Query: What's the decision of remote feature design?
","['Project Manager believed that it could not be heavy. Industrial Designer indicated that fewer and bigger buttons are better and should be bust-free, for instance, rubber could be used on it. Industrial Designer also suggested that when users push a button, they could hear some sort of bleep. User Interface suggested a LED on the corner and not too expensive material like plastic could be used. Marketing added that it should look nice for better sales and should work with as many as possible of existing products listed on their website. Industrial Designer also concluded that it should be battery-saving.']",1789,532
Answer:,64e9a41ae14b76f1cad7c04eee382cae6fd178a65b474a9f," The meeting focused on discussing the design and features of a new remote control, emphasizing a modern, trendy look with bright colors and a strong, stylish appearance. The team decided on a titanium back and a plastic front for a balance of strength and aesthetics, with the front being interchangeable to keep up with fashion trends. They also discussed the inclusion of an LCD screen, basic materials like copper and silicon chips, and the potential for a voice recognition feature. The team agreed on a design that combines functionality with a youthful, fashionable appeal, and they planned to create a prototype drawing together. The meeting concluded with a decision to finalize the design specifications and move forward with the project.",1.0,en,qmsum,,qmsum,"Query: Summarize the whole meeting.
","['This meeting is about some final decisions on the design of the remote control. It started with presentations on the conceptual design from Marketing, Industrial Designer, and User Interface, and had a discussion on the decisions about the control. The Project Manager put a file in his folder to place the kind of decisions they should take.']",11169,532
Answer:,44a8557b3849fca2740af3fc4e5b1d6f262034d38f0302c8," The team decided that the remote control should be original, trendy, and user-friendly, with a focus on being robust, childproof, and colorful. They also emphasized simplicity in design, with a small size, minimal buttons, and an adaptable layout to accommodate both left- and right-handed users. The remote control should be functional for basic tasks like changing channels and adjusting volume, and potentially include features like a history function or recording of actions.",1.0,en,qmsum,,qmsum,"Query: Summarize the decision of the discussion about the design goal of the remote control.
","['The group hoped that it can be applied to children, in particular to ensure their safety during use. Besides, it should be colourful and beautiful to attract the attention of children. The price also should be reasonable and affordable, not too expensive, but the profit can be guaranteed. In terms of function design, unnecessary functions and switches should be removed to enhance their applicability.']",3239,532
Answer:,585f667a0717f95cc0c7398ab295818570d6c307c7ed1ade," Eluned Morgan responded that in relation to teaching, the Welsh Government would wish to see pay equality between schoolteachers and FE teaching staff, but she emphasized that the specific details and outcomes of the pay dispute are up to ColegauCymru to negotiate and discuss.",1.0,en,qmsum,,qmsum,"Query: How did Eluned Morgan respond to whether wishing to see people have greater pay equality between schoolteachers and FE when discussing the pay dispute situation?
","['Eluned Morgan said that they would wish to see pay equality in relation to teaching. As for whether all staff should get the increase or only teaching staff but not non-teaching staff, Eluned Morgan thought this should be up to ColegauCymru to negotiate and to discuss, and they should wait for their outcomes.']",13887,532
Answer:,30051e7f58ab4869cb0d06c302b96d628ef87eec2d64fa4a," The review of past meetings highlighted issues such as the lack of clear direction and information flow, which led to confusion and inefficiency. There was also a mention of the need for more brainstorming and collaboration, as well as the challenge of keeping the team focused and engaged throughout the project. Additionally, there were concerns about the budget and the need to make compromises, such as removing the solar cell feature to stay within budget.",1.0,en,qmsum,,qmsum,"Query: Summarize the review of some problems from the past meetings.
","['The group briefly talked about their agreements of the past meetings. They were all concerned with the interchangeable user interfaces and they agreed to make it more natural-looking and multi-faces. The Industrial Design then mentioned the issue of the material. They decided to use a rubber coat in case the remote control would be damaged when being dropped occasionally. After most details were checked, the Project Manager turned to the budget problem. It is quite essential for them to be both environmentally friendly and economic.']",9188,532
Answer:,901c8c1975e2bafb77640f8854a3bcefcde762e1db3b5db7," The group discussed disposable income as a factor influencing the target audience for the remote control. They noted that younger age groups, such as those aged 15 to 35, tend to have higher disposable income, making them more likely to pay for advanced features like voice recognition. However, they also acknowledged that while younger people may have the means, they might not necessarily need or want all the features, and the target group should be carefully considered.",1.0,en,qmsum,,qmsum,"Query: What did the group think of disposable income when discussing general requirements?
","[""Industrial Designer suggested they should also look up popularity among the 25 to 35 years old age group if they looked into a stylish design. Marketing said it was 70% popular among this age group and thought this age group didn't have much economic burden so the remote price should not be unaffordable. User Interface supplemented that their remote might not function with the old TV. Therefore, the group decided to include both 15 to 25 and 25 to 35 years old age group into consideration.""]",8488,532
Answer:,0ffea9decbc25e92599ad21fc51af41c3eda24d9ee355524," The conclusion of the discussion about the marketing strategy is that the group aims to create a universal remote control that is original, trendy, and user-friendly, compatible with various devices like the D_V_D_ player and television. They plan to make it internationally recognizable, with a design that fits the hand and includes features such as customizable colors and interchangeable fronts to appeal to different cultures and age groups. The marketing strategy also involves researching consumer preferences and ensuring the product is both functional and appealing to a global audience.",1.0,en,qmsum,,qmsum,"Query: What is the conclusion of the discussion about Marketing strategy when discussing group's plan of their marketing strategy?
","[""The team decided that the remote had to be compatible with most of the world's TVS, or at least the ones they made. And the buttons must be internationally recognized.They also thought that the function of the remote control was to change the state of the TV and this could be realized by pressing the button.""]",6395,532
Answer:,ec3bcae409bead06e4584f6ab877ab0d19d64f92c2ebd195," The marketing team thought they should aim at young people because they are more likely to be interested in new technology and features like speech recognition, which is considered a buzzword. Additionally, young people are identified as early adopters of new devices, making them a more receptive target audience for innovative remote control designs.",1.0,en,qmsum,,qmsum,"Query: Why did the marketing think they should aim at young people?
","['Because in general the early adopters of a new device were young people and teletext was used less among the young than the elderly. Plus, the young found it very relevant to have speech recognition in their remote control so that they could just tell the controller what they wanted instead of zapping.']",7341,532
Answer:,8d457d23bd54c7a04f340ddd350bbbf47bdfc265b643f1bd," Julie Morgan elaborated that the Welsh Government is launching an online survey to gather children's views on the impact of the coronavirus pandemic, their experiences, and their opinions on how the situation has been managed, including their feelings about school closures and the support they've received. This survey is being conducted in collaboration with the children's commissioner, Young Wales, and the Youth Parliament to ensure a comprehensive understanding of children's experiences and needs.",1.0,en,qmsum,,qmsum,"Query: What did Julie Morgan elaborate on the online survey when talking about the evaluations on the legitimacy of the children's rights, protection and demands?
","[""When discussing the evaluations on the legitimacy of the children's rights, protection and demands, Julie Morgan mentioned that they had carried out an online survey to look into the children's thoughts and demands over the pandemic.The survey involved what did the children do through the lockdown, what they thought about the measures that Welsh government and their schools had taken, and whether they were looking for the reschooling. With those questions, the group was meant to have a more overall idea of the children's rights and demands in order to care for them better during this period.""]",10510,532
Answer:,67d0e52d92fdafa500ab2a8121549881272965a4f04b416c," The team considered grey or black as more appropriate colors for the remote control, as these colors were seen as neutral and accepted by a wider audience, although they also discussed the possibility of using trendy front covers in different colors.",1.0,en,qmsum,,qmsum,"Query: Which color was considered more appropriate by team members when discussing the desired features of remote control?
","[""They argue that the TV remote should not be too colorful and must match the color of the TV they sell. They admit that no color is acceptable to everyone. It's something they think people generally don't like bright colors. It's their intention to make the TV remote in black or gray or silver.""]",6394,532
Answer:,3e80cd55885a0cbe689ef3e5c866400a1ab6261785c2efa5," The Industrial Designer disagreed to replace the titanium when discussing product cost and quotation because they believed the titanium provided a tough look and strong feel, which was important for the design's aesthetic and functionality, especially for older users. They also felt that replacing titanium with plastic would make the product look less appealing and potentially reduce its marketability.",1.0,en,qmsum,,qmsum,"Query: Why did the Industrial Designer disagree to replace the titanium when discussing product cost and quotation?
","[""The Industrial Designer suggested that the titanium provided the tough look and the strong cover to protect the product. Besides, the older customers would like it much more because it fit their taste. So the titanium was important and shouldn't be replacing by titanium-like plastic or saving the LCD screen but dumping the titanium.""]",10675,532
Answer:,64b7fea1da7e7545784befc76fae5be9970ede51f6866170," During the lockdown, mental health services in Wales continued through various means, including maintaining seven-day-a-week crisis care, expanding online and telephone support services, and ensuring that critical care services remained operational. Services adapted by utilizing technology for remote consultations and maintaining contact with vulnerable children and families, while also prioritizing the mental health and well-being of children and young people as part of the recovery plan.",1.0,en,qmsum,,qmsum,"Query: Summarize the ways of continuing mental health service during the lockdown.
","['Vaughan Gething pointed out that due to the school lockdown, children as well as their parents would face difficulties at home learning and social-contacting. In case they would suffer from potential mental health problems, the government have to carry out a mental health recovery plan. Sian Gwenllian then mentioned that the CAMHS, as well as all the schools, should follow up the mental states of children and offer telephone and online support.']",10497,532
Answer:,876ed3e1d5021071ec791827d68bcfe5c2e4a7c4605eaffd," The discussion about the design of a remote control for children focused on making it childproof, robust, and user-friendly. The team emphasized the need for a waterproof, unbreakable design to prevent children from eating or damaging it. They also discussed the importance of a simple, intuitive interface with a small size that fits comfortably in a child's hand. Additionally, there was a suggestion for a colorful design and the possibility of a universal remote control that can be adapted for different users, including left-handed and right-handed individuals.",1.0,en,qmsum,,qmsum,"Query: Summarize the discussion about the design of remote control for children.
","['The group thought remote controls should keep children safe while using them. At the same time, the remote control should be brightly coloured. Even if it is not colourful, it should also choose a monochrome colour that children like to attract them.']",3236,532
Answer:,6c18408f7ccd0639feed7d0df04c35fb31272b85c23651a0," The solution to risk appetite involved ensuring that governing bodies of universities are sufficiently informed and challenged, with HEFCW providing guidance and support to help institutions make prudent decisions. They emphasized the importance of maintaining a consistent minimum set of expectations and ensuring that institutions are not taking on imprudent risks, while also encouraging a culture of constructive challenge and informed decision-making.",1.0,en,qmsum,,qmsum,"Query: What was the solution to risk appetite?
","['Dr David Blaney believed that governing bodies were not likely to exhibit as an imprudent risk appetite since they would see the potential risks coming through in forecasts, in requests for borrowings, predominantly and many other ways. Although the government body included a slightly different perspective, divisions were not falling short. Besides, commitments from enthusiastic people and occasionally with a slightly external perspective would also be a help.']",10199,532
Answer:,6ee2c9852cd12d09a04909c461c0bb2fe5713e3e3e2fb799," The Project Manager agreed with Marketing because Marketing highlighted the importance of targeting the younger demographic, which aligns with the Project Manager's idea of focusing on a sleek, fashionable design that appeals to this group. Additionally, Marketing's suggestion to incorporate voice recognition and consider aesthetic improvements supported the Project Manager's vision of creating a modern, user-friendly remote control.",1.0,en,qmsum,,qmsum,"Query: Why did the Project Manager agree with Marketing when discussing his personal ideas towards the design?
","['The Marketing proposed to use voice control on the remote and according to his research, three quarters of people under 35 are in favour of voice control. At the same time, in order to keep the remote not so easy to be lost as its counterparts of other brands, voice control would be an essential technique. For those two reasons, the Marketing persuaded the Project Manager to target their consumers as the youth.']",5340,532
Answer:,deb8cf5944a71dbddc14260aa6e64e66f6110f5b27d13847," The final decision was that automatic power control is not possible within the current price range, but it can be considered for future steps. Speech recognition, however, was deemed possible and could be implemented.",1.0,en,qmsum,,qmsum,"Query: What was the final decision of the discussion about automatic power control?
",['The industrial designer thought the automatic power control would be a bit problematic because there were different criteria for different people. Then the marketing proposed that they should design a personalized product so that the users could have their own settings. The proposal was accepted by the industrial designer but later the idea of automatic power control was still abandoned because of price issues.'],7342,532
Answer:,82a20a9d36627600ffcccd4aca8bb1923d8fcbb658ab6b76," The meeting transcript details a discussion on higher and further education in Wales, focusing on teacher recruitment and retention, Welsh language education, funding issues, parity of esteem between academic and vocational education, and challenges in the post-16 education sector. Key topics included the recruitment of teachers, financial incentives for Welsh-medium teaching, the impact of the HEFCW budget cuts, the role of regional skills partnerships, and the Welsh Government's response to the pay dispute in further education colleges. The discussion also touched on mental health support for students, academic integrity concerns, and the need for reforms to ensure equitable access and quality in education.",1.0,en,qmsum,,qmsum,"Query: Summarize the whole meeting.
","[""This was a Children, Young People and Education Committee, and it was the scrutiny session with a focus on higher and further education. This whole meeting was conducted in a question and answer format. They firstly started with a question related to the trend of secondary school teachers recruiting situations, and the reasons for this, and the steps they had taken to mitigate this trend. Then they had a discussion on the decision made by the education workforce council not to accredit the University of South Wales with the ability to deliver teacher training. After this, there were some questions and answers related to the reform and reconfiguration of the post-16 education sector, equality of opportunity and university mergers. In addition, the parity of esteem between academic and vocational post-16 education and funding allocation were also discussed. Then they talked about the regional skills partnerships and the pay dispute situation. At last, they shared some opinions on 'legalised cheating'.""]",13866,532
Answer:,94d06273bc4b8766ac8b9eef7ff2b8c2a31e32cf54896a93," The Minister of Seniors, Deb Schulte, stated that the government is taking significant action to provide Canadian seniors with greater financial security during the pandemic. She mentioned that the government has introduced a one-time tax-free payment of $300 for those receiving OAS and $200 for those receiving GIS, totaling $500 for seniors who receive both benefits. Additionally, the government is supporting community-based projects and investing in charities to improve the quality of life for seniors. She emphasized that these measures are part of a broader effort to support seniors through the crisis.",1.0,en,qmsum,,qmsum,"Query: What did the Minister of Seniors say about pandemic assistance for seniors?
",['The Minister of Seniors clarified that his office recognizes that seniors are in great need. The minister explained that those receiving OAS and GIS are getting payments of $200 and $300 respectively. The minister was insistent that this was not an insignificant amount.'],23789,532
Answer:,815f4222b3b738706aa5fad352b72ccc47e9454fcb391b09," The Project Manager thought the profit of twenty five Euros for the remote was too high, as it would need to do a lot for the price, like doing laundry, and he was not sold on the idea of selling it for that amount.",1.0,en,qmsum,,qmsum,"Query: What did the Project Manager think of the profit when discussing the financial issue and why?
","['According to the Project Manager, the finance department proposed to price the product at 25 euros and make a profit of fifty million euros in total. However, the cost might be at only twelve fifty, meaning that the profit would be at one hundred percent.']",5989,532
Answer:,a81acf4510dd3154c2f73c46b86b077b281307fcabe0a4bd," The user interface designer recommended keeping things simple, using Occam's razor to avoid complicating the remote control beyond its basic function. They suggested focusing on a minimal design with few buttons, a backlit screen that can change colors, and incorporating features like automatic on/off and volume control based on distance. They also mentioned the possibility of adding speech recognition and gesture control as optional features.",1.0,en,qmsum,,qmsum,"Query: What did the user interface designer recommend to do when discussing technical function design?
","['The user interface designer recommended to have a screen with a backlight which could change colours and to put all the options into this screen so that few buttons were needed and users would find it easy to use. As for the material, titanium was preferred because it was unbreakable and baby-proof. The user interface designer also suggested making the power and volume control fully automatic.']",7344,532
Answer:,e3a49dfe9f6e41eadacfe0240ea115164a42c9e8de3ef126," The meeting involved a team discussing the design and marketing of a universal remote control. They outlined the project's goals, including making a sleek, multifunctional remote that is both user-friendly and stylish. The team brainstormed ideas such as touch screen designs, multifunctional features, and materials to use. They also discussed the target market, pricing strategy, and potential challenges like user confusion and remote loss. The meeting concluded with a plan to continue refining ideas and considering trade-offs between functionality, cost, and design.",1.0,en,qmsum,,qmsum,"Query: Summarize the whole meeting.
","['The meeting was about a preliminary idea of new remote control, covering the price, the functions, the appearance and the name. After a brief self-introduction, Project Manager assigned the task. One of the most important issues of the meeting was about the price. Project Manager supposed the product should be sold at 25 euros with a one hundred percent profit. As it would be a multifunctional remote control, the members were confident that it would stand alone. Moving on to the issue of the appearance, the group analyzed the problems of the existing remotes and briefly talked about the user interface as well as came up with a name of the product.']",5977,532
Answer:,30da039b34de89757a048d6ada97c24def61dc30a7706b77," The conclusion of the discussion about intuitive when presenting on evaluation criteria was that the remote control is somewhat intuitive, but not immediately familiar to users. It received a score of five out of seven, as it requires some thought to use, especially with the scroll wheel technology, but is considered good once users get accustomed to it.",1.0,en,qmsum,,qmsum,"Query: What's the conclusion of the discussion about intuitive when presenting on evaluation criteria?
","['The group agreed that the remote had a high score in terms of locatability, so they first thought it was also intuitive. Then, Industrial Designer mentioned that it might be a little more difficult for people to get used to in the beginning because the scroll was a new technology. Marketing thought it was obvious how to use it. Therefore, groupmates agreed to give an average score of five.']",9375,532
Answer:,563ce48625a707202a34068e87ea4cea511b23c80962756a," Kirsty Williams responded to university mergers by stating that she does not have a formal policy for reconfiguration or mergers, but she supports collaboration between institutions. She emphasized that any decisions regarding mergers should be made by individual institutions based on their needs and benefits to students, and she does not advocate for a government-mandated policy of mergers.",1.0,en,qmsum,,qmsum,"Query: How did Kirsty Williams respond to university mergers?
","['Kirsty Williams said he was in favor of a healthy, strong and sustainable HE sector. If individual institutions wish to collaborate, that was a matter for themselves. They did not pursue or urge a policy of mergers, but if individual institutions felt that was of benefit to them and their students, they would have an interest in that and make sure that they were robust plans.']",13870,532
Answer:,ccaf48107ec268049c05e55bd8272bbfff31be9335a790f9," The user interface designer recommended to evaluate the product's features and functionality, and to consider the cost-effectiveness and practicality of the design elements, such as the use of titanium and the integration of technology like speech recognition and location finding.",1.0,en,qmsum,,qmsum,"Query: What did the user interface designer recommend to do when discussing product quotation?
",['The user interface designer recommended adding a hand dynamo which could produce electricity from mechanical energy so that it could provide enough energy for the device when users took the controller and pushed the buttons. The proposal was accepted by the group.'],8563,532
Answer:,6e0eaedbec902c0ef5fcb6f6c8408969a7d353db9d9c2ce3," Vaughan Gething stated that the Welsh Government continues to provide perinatal mental health services, which have not been stopped, and that these services are being adapted to be provided through phone and online means where possible. He emphasized the importance of maintaining these services, especially during the pandemic, and acknowledged the challenges posed by the lockdown in terms of physical contact and the need for innovative approaches to support new mothers and their families.",1.0,en,qmsum,,qmsum,"Query: What did Vaughan Gething think of the perinatal mental health service when discussing the long-term special care for the pregnant women?
","['Besides the crisis care, Vaughan Gething also claimed that they did not stop the perinatal mental health service either. However, there were still some problems. For example, because of the shut down of many public services, there might be not enough inpatient care for the pregnant, and less women were willing to resort to such service during the outbreak. Therefore, apart from providing enough inpatient care like the hospital beds, they would also pay attention to how to encourage the mothers to enjoy their service.']",10507,532
Answer:,991da5da949c52e8ee10d884e5816ef058c4a5acca503efe," The Industrial Designer mentioned that younger people want soft materials, primary colors, and curved, round shapes for the remote control, and that they prefer a design that fits the shape of the hand for easier use. Additionally, the Industrial Designer noted that the younger demographic likes trendy and recognizable designs, and that the remote control should stand out from traditional flat and long designs.",1.0,en,qmsum,,qmsum,"Query: What did Industrial Designer say about the customers' taste?
","['Industrial Designer said that the younger people fancied soft materials and primary colors. For example, total yellow or totally red could be visible. The shapes could be curved and round,which would be easier to use. It would be better to use the basic battery so everybody could get it at the supermarket, or to use a kinetic battery after shaking it a few times, it could be loaded. Industrial Designer suggested hard plastic material and rubber since the younger people liked that. The survey also discovered that the young favored a scroll push like the mouse to use for channels and volume.']",6031,532
Answer:,73807dde6c08ff12d79bd63ce33110082d3126651007be60," The Marketing Expert thought they should have an LCD because it aligns with current market trends towards technologically innovative and visually appealing products, and it can enhance user experience by providing feedback without interrupting the viewing experience on the television.",1.0,en,qmsum,,qmsum,"Query: Why did the Marketing think they should have LCD when presenting the market trends?
","[""When Industrial Designer mentioned that LCD was basically feedback from television and questioned the necessity of LCD, Marketing suggested that they could integrate with the television then it could come up with new information about what was on, and users could just see that on the remote rather than TV itself so that users won't get interrupted by viewing pleasure. Also, Marketing thought the group could have a minimalist remote control so that users could flip it open if they wanted to mess about it.""]",8984,532
Answer:,2cc7738467d6098ff04980af3f7cd9ef3610f97d63a8c211," The future of data collection involves continuing to record meetings, aiming to accumulate significantly more data than the current amount, potentially reaching over a hundred hours. This includes recording additional meetings, exploring collaborations with radio and television stations, and possibly involving participants from campus or other groups. The goal is to gather diverse data, including natural conversations, political discussions, and other types of interactions, while also considering the use of different microphone setups and exploring ways to enhance data collection efficiency.",1.0,en,qmsum,,qmsum,"Query: What was the future of data collection?
",['The group aims to collect over 100 hours of Meeting Recorder data in total. Speaker consent forms are being revised. It was suggested that subjects should sign a new consent form after 10 recording sessions.'],19654,532
Answer:,fded50244f8bd8009b811afa71bb452bde5d0aa794066bfd," Julie Morgan elaborated that the Welsh Government has worked closely with foster organizations, supporting the Association of Fostering and Adoption Cymru (AFA Cymru) to develop guidance for foster carers, which has been well-received across the sector. They also mentioned that the Fostering Network has extended its helpline hours, and Voices from Care has developed specific support for care leavers. Additionally, some local authorities have provided retainers or additional financial support to foster carers, and efforts are ongoing to ensure that foster carers receive the necessary assistance during the pandemic.",1.0,en,qmsum,,qmsum,"Query: What did Julie Morgan elaborate on their work with the foster organizations when talking about the adequate social support for those children who were in foster?
","[""According to Julie Morgan, the group had been in close cooperation with the fostering organizations in Welsh to guarantee the children in need. To people's relief, the fostering organizations were running well with enough staff and equipment during the pandemic so that the children could enjoy good care there. What's more, the fostering organizations prolonged their helpline time in case some emergencies would happen. Other support measures, say, the fund for the foster carers, would be followed up.""]",10512,532
Answer:,e78c1d22676e96bd0120c447a29d170e08ae2be5a5132ca4," D thought the experimental setup of the computer navigation system was interesting and acknowledged that it would provide valuable data, but he was also concerned about the complexity of extracting features and the ambiguity in interpreting intentions from the data. He noted that the system's ability to differentiate between intentions like viewing, entering, or approaching an object was challenging and required careful consideration of contextual and linguistic factors.",1.0,en,qmsum,,qmsum,"Query: What did D think about the experimental setup of the computer navigation system?
",['D wanted to know if the videos for the navigation system would be recorded from a first person perspective. D was also trying to understand how ambitious the system was. D learned that the goal was to understand how people reacted and talked in such a scenario. D provided some information about potential candidates for the human operator and wizard roles as well.'],15412,532
Answer:,5b08bd00034eb028529a238aeb4881c86b81a05a203f5896," The meeting transcript details a discussion among researchers and professors about a project involving the collection and analysis of meeting data for a deeper understanding of user intentions in a tourist context. They discussed the setup of data collection, the use of microphones and transcripts, the importance of anonymizing data, and the use of belief nets to differentiate between intentions such as viewing, entering, or approaching a location. They also touched on the technical aspects of data collection, the use of XML and other formats, and the challenges of interpreting user intent from spoken language. The group planned to start with a simple prototype and explore ways to extract features and build a system that can infer user intentions based on language and context.",1.0,en,qmsum,,qmsum,"Query: Summarize the whole meeting
","['The meeting was about a computer based navigation system that will be used to conduct linguistic experiments on navigational terminology and intentionality, and it was simultaneously being recorded for another project. The navigational interface allows people to walk around a place and perform basic actions, like entering a building. Its goal is to understand what people intend to do based on granular linguistic features. The experimental set up is that people talk to a human assistant who controls the program in an attempt to complete a certain task. To study intentionality, the team will determine important linguistic features and use a Bayes model to see if they can predict the intention based on utterances.']",15403,532
Answer:,03e102d88a0c17c0ee70ad09e848cd08354eff1db619c886," The discussion centered on the government's policy to improve long-term care facilities and protect seniors, with a focus on addressing the poor conditions revealed by the Canadian Armed Forces' report. The government acknowledged the need for better care and committed to working with provinces and territories to ensure seniors are treated with dignity and safety. However, critics argued that the federal government's approach lacked sufficient action, and there were calls for national standards, an end to profit in long-term care, and more direct federal leadership to address the systemic issues in care facilities.",1.0,en,qmsum,,qmsum,"Query: What was the discussion about the government's policy to improve long-term care facilities and protect the seniors?
","['The opposition party claimed that people across Canada were appalled by the situation in care homes which left seniors suffering. The minister explained that the government was fully aware of the situation. The minister promised that they would fully play their role federal level with advice, with guidance, with support and with investments. They were going to have those conversations about how best they can improve the care for all seniors.']",20279,532
Answer:,29041bda02a95bd53805363c72505c873f34db1c93d32881," Albert Heaney stated that no easements were introduced in relation to children's services legislation, emphasizing that the standards in place for children's rights, protection, and demands remained intact, and thus, there was no necessity for a children's rights impact assessment in relation to the primary legislation.",1.0,en,qmsum,,qmsum,"Query: What did Albert Heaney think of the coronavirus Act when discussing the evaluations on the legitimacy of the children's rights, protection and demands?
","[""When it comes to the evaluations on the legitimacy of the children's rights, protection and demands, Nicola Edwards mentioned that they had been working on the coronavirus Act to see if they could ease some of the statutory requirements, further helping the childcare and education affairs in the future. Then Albert Heaney went on to elaborate that it was because that they were not meant to include any easements in children's social services at first, however, it was obvious at present that at least for those carers, they had to break the law of social distance to keep looking after the children in need. Therefore, they were calling for the possibility of losing the law for those who did have something to do with childcare and education.""]",10509,532
Answer:,2befdd68a14b01e6a7ee21cf4e8118c64704869306ed4c6a," The Project Manager wants to achieve the expected profit by selling the new television remote control at twenty-five Euros internationally and aiming for a worldwide profit of fifty million Euros. They also plan to make the remote compatible with various devices like the D_V_D_ player and television, and to include features such as customizable fronts to make it trendy and appealing to different cultures and age groups.",1.0,en,qmsum,,qmsum,"Query: How does the product manager want to achieve the expected profit when discussing the group's plan of their marketing strategy?
","[""The project manager wants to sell the remote internationally for 25 euros and keep its cost under 12.50 euros to meet the global profit target of 50 million euros. But project managers don't calculate exactly how much they want to sell.""]",6397,532
Answer:,8476fcbe8bf6f7ea7092d0bae410ca82db60f2baf733adb7," Vaughan Gething elaborated that crisis care services for children and young people continue to be available, with seven-day-a-week support maintained as essential services. He mentioned that the Welsh Government is assessing the potential impact of the pandemic on suicide rates among children and young people, including an ongoing review of unexpected deaths to understand any spikes in suicide. Additionally, he highlighted the continued provision of perinatal mental health services, ensuring support for pregnant women and new mothers, even amidst the pandemic.",1.0,en,qmsum,,qmsum,"Query: What did Vaughan Gething elaborate on the crisis care when talking about the evaluations on the increasing suicide crimes during the COVID-19 and the long-term special carefor the pregnant women?
","['When talking about the evaluations on the increasing suicide crimes during the COVID-19, Vaughan Gething said that in order to prevent more tragedies, they had been offering mental health care for the people. Even if most public service had to be shut down during the outbreak, the staff at the crisis help continued to be available. In addition, they had a seven-day-a-week crisis care, which they hoped that could also be a long-term service to help people in need even after this particular period.']",10516,532
Answer:,5dbc2db3da6a9bdb08c6a8e2cbe75a5e5eea7df3c933c0f0," The discussion about the user interface concept focused on deciding between using push buttons or an LCD display. The team ultimately decided to use push buttons due to cost and simplicity considerations, while also considering the inclusion of speech recognition technology. They also discussed the importance of making the interface user-friendly and explored trends in design, such as incorporating a spongy, fruit-like feel and appearance to align with current design trends.",1.0,en,qmsum,,qmsum,"Query: Summarize the discussion about user interface concept.
","['The user interface designer presented a good-looking design with few buttons. As for the colour, the user interface designer suggested making a backlight of the LCD screen with different colours, but this was denied due to the high cost. Then the industrial designer recommended changing the colour of the assembly at an extra charge to meet special needs. Light and infrared were also taken into consideration to make the controller glow in the dark. In order to make a smart controller, the group mentioned speech recognition and user identification.']",6955,532
Answer:,63f4307f60a34be95eae22709e5ab91989eb78c4ad10531b," The market findings indicated that users disliked the look and feel of current remote controls, found them difficult to use, and especially disliked their appearance. Younger users (ages 16-45) were more interested in new features like an LCD screen or speech recognition, while older users (ages 46-65) were less interested in new features but more willing to spend money. Additionally, most users only used a small percentage of the buttons on their remote controls, suggesting that simplifying the design and focusing on essential functions would be beneficial.",1.0,en,qmsum,,qmsum,"Query: What was the finding of the market?
","['Marketing did a usability lab-test with a hundred people and found that users disliked the ugly look of current remote controls and the market segmentation includes different attitudes towards new functions. Users felt it hard to learn new functions and they zapped a lot. The channel switch was the most popular function while the power, volume and channel selections buttons were very relevant. The market was to be segmented to different groups and most users were between thirty-six and forty-five years old and young users had different tastes about the LCD compared to the old. The speech recognition features were welcomed by the second largest group, the young but which group they should targeted remained to be discussed. Marketing concluded that less important functions should be discarded and the device should be user friendly.']",4754,532
Answer:,7cdd460402ce68d8e853fef68dafc4707461bf156b146293," The discussion on university mergers highlighted that the Welsh Government does not have a formal policy promoting mergers but supports collaboration between institutions. While the Education Workforce Council (EWC) is independent and not influenced by the government, the Cabinet Secretary emphasized that any merger decisions should prioritize student benefit and institutional sustainability. Concerns were raised about the potential disruption and negative impacts of mergers, as seen in past instances like the merger of Cardiff Metropolitan University and the University of Glamorgan, which caused staff and student distress. The government expressed openness to future mergers if they benefit students but stressed that no immediate action or pressure is being exerted on institutions to merge.",1.0,en,qmsum,,qmsum,"Query: Summarize their discussions on university mergers.
","['Kirsty Williams firstly proposed that the main goal he would like to pursue was a healthy, strong and sustainable HE sector. They did not pursue or urge a policy of mergers, but they welcomed the mergers, if this was beneficial for individual institutions. Hefin David proposed that was in contrast with the predecessors, and talked about the situation when Cardiff Metropolitan University was under pressure from the previous Minister to merge with the University of Glamorgan and Newport. Kirsty Williams thought they needed to look at the future instead of looking at the past. They had a strong institution in Cardiff Met now. However, it was obvious that they got to learn some lessons from that process.']",13868,532
Answer:,9510dd17d2c5a97bbc0407a2bcf8332b7120244a7ff22863," The debate centered around a fundraising campaign initiated by the Minister of Digital Government, Joyce Murray, to support a lawsuit against Global News for their story criticizing the Chinese Communist Party. Critics, including Ms. Rosemarie Falk, questioned the minister's involvement and the implications for freedom of expression, arguing that the campaign threatened journalistic independence and used taxpayer funds to suppress dissenting media coverage.",1.0,en,qmsum,,qmsum,"Query: What was the debate about a particular fundraising campaign?
","['The opposition party claimed that the Minister of Digital Government has been promoting a fundraising campaign to sue Global News for their story criticizing the Chinese Communist Party, and the opposition party thought the minister was supporting the Communist Party of China and threatening our media and freedom of expression. The Minister explained that community outreach was a very important part of the work of a member of Parliament and WeChat was one of many social media sites regularly used by members, and the minister did not share any personal views on Wechat.']",20271,532
Answer:,4c352d84523e227d261645b0ceb0a513154e9c0cc2e68986," The discussion about the functional design of the remote control mentioned that it will involve working individually first to develop ideas and then coming together in meetings to collaborate. The functional design focuses on identifying the necessary functions of the remote control and how it should operate, aiming to create something original, trendy, and user-friendly. The team will start by working on the functional design individually, then move on to conceptual and detailed design phases.",1.0,en,qmsum,,qmsum,"Query: Summarize the discussion about the functional design of the remote control.
","[""The group felt that the remote control didn't need a lot of buttons,and on the basis of ensuring originality, it should also ensure conventionality and make it applicable to all kinds of groups.""]",3974,532
Answer:,ccd19ca5bb434c2d2489bf6f0377d7b7ecbbba427e369cee," The group decided to give two points on usefulness during the product evaluation because they felt the prototype had basic functionality that met the minimum requirements for a remote control, but it lacked some advanced features and was not as intuitive as they had hoped. They acknowledged that while the prototype was functional, it required more steps to perform certain tasks, which affected its overall usability.",1.0,en,qmsum,,qmsum,"Query: Why did the group decide to give two points on usefulness when doing product evaluation?
","['The basic mode of the product had only two directional buttons with which people could control the volume and change channels. Except for the two main functions, other functions were on the LCD screen and there was a jog dial controlling the cursor on the LCD screen. Therefore, the controller was very easy to use.']",8565,532
Answer:,0e2225e8f7ec8c9043081af8b54369bb795f759ea0160d22," The group decided to order one more wireless microphone system, which includes a transmitter, receiver, and tuner, at a cost of approximately $780. They also discussed the possibility of using a different headset with a custom connector, which would require soldering, and considered the option of a hand-held microphone for passing around during meetings. Additionally, they planned to explore the feasibility of using a different frequency for the hand-held microphone to connect to their existing receiver.",1.0,en,qmsum,,qmsum,"Query: What were the changes decided on the equipment?
",['The group decided to purchase one additional head-mounted crown microphone. A tentative decision was also made to acquire a hand-held wireless microphone to pass around to additional meeting participants should the installation of more close-talking microphones prove too difficult.'],12786,532
Answer:,c94b97c772d9dcbb690f444b5ded279f02fc875f28f3daff," The discussion centered on the Education Workforce Council's decision not to accredit the University of South Wales for teacher training. The Cabinet Secretary for Education, Kirsty Williams, stated that the accreditation process is independent of the government and that she cannot comment further, though she expressed confidence in the process. She emphasized that the government is focused on ensuring the availability of training places and supporting students already enrolled at the university. Concerns were raised about the potential impact on students and staff, with the government acknowledging the need to monitor the situation and ensure the continued provision of teacher training opportunities.",1.0,en,qmsum,,qmsum,"Query: Summarize their discussion on the decision of not accrediting the University of South Wales with the ability to deliver teacher training.
","['Kirsty Williams firstly made it clear that it would not be appropriate to comment this since this process was independent of Government. Hefin David then proposed the impact on students and staff. Kirsty Williams thought there would be a responsibility upon the University of South Wales to ensure that those students already in the system were able to complete their studies with the appropriate level of support and tuition to enable them to achieve their career aspirations and graduate from that program. The same was true for staff. Kirsty Williams thought that would be a matter for the institution. After this, they had some discussions on the geographic spread of provision.']",13883,532
Answer:,fb9ca77d269a3d56b656f5a9a3c497c6374b61fd92066df3," The meeting involved discussions on designing a new remote control, focusing on the user interface, industrial design, and marketing strategies. The team debated features like button layout, colors, materials, and the inclusion of a scroll wheel or joystick. They also discussed costs, battery options, and the potential use of an LCD screen. The meeting concluded with a decision to create two design concepts—one with an LCD screen and one without—and a plan to finalize the designs before the next meeting.",1.0,en,qmsum,,qmsum,"Query: Summarize the whole meeting.
","['Firstly, User Interface suggested trendy and one-color cases, good icons on the big buttons since they would be recognizable and excite the young people. Secondly, Industrial Designer introduced that young people favored soft materials and primary colors, but trendy design on the button and the use of LCD display would increase cost since the budget had always been a big problem. Moreover, the team would aim at the younger market based on the decision of the former meeting and agreed that to make the device more profitable they should sell the product for longer than one year. The team also discussed the button function of the remote control but they had not come to an agreement. Lastly, Project Manager decided on a normal battery and no kinetic to control the budget.']",6026,532
Answer:,c89e36776d5ceeb609d0033cb4d2fb227500190a519e297b," Grad F thought that intermediate categories could be useful in classifying features for phoneme recognition. He mentioned that he initially wanted to create a complete set of intermediate features but later decided to start with a reasonable set, such as regular phonetic features, to build a system that classifies these intermediate categories using multi-band techniques. He believed that by analyzing errors in phoneme recognition, he could iteratively refine and add or remove intermediate categories to improve performance.",1.0,en,qmsum,,qmsum,"Query: What did Grad F think about intermediate categories?
","['Grad F informed the team that he was building a system that classified intermediate categories with multi-band techniques. Then, to reduce error for phoneme recognition, the intermediate categories could be added to improve performance. The method could be replicated for large vocabulary tasks like switchboard.']",11886,532
Answer:,5951181e325d441c3dcd613014af0005a6c50daabfc58002," The group discussed the Welsh Government's assessment of an increase in suicide among children and young people during the pandemic, noting that they are commissioning a review to understand the potential effects of lockdown restrictions on mental health and well-being, including suicide rates. They also addressed the provision of crisis care for children and young people, ensuring that these services remain available, and highlighted the importance of perinatal mental health support for pregnant women, emphasizing that services continue to be provided and adapted to the pandemic context.",1.0,en,qmsum,,qmsum,"Query: What did the group talk about the evaluations on the increasing suicide crimes during the COVID-19 and the long-term special care for the pregnant women?
","['Lynne Neagle pointed out that due to the outbreak of the pandemic, more people reported depression and committed suicide. To deal with the harsh problem, they might have to carry out a review over the accidental mortality through the period. At the same time, Vaughan Gething suggested that even if most public services were shut down, the mental care, especially the perinatal mental health service, could not be stopped, just in order to support the vulnerable people.']",10511,532
Answer:,9035e6ef4a0e54ae451cfe04f315c2ddfc6f84ca98946844," The meeting transcript details a discussion among a project manager, industrial designer, user interface specialist, and marketing representative about the design and development of a new remote control device. They discussed the prototype's design, including its titanium-colored plastic casing, the L_C_D_ screen, and the integration of a digital pen. They faced challenges with costs, particularly regarding the advanced chip and speaker, leading to decisions to reduce expenses by using titanium-colored plastic and adjusting the design. The team also evaluated the device's usability, aesthetics, and market appeal, ultimately deciding to prioritize cost-effectiveness while maintaining a stylish and functional product. The meeting concluded with a sense of accomplishment and plans to finalize the project, despite the financial constraints and compromises made.",1.0,en,qmsum,,qmsum,"Query: Summarize the whole meeting.
","['The group mainly talked about the extra deciding of the product at this meeting including the presentation of the prototype assessment, the discussion of the requirements and trends of marketing and the product cost and quotation. Firstly, the Industrial Designer introduced the prototype of the product. It had not only the round basic shape which was made of hard plastics and titanium using different colors, but also the buttons like channel and volumn. Later, the group discussed some details and changes of redesigning the logo, buttons and screens. Next, the Marketing Expert mentioned the exterior of the product, the material attraction, and how easy it was to learn or use the basic functions of the product. Besides, the group discussed some details of the cost of components and made the product cheaper by replacing the titanium by hard plastics with similar color. They finally got an estimate of fourteen point one Euros, which was above the budget. In the end, they discussed the distinction between the product and other devices, and celebrated the completion of the project.']",10663,532
Answer:,fa8c057c5f731a94c02ccb7858ad9d93b508df9b6f3b7f4d," The discussion about industrial components focused on selecting materials and energy sources for the remote control. The team decided to use batteries instead of solar cells due to energy concerns, and opted for titanium over rubber or plastic for its aesthetic appeal, despite manufacturing challenges. They also discussed the use of push buttons over LCD displays to reduce costs and simplify technology, while considering the inclusion of speech recognition features. The design aimed to balance functionality, cost, and the trend towards spongy, natural materials inspired by fruits and vegetables.",1.0,en,qmsum,,qmsum,"Query: Summarize the discussion about industrial components.
","['The industrial designer provided several options respectively for energy, material and interface. Among these options, the industrial designer preferred traditional battery, titanium and simple push buttons so that they would have enough money for speech recognition. After that, the user interface designer proposed an LCD display only for output, which might be taken into account. The group also talked about how to enable the users to find their controllers.']",6954,532
Answer:,e63f08352d2ddeaa2966eb24df252ab55577583f3b7da018," The team had mixed opinions about the Industrial Designer's idea of having a removable cover for the remote control. The User Interface Designer thought it was a good idea but was unsure if it would generate enough profit. The Marketing expert was skeptical, suggesting it might add unnecessary costs and complexity. The Project Manager agreed that it would be a bit more difficult to design but not too much, and they decided not to pursue it further for now.",1.0,en,qmsum,,qmsum,"Query: What did the team think about the new idea of Industrial Designer concerning the cover of the device?
","['Industrial Designer suggested having a trendy remote control with bright color, red for instance. But Marketing argued that it might add to cost and make it more difficult to design if the cover were to be changed. Industrial Designer also suggested that young people could draw on the cover to make their own remote control more unique. But again, it was questioned by User Interface who were not sure about whether it would be profitable.']",4765,532
Answer:,2d7446d7ab51f5e5e91cfc6c5e087baf73fc68f12755390a," The Project Manager thought that the manual design was not as important as the design of the remote control itself, emphasizing that the remote should be easy to use and pick up, rather than relying on a manual. They suggested that the design should focus on intuitive use and a short learning curve for users.",1.0,en,qmsum,,qmsum,"Query: What did Project Manager think of the manual design when discussing the ease of use?
","[""Project Manager thought the beeping device was not easy to learn but Industrial Marketing thought the design expert should put more time on the ease of use design than a manual because they didn't have much time. While Project Manager mentioned that they were a design team, they could find some writers to make a manual point which could help maintain consistency with the older remote manual for the users.""]",11310,532
Answer:,0f9368e96dde1615381dc1be9aa0f8252cbbe613d80d90d1," User Interface thought they should use more buttons than the current one when discussing the technical function design because they believed the audience, particularly the younger demographic, would appreciate more features and functionality. They felt that including more buttons would align with the preferences of their target users, who are high-interest in features and critical of the current remote controls.",1.0,en,qmsum,,qmsum,"Query: Why did User Interface think they should use more buttons than the current one when discussing the technical function design?
","['Compared with the current manufacturer design, User Interface mentioned that they should reduce the option to control the DVD. And according to the new requirements, they need to control the maximum number of buttons within ten.']",11315,532
Answer:,46decc83309c06b2174be470a553c6e59e4fc74fd76872b7," The presentations covered the working design of the remote control, focusing on identifying functional components and how they interact, such as the energy source, chip, user interface, and infrared communication. The technical functions emphasized simplicity, with a focus on essential features like channel control, volume, and power, while avoiding complex functionalities like teletext. Functional requirements included targeting a younger demographic (15-35 years old) for a sleek, stylish design, incorporating voice recognition as an optional feature, and ensuring usability with minimal buttons. The team also discussed the importance of ergonomics, battery life, and the potential for a beeper button to locate the remote.",1.0,en,qmsum,,qmsum,"Query: Summarize the presentations on working design, technical functions, functional requirements.
","['Firstly, Industrial Designer presented on working design, identifying a few basic components of the remote. From the functional design perspective, Industrial Designer introduced what exactly the components were and how they worked with each other. Next, User Interface presented on technical functions design and personally suggested a small size of remote, red in colour and easy to use with must-have buttons. Then, Marketing presented on functional requirements and suggested the group aiming at both the functionality and beauty of the remote.']",8486,532
Answer:,d8b9063b291be35887a1f0b2bf8a799e4510f9ebcbbe5468," The Welsh Government acknowledged the importance of children's rights and protection, emphasizing that they remain a priority despite the challenges posed by the pandemic. They highlighted efforts to ensure access to essential services, support for vulnerable children, and the need for continued monitoring and adaptation of policies to address the evolving situation. The committee expressed concerns about the impact of the pandemic on children's mental health, access to care, and the need for adequate support systems, with assurances from the government that these issues are being actively addressed.",1.0,en,qmsum,,qmsum,"Query: Summarize their evaluations on the legitimacy of the children's rights, protection and demands.
","[""In terms of their evaluations on the legitimacy of the children's rights, protection and demands, it was said that the group was launching a survey of children to see what the children were thinking over the outbreak of the COVID-19. The survey was carried online, asking mainly about whether the students were willing to go back to school and how they view other related problems. However, there were still indeed some drawbacks of their evaluations over the coronavirus Act. For example, the group thought that they should go further and view the laws from a future perspective, and assess each case individually more closely.""]",10499,532
Answer:,248bb2bfc8ee2a7469ab4c3e88a0ebb9742f6e52577a8723," The discussion on storage disks and computer connections focused on addressing disk space shortages and exploring solutions for expanding storage capacity. The group considered using SUN-Blades for additional storage, as they have spare drive bays and are located in the machine room with fast connections. They also discussed the need for more disk space, the logistics of connecting external drives, and the importance of consolidating data. The group acknowledged the challenges of setting up new storage solutions and emphasized the need for coordination with Dave Johnson to proceed with implementing these changes.",1.0,en,qmsum,,qmsum,"Query: Summarize the discussion on storage disks and computer connections
","[""The participants learned that the storage disks had eventually arrived. They were waiting on the disks to be installed. Grad E volunteered storage space on their own computer for the meantime. The meetings were around 1.5 gigs uncompressed and .5 gigs compressed. So, the group needed substantial space. The professor encouraged the team members to talk to Dave, the person responsible for managing the organization's storage systems, and figure things out.""]",12803,532
Answer:,a0757a5b028f7ee51e64add0449392f17916fbcb3ce542a1," The Industrial Designer explained that the remote control has a working design with a chip that sends signals to the infrared, which then communicates with the television. He also mentioned the components inside the remote, such as the battery, switches, and wires, and discussed the importance of keeping the design simple and cost-effective.",1.0,en,qmsum,,qmsum,"Query: What did Industrial Designer say about the structure of the device?
","['There were a lot of small wires connecting the components, the battery and the switches. On the top of the remote control, there was the chip, buttons with numbers and teletext. Industrial Designer suggested that the remote control should be small and contain only one long-lasting battery to cut cost. And a bleep could be added to remind the battery usage.']",4758,532
Answer:,f6b42e71481f73f3251f8ea567e124f21d5cbf3d29201043," The Professor thought the results were mixed, with some experiments showing improvement and others not. He noted that using delta features and on-line normalization significantly improved performance, while the MSG features did not consistently help. He also expressed interest in exploring further improvements, particularly in training targets and noise handling, and suggested focusing on more promising approaches for future work.",1.0,en,qmsum,,qmsum,"Query: What did the Professor think about the results?
",['The professor noted that the results were better than he expected and that the MSG did nothing. He also noted that adding French and Spanish to the multilingual English model hurt the model.'],14016,532
Answer:,30b6109f9318d10ec2da2bada6557e8181bfb620e907f59b," The meeting transcript reveals a discussion among researchers about various topics related to speech processing and machine learning. They discussed issues such as downsampling, low-pass filtering, and the use of LDA filters, as well as challenges in communication and coordination between different research groups. They also talked about experiments involving spectral subtraction, echo cancellation, and feature extraction for speech recognition. Additionally, they mentioned plans to improve models by adjusting the number of states and Gaussians, and they discussed the use of tools like Octave for batch processing. The meeting concluded with a plan to continue working on these topics and set new baselines for future research.",1.0,en,qmsum,,qmsum,"Query: Summarize the meeting
","[""The meeting began with the team catching up the professor, who had missed the previous meeting. Then, the team moved onto talking about echo cancelling techniques. They were trying to get the voice of other people from the primary person's microphone. Then, the team discussed how they could improve the performance on the Aurora task by playing around with the model. The team ended the meeting with various comments on different topics.""]",8183,532
Answer:,a604016698c42f5694326bbba28d66f628f218a5cf6f7d89," The meeting was a final design review for a new remote control shaped like a banana, focusing on the prototype presentation, evaluation criteria, and financial considerations. The team discussed design features, user interface elements, and potential issues like ergonomics and budget constraints. They evaluated the design on a seven-point scale, gave it an average score of around six and a half, and made adjustments to stay within budget by removing some features like the locator and a sample sensor. The team concluded that the project was successful, well within budget, and expressed satisfaction with the design and collaboration.",1.0,en,qmsum,,qmsum,"Query: Summarize the whole meeting.
","[""This meeting was about the detailed design. Firstly, User Interface presented on the prototype, including the shape, the size of the remote and the user interface including the buttons and the scrolling wheel. Next, the group had an evaluation criterion on the prototype. They scored an overall six point five average on the prototype and thought they had done well on it. Then, the group had a discussion about project finance. The group decided not to have a sample sensor and the locator because they had a production cost of 12.5 Euros. Lastly, the group had a discussion about the project process, including the use of a pen, the whiteboard and the PowerPoint. Also, the group was satisfied with Project Manager's leadership and Project Manager also mentioned that their costs were within the budget as well as some admin work.""]",9366,532
Answer:,5255f8fb6009436b504bff67efebd701422e33fa2d604676," The meeting involved a discussion among the Marketing, Industrial Designer, User Interface Designer, and Project Manager about designing a new remote control. They discussed user preferences, functional requirements, and design considerations, including the need for a user-friendly interface, the importance of a recognizable design, and the inclusion of features like an LCD screen. They also debated the placement of buttons, the use of a L_C_D_ screen, and the integration of functions such as channel changing and volume control. The team agreed on the most important functions and decided to focus on a design that balances familiarity with modern features, while also considering the practical aspects of usability and cost. The meeting concluded with plans to finalize the design and move forward with implementation.",1.0,en,qmsum,,qmsum,"Query: Summarize the whole meeting.
","['This meeting was about the functional design of the remote control. Firstly, the Project Manager mentioned new requirements including one recognizable button in the middle, the handy design, rubber materials and they would not use teletext. Next, Marketing presented on functional requirements including a fancy look, ease of use, and the LCD as well as speech recognition. Then, Industrial Designer introduced technical design and working design on remote interfaces. Lastly, User Interface presented on component design and the group decided to adopt a user-centered approach to reduce the main buttons and put a big circle in the middle with the power button, channel, and volume buttons.']",11299,532
Answer:,9a8063232ff3eaa5b36ef3cba810f8bdcb99f8b23620cd9c," The meeting focused on discussing the conceptual design of a new remote control, with key topics including the choice of materials (such as titanium or rubber), the type of interface (push buttons or LCD display), and the integration of speech recognition technology. The team also considered design trends, emphasizing a ""fancy"" look and feel, possibly inspired by natural elements like fruits and vegetables. They decided to explore both spongy and titanium options for the remote's design and agreed to create prototypes using modeling clay. The meeting concluded with plans for individual tasks and a follow-up meeting in thirty minutes.",1.0,en,qmsum,,qmsum,"Query: Summarize the whole meeting.
","['The meeting was mainly about conceptual design. In the beginning, the group focused on industrial components: energy, material and interface. The industrial designer preferred traditional batteries, titanium and simple push buttons so that they would have enough money for speech recognition. After that, the group talked about LCD display and locating methods. The second topic was user interface concept, which was basically a good-looking design with few buttons. The group decided to change the colour of the assembly at an extra charge to meet special needs. To make a smart controller, they mentioned speech recognition and user identification. When it came to trend watching, the marketing put forward three noteworthy aspects - being fancy, technologically innovative and useful. The group agreed to follow the trend but the specific design was not decided.']",6952,532
Answer:,01528954d4fddca73a4cf96e6bae7bcb20f9630139d79079," The advantages of the design for the prototype included its fancy and attractive appearance, the use of advanced technology such as speech recognition and location finding, the ability to change colors via the LCD display, and its adaptability to personal preferences. Additionally, the design incorporated a unique and creative element with the use of strawberries as sensors, enhancing both the aesthetic and functional aspects of the remote control.",1.0,en,qmsum,,qmsum,"Query: What were the advantages of the design for the prototype?
","[""According to the technical specifications given by the industrial designer, the product was very flexible because users could add buttons. Users could use the jog wheel to select whichever option on the LCD and do the power control. There was also an LCD control, so users could switch on the LCD display if they wanted to use LCD and use a normal button if they didn't want to use LCD. What's more, the controller had the functions of speech recognition and location finder.""]",8560,532
Answer:,a9db92bf70da64873396c0a61a99a736ae4f2191a1c368df," After the demo, the group would shift focus to scientific research, concentrating on formalizing the belief-net and exploring deeper issues related to spatial descriptions, reference frames, and linguistic structures. They would also begin working on building a system and making decisions about ontology and formalism.",1.0,en,qmsum,,qmsum,"Query: What would happen after the demo?
","['After the demo, the focus of research can switch towards purely scientific goals, including issues on ontology, deep semantic constructions, execution engines etc. Moreover, a new system will be designed for the project and at least some parts of it should be built.']",12644,532
Answer:,8b1565c7ab08cc53f1efa1e359953a8df2f700b2797b7cfd," The Prime Minister mentioned that the government is committed to ensuring that young Canadians have the support they need during the pandemic. He stated that the government is investing $9 billion to support students and recent graduates affected by COVID-19, including doubling the Canada student grants, raising the cap on student loans, creating new employment opportunities for students, and launching the Canada emergency student benefit. The application period for the Canada emergency student benefit will commence on May 15, providing $1,250 a month to eligible students or $2,000 for students with disabilities or dependants.",1.0,en,qmsum,,qmsum,"Query: What did the Prime Minister say about students?
","['The Prime Minister clarified that while young people are in need of funds, especially due to loss of income over the summer, they are also in need of work experience. The government would start providing the Canada emergency student benefit which will assist in this by making both jobs and money available.']",23785,532
Answer:,321708580db1f71d9f8fff12c1ae35b349d0160a0c2fb289," The discussion about the interface concept design focused on the layout and functionality of the remote control's buttons, including the use of scroll buttons, menu navigation, and the integration of icons and colors. The team considered the placement of buttons, such as power, mute, and channel controls, and debated the use of a joystick or scroll wheel for easier navigation. They also discussed the importance of a user-friendly design, with a preference for a soft, hand-shaped remote control and the use of primary colors. The team acknowledged the need for simplicity and clarity in the interface to ensure usability and appeal to the target audience, particularly younger users.",1.0,en,qmsum,,qmsum,"Query: Summarize the discussion about interface concept design.
","['The team believed that there were always large and many buttons on the standard remote control. To design its unique device, they decided on a pure color one with arrows to eliminate the number of buttons used. They also planned to incorporate the company logo. Moreover, User Interface suggested a set of buttons with its own color to make it recognizable. But this idea was turned down by Project Manager.']",6029,532
Answer:,6c228dbff74d39025c9cd8170bb200ad19fd989c3e06129a," The discussion about the presentation on the prototype model involved showcasing a remote control device with a unique design featuring strawberries and titanium. The team presented the prototype, discussed its features such as speech recognition, location finding, and color-changing capabilities, and evaluated its functionality and design. They also considered the cost and feasibility of the project, and ultimately decided to proceed with the prototype while making adjustments to stay within budget.",1.0,en,qmsum,,qmsum,"Query: Summarize the discussion about the presentation on the prototype model.
","['With a working prototype, the user interface designer displayed the appearance and the texture of the product, which was fruit-like and spongy. As for the material, they still wanted to use titanium because it was the most modern material that they could select. Then the industrial designer gave some technical specifications on the product, including instructions on buttons, LCD display, speech recognition and location finder.']",8560,532
Answer:,88babc359d55338b31d093edae580f039947186e387b0f35," The meeting discussed that universities in Wales have secured funding for investing in their estates, which is largely funded by borrowings. The financial indicators highlighted that while universities have substantial reserves, a significant portion of these reserves is tied up in their estates and not immediately realizable as liquid cash. The discussion emphasized the importance of monitoring operating cash flow and the challenges universities face in managing their financial sustainability, including the impact of pension costs, increased borrowing, and the need for prudent financial management. The Higher Education Funding Council for Wales (HEFCW) noted that universities are required to maintain liquidity and meet their financial obligations, and they have processes in place to ensure that institutions manage their estates and financing prudently.",1.0,en,qmsum,,qmsum,"Query: What did the meeting discuss about universities that had secured funding for investing in their estates?
","['Bethan Owen took Cardiff University as an example and he believed that in the short term, the reserves of Cardiff would appear as though they have significant cash balances. However, the investing was much restricted and it could not be a long-term solution towards the serious financial stress. To help with this process as well as monitoring the regulated approaches, the government received forecasts, around five-year forecasts which indicated that, for 2018-19, there would be a sector that was roughly in a break-even position, since the income was not increasing, which was the biggest problem. But luckily, they were not likely to lose any of the universities.']",10208,532
Answer:,31341465a9a89a842e9ae73efa9e267541fa76b155d4417b," The debate over the situation of long-term care focused on the poor conditions and neglect in long-term care facilities, as highlighted by the Canadian Armed Forces' report. Critics, including members of the opposition and the NDP, called for national standards, an end to profit in long-term care, and increased federal oversight. The government acknowledged the issues and committed to working with provinces and territories to improve care, but faced criticism for not taking more direct action or implementing binding national standards.",1.0,en,qmsum,,qmsum,"Query: What was the debate over the situation of long-term care?
","['The opposition party questioned about sending military groups to provinces in order to fix long-term care. The Prime Minister answered that the government needed to make sure seniors across the country were properly cared for, and they sent in the military to help the provinces. The opposition party also questioned about applying the national standards so that long-term care was governed by the same principles as the Canada Health Act. The Prime Minister elaborated that due the Covid-19, pushing the project had become extremely difficult.']",20272,532
Answer:,6ef9b5b50b66b2670abbb3753bfe1a4ebe0d40aacb54f281," The professor thought that improving the back-end recognizer for the Aurora task could be beneficial, and he was interested in exploring how changes to the HTK system, such as adjusting the number of states and Gaussians per model, might affect performance. He encouraged experimenting with more word-specific models and analyzing transition probabilities and expected durations to better match the characteristics of the words being recognized.",1.0,en,qmsum,,qmsum,"Query: What did the professor think about improving the back recognizer for the Aurora task?
","['The Professor thought that the experiments were pretty simple, so computational power was not really a problem. He also thought that it would be okay to increase the states from six to nine.']",8194,532
Answer:,26341aee783d9a99e9ded367172975abf2f39d62d8fbf62e," The Project Manager questioned the Industrial Designer about the location of the presentation file, the working design of the remote control, and the cost implications of including features like a LCD screen and changing covers.",1.0,en,qmsum,,qmsum,"Query: What did Project Manager question about the Industrial Designer's presentation?
","['Project Manager questioned the reason why not to use two batteries and Industrial Designer argued that two batteries would enlarge the size and thus, make the cost rise. Project Manager also questioned the button design.After discussion, they agreed that the menu button will only work on the newer televisions.']",4757,532
Answer:,78f6c42056bd08025eeed815449c24526a051751d7c415fd," PhD A thought that the results showed that using delta features was important for improving performance, and that the MLP (Multi-Layer Perceptron) performed well when trained on the target task. However, when the MLP was trained on a different task, it sometimes increased the error rate. PhD A also noted that the TIMIT network, which was hand-labeled, performed better than other networks that used Viterbi-aligned data. Additionally, PhD A suggested that further work should focus on training targets, noise dependency, and exploring different approaches like multi-band training and regression-based features.",1.0,en,qmsum,,qmsum,"Query: What did PhD A think about the results?
","['PhD A thought that most of the nets are not that good, except for the multi English. MSG was not bringing as much information as he thought it would. He explained that even when the features were not normalized, the neural network would perform at 90%, as it would with normalization.']",14016,532
Answer:,4d091ad0d5b74a257368a09ef6eef821ea8cfd0bfa58eb99," The User Interface discussed the interface concept design, mentioning that they chose specific buttons for functions like power, mute, and channel control, and highlighted the importance of clear icons and large, thin, and long buttons. They also mentioned the need for a menu button and discussed the challenges of using scroll buttons and the importance of making the interface trendy and recognizable.",1.0,en,qmsum,,qmsum,"Query: What did User Interface say about the interface concept design?
","['User Interface introduced to use the power button to switch the television on and off. The mute button to switch the volume on and off. The channels buttons, one to nine, or zero to nine. The volume and channel quadrants, from left to right, and up and down arrows, to control the volume and channel. And last, the menu button to manipulate the LCD display. User Interface also suggested that power buttons are usually at the top left or right and the team should decide to choose the right icons, or letters on the buttons.']",6032,532
Answer:,ab2e0c823a8fdb67527f3ce4b6f053788eb9292572529053," Marketing's presentation is mainly about the design and features of the remote control, focusing on trends, aesthetics, and functionality. They emphasize the importance of a fancy and good-looking design, the use of bright and colorful materials, and the need to avoid a functional but unattractive design like the previous model. They also discuss the target audience, the importance of appealing to younger people, and the inclusion of features like an LCD screen and voice recognition.",1.0,en,qmsum,,qmsum,"Query: What is Marketing's presentation mainly about?
","['Marketing talks about the adoption of some latest trends and latest fashion updates on the remote control. She thought it important that the control looks fancy for targeted young users, like having the LCD screen, vivid colors, and cool shape, and the last model of the company is comparatively functional.']",11171,532
Answer:,b83d7e101f2aab9b4ebf02f02ccd41dca171191be9ef5cd6," The group disagreed with the Project Manager when reflecting on the previous meetings and their project progress because they felt the level of information provided dropped off severely over the course of the day, leading to confusion about individual tasks and a lack of clear direction during discussions. They also felt that the project lacked sufficient brainstorming and collaboration, as well as a more structured approach to teamwork.",1.0,en,qmsum,,qmsum,"Query: Why did the group disagree with the Project Manager when reflecting on the previous meetings and their project progress?
","[""All the other three group members did not agree with the Project Manager that they thought they did not do enough as a team. Even though it might be because this was only a virtual project which did not require an actual building, as the Marketing said, it should be a much longer time of actual work rather than just imagining the remote control through three hours' meetings.""]",9197,532
Answer:,c9ca0b248e72caee3e1d6e28747a81fab00b968618ba3d28," The Project Manager elaborated on the materials of the television remote by emphasizing the need for plastic construction due to the potential interference issues with metal, suggesting the use of high-quality recycled plastic for aesthetics and sustainability, and discussing the feasibility of incorporating a touch screen interface.",1.0,en,qmsum,,qmsum,"Query: What did the Project Manager elaborate on the members when discussing the materials of the television remote?
","['The group talked about the material and they found it would be hard to balance the budget and the quality. In order to save the cost and ensure satisfying user experience, the Project Manager decided to choose high-quality recycled plastic as the material. But in terms of the battery, he would pay a lot to equip the remote with a cutting-edge lithium battery.']",5341,532
Answer:,e5d75b66f46b2d62c17bceceb4d514393cf1f2b9b89fa3c1," The meeting focused on discussing the conceptual design for a new remote control, with key topics including the choice between touch screen and voice recognition technology, material options for the case, and design features to make the remote more user-friendly and marketable. The team decided to prioritize voice recognition over touch screen due to cost and feasibility concerns, while also considering a non-traditional, sleek design with a focus on organic and modern aesthetics. They agreed to develop a prototype with a simple, functional design, incorporating rubber for a durable feel and exploring multiple color options. The next steps involve creating a prototype and further refining the design based on feedback and testing.",1.0,en,qmsum,,qmsum,"Query: Summarize the whole meeting.
","['The whole meeting was about a detailed prototype of the remote control. As before, this meeting also began with personal presentations. The Industrial Design focused on the components of the remote control, including the energy source, the buttons and the materials, while the User Interface suggested to use voice recognition technique and add secured or hidden programming onto the touch screen. Then the problem came that if they would like to make it so complex, they would go beyond the budget and have to raise the cost. Thus they decided to simplify some functions and buttons. Before the meeting ended, they also discussed the shape of the remote control.']",7870,532
Answer:,01da31922224bf9588d8462904e10ec51ac016f0ae9e8b3a," Bill Morneau stated that the government is focused on supporting Canadians through the economic crisis and maintaining a strong fiscal position. He emphasized that the government's approach involves making prudent investments to support both individuals and businesses, which he believes will lead to a stronger economy and fiscal position in the long term. However, he did not provide specific figures or confirm the exact size of Canada's national debt.",1.0,en,qmsum,,qmsum,"Query: What did Morneau say about the debt?
","['Morneau explained that the government was committed to supporting Canadians. It came into the pandemic with a strong fiscal position, and while the pandemic will bring challenges, it will face those challenges while supporting small businesses and Canadians.']",23784,532
Answer:,2cd681b2816d7918b9233e089eac9cd6dd977df9789ba125," The committee discussed the ongoing pay dispute in further education (FE) colleges, where staff are demanding better pay, with some unions considering industrial action. The Welsh Government acknowledged the situation, stated they are keeping a close eye on negotiations, and emphasized that the responsibility for resolving the dispute lies with ColegauCymru and the involved parties. The Welsh Government expressed concern about the potential impact on staff recruitment and retention but did not take direct action, as the dispute is outside their direct control. The discussion also touched on the need for pay equality between schoolteachers and FE staff, as well as the broader implications of the dispute on the FE sector.",1.0,en,qmsum,,qmsum,"Query: Summarize their discussions on pay dispute situations.
","[""Dawn Bowden proposed the topic of pay dispute and asked what could be done as a Government to try to get parties back round the table and solve this dispute. Eluned Morgan thought this was about ColegauCymru's negotiation, and they were keeping a close eye on this situation. Eluned Morgan thought it would be fair to wait until they get further along down the line. Then Eluned Morgan had a detailed explanation about what they had done, including listening and speaking to ColegauCymru, and they were aware of what the unions were saying as well. Furthermore, Eluned Morgan said they would wish to see pay equality in relation to teaching, but details in relation to this should be waited until the outcome of the negotiations of ColegauCymru. They were aware of all those situations and they knew they were going to have to deal with it in the future.""]",13869,532
Answer:,4ab48bae28dde01e9ecca702579f3b13c01dbfb974255154," The Project Manager reflected that the presentation contents were coming up to par with the original goals, fulfilling the functions of a remote, meeting design expectations, and fulfilling aesthetic qualities from the initial market research. They also noted that while there were some challenges and compromises, the team was generally productive and creative throughout the process.",1.0,en,qmsum,,qmsum,"Query: What did the Project Manager think about their presentation contents when reflecting on their meetings and project progress?
","['The Project Manager planned to include their project process in the presentation. In addition, he thought it would be an interesting experiment to carry out an open mic presentation in which the team members could get out of the roles and share their satisfaction of the room and their creativity freely.']",9196,532
Answer:,8793ec1dfcde4d8e9d70d92f7427ae2138e43883d35a61de," The Industrial Designer and the Project Manager discussed the LCD screen, noting that it is located on the upper side of the device and is essential for viewing content. They also mentioned that the screen's placement allows users to look at it while holding the device, and they considered the design implications of having the screen on the upper side. The Project Manager expressed concerns about the screen's practicality and its impact on the device's overall design and usability.",1.0,en,qmsum,,qmsum,"Query: What did the Industrial Designer and the Project Manager discuss about the LCD screen?
","[""The User Interface Designer thought\xa0it might be in the middle of the product because the way users hold the product wouldn't influence the view to the screen, but the Project Manager and the Marketing thought the screen might be covered when held by hands, so the users couldn't figure out what happened on the screen. Then the Project Manager proposed that it was totally unusable, still needing marketing research.""]",10673,532
Answer:,2788a5aed47e75ec6c72b3023be8031f6cd35efec976db4f," The group reflected on their meetings and progress by discussing the overall experience, the level of creativity and teamwork, the challenges faced, and the compromises made. They acknowledged the successful development of the prototype, the budget constraints, and the need for further improvements. They also expressed satisfaction with the collaboration and the final product, while recognizing areas for growth and potential future developments.",1.0,en,qmsum,,qmsum,"Query: What did the group talk about as their reflection on the meetings and their progress?
","['The User Interface first pointed out that they did not use the whiteboard at all, neither did they use the pen as well. However, according to Marketing, it was quite understandable that due to the room constraints, such devices were not used. But the worse problem was that they did not receive as many notes as they wanted, the Marketing even received no reply after he wrote his coach.']",9193,532
Answer:,c51d91b59219381d853e798c0af85cf38754d61186e33b2e," The meeting transcript details a discussion among researchers about their work on neural networks and speech recognition. They discussed experiments with different training sets, feature extraction methods, and the performance of various models. They also addressed issues like noise robustness, the impact of training data on model performance, and the potential benefits of combining features with neural network outputs. The group considered future directions, including exploring multi-band approaches, improving training targets, and integrating their work with other systems like OGI. They also touched on practical concerns such as computational resources and the need for further testing and refinement of their models.",1.0,en,qmsum,,qmsum,"Query: Summarize the meeting
","['The participants went over the results of the most recent experiments, discussing future directions to take. Adding in more languages was still decreasing model performance. The best network consisted of the TIMIT and noise. The team thought that they should try to reduce their dependence on noise in the data. The Professor outlined how they could continue their experimentation.']",14011,532
Answer:,56aa2c5a89761478c2169cfc6050acf5d84842c294d3b9fb," The three main causes for the financial challenges facing the universities were: 1) the impact of the demographic dip of 18-year-olds, which is deeper and longer in Wales than in other parts of the UK; 2) increased pension costs and general increased costs; and 3) current uncertainty due to the Augar review in England and Brexit.",1.0,en,qmsum,,qmsum,"Query: What were the three main causes for the financial challenges facing the universities?
","['Dr David Blaney introduced that the first was the impact of the demographic dip of 18-year-olds and as a result there was an increased pension cost generally. Second, current uncertainty also came as a result of the political environment like the Augar review in England and Brexit. This might deepen the funding gap. Third, due to the political decision to invest in students, universities were faced with challenges of providing more services under limited funding.']",10205,532
Answer:,90f41f128c1a72bf88a72dfa04a77b726d6993f4379ec4df," The meeting transcript details a discussion among graduate students and professors about various research projects and challenges. Topics include the TORRENT chip project, status updates on proposals and research, issues with signal processing and noise reduction, the use of different datasets like TIMIT and Switchboard, and the development of systems for speech recognition and normalization. The group also discussed the implementation of VAD (Voice Activity Detection), spectral subtraction, and the potential benefits of combining different techniques to improve speech recognition performance. Additionally, there were discussions about the impact of reverberation, normalization methods, and the importance of testing and validation in their research.",1.0,en,qmsum,,qmsum,"Query: Summarize the meeting
","['The meeting began with a discussion on the TORRENT project completion being pushed for two years. Grad F then introduced intermediate categorization, which was his topic for his qualification exams. The team then discussed mean subtraction from SRI. Using it had led to an improvement in Meeting Recorder digits though near mic performance worsened. The professor points to pre-echoes as the culprit. The team continued to study differences between SRI and Aurora. The team thought it would be interesting to do the Aurora tests with the SRI system instead of the HTK. The team was also exploring the Wiener filter and VTS. The professor did not seem too excited about the VTS.']",11881,532
Answer:,baa9a253fa531bf3e7060a1137a38c9441c66e7611440d16," The team decided to incorporate an advanced chip with an LCD display and a spinning wheel for the remote control, using a curved case made of rubber. They opted for simple batteries and included voice recognition for functionality. The remote will feature a minimalist exterior with a colorful, vegetable-inspired design, and the interface will include push-buttons for essential functions like channel selection, with the LCD display and spinning wheel accessible when the remote is flipped open.",1.0,en,qmsum,,qmsum,"Query: Summarize the decision discussion about key remote control concepts.
","['They decided to implement a LCD display with a scroll wheel. Instead of using hand dynamos, the group decided to use a wind dynamo which was more environmentally friendly. And they would keep the kinetic energy as an option and keep the spongy material preferences as well as voice recognition. At last, groupmates agreed to apply interchangeable cases with incorporated colours to make the remote more trendy. They would use a simple battery, the advanced chip, a curved side case and rubber buttons.']",8979,532
Answer:,858a2bdb932d08fa4e16758b7b12ee923b0b6b5bc1a68051," The group agreed that sample transcripts would be used for comparison and analysis, and they discussed the importance of not identifying individuals by name to avoid potential issues with privacy and slander. They also mentioned that the transcripts would be useful for testing and developing speech recognition systems, and that they would continue to collect and transcribe data for future research.",1.0,en,qmsum,,qmsum,"Query: What was agreed upon on sample transcripts?
","['To save time, speaker mn005 will only mark the sample of transcribed data for regions of overlapping speech, as opposed to marking all acoustic events. The digits extraction task will be delegated to whomever is working on acoustics for the Meeting Recorder project.']",19654,532
Answer:,92498ad4ae3a40e2277dc3b13e15ef0b501c7dfa1e4acb02," The Project Manager thought of the advanced technology design when presenting the technical functions to ensure the remote control could handle new functionalities and remain compatible with most televisions, while also keeping the design simple and upgrade-friendly for future technological advancements.",1.0,en,qmsum,,qmsum,"Query: Why did Project Manager think of the advanced technology design when presenting the technical functions?
","['Industrial Designer suggested the group could keep the design as simple and clear as possible because this would help them to upgrade their technology at a future point of time. Project Manager asked about the cost at this point, however, Industrial Designer had no idea about what each component cost. So Project Manager thought it should be considered because the price would increase if they were using more advanced technology.']",8491,532
Answer:,fff100fc003a59ba70830ef925a879463d106038d9309087," Grad E contributed by offering to use an 18 gigabyte drive on their computer, which they mentioned was named ""Samosa,"" to help with storage disk issues. They indicated that they had about twelve gigabytes of free space left on that drive and were willing to assist if needed.",1.0,en,qmsum,,qmsum,"Query: What did Grad E contribute to the discussion on storage disks?
",['Grad E volunteered his 18 Gigabyte drive to the group. The drive had 12 gigabytes of memory and he was not using it for anything.'],12805,532
Answer:,751eebc1f9a045e89cb94eb66c34f3fa129d2c336116e500," The group discussed the functions of the remote control, aiming to create a universal remote that can control various devices like televisions, microwaves, and other home appliances. They considered ideas such as a touch screen design, multifunctionality, and the inclusion of features like a locator device or a page button. They also debated the balance between functionality and simplicity, as well as the importance of design and material quality to make the remote appealing and user-friendly.",1.0,en,qmsum,,qmsum,"Query: What did the group discuss about the functions of the remote control?
","['The User Interface proposed to build a stand-alone one, which can be different from any other devices. The Project Manager then added that it might be better with more useful functions like changing the faces. Marketing came up with the idea of making it be functional for other devices as well, just including everything in this remote control.']",5985,532
Answer:,51129feaa0df6ad32bf998c49a77bcc98b5ea4353ff823a1," The discussion about product evaluation involved the team assessing the prototype based on several criteria such as fanciness, technology, robustness, usability, and adaptability. They used a scale from one to seven to rate the prototype, with an average score of 2.17 out of seven. The team also considered financial aspects, ensuring the project stayed within budget, and concluded that the product was deemed good and worth further development.",1.0,en,qmsum,,qmsum,"Query: Summarize the discussion about product evaluation.
","['The marketing thought they needed to evaluate whether it made sense to do the project and whether the product could fulfil their requirement. So the group started to judge the design on a scale of one to seven, one being true and seven being false. The criteria were fanciness, technology, robustness, usefulness, size and weight, colour and shape, and adaptiveness. The product got an average score of two point one seven, which implied it was good.']",8556,532
Answer:,c22d1a20e4ad32c05f7549e90cd93c607fa2883a3f03dd99," The group decided to position the L_C_D_ screen at the lower end of the remote for a better look and functionality. They opted for bright, fruity colors to align with current trends and target a younger audience. For materials, they chose a combination of titanium for the back to provide a strong, modern look and hard plastic for the front, which can be easily replaced. This decision balances strength, aesthetics, and cost-effectiveness.",1.0,en,qmsum,,qmsum,"Query: What are the group's decisions on LSD screen, color and materials?
","[""As for the LCD screen, the Project Manager considers colored ones are a bit too expensive, so they can just do normal ones, and the shape of the control can be in a bridge shape. As for the materials, Industrial Designers think that a solid and strong appearance is necessary, and Marketing agrees that plastics don't create a strong touching feeling, and as a combination, they decide to have hard plastic for the front and then titanium for the back. As for colors, the group decides to use basic colors with some special patterns.""]",11176,532
Answer:,1cda1c86401954c75f52c80d4b5f069ff3c9a003f0ba20a1," The target price for the remote control is 25 Euros, the target cost is 12.5 Euros, and the target profit is 50 million Euros.",1.0,en,qmsum,,qmsum,"Query: What are the target price, target cost and target profit of remote control when discussing the design of the remote control?
",['Project Manager wanted to make a profit of 50 million euros for a cost of 12.50 euros for 25 euros worldwide.'],3984,532
Answer:,0e325eeccec748705bae070455669e5d4351660ece67c73d," The Project Manager suggested cutting down the functions to focus on primary uses of the remote control, such as turning the TV on, changing channels, and adjusting volume, as these are the most commonly used features. This approach aims to simplify the user experience and avoid overwhelming users with unnecessary complexity.",1.0,en,qmsum,,qmsum,"Query: Why did the Project Manager put forward to cut down the functions when discussing the design of the functions and buttons of the remote control?
","['Due to the limited budget as well as to achieve a satisfying user experience, the Project Manager proposed only to keep the most essential functions in case they would be beyond the capacity of the microchip.']",5349,532
Answer:,56a700676625c22e773b7f7631ef99982ba56e2cb64b2586," The meeting involved a discussion on the design and functionality of a new remote control. The Industrial Designer struggled to locate his presentation files, but eventually shared his ideas about the remote control's internal workings, emphasizing simplicity, cost-effectiveness, and a focus on essential functions like power, channel selection, and volume. The Marketing team presented user research findings, highlighting the need for an aesthetically pleasing and user-friendly remote, with a preference for targeting younger users. The User Interface Designer discussed the balance between basic and multifunctional features, while the Project Manager guided the discussion, emphasizing the importance of design, cost, and usability. The team decided to prioritize a simple remote with a few essential buttons, a potential LCD screen, and a focus on ease of use, with further design and decisions to be made in the next phase. The meeting concluded with a lunch break and a plan to continue work afterward.",1.0,en,qmsum,,qmsum,"Query: Summarize the whole meeting.
","['The team introduced their findings in turns and gradually came to some agreements. First, Industrial Designer introduced the structure of the device and suggested one battery and small size. Meanwhile, Project Manager questioned the cover design since it would not be cheap. Then, User Interface left a question whether the technical function should be basic or multi-functional. After that, Marketing concluded that less important functions should be discarded and the device should be user friendly. Lastly, Project Manager suggested discarding the teletext and asked for ideas about button design.']",4751,532
Answer:,6455130ff761fc5e242de9b919271fb0f578567d7ffea480," The team thought they had made progress, with some experiments showing improvements in accuracy when using PLP features and neural networks, but they also recognized challenges, such as the language dependency issue and the need for better training data and targets. They acknowledged that while some approaches worked well, others did not, and they planned to continue exploring different methods to enhance their results.",1.0,en,qmsum,,qmsum,"Query: What did the team think about their progress?
",['The professor asked if the team was happy with their progress. The team thought that they were okay. The professor was insistent that everyone be happy since they were pretty much done.'],14016,532
Answer:,d1ba9e91e59ac664388aab0d53dd443acfc8edb13f523dd4," The team discussed the prototype's design, functionality, and market appeal, evaluating its technological innovation, aesthetics, and suitability for the target audience. They also considered the product's cost and made adjustments to reduce expenses while maintaining key features. Additionally, they reflected on the project process, teamwork, and the effectiveness of their collaboration tools.",1.0,en,qmsum,,qmsum,"Query: What did the team discuss during the product evaluation?
","['The team agreed that only the scroll button and the LCD were new items for a remote control. The color of the device was doubted but Marketing argued that since the product aimed at the young market, the case looked good in pure yellow. Besides, the rubber material felt soft, making the device look and feel nice. However, the team thought that there were too many buttons, which did not align with the original idea.']",4807,532
Answer:,320cc6e71b63b99f2b92a2fb92b6e37cda38ca16ef4a3c97," The team discussed several new product requirements, including focusing only on the television, using corporate colors and slogans in the design, and eliminating teletext since internet access is now available. They also decided to prioritize simplicity in the remote control's functionality, aiming for an easy-to-use design with essential buttons like power, channel, volume, and a menu button, while considering the needs and preferences of different age groups.",1.0,en,qmsum,,qmsum,"Query: What did the team say about the new product requirements?
","['Project Manager decided that the remote control should only be used on television and targeted at the biggest size of group. Corporate colour and slogan must be used on the cover. They agreed that a power button, channel switches from zero to nine, volume control, mute should be contained and a small-size menu included.']",4757,532
Answer:,6333569542bcd8c6c934d543a514c4ca3217614b0b38ed1c," The discussion about the seniors care crisis centered on the alarming conditions in long-term care facilities, as revealed by a report from the Canadian Armed Forces. The report detailed issues such as expired medications, lack of personal protective equipment, neglect, and abuse, leading to a significant number of deaths among seniors. Members of Parliament, including the opposition and various parties, called for immediate action, including national standards for care, increased federal oversight, and an end to profit-driven models in long-term care. The Prime Minister and other officials acknowledged the severity of the situation and committed to working with provinces and territories to improve conditions and ensure the dignity and safety of seniors.",1.0,en,qmsum,,qmsum,"Query: What was the discussion about the seniors care crisis?
","[""The opposition party claimed that the seniors care crisis was a national problem, and the federal government was not taking immediate response. The opposition party pointed out that these failures were the product of systemic neglect.The minister replied that they were fully aware that in long-term care facilities both seniors and persons living with a disability face unique challenges. And considering the severity of this report, the federal government promptly shared it with the Province of Ontario, and the Province of Ontario has initiated an investigation based on the report's findings.""]",20271,532
Answer:,cee51c4c954baf996a9ed3267be5110df2d8f0cf5ff018f4," The group concluded that they should include an LCD screen in the remote control design, as it was deemed important by the target audience. However, they decided against incorporating speech recognition due to its high cost and complexity.",1.0,en,qmsum,,qmsum,"Query: What did the group conclude on LCD screens and the speech recognition suggested by Marketing?
",['Marketing mentioned that the research found it would be costly for the speech design and suggested considering LCD screens. Industrial Design suggested that they would consider both and see what they could find. The group all agreed on it.pressing the button.'],11310,532
Answer:,4e1937467ae3cb3406cbd0cc8ed25b5ce4e83dab44febccd," The discussion about appearance design focused on making the remote control fancy and stylish, aligning with current trends such as a ""fruit and vegetable"" aesthetic, spongy textures, and natural shapes. The team considered using materials like rubber for a spongy feel and titanium for a sleek look, but ultimately leaned towards a more natural, rounded design inspired by fruits and vegetables. They also discussed incorporating colors and materials that reflect these trends while balancing functionality and cost.",1.0,en,qmsum,,qmsum,"Query: Summarize the discussion about appearance design.
","[""To follow the trend of fruit and vegetable, there were two options: something in titanium and smelling like fruit, or something spongy and fruity-like. The industrial designer would explore these two choices and he also suggested having two different assemblies, but the project manager said they couldn't have both. The project manager also mentioned another solution - painting the controller to pretend that it was titanium. The group didn't make a final decision.""]",6954,532
Answer:,cab36b6595dd8d35dcdc7ce577079595de37784c10292561," The meeting was a kick-off session for designing a new remote control, where the team discussed key features such as functionality, design, and user-friendliness. They brainstormed ideas, including making the remote control children-proof, robust, colorful, and small. The team also considered the need for simplicity in design, such as intuitive button placement and potential for a universal remote control. They planned to meet again in thirty minutes to further develop ideas and finalize requirements.",1.0,en,qmsum,,qmsum,"Query: Summarize the whole meeting.
","[""The main points of the discussion are the design goal and price of a new television remote control project. The group first put forward the design goal of remote control. Then they got used to the whiteboard and wrote down everyone's favourite animal and their characteristics. Project manager and Marketing wanted to sell this remote control for twenty five Euro and expected profit will be around two million Euro. Then, the group thought about colour and function features of the new remote controls. In addition, they also believed that the remote control should be safe enough for children to use, and the appearance should be acceptable to them.""]",3229,532
Answer:,84c3d29d23e375285175caf2b77fe29e6989d6050b2ed151," The semantic specification in the meeting refers to a structured framework used to represent the meaning and formal properties of linguistic constructions. It includes semantic constraints, bindings, and a system for handling form-meaning pairs, allowing for the representation of both semantic and formal aspects of constructions. The specification includes slots for various semantic elements such as ""designate,"" ""profile,"" ""focus,"" and ""topic,"" and it allows for the representation of constructions with both semantic and formal constraints. The semantic specification is intended to be flexible, allowing for the representation of both static and dynamic aspects of constructions, and it is designed to be used in conjunction with a formalism that can handle both semantic and syntactic constraints.",1.0,en,qmsum,,qmsum,"Query: Please describe the semantic specification
","['The semantic specification, on the other hand, is split into three levels: ""scenario"" is a list of schemas and bindings between them, which describes the current event in terms of Source-Path-Goal, Container, etc.; ""referent"" is about the entities in the discourse and includes grammatical information and pointers to the ontology; ""discourse segment"" comprises utterance-specific things.']",24579,532
Answer:,2cf26fe9a282b1d59a3a5b698dd5c98f3926ab06de0e29d1," The Industrial Designer thought that the remote control should be trendy and user-friendly, emphasizing the importance of originality and unique features. They also mentioned that the design should be intuitive so that people can easily use the product.",1.0,en,qmsum,,qmsum,"Query: What did the Industrial Designer think of fashion design when discussing the design of the remote control?
","['Industrial Designers believed that in the design of remote control, fashion should have individuality and combine with function to achieve a perfect fit between fashion and electronics. Beyond that, it should be original in order to be unique.']",3980,532
Answer:,9a93e7ab3a55fbec9e77e1d132f83ac514291c381360a9c8," The group thought the wood case was not a good idea because it would make the remote control too bulky, not very practical, and not suitable for the spongy material preferences they were considering. They also mentioned that wood is not cleanable and could lead to splinters, making it unsuitable for a remote control.",1.0,en,qmsum,,qmsum,"Query: What did the group think of the wood case when discussing the key remote control concepts?
","['User Interface thought it would be hard to keep the remote control small with a wood case. Industrial Designer thought the thin wood remote would be easy to break. Project Manager thought given that they were looking at more spongy material preferences, rubber or plastic would be more practical. Also, the group thought that wood was not cleanable, so they decided not to use a wood case for the remote control.']",8986,532
Answer:,4412a0516765800018512529526321ca4a924fada9e4a139," The discussion on improving the back-end recognizer for the Aurora task involved exploring ways to enhance performance by adjusting the Hidden Markov Model (HMM) configurations. PhD B mentioned experimenting with varying the number of states and Gaussians per model to better match the characteristics of different words, such as adjusting the number of states for shorter words to improve training data efficiency. They also considered simplifying models to reduce computational complexity, as larger models may not be feasible for real-world applications. Additionally, they planned to analyze transition probabilities and expected durations of models to better understand their training and performance.",1.0,en,qmsum,,qmsum,"Query: Summarize the discussion on improving the back recognizer for the Aurora task
",['PhD B was conducting an experiment to improve the backend performance of the Aurora recognizer. The goal was recognizing the HTK system by challenging the canonical paradigm.'],8192,532
Answer:,caab9dadbf5f025e1a6b63ccda2809c85999e3edd0f0cc47, The group did not focus much on the battery design during the discussion of the functional design of the remote control. They mentioned that battery life is not a huge problem for remote controls and that batteries are typically replaced periodically.,1.0,en,qmsum,,qmsum,"Query: What did the group think of battery design when discussing the functional design of the remote control?
","[""They felt that the battery design should be long-lived, original, and conventional to ensure the battery's innovation, versatility, and durability. It should also not be far from the usual performance, or it may cause problems for new users.""]",3980,532
Answer:,06f6568bb3b66ad25b39c64f60dc9c80112a1cfbf2f454a2," Marketing agreed with the group mates that the spin wheel with LCD display was a good idea, but they suggested that it could be simplified to two buttons for volume control instead, as it was not essential and could help stay within budget.",1.0,en,qmsum,,qmsum,"Query: What did Marketing agree with group mates when discussing the spin wheel with LCD display?
","[""User Interface asked whether they could put an additional mute button on the top of the scroll spinning when discussing the scroll wheel push button. Marketing suggested the spin wheel with the LCD because it would not add much cost. Project Manager mentioned that it already came with the LCD and it's not on their list. The scroll wheel was on the remote side. Marketing agreed on it and group mates thought it was a good idea.""]",9377,532
Answer:,1690c984951e74c31f8b86c5135938418f4365bfeb656d80," Huw Irranca-Davies ensured the high qualification and quality of the workforce by focusing on registered, inspected providers and emphasizing the importance of trained and qualified staff. He mentioned that the £4.50 rate was designed to support this by aligning with the foundation years offer, which includes educational components, and by working with the sector to develop a 10-year workforce development plan. This plan aims to increase the number of qualified staff and improve the overall quality of childcare provision across Wales.",1.0,en,qmsum,,qmsum,"Query: How did Huw Irranca-Davies ensure the high qualification and quality of the workforce while the rates remained at £4.50?
",['Huw Irranca-Davies said the situation in the Valleys (model) was an example of what the team would like to see. This proved that the £4.50 seemed to work.'],12339,532
Answer:,01c496f9e6a091cbd6ac9ffafbf6743aa5319e7387a24326," The discussion about product quotation revolved around the design and cost considerations of the remote control device. The team presented their prototype, which featured a titanium-colored design with a double R logo and various buttons for functions like channel control and volume. They discussed the aesthetic appeal, functionality, and practicality of the design, noting that while the titanium look was appealing, it contributed significantly to the cost. The team faced financial constraints, leading to debates about whether to use titanium or switch to a cheaper material like plastic. Ultimately, they decided to use titanium-colored plastic to balance cost and design, while also considering the impact on the product's marketability and user experience.",1.0,en,qmsum,,qmsum,"Query: Summarize the discussion about product quotation.
","['When evaluating the cost of the product, the group discussed some details of the components and made some adjustment on the chip, exterior cover material, curve, button and LCD screen. Then they agreed that it could be better changing the titanium to hard a hard kind of plastic looking like titanium than losing the LCD screen. They finally got an estimate of fourteen point one Euros, which was above the budget.']",10665,532
Answer:,2577f8475c58498ab16ed83a7222b7142419941d3ce0bc09," The discussion on future directions included exploring ways to improve the neural network's performance by focusing on better training targets, such as articulatory or soft targets, and considering multi-band approaches trained on diverse noise conditions. There was also a plan to integrate the MLP as an additional path within the OGI system, ensuring compatibility with their features and VAD labels. Additionally, the group acknowledged the need to address CPU and memory constraints, and they decided to prioritize testing and refining the current setup before expanding further. The meeting concluded with a plan to continue experimenting with different configurations and to focus on the most promising approaches for future work.",1.0,en,qmsum,,qmsum,"Query: Summarize the discussion on future directions
","[""The team discussed testing a multi-band approach that is more resistance to noise. The professor thought that it many not be a bad idea to put together several MLP's to improve performance. The team also thought that there might be problems with the pronunciation models.""]",14014,532
Answer:,628c3567292cb09e980d4d2e3042ebfcc44f369a2a16d2fd," The group members thought the buttons of the remote control should not be too small or too big, and they should not be too close together. They also suggested that there should be some space between the buttons to allow for icons explaining different functions, and that the buttons should be recognizable and easy to use for people from different cultures.",1.0,en,qmsum,,qmsum,"Query: What did the group members think of the buttons of the remote control when discussing the desired features of remote control?
",['They thought that the number of buttons on existing remote controls should be reduced.So they wanted to make buttons multifunctional to simplify the remote control buttons.And they also thought that the buttons must be internationally recognized.'],6398,532
Answer:,679e4e9f3c4e9bf95578ed0a431156a6203ebfa122ce7894," Mental spaces operate as abstract, context-dependent frameworks that allow for the organization and manipulation of information within a discourse. They are used to represent different scenarios or contexts, enabling the speaker and listener to navigate between them. These spaces are not fixed but can be dynamically constructed and modified based on the discourse, allowing for the integration of new information and the resolution of ambiguities. The formalism aims to capture how these mental spaces interact with semantic structures and how they influence the interpretation of utterances.",1.0,en,qmsum,,qmsum,"Query: How would the mental spaces operate?
","['Mental spaces can be tackled with mechanisms that can also deal with context issues (time, space etc.): creating a base space and rules of interaction with other interconnected spaces. However, the complexity of these mechanisms has to be bound as well: it is necessary to define the range of constructions to be studied. ']",24580,532
Answer:,983c7f84afeec57ceb63e749e946f5488d80aae5a17d162a," The marketing team learned that users often used functions such as power, channel selection, and volume control, while less frequently used functions like teletext and settings were considered less relevant. They also noted that users wanted a simpler remote control with fewer buttons and emphasized the importance of intuitive design and ease of use.",1.0,en,qmsum,,qmsum,"Query: What did the marketing learn about the functions that users often used when discussing user requirements?
","['After conducting a survey, the marketing found power button was not used often because users used it only once per session while the channel selection was very often used which made it quite important. Volume was not often used but people wanted to have control on volume and that made sense. What much less often used was the settings, such as audio settings, screen settings, even teletext and channel settings.']",7346,532
Answer:,2c3f6a54f59639f9d0389ee4c0fd349ba8c75ef694c635e9," The meeting transcript details a collaborative session where the team discusses the design and development of a remote control with voice recognition capabilities. They review the prototype, discuss its features, budget constraints, and the decision to remove the solar cell to stay within budget. The team also reflects on the project process, highlighting creativity, teamwork, and challenges faced. The meeting concludes with a celebration and a final evaluation of the project.",1.0,en,qmsum,,qmsum,"Query: Summarize the whole meeting.
","['This was the last meeting of their work. The meeting was about a summary of the previous achievements and agreements, including the details of the design of the remote control, like issues of energy source and budget control. After talking about their ideal remote control, the group moved on to plan their group presentation. They discussed what the PPT should include, what they should and should not mention in the presentation and also compared their work with their competitors.']",9182,532
Answer:,d94f2712dfef3f6e1b82f465fa4f3e03c793c67ce58e3ccf," B thought the experimental setup of the computer navigation system was interesting and provided valuable data for research. He mentioned that the system's ability to distinguish between different intentions, such as viewing, entering, or approaching an object, was crucial for understanding user behavior. He also noted that the system's limitations, like not accounting for the actual location of entrances or the purpose of the user, were important factors to consider in improving the system.",1.0,en,qmsum,,qmsum,"Query: What did B think about the experimental setup of the computer navigation system?
","['B explained that the subject of the experiment will first be given texts about a city, so they can familiarize themselves with foreign terms. Then, they will be introduced to a computer navigation system with which they can navigate the city and provided with a set of tasks to complete. Then, the computer system will crash, including the GPS, so the person will not even know where they are, and the human operator will assist them. To find their location, the subject will have to provide visual information to the human operator. B also thought that creating movies of walking would require a lot of technical effort but later claimed that it may be worth it. B clarified that the goal was to see how people communicate in such a scenario.']",15412,532
Answer:,0c2e058a3750f5b88206f02bf9aecd28451121027cbbb03d," The domains in the mental spaces are described as the tourist domain and the child language learning domain. These domains are mentioned as the focus of the work, with the intention to address the specific interactions and requirements of each, while also considering the broader implications for linguistic theory and practice.",1.0,en,qmsum,,qmsum,"Query: What is the description of the domains in the mental spaces?
","['Given the domains currently used (tourist, child language learning), some features, like speaker attitude, are not of equal importance at this stage. On the other hand, it was decided for the inheritance between constructions to be left out for now, as the notation can be rendered more elegant later on.']",24585,532
Answer:,c0534dea030f2e295fce90c3249f37a019aa216a8716a032," The meeting involved a discussion about a product prototype, with the project manager leading the evaluation of its design and functionality. The team debated the prototype's features, such as its color scheme, materials, and control interface, and assigned ratings based on criteria like technological innovation and appeal to the target market. They also discussed the product's cost and considered design changes to make it more affordable. The meeting concluded with a decision to modify the prototype, and the team reflected on the project's process and outcomes.",1.0,en,qmsum,,qmsum,"Query: Summarize the whole meeting.
","[""Firstly, User Interface introduced the prototype of remote control based on the previous discussion of its function. The prototype was half rubber and half plastic with a yellow case. Secondly, Marketing designed an evaluation test under the guidance of the market trend as well as the customers' taste and the team gave one to seven points to each feature of the product.Thirdly, the team found that the current product exceeded the budget, so the team decided to discard joystick and use only one material with the normal color but the team agreed to keep the LCD as well as the advanced chips. Lastly, the team gave positive feedback on the project and the process.""]",4802,532
Answer:,ff97e137f45211e2904e419ed64a8aa91283b6d67a8d521e," The marketing expert believes that user identification is important for creating a personalized and unique remote control experience. They suggest features like fingerprint recognition or speaker-dependent speech recognition to identify users and tailor the remote control to individual preferences. The expert also mentions that a remote control that ""knows"" its user can record usage patterns and provide customized settings, which could be a strong selling point.",1.0,en,qmsum,,qmsum,"Query: Summarize the marketing expert's opinions towards user identification.
","['The marketing expert came up with the idea that the remote control could identify the user. Since it knows who was using it, it might record the kind of channels that you often watched and the level of volumes you liked. In other words, it would provide your way of using it. This would be a good sales pitch though it might be expensive.']",6956,532
Answer:,29bd27b3dc5f36b5e0d9af37ebe5ac75819d7507ab9d13f9," The government was not explicitly outlining a specific policy to ease the deficit in the meeting transcript, but the Prime Minister mentioned that the government's focus is on supporting workers and businesses through various programs, including the Canada emergency response benefit, wage subsidy, and other support measures. The Minister of Finance emphasized the importance of transparency and stated that the government is working to ensure a resilient economy for the future. However, no concrete policy to directly address the deficit was announced.",1.0,en,qmsum,,qmsum,"Query: What policy the government was going to roll out to ease the deficit?
","['The minister argued that it was very important to be transparent with our investments and the government would look at the investments and the figures every day and be transparent about it. The minister promised that Canada would have a good economy in the future, and the government would not raise taxes after the crisis to tackle the deficit. Hence, the opposition party demanded a regular economy update.']",20275,532
Answer:,d90774766148b54ce28f127ce14b124bce7380910c1dce36," The User Interface mentioned that the icons on the buttons were not very clear, specifically pointing out that the V_ icon for volume was not clear in its function.",1.0,en,qmsum,,qmsum,"Query: How did User Interface answer Project Manager's question about the icon design on the buttons?
","['User Interface believed that the team should design the case and the whole remote control in the company. And for colors and the logo, User Interface would recommend a yellow case, with round edges and the logo at the bottom. User Interface also suggested a set of buttons with its own color to make it recognizable. But this idea was turned down by Project Manager.']",6037,532
Answer:,bc161633b40e517e2753f2f8e64afaf951851f316df3824c," Bethan Owen mentioned that the high-risk category is not something they are going to specify, and they do not publish the names of the universities in those categories. She emphasized that the focus is on maintaining the attractiveness of Welsh universities to students and preserving the research capacity, which brings economic benefits.",1.0,en,qmsum,,qmsum,"Query: What was Bethan Owen's comment towards the high-risk category?
","['Bethan Owen suggested that maintaining the attractiveness of Welsh universities to students would be a key driven for solving the financial stress. Also, the research portfolio should be heavily invested in, which would also bring economic benefits.']",10201,532
Answer:,4d8c615c156394483d329cb54bf8a99df7aec90b6d056168," Grad A thought the setup of the recording equipment was important for collecting high-quality data, and he emphasized the need for proper microphone placement to minimize breath sounds and ensure clear audio. He also mentioned that the equipment would be used to record both close-talking and far-field microphones simultaneously to provide a comprehensive dataset for research.",1.0,en,qmsum,,qmsum,"Query: What did A think about setting up the recording equipment?
",['A noted that all participants will have to sign a consent form and read out digits and requested that microphones be kept away from the mouth to minimize breathing sounds. A also mentioned that people will be anonymized in the transcript. A explained that the goal was to eventually be able to query meetings for information.'],15409,532
Answer:,a565ae2ca48e83f04c79559ae288968745b95d4bc7a6516a," The meeting was a kick-off session for a project to design a new television remote control. The team discussed project goals, including making the remote original, trendy, and user-friendly for a global audience. They outlined the project's three stages: functional, conceptual, and detailed design, and planned to use a Smartboard for collaboration. They also addressed design considerations such as button placement, size, and usability, and discussed the need for a universal remote compatible with various devices. The team agreed to save all work, use specific colors and pen widths, and consider different market preferences. The meeting concluded with plans for future discussions and a follow-up meeting in thirty minutes.",1.0,en,qmsum,,qmsum,"Query: Summarize the whole meeting.
","['The meeting was mainly about the exchange of the preliminary ideas about a new TV remote control project. They first got used to the writeboard and drew some animals with it.Project manager wanted to sell this remote control for twenty five Euro and expected profit will be around fifty million Euro. Afterwards the team raised different opinions about features of the new remote controls and related questions about market potential. Among all the features, having a good look and size were unanimously considered to be the most essential.']",6381,532
Answer:,c92a7f7a273a180d68fc7b57ffe6cf3daf6a8aadfea9cb04," Kirsty Williams mentioned that there is still a problem recruiting teachers into the 300 priority places, with only 65% of targets being met. She attributed this issue to a global trend in teacher recruitment and retention, not just a Welsh problem, and noted that financial incentives alone are not the solution. To address this, she outlined steps such as improving the quality of initial teacher training (ITE), offering financial incentives for priority subjects, launching a national ITE recruitment marketing campaign, and introducing a part-time PGCE route to allow for flexible teacher training.",1.0,en,qmsum,,qmsum,"Query: What did Kirsty Williams say about the trend of teacher recruiting, the reasons for it, and the steps they had taken?
","[""Even though there was no specific figure that could be provided, they had only been recruiting about 65 percent of targets.Therefore, there was a lot of work they have to do about this. First, they were making sure that their ITE provision was world class, and recently they were through an accreditation process for a new ITE provision that would start in the next academic year. Second, they had looked at financial incentives.Third, they were embarking on their first national ITE recruitment marketing exercise. Kirsty Williams mentioned that this was not a unique issue in Wales, but a common issue across the globe. Money was not the only reason that prevented people from getting onto these courses. What's more, from next year, they would be going to have their unique part-time PGCE route into qualification, which allowed people to bring their outside world experience into teaching, and this could increase the diversity in their teaching workforce.""]",13883,532
Answer:,39d9741666c148e7ce5a65b0eea5439dd7d1a29fe25faade," The team discussed that using an advanced chip and an LCD display would significantly increase costs, and they considered whether the benefits of these features, such as enhanced functionality and user experience, would justify the higher expenses. They also noted that the LCD display would require more advanced chips, which are more expensive than regular chips, and that the costs would need to be carefully evaluated against the potential market appeal and usability improvements.",1.0,en,qmsum,,qmsum,"Query: What did the team discuss about the use of advanced chips and LCD display?
","['Industrial Designer introduced both simple chips and advanced chips could be used for the mouse. But it would require the use of LCD display, which would highly increase the cost. Project Manager agreed that the LCD was easy when using the scroll buttons and could see the number. But Project Manager argued that young people were less likely to have their own room to afford a LCD TV and decided not to choose the advanced ones.']",6036,532
